core   0: 3 0x00001000 (0x00000297) x5  0x00001000
core   0: 3 0x00001004 (0x02028593) x11 0x00001020
core   0: 3 0x00001008 (0xf1402573) x10 0x00000000
core   0: 3 0x0000100c (0x0182a283) x5  0x80000000 mem 0x00001018
core   0: 3 0x00001010 (0x00028067)
core   0: 3 0x80000000 (0x00000093) x1  0x00000000
core   0: 3 0x80000004 (0x00000113) x2  0x00000000
core   0: 3 0x80000008 (0x00000193) x3  0x00000000
core   0: 3 0x8000000c (0x00000213) x4  0x00000000
core   0: 3 0x80000010 (0x00000293) x5  0x00000000
core   0: 3 0x80000014 (0x00000313) x6  0x00000000
core   0: 3 0x80000018 (0x00000393) x7  0x00000000
core   0: 3 0x8000001c (0x00000413) x8  0x00000000
core   0: 3 0x80000020 (0x00000493) x9  0x00000000
core   0: 3 0x80000024 (0x00000513) x10 0x00000000
core   0: 3 0x80000028 (0x00000593) x11 0x00000000
core   0: 3 0x8000002c (0x00000613) x12 0x00000000
core   0: 3 0x80000030 (0x00000693) x13 0x00000000
core   0: 3 0x80000034 (0x00000713) x14 0x00000000
core   0: 3 0x80000038 (0x00000793) x15 0x00000000
core   0: 3 0x8000003c (0x00000813) x16 0x00000000
core   0: 3 0x80000040 (0x00000893) x17 0x00000000
core   0: 3 0x80000044 (0x00000913) x18 0x00000000
core   0: 3 0x80000048 (0x00000993) x19 0x00000000
core   0: 3 0x8000004c (0x00000a13) x20 0x00000000
core   0: 3 0x80000050 (0x00000a93) x21 0x00000000
core   0: 3 0x80000054 (0x00000b13) x22 0x00000000
core   0: 3 0x80000058 (0x00000b93) x23 0x00000000
core   0: 3 0x8000005c (0x00000c13) x24 0x00000000
core   0: 3 0x80000060 (0x00000c93) x25 0x00000000
core   0: 3 0x80000064 (0x00000d13) x26 0x00000000
core   0: 3 0x80000068 (0x00000d93) x27 0x00000000
core   0: 3 0x8000006c (0x00000e13) x28 0x00000000
core   0: 3 0x80000070 (0x00000e93) x29 0x00000000
core   0: 3 0x80000074 (0x00000f13) x30 0x00000000
core   0: 3 0x80000078 (0x00000f93) x31 0x00000000
core   0: 3 0x8000007c (0x00001197) x3  0x8000107c
core   0: 3 0x80000080 (0x94c18193) x3  0x800009c8
core   0: 3 0x80000084 (0x00100117) x2  0x80100084
core   0: 3 0x80000088 (0xf7c10113) x2  0x80100000
core   0: 3 0x8000008c (0x00000297) x5  0x8000008c
core   0: 3 0x80000090 (0x13c28293) x5  0x800001c8
core   0: 3 0x80000094 (0x90018313) x6  0x800002c8
core   0: 3 0x80000098 (0x0062f863)
core   0: 3 0x8000009c (0x0002a023) mem 0x800001c8 0x00000000
core   0: 3 0x800000a0 (0x00428293) x5  0x800001cc
core   0: 3 0x800000a4 (0xff5ff06f)
core   0: 3 0x80000098 (0x0062f863)
core   0: 3 0x8000009c (0x0002a023) mem 0x800001cc 0x00000000
core   0: 3 0x800000a0 (0x00428293) x5  0x800001d0
core   0: 3 0x800000a4 (0xff5ff06f)
core   0: 3 0x80000098 (0x0062f863)
core   0: 3 0x8000009c (0x0002a023) mem 0x800001d0 0x00000000
core   0: 3 0x800000a0 (0x00428293) x5  0x800001d4
core   0: 3 0x800000a4 (0xff5ff06f)
core   0: 3 0x80000098 (0x0062f863)
core   0: 3 0x8000009c (0x0002a023) mem 0x800001d4 0x00000000
core   0: 3 0x800000a0 (0x00428293) x5  0x800001d8
core   0: 3 0x800000a4 (0xff5ff06f)
core   0: 3 0x80000098 (0x0062f863)
core   0: 3 0x8000009c (0x0002a023) mem 0x800001d8 0x00000000
core   0: 3 0x800000a0 (0x00428293) x5  0x800001dc
core   0: 3 0x800000a4 (0xff5ff06f)
core   0: 3 0x80000098 (0x0062f863)
core   0: 3 0x8000009c (0x0002a023) mem 0x800001dc 0x00000000
core   0: 3 0x800000a0 (0x00428293) x5  0x800001e0
core   0: 3 0x800000a4 (0xff5ff06f)
core   0: 3 0x80000098 (0x0062f863)
core   0: 3 0x8000009c (0x0002a023) mem 0x800001e0 0x00000000
core   0: 3 0x800000a0 (0x00428293) x5  0x800001e4
core   0: 3 0x800000a4 (0xff5ff06f)
core   0: 3 0x80000098 (0x0062f863)
core   0: 3 0x8000009c (0x0002a023) mem 0x800001e4 0x00000000
core   0: 3 0x800000a0 (0x00428293) x5  0x800001e8
core   0: 3 0x800000a4 (0xff5ff06f)
core   0: 3 0x80000098 (0x0062f863)
core   0: 3 0x8000009c (0x0002a023) mem 0x800001e8 0x00000000
core   0: 3 0x800000a0 (0x00428293) x5  0x800001ec
core   0: 3 0x800000a4 (0xff5ff06f)
core   0: 3 0x80000098 (0x0062f863)
core   0: 3 0x8000009c (0x0002a023) mem 0x800001ec 0x00000000
core   0: 3 0x800000a0 (0x00428293) x5  0x800001f0
core   0: 3 0x800000a4 (0xff5ff06f)
core   0: 3 0x80000098 (0x0062f863)
core   0: 3 0x8000009c (0x0002a023) mem 0x800001f0 0x00000000
core   0: 3 0x800000a0 (0x00428293) x5  0x800001f4
core   0: 3 0x800000a4 (0xff5ff06f)
core   0: 3 0x80000098 (0x0062f863)
core   0: 3 0x8000009c (0x0002a023) mem 0x800001f4 0x00000000
core   0: 3 0x800000a0 (0x00428293) x5  0x800001f8
core   0: 3 0x800000a4 (0xff5ff06f)
core   0: 3 0x80000098 (0x0062f863)
core   0: 3 0x8000009c (0x0002a023) mem 0x800001f8 0x00000000
core   0: 3 0x800000a0 (0x00428293) x5  0x800001fc
core   0: 3 0x800000a4 (0xff5ff06f)
core   0: 3 0x80000098 (0x0062f863)
core   0: 3 0x8000009c (0x0002a023) mem 0x800001fc 0x00000000
core   0: 3 0x800000a0 (0x00428293) x5  0x80000200
core   0: 3 0x800000a4 (0xff5ff06f)
core   0: 3 0x80000098 (0x0062f863)
core   0: 3 0x8000009c (0x0002a023) mem 0x80000200 0x00000000
core   0: 3 0x800000a0 (0x00428293) x5  0x80000204
core   0: 3 0x800000a4 (0xff5ff06f)
core   0: 3 0x80000098 (0x0062f863)
core   0: 3 0x8000009c (0x0002a023) mem 0x80000204 0x00000000
core   0: 3 0x800000a0 (0x00428293) x5  0x80000208
core   0: 3 0x800000a4 (0xff5ff06f)
core   0: 3 0x80000098 (0x0062f863)
core   0: 3 0x8000009c (0x0002a023) mem 0x80000208 0x00000000
core   0: 3 0x800000a0 (0x00428293) x5  0x8000020c
core   0: 3 0x800000a4 (0xff5ff06f)
core   0: 3 0x80000098 (0x0062f863)
core   0: 3 0x8000009c (0x0002a023) mem 0x8000020c 0x00000000
core   0: 3 0x800000a0 (0x00428293) x5  0x80000210
core   0: 3 0x800000a4 (0xff5ff06f)
core   0: 3 0x80000098 (0x0062f863)
core   0: 3 0x8000009c (0x0002a023) mem 0x80000210 0x00000000
core   0: 3 0x800000a0 (0x00428293) x5  0x80000214
core   0: 3 0x800000a4 (0xff5ff06f)
core   0: 3 0x80000098 (0x0062f863)
core   0: 3 0x8000009c (0x0002a023) mem 0x80000214 0x00000000
core   0: 3 0x800000a0 (0x00428293) x5  0x80000218
core   0: 3 0x800000a4 (0xff5ff06f)
core   0: 3 0x80000098 (0x0062f863)
core   0: 3 0x8000009c (0x0002a023) mem 0x80000218 0x00000000
core   0: 3 0x800000a0 (0x00428293) x5  0x8000021c
core   0: 3 0x800000a4 (0xff5ff06f)
core   0: 3 0x80000098 (0x0062f863)
core   0: 3 0x8000009c (0x0002a023) mem 0x8000021c 0x00000000
core   0: 3 0x800000a0 (0x00428293) x5  0x80000220
core   0: 3 0x800000a4 (0xff5ff06f)
core   0: 3 0x80000098 (0x0062f863)
core   0: 3 0x8000009c (0x0002a023) mem 0x80000220 0x00000000
core   0: 3 0x800000a0 (0x00428293) x5  0x80000224
core   0: 3 0x800000a4 (0xff5ff06f)
core   0: 3 0x80000098 (0x0062f863)
core   0: 3 0x8000009c (0x0002a023) mem 0x80000224 0x00000000
core   0: 3 0x800000a0 (0x00428293) x5  0x80000228
core   0: 3 0x800000a4 (0xff5ff06f)
core   0: 3 0x80000098 (0x0062f863)
core   0: 3 0x8000009c (0x0002a023) mem 0x80000228 0x00000000
core   0: 3 0x800000a0 (0x00428293) x5  0x8000022c
core   0: 3 0x800000a4 (0xff5ff06f)
core   0: 3 0x80000098 (0x0062f863)
core   0: 3 0x8000009c (0x0002a023) mem 0x8000022c 0x00000000
core   0: 3 0x800000a0 (0x00428293) x5  0x80000230
core   0: 3 0x800000a4 (0xff5ff06f)
core   0: 3 0x80000098 (0x0062f863)
core   0: 3 0x8000009c (0x0002a023) mem 0x80000230 0x00000000
core   0: 3 0x800000a0 (0x00428293) x5  0x80000234
core   0: 3 0x800000a4 (0xff5ff06f)
core   0: 3 0x80000098 (0x0062f863)
core   0: 3 0x8000009c (0x0002a023) mem 0x80000234 0x00000000
core   0: 3 0x800000a0 (0x00428293) x5  0x80000238
core   0: 3 0x800000a4 (0xff5ff06f)
core   0: 3 0x80000098 (0x0062f863)
core   0: 3 0x8000009c (0x0002a023) mem 0x80000238 0x00000000
core   0: 3 0x800000a0 (0x00428293) x5  0x8000023c
core   0: 3 0x800000a4 (0xff5ff06f)
core   0: 3 0x80000098 (0x0062f863)
core   0: 3 0x8000009c (0x0002a023) mem 0x8000023c 0x00000000
core   0: 3 0x800000a0 (0x00428293) x5  0x80000240
core   0: 3 0x800000a4 (0xff5ff06f)
core   0: 3 0x80000098 (0x0062f863)
core   0: 3 0x8000009c (0x0002a023) mem 0x80000240 0x00000000
core   0: 3 0x800000a0 (0x00428293) x5  0x80000244
core   0: 3 0x800000a4 (0xff5ff06f)
core   0: 3 0x80000098 (0x0062f863)
core   0: 3 0x8000009c (0x0002a023) mem 0x80000244 0x00000000
core   0: 3 0x800000a0 (0x00428293) x5  0x80000248
core   0: 3 0x800000a4 (0xff5ff06f)
core   0: 3 0x80000098 (0x0062f863)
core   0: 3 0x8000009c (0x0002a023) mem 0x80000248 0x00000000
core   0: 3 0x800000a0 (0x00428293) x5  0x8000024c
core   0: 3 0x800000a4 (0xff5ff06f)
core   0: 3 0x80000098 (0x0062f863)
core   0: 3 0x8000009c (0x0002a023) mem 0x8000024c 0x00000000
core   0: 3 0x800000a0 (0x00428293) x5  0x80000250
core   0: 3 0x800000a4 (0xff5ff06f)
core   0: 3 0x80000098 (0x0062f863)
core   0: 3 0x8000009c (0x0002a023) mem 0x80000250 0x00000000
core   0: 3 0x800000a0 (0x00428293) x5  0x80000254
core   0: 3 0x800000a4 (0xff5ff06f)
core   0: 3 0x80000098 (0x0062f863)
core   0: 3 0x8000009c (0x0002a023) mem 0x80000254 0x00000000
core   0: 3 0x800000a0 (0x00428293) x5  0x80000258
core   0: 3 0x800000a4 (0xff5ff06f)
core   0: 3 0x80000098 (0x0062f863)
core   0: 3 0x8000009c (0x0002a023) mem 0x80000258 0x00000000
core   0: 3 0x800000a0 (0x00428293) x5  0x8000025c
core   0: 3 0x800000a4 (0xff5ff06f)
core   0: 3 0x80000098 (0x0062f863)
core   0: 3 0x8000009c (0x0002a023) mem 0x8000025c 0x00000000
core   0: 3 0x800000a0 (0x00428293) x5  0x80000260
core   0: 3 0x800000a4 (0xff5ff06f)
core   0: 3 0x80000098 (0x0062f863)
core   0: 3 0x8000009c (0x0002a023) mem 0x80000260 0x00000000
core   0: 3 0x800000a0 (0x00428293) x5  0x80000264
core   0: 3 0x800000a4 (0xff5ff06f)
core   0: 3 0x80000098 (0x0062f863)
core   0: 3 0x8000009c (0x0002a023) mem 0x80000264 0x00000000
core   0: 3 0x800000a0 (0x00428293) x5  0x80000268
core   0: 3 0x800000a4 (0xff5ff06f)
core   0: 3 0x80000098 (0x0062f863)
core   0: 3 0x8000009c (0x0002a023) mem 0x80000268 0x00000000
core   0: 3 0x800000a0 (0x00428293) x5  0x8000026c
core   0: 3 0x800000a4 (0xff5ff06f)
core   0: 3 0x80000098 (0x0062f863)
core   0: 3 0x8000009c (0x0002a023) mem 0x8000026c 0x00000000
core   0: 3 0x800000a0 (0x00428293) x5  0x80000270
core   0: 3 0x800000a4 (0xff5ff06f)
core   0: 3 0x80000098 (0x0062f863)
core   0: 3 0x8000009c (0x0002a023) mem 0x80000270 0x00000000
core   0: 3 0x800000a0 (0x00428293) x5  0x80000274
core   0: 3 0x800000a4 (0xff5ff06f)
core   0: 3 0x80000098 (0x0062f863)
core   0: 3 0x8000009c (0x0002a023) mem 0x80000274 0x00000000
core   0: 3 0x800000a0 (0x00428293) x5  0x80000278
core   0: 3 0x800000a4 (0xff5ff06f)
core   0: 3 0x80000098 (0x0062f863)
core   0: 3 0x8000009c (0x0002a023) mem 0x80000278 0x00000000
core   0: 3 0x800000a0 (0x00428293) x5  0x8000027c
core   0: 3 0x800000a4 (0xff5ff06f)
core   0: 3 0x80000098 (0x0062f863)
core   0: 3 0x8000009c (0x0002a023) mem 0x8000027c 0x00000000
core   0: 3 0x800000a0 (0x00428293) x5  0x80000280
core   0: 3 0x800000a4 (0xff5ff06f)
core   0: 3 0x80000098 (0x0062f863)
core   0: 3 0x8000009c (0x0002a023) mem 0x80000280 0x00000000
core   0: 3 0x800000a0 (0x00428293) x5  0x80000284
core   0: 3 0x800000a4 (0xff5ff06f)
core   0: 3 0x80000098 (0x0062f863)
core   0: 3 0x8000009c (0x0002a023) mem 0x80000284 0x00000000
core   0: 3 0x800000a0 (0x00428293) x5  0x80000288
core   0: 3 0x800000a4 (0xff5ff06f)
core   0: 3 0x80000098 (0x0062f863)
core   0: 3 0x8000009c (0x0002a023) mem 0x80000288 0x00000000
core   0: 3 0x800000a0 (0x00428293) x5  0x8000028c
core   0: 3 0x800000a4 (0xff5ff06f)
core   0: 3 0x80000098 (0x0062f863)
core   0: 3 0x8000009c (0x0002a023) mem 0x8000028c 0x00000000
core   0: 3 0x800000a0 (0x00428293) x5  0x80000290
core   0: 3 0x800000a4 (0xff5ff06f)
core   0: 3 0x80000098 (0x0062f863)
core   0: 3 0x8000009c (0x0002a023) mem 0x80000290 0x00000000
core   0: 3 0x800000a0 (0x00428293) x5  0x80000294
core   0: 3 0x800000a4 (0xff5ff06f)
core   0: 3 0x80000098 (0x0062f863)
core   0: 3 0x8000009c (0x0002a023) mem 0x80000294 0x00000000
core   0: 3 0x800000a0 (0x00428293) x5  0x80000298
core   0: 3 0x800000a4 (0xff5ff06f)
core   0: 3 0x80000098 (0x0062f863)
core   0: 3 0x8000009c (0x0002a023) mem 0x80000298 0x00000000
core   0: 3 0x800000a0 (0x00428293) x5  0x8000029c
core   0: 3 0x800000a4 (0xff5ff06f)
core   0: 3 0x80000098 (0x0062f863)
core   0: 3 0x8000009c (0x0002a023) mem 0x8000029c 0x00000000
core   0: 3 0x800000a0 (0x00428293) x5  0x800002a0
core   0: 3 0x800000a4 (0xff5ff06f)
core   0: 3 0x80000098 (0x0062f863)
core   0: 3 0x8000009c (0x0002a023) mem 0x800002a0 0x00000000
core   0: 3 0x800000a0 (0x00428293) x5  0x800002a4
core   0: 3 0x800000a4 (0xff5ff06f)
core   0: 3 0x80000098 (0x0062f863)
core   0: 3 0x8000009c (0x0002a023) mem 0x800002a4 0x00000000
core   0: 3 0x800000a0 (0x00428293) x5  0x800002a8
core   0: 3 0x800000a4 (0xff5ff06f)
core   0: 3 0x80000098 (0x0062f863)
core   0: 3 0x8000009c (0x0002a023) mem 0x800002a8 0x00000000
core   0: 3 0x800000a0 (0x00428293) x5  0x800002ac
core   0: 3 0x800000a4 (0xff5ff06f)
core   0: 3 0x80000098 (0x0062f863)
core   0: 3 0x8000009c (0x0002a023) mem 0x800002ac 0x00000000
core   0: 3 0x800000a0 (0x00428293) x5  0x800002b0
core   0: 3 0x800000a4 (0xff5ff06f)
core   0: 3 0x80000098 (0x0062f863)
core   0: 3 0x8000009c (0x0002a023) mem 0x800002b0 0x00000000
core   0: 3 0x800000a0 (0x00428293) x5  0x800002b4
core   0: 3 0x800000a4 (0xff5ff06f)
core   0: 3 0x80000098 (0x0062f863)
core   0: 3 0x8000009c (0x0002a023) mem 0x800002b4 0x00000000
core   0: 3 0x800000a0 (0x00428293) x5  0x800002b8
core   0: 3 0x800000a4 (0xff5ff06f)
core   0: 3 0x80000098 (0x0062f863)
core   0: 3 0x8000009c (0x0002a023) mem 0x800002b8 0x00000000
core   0: 3 0x800000a0 (0x00428293) x5  0x800002bc
core   0: 3 0x800000a4 (0xff5ff06f)
core   0: 3 0x80000098 (0x0062f863)
core   0: 3 0x8000009c (0x0002a023) mem 0x800002bc 0x00000000
core   0: 3 0x800000a0 (0x00428293) x5  0x800002c0
core   0: 3 0x800000a4 (0xff5ff06f)
core   0: 3 0x80000098 (0x0062f863)
core   0: 3 0x8000009c (0x0002a023) mem 0x800002c0 0x00000000
core   0: 3 0x800000a0 (0x00428293) x5  0x800002c4
core   0: 3 0x800000a4 (0xff5ff06f)
core   0: 3 0x80000098 (0x0062f863)
core   0: 3 0x8000009c (0x0002a023) mem 0x800002c4 0x00000000
core   0: 3 0x800000a0 (0x00428293) x5  0x800002c8
core   0: 3 0x800000a4 (0xff5ff06f)
core   0: 3 0x80000098 (0x0062f863)
core   0: 3 0x800000a8 (0x01c000ef) x1  0x800000ac
core   0: 3 0x800000c4 (0x800006b7) x13 0x80000000
core   0: 3 0x800000c8 (0x1c868593) x11 0x800001c8
core   0: 3 0x800000cc (0xdeadc7b7) x15 0xdeadc000
core   0: 3 0x800000d0 (0x10058513) x10 0x800002c8
core   0: 3 0x800000d4 (0x1c868693) x13 0x800001c8
core   0: 3 0x800000d8 (0xeef78713) x14 0xdeadbeef
core   0: 3 0x800000dc (0x00d71793) x15 0xb7dde000
core   0: 3 0x800000e0 (0x00e7c7b3) x15 0x69705eef
core   0: 3 0x800000e4 (0x0117d713) x14 0x000034b8
core   0: 3 0x800000e8 (0x00e7c7b3) x15 0x69706a57
core   0: 3 0x800000ec (0x00579713) x14 0x2e0d4ae0
core   0: 3 0x800000f0 (0x00e7c733) x14 0x477d20b7
core   0: 3 0x800000f4 (0x00e68023) mem 0x800001c8 0xb7
core   0: 3 0x800000f8 (0x00168693) x13 0x800001c9
core   0: 3 0x800000fc (0xfed510e3)
core   0: 3 0x800000dc (0x00d71793) x15 0xa416e000
core   0: 3 0x800000e0 (0x00e7c7b3) x15 0xe36bc0b7
core   0: 3 0x800000e4 (0x0117d713) x14 0x000071b5
core   0: 3 0x800000e8 (0x00e7c7b3) x15 0xe36bb102
core   0: 3 0x800000ec (0x00579713) x14 0x6d762040
core   0: 3 0x800000f0 (0x00e7c733) x14 0x8e1d9142
core   0: 3 0x800000f4 (0x00e68023) mem 0x800001c9 0x42
core   0: 3 0x800000f8 (0x00168693) x13 0x800001ca
core   0: 3 0x800000fc (0xfed510e3)
core   0: 3 0x800000dc (0x00d71793) x15 0xb2284000
core   0: 3 0x800000e0 (0x00e7c7b3) x15 0x3c35d142
core   0: 3 0x800000e4 (0x0117d713) x14 0x00001e1a
core   0: 3 0x800000e8 (0x00e7c7b3) x15 0x3c35cf58
core   0: 3 0x800000ec (0x00579713) x14 0x86b9eb00
core   0: 3 0x800000f0 (0x00e7c733) x14 0xba8c2458
core   0: 3 0x800000f4 (0x00e68023) mem 0x800001ca 0x58
core   0: 3 0x800000f8 (0x00168693) x13 0x800001cb
core   0: 3 0x800000fc (0xfed510e3)
core   0: 3 0x800000dc (0x00d71793) x15 0x848b0000
core   0: 3 0x800000e0 (0x00e7c7b3) x15 0x3e072458
core   0: 3 0x800000e4 (0x0117d713) x14 0x00001f03
core   0: 3 0x800000e8 (0x00e7c7b3) x15 0x3e073b5b
core   0: 3 0x800000ec (0x00579713) x14 0xc0e76b60
core   0: 3 0x800000f0 (0x00e7c733) x14 0xfee0503b
core   0: 3 0x800000f4 (0x00e68023) mem 0x800001cb 0x3b
core   0: 3 0x800000f8 (0x00168693) x13 0x800001cc
core   0: 3 0x800000fc (0xfed510e3)
core   0: 3 0x800000dc (0x00d71793) x15 0x0a076000
core   0: 3 0x800000e0 (0x00e7c7b3) x15 0xf4e7303b
core   0: 3 0x800000e4 (0x0117d713) x14 0x00007a73
core   0: 3 0x800000e8 (0x00e7c7b3) x15 0xf4e74a48
core   0: 3 0x800000ec (0x00579713) x14 0x9ce94900
core   0: 3 0x800000f0 (0x00e7c733) x14 0x680e0348
core   0: 3 0x800000f4 (0x00e68023) mem 0x800001cc 0x48
core   0: 3 0x800000f8 (0x00168693) x13 0x800001cd
core   0: 3 0x800000fc (0xfed510e3)
core   0: 3 0x800000dc (0x00d71793) x15 0xc0690000
core   0: 3 0x800000e0 (0x00e7c7b3) x15 0xa8670348
core   0: 3 0x800000e4 (0x0117d713) x14 0x00005433
core   0: 3 0x800000e8 (0x00e7c7b3) x15 0xa867577b
core   0: 3 0x800000ec (0x00579713) x14 0x0ceaef60
core   0: 3 0x800000f0 (0x00e7c733) x14 0xa48db81b
core   0: 3 0x800000f4 (0x00e68023) mem 0x800001cd 0x1b
core   0: 3 0x800000f8 (0x00168693) x13 0x800001ce
core   0: 3 0x800000fc (0xfed510e3)
core   0: 3 0x800000dc (0x00d71793) x15 0xb7036000
core   0: 3 0x800000e0 (0x00e7c7b3) x15 0x138ed81b
core   0: 3 0x800000e4 (0x0117d713) x14 0x000009c7
core   0: 3 0x800000e8 (0x00e7c7b3) x15 0x138ed1dc
core   0: 3 0x800000ec (0x00579713) x14 0x71da3b80
core   0: 3 0x800000f0 (0x00e7c733) x14 0x6254ea5c
core   0: 3 0x800000f4 (0x00e68023) mem 0x800001ce 0x5c
core   0: 3 0x800000f8 (0x00168693) x13 0x800001cf
core   0: 3 0x800000fc (0xfed510e3)
core   0: 3 0x800000dc (0x00d71793) x15 0x9d4b8000
core   0: 3 0x800000e0 (0x00e7c7b3) x15 0xff1f6a5c
core   0: 3 0x800000e4 (0x0117d713) x14 0x00007f8f
core   0: 3 0x800000e8 (0x00e7c7b3) x15 0xff1f15d3
core   0: 3 0x800000ec (0x00579713) x14 0xe3e2ba60
core   0: 3 0x800000f0 (0x00e7c733) x14 0x1cfdafb3
core   0: 3 0x800000f4 (0x00e68023) mem 0x800001cf 0xb3
core   0: 3 0x800000f8 (0x00168693) x13 0x800001d0
core   0: 3 0x800000fc (0xfed510e3)
core   0: 3 0x800000dc (0x00d71793) x15 0xb5f66000
core   0: 3 0x800000e0 (0x00e7c7b3) x15 0xa90bcfb3
core   0: 3 0x800000e4 (0x0117d713) x14 0x00005485
core   0: 3 0x800000e8 (0x00e7c7b3) x15 0xa90b9b36
core   0: 3 0x800000ec (0x00579713) x14 0x217366c0
core   0: 3 0x800000f0 (0x00e7c733) x14 0x8878fdf6
core   0: 3 0x800000f4 (0x00e68023) mem 0x800001d0 0xf6
core   0: 3 0x800000f8 (0x00168693) x13 0x800001d1
core   0: 3 0x800000fc (0xfed510e3)
core   0: 3 0x800000dc (0x00d71793) x15 0x1fbec000
core   0: 3 0x800000e0 (0x00e7c7b3) x15 0x97c63df6
core   0: 3 0x800000e4 (0x0117d713) x14 0x00004be3
core   0: 3 0x800000e8 (0x00e7c7b3) x15 0x97c67615
core   0: 3 0x800000ec (0x00579713) x14 0xf8cec2a0
core   0: 3 0x800000f0 (0x00e7c733) x14 0x6f08b4b5
core   0: 3 0x800000f4 (0x00e68023) mem 0x800001d1 0xb5
core   0: 3 0x800000f8 (0x00168693) x13 0x800001d2
core   0: 3 0x800000fc (0xfed510e3)
core   0: 3 0x800000dc (0x00d71793) x15 0x1696a000
core   0: 3 0x800000e0 (0x00e7c7b3) x15 0x799e14b5
core   0: 3 0x800000e4 (0x0117d713) x14 0x00003ccf
core   0: 3 0x800000e8 (0x00e7c7b3) x15 0x799e287a
core   0: 3 0x800000ec (0x00579713) x14 0x33c50f40
core   0: 3 0x800000f0 (0x00e7c733) x14 0x4a5b273a
core   0: 3 0x800000f4 (0x00e68023) mem 0x800001d2 0x3a
core   0: 3 0x800000f8 (0x00168693) x13 0x800001d3
core   0: 3 0x800000fc (0xfed510e3)
core   0: 3 0x800000dc (0x00d71793) x15 0x64e74000
core   0: 3 0x800000e0 (0x00e7c7b3) x15 0x2ebc673a
core   0: 3 0x800000e4 (0x0117d713) x14 0x0000175e
core   0: 3 0x800000e8 (0x00e7c7b3) x15 0x2ebc7064
core   0: 3 0x800000ec (0x00579713) x14 0xd78e0c80
core   0: 3 0x800000f0 (0x00e7c733) x14 0xf9327ce4
core   0: 3 0x800000f4 (0x00e68023) mem 0x800001d3 0xe4
core   0: 3 0x800000f8 (0x00168693) x13 0x800001d4
core   0: 3 0x800000fc (0xfed510e3)
core   0: 3 0x800000dc (0x00d71793) x15 0x4f9c8000
core   0: 3 0x800000e0 (0x00e7c7b3) x15 0xb6aefce4
core   0: 3 0x800000e4 (0x0117d713) x14 0x00005b57
core   0: 3 0x800000e8 (0x00e7c7b3) x15 0xb6aea7b3
core   0: 3 0x800000ec (0x00579713) x14 0xd5d4f660
core   0: 3 0x800000f0 (0x00e7c733) x14 0x637a51d3
core   0: 3 0x800000f4 (0x00e68023) mem 0x800001d4 0xd3
core   0: 3 0x800000f8 (0x00168693) x13 0x800001d5
core   0: 3 0x800000fc (0xfed510e3)
core   0: 3 0x800000dc (0x00d71793) x15 0x4a3a6000
core   0: 3 0x800000e0 (0x00e7c7b3) x15 0x294031d3
core   0: 3 0x800000e4 (0x0117d713) x14 0x000014a0
core   0: 3 0x800000e8 (0x00e7c7b3) x15 0x29402573
core   0: 3 0x800000ec (0x00579713) x14 0x2804ae60
core   0: 3 0x800000f0 (0x00e7c733) x14 0x01448b13
core   0: 3 0x800000f4 (0x00e68023) mem 0x800001d5 0x13
core   0: 3 0x800000f8 (0x00168693) x13 0x800001d6
core   0: 3 0x800000fc (0xfed510e3)
core   0: 3 0x800000dc (0x00d71793) x15 0x91626000
core   0: 3 0x800000e0 (0x00e7c7b3) x15 0x9026eb13
core   0: 3 0x800000e4 (0x0117d713) x14 0x00004813
core   0: 3 0x800000e8 (0x00e7c7b3) x15 0x9026a300
core   0: 3 0x800000ec (0x00579713) x14 0x04d46000
core   0: 3 0x800000f0 (0x00e7c733) x14 0x94f2c300
core   0: 3 0x800000f4 (0x00e68023) mem 0x800001d6 0x00
core   0: 3 0x800000f8 (0x00168693) x13 0x800001d7
core   0: 3 0x800000fc (0xfed510e3)
core   0: 3 0x800000dc (0x00d71793) x15 0x58600000
core   0: 3 0x800000e0 (0x00e7c7b3) x15 0xcc92c300
core   0: 3 0x800000e4 (0x0117d713) x14 0x00006649
core   0: 3 0x800000e8 (0x00e7c7b3) x15 0xcc92a549
core   0: 3 0x800000ec (0x00579713) x14 0x9254a920
core   0: 3 0x800000f0 (0x00e7c733) x14 0x5ec60c69
core   0: 3 0x800000f4 (0x00e68023) mem 0x800001d7 0x69
core   0: 3 0x800000f8 (0x00168693) x13 0x800001d8
core   0: 3 0x800000fc (0xfed510e3)
core   0: 3 0x800000dc (0x00d71793) x15 0xc18d2000
core   0: 3 0x800000e0 (0x00e7c7b3) x15 0x9f4b2c69
core   0: 3 0x800000e4 (0x0117d713) x14 0x00004fa5
core   0: 3 0x800000e8 (0x00e7c7b3) x15 0x9f4b63cc
core   0: 3 0x800000ec (0x00579713) x14 0xe96c7980
core   0: 3 0x800000f0 (0x00e7c733) x14 0x76271a4c
core   0: 3 0x800000f4 (0x00e68023) mem 0x800001d8 0x4c
core   0: 3 0x800000f8 (0x00168693) x13 0x800001d9
core   0: 3 0x800000fc (0xfed510e3)
core   0: 3 0x800000dc (0x00d71793) x15 0xe3498000
core   0: 3 0x800000e0 (0x00e7c7b3) x15 0x956e9a4c
core   0: 3 0x800000e4 (0x0117d713) x14 0x00004ab7
core   0: 3 0x800000e8 (0x00e7c7b3) x15 0x956ed0fb
core   0: 3 0x800000ec (0x00579713) x14 0xadda1f60
core   0: 3 0x800000f0 (0x00e7c733) x14 0x38b4cf9b
core   0: 3 0x800000f4 (0x00e68023) mem 0x800001d9 0x9b
core   0: 3 0x800000f8 (0x00168693) x13 0x800001da
core   0: 3 0x800000fc (0xfed510e3)
core   0: 3 0x800000dc (0x00d71793) x15 0x99f36000
core   0: 3 0x800000e0 (0x00e7c7b3) x15 0xa147af9b
core   0: 3 0x800000e4 (0x0117d713) x14 0x000050a3
core   0: 3 0x800000e8 (0x00e7c7b3) x15 0xa147ff38
core   0: 3 0x800000ec (0x00579713) x14 0x28ffe700
core   0: 3 0x800000f0 (0x00e7c733) x14 0x89b81838
core   0: 3 0x800000f4 (0x00e68023) mem 0x800001da 0x38
core   0: 3 0x800000f8 (0x00168693) x13 0x800001db
core   0: 3 0x800000fc (0xfed510e3)
core   0: 3 0x800000dc (0x00d71793) x15 0x03070000
core   0: 3 0x800000e0 (0x00e7c7b3) x15 0x8abf1838
core   0: 3 0x800000e4 (0x0117d713) x14 0x0000455f
core   0: 3 0x800000e8 (0x00e7c7b3) x15 0x8abf5d67
core   0: 3 0x800000ec (0x00579713) x14 0x57ebace0
core   0: 3 0x800000f0 (0x00e7c733) x14 0xdd54f187
core   0: 3 0x800000f4 (0x00e68023) mem 0x800001db 0x87
core   0: 3 0x800000f8 (0x00168693) x13 0x800001dc
core   0: 3 0x800000fc (0xfed510e3)
core   0: 3 0x800000dc (0x00d71793) x15 0x9e30e000
core   0: 3 0x800000e0 (0x00e7c7b3) x15 0x43641187
core   0: 3 0x800000e4 (0x0117d713) x14 0x000021b2
core   0: 3 0x800000e8 (0x00e7c7b3) x15 0x43643035
core   0: 3 0x800000ec (0x00579713) x14 0x6c8606a0
core   0: 3 0x800000f0 (0x00e7c733) x14 0x2fe23695
core   0: 3 0x800000f4 (0x00e68023) mem 0x800001dc 0x95
core   0: 3 0x800000f8 (0x00168693) x13 0x800001dd
core   0: 3 0x800000fc (0xfed510e3)
core   0: 3 0x800000dc (0x00d71793) x15 0x46d2a000
core   0: 3 0x800000e0 (0x00e7c7b3) x15 0x69309695
core   0: 3 0x800000e4 (0x0117d713) x14 0x00003498
core   0: 3 0x800000e8 (0x00e7c7b3) x15 0x6930a20d
core   0: 3 0x800000ec (0x00579713) x14 0x261441a0
core   0: 3 0x800000f0 (0x00e7c733) x14 0x4f24e3ad
core   0: 3 0x800000f4 (0x00e68023) mem 0x800001dd 0xad
core   0: 3 0x800000f8 (0x00168693) x13 0x800001de
core   0: 3 0x800000fc (0xfed510e3)
core   0: 3 0x800000dc (0x00d71793) x15 0x9c75a000
core   0: 3 0x800000e0 (0x00e7c7b3) x15 0xd35143ad
core   0: 3 0x800000e4 (0x0117d713) x14 0x000069a8
core   0: 3 0x800000e8 (0x00e7c7b3) x15 0xd3512a05
core   0: 3 0x800000ec (0x00579713) x14 0x6a2540a0
core   0: 3 0x800000f0 (0x00e7c733) x14 0xb9746aa5
core   0: 3 0x800000f4 (0x00e68023) mem 0x800001de 0xa5
core   0: 3 0x800000f8 (0x00168693) x13 0x800001df
core   0: 3 0x800000fc (0xfed510e3)
core   0: 3 0x800000dc (0x00d71793) x15 0x8d54a000
core   0: 3 0x800000e0 (0x00e7c7b3) x15 0x3420caa5
core   0: 3 0x800000e4 (0x0117d713) x14 0x00001a10
core   0: 3 0x800000e8 (0x00e7c7b3) x15 0x3420d0b5
core   0: 3 0x800000ec (0x00579713) x14 0x841a16a0
core   0: 3 0x800000f0 (0x00e7c733) x14 0xb03ac615
core   0: 3 0x800000f4 (0x00e68023) mem 0x800001df 0x15
core   0: 3 0x800000f8 (0x00168693) x13 0x800001e0
core   0: 3 0x800000fc (0xfed510e3)
core   0: 3 0x800000dc (0x00d71793) x15 0x58c2a000
core   0: 3 0x800000e0 (0x00e7c7b3) x15 0xe8f86615
core   0: 3 0x800000e4 (0x0117d713) x14 0x0000747c
core   0: 3 0x800000e8 (0x00e7c7b3) x15 0xe8f81269
core   0: 3 0x800000ec (0x00579713) x14 0x1f024d20
core   0: 3 0x800000f0 (0x00e7c733) x14 0xf7fa5f49
core   0: 3 0x800000f4 (0x00e68023) mem 0x800001e0 0x49
core   0: 3 0x800000f8 (0x00168693) x13 0x800001e1
core   0: 3 0x800000fc (0xfed510e3)
core   0: 3 0x800000dc (0x00d71793) x15 0x4be92000
core   0: 3 0x800000e0 (0x00e7c7b3) x15 0xbc137f49
core   0: 3 0x800000e4 (0x0117d713) x14 0x00005e09
core   0: 3 0x800000e8 (0x00e7c7b3) x15 0xbc132140
core   0: 3 0x800000ec (0x00579713) x14 0x82642800
core   0: 3 0x800000f0 (0x00e7c733) x14 0x3e770940
core   0: 3 0x800000f4 (0x00e68023) mem 0x800001e1 0x40
core   0: 3 0x800000f8 (0x00168693) x13 0x800001e2
core   0: 3 0x800000fc (0xfed510e3)
core   0: 3 0x800000dc (0x00d71793) x15 0xe1280000
core   0: 3 0x800000e0 (0x00e7c7b3) x15 0xdf5f0940
core   0: 3 0x800000e4 (0x0117d713) x14 0x00006faf
core   0: 3 0x800000e8 (0x00e7c7b3) x15 0xdf5f66ef
core   0: 3 0x800000ec (0x00579713) x14 0xebecdde0
core   0: 3 0x800000f0 (0x00e7c733) x14 0x34b3bb0f
core   0: 3 0x800000f4 (0x00e68023) mem 0x800001e2 0x0f
core   0: 3 0x800000f8 (0x00168693) x13 0x800001e3
core   0: 3 0x800000fc (0xfed510e3)
core   0: 3 0x800000dc (0x00d71793) x15 0x7761e000
core   0: 3 0x800000e0 (0x00e7c7b3) x15 0x43d25b0f
core   0: 3 0x800000e4 (0x0117d713) x14 0x000021e9
core   0: 3 0x800000e8 (0x00e7c7b3) x15 0x43d27ae6
core   0: 3 0x800000ec (0x00579713) x14 0x7a4f5cc0
core   0: 3 0x800000f0 (0x00e7c733) x14 0x399d2626
core   0: 3 0x800000f4 (0x00e68023) mem 0x800001e3 0x26
core   0: 3 0x800000f8 (0x00168693) x13 0x800001e4
core   0: 3 0x800000fc (0xfed510e3)
core   0: 3 0x800000dc (0x00d71793) x15 0xa4c4c000
core   0: 3 0x800000e0 (0x00e7c7b3) x15 0x9d59e626
core   0: 3 0x800000e4 (0x0117d713) x14 0x00004eac
core   0: 3 0x800000e8 (0x00e7c7b3) x15 0x9d59a88a
core   0: 3 0x800000ec (0x00579713) x14 0xab351140
core   0: 3 0x800000f0 (0x00e7c733) x14 0x366cb9ca
core   0: 3 0x800000f4 (0x00e68023) mem 0x800001e4 0xca
core   0: 3 0x800000f8 (0x00168693) x13 0x800001e5
core   0: 3 0x800000fc (0xfed510e3)
core   0: 3 0x800000dc (0x00d71793) x15 0x97394000
core   0: 3 0x800000e0 (0x00e7c7b3) x15 0xa155f9ca
core   0: 3 0x800000e4 (0x0117d713) x14 0x000050aa
core   0: 3 0x800000e8 (0x00e7c7b3) x15 0xa155a960
core   0: 3 0x800000ec (0x00579713) x14 0x2ab52c00
core   0: 3 0x800000f0 (0x00e7c733) x14 0x8be08560
core   0: 3 0x800000f4 (0x00e68023) mem 0x800001e5 0x60
core   0: 3 0x800000f8 (0x00168693) x13 0x800001e6
core   0: 3 0x800000fc (0xfed510e3)
core   0: 3 0x800000dc (0x00d71793) x15 0x10ac0000
core   0: 3 0x800000e0 (0x00e7c7b3) x15 0x9b4c8560
core   0: 3 0x800000e4 (0x0117d713) x14 0x00004da6
core   0: 3 0x800000e8 (0x00e7c7b3) x15 0x9b4cc8c6
core   0: 3 0x800000ec (0x00579713) x14 0x699918c0
core   0: 3 0x800000f0 (0x00e7c733) x14 0xf2d5d006
core   0: 3 0x800000f4 (0x00e68023) mem 0x800001e6 0x06
core   0: 3 0x800000f8 (0x00168693) x13 0x800001e7
core   0: 3 0x800000fc (0xfed510e3)
core   0: 3 0x800000dc (0x00d71793) x15 0xba00c000
core   0: 3 0x800000e0 (0x00e7c7b3) x15 0x48d51006
core   0: 3 0x800000e4 (0x0117d713) x14 0x0000246a
core   0: 3 0x800000e8 (0x00e7c7b3) x15 0x48d5346c
core   0: 3 0x800000ec (0x00579713) x14 0x1aa68d80
core   0: 3 0x800000f0 (0x00e7c733) x14 0x5273b9ec
core   0: 3 0x800000f4 (0x00e68023) mem 0x800001e7 0xec
core   0: 3 0x800000f8 (0x00168693) x13 0x800001e8
core   0: 3 0x800000fc (0xfed510e3)
core   0: 3 0x800000dc (0x00d71793) x15 0x773d8000
core   0: 3 0x800000e0 (0x00e7c7b3) x15 0x254e39ec
core   0: 3 0x800000e4 (0x0117d713) x14 0x000012a7
core   0: 3 0x800000e8 (0x00e7c7b3) x15 0x254e2b4b
core   0: 3 0x800000ec (0x00579713) x14 0xa9c56960
core   0: 3 0x800000f0 (0x00e7c733) x14 0x8c8b422b
core   0: 3 0x800000f4 (0x00e68023) mem 0x800001e8 0x2b
core   0: 3 0x800000f8 (0x00168693) x13 0x800001e9
core   0: 3 0x800000fc (0xfed510e3)
core   0: 3 0x800000dc (0x00d71793) x15 0x68456000
core   0: 3 0x800000e0 (0x00e7c7b3) x15 0xe4ce222b
core   0: 3 0x800000e4 (0x0117d713) x14 0x00007267
core   0: 3 0x800000e8 (0x00e7c7b3) x15 0xe4ce504c
core   0: 3 0x800000ec (0x00579713) x14 0x99ca0980
core   0: 3 0x800000f0 (0x00e7c733) x14 0x7d0459cc
core   0: 3 0x800000f4 (0x00e68023) mem 0x800001e9 0xcc
core   0: 3 0x800000f8 (0x00168693) x13 0x800001ea
core   0: 3 0x800000fc (0xfed510e3)
core   0: 3 0x800000dc (0x00d71793) x15 0x8b398000
core   0: 3 0x800000e0 (0x00e7c7b3) x15 0xf63dd9cc
core   0: 3 0x800000e4 (0x0117d713) x14 0x00007b1e
core   0: 3 0x800000e8 (0x00e7c7b3) x15 0xf63da2d2
core   0: 3 0x800000ec (0x00579713) x14 0xc7b45a40
core   0: 3 0x800000f0 (0x00e7c733) x14 0x3189f892
core   0: 3 0x800000f4 (0x00e68023) mem 0x800001ea 0x92
core   0: 3 0x800000f8 (0x00168693) x13 0x800001eb
core   0: 3 0x800000fc (0xfed510e3)
core   0: 3 0x800000dc (0x00d71793) x15 0x3f124000
core   0: 3 0x800000e0 (0x00e7c7b3) x15 0x0e9bb892
core   0: 3 0x800000e4 (0x0117d713) x14 0x0000074d
core   0: 3 0x800000e8 (0x00e7c7b3) x15 0x0e9bbfdf
core   0: 3 0x800000ec (0x00579713) x14 0xd377fbe0
core   0: 3 0x800000f0 (0x00e7c733) x14 0xddec443f
core   0: 3 0x800000f4 (0x00e68023) mem 0x800001eb 0x3f
core   0: 3 0x800000f8 (0x00168693) x13 0x800001ec
core   0: 3 0x800000fc (0xfed510e3)
core   0: 3 0x800000dc (0x00d71793) x15 0x8887e000
core   0: 3 0x800000e0 (0x00e7c7b3) x15 0x556ba43f
core   0: 3 0x800000e4 (0x0117d713) x14 0x00002ab5
core   0: 3 0x800000e8 (0x00e7c7b3) x15 0x556b8e8a
core   0: 3 0x800000ec (0x00579713) x14 0xad71d140
core   0: 3 0x800000f0 (0x00e7c733) x14 0xf81a5fca
core   0: 3 0x800000f4 (0x00e68023) mem 0x800001ec 0xca
core   0: 3 0x800000f8 (0x00168693) x13 0x800001ed
core   0: 3 0x800000fc (0xfed510e3)
core   0: 3 0x800000dc (0x00d71793) x15 0x4bf94000
core   0: 3 0x800000e0 (0x00e7c7b3) x15 0xb3e31fca
core   0: 3 0x800000e4 (0x0117d713) x14 0x000059f1
core   0: 3 0x800000e8 (0x00e7c7b3) x15 0xb3e3463b
core   0: 3 0x800000ec (0x00579713) x14 0x7c68c760
core   0: 3 0x800000f0 (0x00e7c733) x14 0xcf8b815b
core   0: 3 0x800000f4 (0x00e68023) mem 0x800001ed 0x5b
core   0: 3 0x800000f8 (0x00168693) x13 0x800001ee
core   0: 3 0x800000fc (0xfed510e3)
core   0: 3 0x800000dc (0x00d71793) x15 0x702b6000
core   0: 3 0x800000e0 (0x00e7c7b3) x15 0xbfa0e15b
core   0: 3 0x800000e4 (0x0117d713) x14 0x00005fd0
core   0: 3 0x800000e8 (0x00e7c7b3) x15 0xbfa0be8b
core   0: 3 0x800000ec (0x00579713) x14 0xf417d160
core   0: 3 0x800000f0 (0x00e7c733) x14 0x4bb76feb
core   0: 3 0x800000f4 (0x00e68023) mem 0x800001ee 0xeb
core   0: 3 0x800000f8 (0x00168693) x13 0x800001ef
core   0: 3 0x800000fc (0xfed510e3)
core   0: 3 0x800000dc (0x00d71793) x15 0xedfd6000
core   0: 3 0x800000e0 (0x00e7c7b3) x15 0xa64a0feb
core   0: 3 0x800000e4 (0x0117d713) x14 0x00005325
core   0: 3 0x800000e8 (0x00e7c7b3) x15 0xa64a5cce
core   0: 3 0x800000ec (0x00579713) x14 0xc94b99c0
core   0: 3 0x800000f0 (0x00e7c733) x14 0x6f01c50e
core   0: 3 0x800000f4 (0x00e68023) mem 0x800001ef 0x0e
core   0: 3 0x800000f8 (0x00168693) x13 0x800001f0
core   0: 3 0x800000fc (0xfed510e3)
core   0: 3 0x800000dc (0x00d71793) x15 0x38a1c000
core   0: 3 0x800000e0 (0x00e7c7b3) x15 0x57a0050e
core   0: 3 0x800000e4 (0x0117d713) x14 0x00002bd0
core   0: 3 0x800000e8 (0x00e7c7b3) x15 0x57a02ede
core   0: 3 0x800000ec (0x00579713) x14 0xf405dbc0
core   0: 3 0x800000f0 (0x00e7c733) x14 0xa3a5f51e
core   0: 3 0x800000f4 (0x00e68023) mem 0x800001f0 0x1e
core   0: 3 0x800000f8 (0x00168693) x13 0x800001f1
core   0: 3 0x800000fc (0xfed510e3)
core   0: 3 0x800000dc (0x00d71793) x15 0xbea3c000
core   0: 3 0x800000e0 (0x00e7c7b3) x15 0x1d06351e
core   0: 3 0x800000e4 (0x0117d713) x14 0x00000e83
core   0: 3 0x800000e8 (0x00e7c7b3) x15 0x1d063b9d
core   0: 3 0x800000ec (0x00579713) x14 0xa0c773a0
core   0: 3 0x800000f0 (0x00e7c733) x14 0xbdc1483d
core   0: 3 0x800000f4 (0x00e68023) mem 0x800001f1 0x3d
core   0: 3 0x800000f8 (0x00168693) x13 0x800001f2
core   0: 3 0x800000fc (0xfed510e3)
core   0: 3 0x800000dc (0x00d71793) x15 0x2907a000
core   0: 3 0x800000e0 (0x00e7c7b3) x15 0x94c6e83d
core   0: 3 0x800000e4 (0x0117d713) x14 0x00004a63
core   0: 3 0x800000e8 (0x00e7c7b3) x15 0x94c6a25e
core   0: 3 0x800000ec (0x00579713) x14 0x98d44bc0
core   0: 3 0x800000f0 (0x00e7c733) x14 0x0c12e99e
core   0: 3 0x800000f4 (0x00e68023) mem 0x800001f2 0x9e
core   0: 3 0x800000f8 (0x00168693) x13 0x800001f3
core   0: 3 0x800000fc (0xfed510e3)
core   0: 3 0x800000dc (0x00d71793) x15 0x5d33c000
core   0: 3 0x800000e0 (0x00e7c7b3) x15 0x5121299e
core   0: 3 0x800000e4 (0x0117d713) x14 0x00002890
core   0: 3 0x800000e8 (0x00e7c7b3) x15 0x5121010e
core   0: 3 0x800000ec (0x00579713) x14 0x242021c0
core   0: 3 0x800000f0 (0x00e7c733) x14 0x750120ce
core   0: 3 0x800000f4 (0x00e68023) mem 0x800001f3 0xce
core   0: 3 0x800000f8 (0x00168693) x13 0x800001f4
core   0: 3 0x800000fc (0xfed510e3)
core   0: 3 0x800000dc (0x00d71793) x15 0x2419c000
core   0: 3 0x800000e0 (0x00e7c7b3) x15 0x5118e0ce
core   0: 3 0x800000e4 (0x0117d713) x14 0x0000288c
core   0: 3 0x800000e8 (0x00e7c7b3) x15 0x5118c842
core   0: 3 0x800000ec (0x00579713) x14 0x23190840
core   0: 3 0x800000f0 (0x00e7c733) x14 0x7201c002
core   0: 3 0x800000f4 (0x00e68023) mem 0x800001f4 0x02
core   0: 3 0x800000f8 (0x00168693) x13 0x800001f5
core   0: 3 0x800000fc (0xfed510e3)
core   0: 3 0x800000dc (0x00d71793) x15 0x38004000
core   0: 3 0x800000e0 (0x00e7c7b3) x15 0x4a018002
core   0: 3 0x800000e4 (0x0117d713) x14 0x00002500
core   0: 3 0x800000e8 (0x00e7c7b3) x15 0x4a01a502
core   0: 3 0x800000ec (0x00579713) x14 0x4034a040
core   0: 3 0x800000f0 (0x00e7c733) x14 0x0a350542
core   0: 3 0x800000f4 (0x00e68023) mem 0x800001f5 0x42
core   0: 3 0x800000f8 (0x00168693) x13 0x800001f6
core   0: 3 0x800000fc (0xfed510e3)
core   0: 3 0x800000dc (0x00d71793) x15 0xa0a84000
core   0: 3 0x800000e0 (0x00e7c7b3) x15 0xaa9d4542
core   0: 3 0x800000e4 (0x0117d713) x14 0x0000554e
core   0: 3 0x800000e8 (0x00e7c7b3) x15 0xaa9d100c
core   0: 3 0x800000ec (0x00579713) x14 0x53a20180
core   0: 3 0x800000f0 (0x00e7c733) x14 0xf93f118c
core   0: 3 0x800000f4 (0x00e68023) mem 0x800001f6 0x8c
core   0: 3 0x800000f8 (0x00168693) x13 0x800001f7
core   0: 3 0x800000fc (0xfed510e3)
core   0: 3 0x800000dc (0x00d71793) x15 0xe2318000
core   0: 3 0x800000e0 (0x00e7c7b3) x15 0x1b0e918c
core   0: 3 0x800000e4 (0x0117d713) x14 0x00000d87
core   0: 3 0x800000e8 (0x00e7c7b3) x15 0x1b0e9c0b
core   0: 3 0x800000ec (0x00579713) x14 0x61d38160
core   0: 3 0x800000f0 (0x00e7c733) x14 0x7add1d6b
core   0: 3 0x800000f4 (0x00e68023) mem 0x800001f7 0x6b
core   0: 3 0x800000f8 (0x00168693) x13 0x800001f8
core   0: 3 0x800000fc (0xfed510e3)
core   0: 3 0x800000dc (0x00d71793) x15 0xa3ad6000
core   0: 3 0x800000e0 (0x00e7c7b3) x15 0xd9707d6b
core   0: 3 0x800000e4 (0x0117d713) x14 0x00006cb8
core   0: 3 0x800000e8 (0x00e7c7b3) x15 0xd97011d3
core   0: 3 0x800000ec (0x00579713) x14 0x2e023a60
core   0: 3 0x800000f0 (0x00e7c733) x14 0xf7722bb3
core   0: 3 0x800000f4 (0x00e68023) mem 0x800001f8 0xb3
core   0: 3 0x800000f8 (0x00168693) x13 0x800001f9
core   0: 3 0x800000fc (0xfed510e3)
core   0: 3 0x800000dc (0x00d71793) x15 0x45766000
core   0: 3 0x800000e0 (0x00e7c7b3) x15 0xb2044bb3
core   0: 3 0x800000e4 (0x0117d713) x14 0x00005902
core   0: 3 0x800000e8 (0x00e7c7b3) x15 0xb20412b1
core   0: 3 0x800000ec (0x00579713) x14 0x40825620
core   0: 3 0x800000f0 (0x00e7c733) x14 0xf2864491
core   0: 3 0x800000f4 (0x00e68023) mem 0x800001f9 0x91
core   0: 3 0x800000f8 (0x00168693) x13 0x800001fa
core   0: 3 0x800000fc (0xfed510e3)
core   0: 3 0x800000dc (0x00d71793) x15 0xc8922000
core   0: 3 0x800000e0 (0x00e7c7b3) x15 0x3a146491
core   0: 3 0x800000e4 (0x0117d713) x14 0x00001d0a
core   0: 3 0x800000e8 (0x00e7c7b3) x15 0x3a14799b
core   0: 3 0x800000ec (0x00579713) x14 0x428f3360
core   0: 3 0x800000f0 (0x00e7c733) x14 0x789b4afb
core   0: 3 0x800000f4 (0x00e68023) mem 0x800001fa 0xfb
core   0: 3 0x800000f8 (0x00168693) x13 0x800001fb
core   0: 3 0x800000fc (0xfed510e3)
core   0: 3 0x800000dc (0x00d71793) x15 0x695f6000
core   0: 3 0x800000e0 (0x00e7c7b3) x15 0x11c42afb
core   0: 3 0x800000e4 (0x0117d713) x14 0x000008e2
core   0: 3 0x800000e8 (0x00e7c7b3) x15 0x11c42219
core   0: 3 0x800000ec (0x00579713) x14 0x38844320
core   0: 3 0x800000f0 (0x00e7c733) x14 0x29406139
core   0: 3 0x800000f4 (0x00e68023) mem 0x800001fb 0x39
core   0: 3 0x800000f8 (0x00168693) x13 0x800001fc
core   0: 3 0x800000fc (0xfed510e3)
core   0: 3 0x800000dc (0x00d71793) x15 0x0c272000
core   0: 3 0x800000e0 (0x00e7c7b3) x15 0x25674139
core   0: 3 0x800000e4 (0x0117d713) x14 0x000012b3
core   0: 3 0x800000e8 (0x00e7c7b3) x15 0x2567538a
core   0: 3 0x800000ec (0x00579713) x14 0xacea7140
core   0: 3 0x800000f0 (0x00e7c733) x14 0x898d22ca
core   0: 3 0x800000f4 (0x00e68023) mem 0x800001fc 0xca
core   0: 3 0x800000f8 (0x00168693) x13 0x800001fd
core   0: 3 0x800000fc (0xfed510e3)
core   0: 3 0x800000dc (0x00d71793) x15 0xa4594000
core   0: 3 0x800000e0 (0x00e7c7b3) x15 0x2dd462ca
core   0: 3 0x800000e4 (0x0117d713) x14 0x000016ea
core   0: 3 0x800000e8 (0x00e7c7b3) x15 0x2dd47420
core   0: 3 0x800000ec (0x00579713) x14 0xba8e8400
core   0: 3 0x800000f0 (0x00e7c733) x14 0x975af020
core   0: 3 0x800000f4 (0x00e68023) mem 0x800001fd 0x20
core   0: 3 0x800000f8 (0x00168693) x13 0x800001fe
core   0: 3 0x800000fc (0xfed510e3)
core   0: 3 0x800000dc (0x00d71793) x15 0x5e040000
core   0: 3 0x800000e0 (0x00e7c7b3) x15 0xc95ef020
core   0: 3 0x800000e4 (0x0117d713) x14 0x000064af
core   0: 3 0x800000e8 (0x00e7c7b3) x15 0xc95e948f
core   0: 3 0x800000ec (0x00579713) x14 0x2bd291e0
core   0: 3 0x800000f0 (0x00e7c733) x14 0xe28c056f
core   0: 3 0x800000f4 (0x00e68023) mem 0x800001fe 0x6f
core   0: 3 0x800000f8 (0x00168693) x13 0x800001ff
core   0: 3 0x800000fc (0xfed510e3)
core   0: 3 0x800000dc (0x00d71793) x15 0x80ade000
core   0: 3 0x800000e0 (0x00e7c7b3) x15 0x6221e56f
core   0: 3 0x800000e4 (0x0117d713) x14 0x00003110
core   0: 3 0x800000e8 (0x00e7c7b3) x15 0x6221d47f
core   0: 3 0x800000ec (0x00579713) x14 0x443a8fe0
core   0: 3 0x800000f0 (0x00e7c733) x14 0x261b5b9f
core   0: 3 0x800000f4 (0x00e68023) mem 0x800001ff 0x9f
core   0: 3 0x800000f8 (0x00168693) x13 0x80000200
core   0: 3 0x800000fc (0xfed510e3)
core   0: 3 0x800000dc (0x00d71793) x15 0x6b73e000
core   0: 3 0x800000e0 (0x00e7c7b3) x15 0x4d68bb9f
core   0: 3 0x800000e4 (0x0117d713) x14 0x000026b4
core   0: 3 0x800000e8 (0x00e7c7b3) x15 0x4d689d2b
core   0: 3 0x800000ec (0x00579713) x14 0xad13a560
core   0: 3 0x800000f0 (0x00e7c733) x14 0xe07b384b
core   0: 3 0x800000f4 (0x00e68023) mem 0x80000200 0x4b
core   0: 3 0x800000f8 (0x00168693) x13 0x80000201
core   0: 3 0x800000fc (0xfed510e3)
core   0: 3 0x800000dc (0x00d71793) x15 0x67096000
core   0: 3 0x800000e0 (0x00e7c7b3) x15 0x8772584b
core   0: 3 0x800000e4 (0x0117d713) x14 0x000043b9
core   0: 3 0x800000e8 (0x00e7c7b3) x15 0x87721bf2
core   0: 3 0x800000ec (0x00579713) x14 0xee437e40
core   0: 3 0x800000f0 (0x00e7c733) x14 0x693165b2
core   0: 3 0x800000f4 (0x00e68023) mem 0x80000201 0xb2
core   0: 3 0x800000f8 (0x00168693) x13 0x80000202
core   0: 3 0x800000fc (0xfed510e3)
core   0: 3 0x800000dc (0x00d71793) x15 0x2cb64000
core   0: 3 0x800000e0 (0x00e7c7b3) x15 0x458725b2
core   0: 3 0x800000e4 (0x0117d713) x14 0x000022c3
core   0: 3 0x800000e8 (0x00e7c7b3) x15 0x45870771
core   0: 3 0x800000ec (0x00579713) x14 0xb0e0ee20
core   0: 3 0x800000f0 (0x00e7c733) x14 0xf567e951
core   0: 3 0x800000f4 (0x00e68023) mem 0x80000202 0x51
core   0: 3 0x800000f8 (0x00168693) x13 0x80000203
core   0: 3 0x800000fc (0xfed510e3)
core   0: 3 0x800000dc (0x00d71793) x15 0xfd2a2000
core   0: 3 0x800000e0 (0x00e7c7b3) x15 0x084dc951
core   0: 3 0x800000e4 (0x0117d713) x14 0x00000426
core   0: 3 0x800000e8 (0x00e7c7b3) x15 0x084dcd77
core   0: 3 0x800000ec (0x00579713) x14 0x09b9aee0
core   0: 3 0x800000f0 (0x00e7c733) x14 0x01f46397
core   0: 3 0x800000f4 (0x00e68023) mem 0x80000203 0x97
core   0: 3 0x800000f8 (0x00168693) x13 0x80000204
core   0: 3 0x800000fc (0xfed510e3)
core   0: 3 0x800000dc (0x00d71793) x15 0x8c72e000
core   0: 3 0x800000e0 (0x00e7c7b3) x15 0x8d868397
core   0: 3 0x800000e4 (0x0117d713) x14 0x000046c3
core   0: 3 0x800000e8 (0x00e7c7b3) x15 0x8d86c554
core   0: 3 0x800000ec (0x00579713) x14 0xb0d8aa80
core   0: 3 0x800000f0 (0x00e7c733) x14 0x3d5e6fd4
core   0: 3 0x800000f4 (0x00e68023) mem 0x80000204 0xd4
core   0: 3 0x800000f8 (0x00168693) x13 0x80000205
core   0: 3 0x800000fc (0xfed510e3)
core   0: 3 0x800000dc (0x00d71793) x15 0xcdfa8000
core   0: 3 0x800000e0 (0x00e7c7b3) x15 0xf0a4efd4
core   0: 3 0x800000e4 (0x0117d713) x14 0x00007852
core   0: 3 0x800000e8 (0x00e7c7b3) x15 0xf0a49786
core   0: 3 0x800000ec (0x00579713) x14 0x1492f0c0
core   0: 3 0x800000f0 (0x00e7c733) x14 0xe4366746
core   0: 3 0x800000f4 (0x00e68023) mem 0x80000205 0x46
core   0: 3 0x800000f8 (0x00168693) x13 0x80000206
core   0: 3 0x800000fc (0xfed510e3)
core   0: 3 0x800000dc (0x00d71793) x15 0xcce8c000
core   0: 3 0x800000e0 (0x00e7c7b3) x15 0x28dea746
core   0: 3 0x800000e4 (0x0117d713) x14 0x0000146f
core   0: 3 0x800000e8 (0x00e7c7b3) x15 0x28deb329
core   0: 3 0x800000ec (0x00579713) x14 0x1bd66520
core   0: 3 0x800000f0 (0x00e7c733) x14 0x3308d609
core   0: 3 0x800000f4 (0x00e68023) mem 0x80000206 0x09
core   0: 3 0x800000f8 (0x00168693) x13 0x80000207
core   0: 3 0x800000fc (0xfed510e3)
core   0: 3 0x800000dc (0x00d71793) x15 0x1ac12000
core   0: 3 0x800000e0 (0x00e7c7b3) x15 0x29c9f609
core   0: 3 0x800000e4 (0x0117d713) x14 0x000014e4
core   0: 3 0x800000e8 (0x00e7c7b3) x15 0x29c9e2ed
core   0: 3 0x800000ec (0x00579713) x14 0x393c5da0
core   0: 3 0x800000f0 (0x00e7c733) x14 0x10f5bf4d
core   0: 3 0x800000f4 (0x00e68023) mem 0x80000207 0x4d
core   0: 3 0x800000f8 (0x00168693) x13 0x80000208
core   0: 3 0x800000fc (0xfed510e3)
core   0: 3 0x800000dc (0x00d71793) x15 0xb7e9a000
core   0: 3 0x800000e0 (0x00e7c7b3) x15 0xa71c1f4d
core   0: 3 0x800000e4 (0x0117d713) x14 0x0000538e
core   0: 3 0x800000e8 (0x00e7c7b3) x15 0xa71c4cc3
core   0: 3 0x800000ec (0x00579713) x14 0xe3899860
core   0: 3 0x800000f0 (0x00e7c733) x14 0x4495d4a3
core   0: 3 0x800000f4 (0x00e68023) mem 0x80000208 0xa3
core   0: 3 0x800000f8 (0x00168693) x13 0x80000209
core   0: 3 0x800000fc (0xfed510e3)
core   0: 3 0x800000dc (0x00d71793) x15 0xba946000
core   0: 3 0x800000e0 (0x00e7c7b3) x15 0xfe01b4a3
core   0: 3 0x800000e4 (0x0117d713) x14 0x00007f00
core   0: 3 0x800000e8 (0x00e7c7b3) x15 0xfe01cba3
core   0: 3 0x800000ec (0x00579713) x14 0xc0397460
core   0: 3 0x800000f0 (0x00e7c733) x14 0x3e38bfc3
core   0: 3 0x800000f4 (0x00e68023) mem 0x80000209 0xc3
core   0: 3 0x800000f8 (0x00168693) x13 0x8000020a
core   0: 3 0x800000fc (0xfed510e3)
core   0: 3 0x800000dc (0x00d71793) x15 0x17f86000
core   0: 3 0x800000e0 (0x00e7c7b3) x15 0x29c0dfc3
core   0: 3 0x800000e4 (0x0117d713) x14 0x000014e0
core   0: 3 0x800000e8 (0x00e7c7b3) x15 0x29c0cb23
core   0: 3 0x800000ec (0x00579713) x14 0x38196460
core   0: 3 0x800000f0 (0x00e7c733) x14 0x11d9af43
core   0: 3 0x800000f4 (0x00e68023) mem 0x8000020a 0x43
core   0: 3 0x800000f8 (0x00168693) x13 0x8000020b
core   0: 3 0x800000fc (0xfed510e3)
core   0: 3 0x800000dc (0x00d71793) x15 0x35e86000
core   0: 3 0x800000e0 (0x00e7c7b3) x15 0x2431cf43
core   0: 3 0x800000e4 (0x0117d713) x14 0x00001218
core   0: 3 0x800000e8 (0x00e7c7b3) x15 0x2431dd5b
core   0: 3 0x800000ec (0x00579713) x14 0x863bab60
core   0: 3 0x800000f0 (0x00e7c733) x14 0xa20a763b
core   0: 3 0x800000f4 (0x00e68023) mem 0x8000020b 0x3b
core   0: 3 0x800000f8 (0x00168693) x13 0x8000020c
core   0: 3 0x800000fc (0xfed510e3)
core   0: 3 0x800000dc (0x00d71793) x15 0x4ec76000
core   0: 3 0x800000e0 (0x00e7c7b3) x15 0xeccd163b
core   0: 3 0x800000e4 (0x0117d713) x14 0x00007666
core   0: 3 0x800000e8 (0x00e7c7b3) x15 0xeccd605d
core   0: 3 0x800000ec (0x00579713) x14 0x99ac0ba0
core   0: 3 0x800000f0 (0x00e7c733) x14 0x75616bfd
core   0: 3 0x800000f4 (0x00e68023) mem 0x8000020c 0xfd
core   0: 3 0x800000f8 (0x00168693) x13 0x8000020d
core   0: 3 0x800000fc (0xfed510e3)
core   0: 3 0x800000dc (0x00d71793) x15 0x2d7fa000
core   0: 3 0x800000e0 (0x00e7c7b3) x15 0x581ecbfd
core   0: 3 0x800000e4 (0x0117d713) x14 0x00002c0f
core   0: 3 0x800000e8 (0x00e7c7b3) x15 0x581ee7f2
core   0: 3 0x800000ec (0x00579713) x14 0x03dcfe40
core   0: 3 0x800000f0 (0x00e7c733) x14 0x5bc219b2
core   0: 3 0x800000f4 (0x00e68023) mem 0x8000020d 0xb2
core   0: 3 0x800000f8 (0x00168693) x13 0x8000020e
core   0: 3 0x800000fc (0xfed510e3)
core   0: 3 0x800000dc (0x00d71793) x15 0x43364000
core   0: 3 0x800000e0 (0x00e7c7b3) x15 0x18f459b2
core   0: 3 0x800000e4 (0x0117d713) x14 0x00000c7a
core   0: 3 0x800000e8 (0x00e7c7b3) x15 0x18f455c8
core   0: 3 0x800000ec (0x00579713) x14 0x1e8ab900
core   0: 3 0x800000f0 (0x00e7c733) x14 0x067eecc8
core   0: 3 0x800000f4 (0x00e68023) mem 0x8000020e 0xc8
core   0: 3 0x800000f8 (0x00168693) x13 0x8000020f
core   0: 3 0x800000fc (0xfed510e3)
core   0: 3 0x800000dc (0x00d71793) x15 0xdd990000
core   0: 3 0x800000e0 (0x00e7c7b3) x15 0xdbe7ecc8
core   0: 3 0x800000e4 (0x0117d713) x14 0x00006df3
core   0: 3 0x800000e8 (0x00e7c7b3) x15 0xdbe7813b
core   0: 3 0x800000ec (0x00579713) x14 0x7cf02760
core   0: 3 0x800000f0 (0x00e7c733) x14 0xa717a65b
core   0: 3 0x800000f4 (0x00e68023) mem 0x8000020f 0x5b
core   0: 3 0x800000f8 (0x00168693) x13 0x80000210
core   0: 3 0x800000fc (0xfed510e3)
core   0: 3 0x800000dc (0x00d71793) x15 0xf4cb6000
core   0: 3 0x800000e0 (0x00e7c7b3) x15 0x53dcc65b
core   0: 3 0x800000e4 (0x0117d713) x14 0x000029ee
core   0: 3 0x800000e8 (0x00e7c7b3) x15 0x53dcefb5
core   0: 3 0x800000ec (0x00579713) x14 0x7b9df6a0
core   0: 3 0x800000f0 (0x00e7c733) x14 0x28411915
core   0: 3 0x800000f4 (0x00e68023) mem 0x80000210 0x15
core   0: 3 0x800000f8 (0x00168693) x13 0x80000211
core   0: 3 0x800000fc (0xfed510e3)
core   0: 3 0x800000dc (0x00d71793) x15 0x2322a000
core   0: 3 0x800000e0 (0x00e7c7b3) x15 0x0b63b915
core   0: 3 0x800000e4 (0x0117d713) x14 0x000005b1
core   0: 3 0x800000e8 (0x00e7c7b3) x15 0x0b63bca4
core   0: 3 0x800000ec (0x00579713) x14 0x6c779480
core   0: 3 0x800000f0 (0x00e7c733) x14 0x67142824
core   0: 3 0x800000f4 (0x00e68023) mem 0x80000211 0x24
core   0: 3 0x800000f8 (0x00168693) x13 0x80000212
core   0: 3 0x800000fc (0xfed510e3)
core   0: 3 0x800000dc (0x00d71793) x15 0x85048000
core   0: 3 0x800000e0 (0x00e7c7b3) x15 0xe210a824
core   0: 3 0x800000e4 (0x0117d713) x14 0x00007108
core   0: 3 0x800000e8 (0x00e7c7b3) x15 0xe210d92c
core   0: 3 0x800000ec (0x00579713) x14 0x421b2580
core   0: 3 0x800000f0 (0x00e7c733) x14 0xa00bfcac
core   0: 3 0x800000f4 (0x00e68023) mem 0x80000212 0xac
core   0: 3 0x800000f8 (0x00168693) x13 0x80000213
core   0: 3 0x800000fc (0xfed510e3)
core   0: 3 0x800000dc (0x00d71793) x15 0x7f958000
core   0: 3 0x800000e0 (0x00e7c7b3) x15 0xdf9e7cac
core   0: 3 0x800000e4 (0x0117d713) x14 0x00006fcf
core   0: 3 0x800000e8 (0x00e7c7b3) x15 0xdf9e1363
core   0: 3 0x800000ec (0x00579713) x14 0xf3c26c60
core   0: 3 0x800000f0 (0x00e7c733) x14 0x2c5c7f03
core   0: 3 0x800000f4 (0x00e68023) mem 0x80000213 0x03
core   0: 3 0x800000f8 (0x00168693) x13 0x80000214
core   0: 3 0x800000fc (0xfed510e3)
core   0: 3 0x800000dc (0x00d71793) x15 0x8fe06000
core   0: 3 0x800000e0 (0x00e7c7b3) x15 0xa3bc1f03
core   0: 3 0x800000e4 (0x0117d713) x14 0x000051de
core   0: 3 0x800000e8 (0x00e7c7b3) x15 0xa3bc4edd
core   0: 3 0x800000ec (0x00579713) x14 0x7789dba0
core   0: 3 0x800000f0 (0x00e7c733) x14 0xd435957d
core   0: 3 0x800000f4 (0x00e68023) mem 0x80000214 0x7d
core   0: 3 0x800000f8 (0x00168693) x13 0x80000215
core   0: 3 0x800000fc (0xfed510e3)
core   0: 3 0x800000dc (0x00d71793) x15 0xb2afa000
core   0: 3 0x800000e0 (0x00e7c7b3) x15 0x669a357d
core   0: 3 0x800000e4 (0x0117d713) x14 0x0000334d
core   0: 3 0x800000e8 (0x00e7c7b3) x15 0x669a0630
core   0: 3 0x800000ec (0x00579713) x14 0xd340c600
core   0: 3 0x800000f0 (0x00e7c733) x14 0xb5dac030
core   0: 3 0x800000f4 (0x00e68023) mem 0x80000215 0x30
core   0: 3 0x800000f8 (0x00168693) x13 0x80000216
core   0: 3 0x800000fc (0xfed510e3)
core   0: 3 0x800000dc (0x00d71793) x15 0x58060000
core   0: 3 0x800000e0 (0x00e7c7b3) x15 0xeddcc030
core   0: 3 0x800000e4 (0x0117d713) x14 0x000076ee
core   0: 3 0x800000e8 (0x00e7c7b3) x15 0xeddcb6de
core   0: 3 0x800000ec (0x00579713) x14 0xbb96dbc0
core   0: 3 0x800000f0 (0x00e7c733) x14 0x564a6d1e
core   0: 3 0x800000f4 (0x00e68023) mem 0x80000216 0x1e
core   0: 3 0x800000f8 (0x00168693) x13 0x80000217
core   0: 3 0x800000fc (0xfed510e3)
core   0: 3 0x800000dc (0x00d71793) x15 0x4da3c000
core   0: 3 0x800000e0 (0x00e7c7b3) x15 0x1be9ad1e
core   0: 3 0x800000e4 (0x0117d713) x14 0x00000df4
core   0: 3 0x800000e8 (0x00e7c7b3) x15 0x1be9a0ea
core   0: 3 0x800000ec (0x00579713) x14 0x7d341d40
core   0: 3 0x800000f0 (0x00e7c733) x14 0x66ddbdaa
core   0: 3 0x800000f4 (0x00e68023) mem 0x80000217 0xaa
core   0: 3 0x800000f8 (0x00168693) x13 0x80000218
core   0: 3 0x800000fc (0xfed510e3)
core   0: 3 0x800000dc (0x00d71793) x15 0xb7b54000
core   0: 3 0x800000e0 (0x00e7c7b3) x15 0xd168fdaa
core   0: 3 0x800000e4 (0x0117d713) x14 0x000068b4
core   0: 3 0x800000e8 (0x00e7c7b3) x15 0xd168951e
core   0: 3 0x800000ec (0x00579713) x14 0x2d12a3c0
core   0: 3 0x800000f0 (0x00e7c733) x14 0xfc7a36de
core   0: 3 0x800000f4 (0x00e68023) mem 0x80000218 0xde
core   0: 3 0x800000f8 (0x00168693) x13 0x80000219
core   0: 3 0x800000fc (0xfed510e3)
core   0: 3 0x800000dc (0x00d71793) x15 0x46dbc000
core   0: 3 0x800000e0 (0x00e7c7b3) x15 0xbaa1f6de
core   0: 3 0x800000e4 (0x0117d713) x14 0x00005d50
core   0: 3 0x800000e8 (0x00e7c7b3) x15 0xbaa1ab8e
core   0: 3 0x800000ec (0x00579713) x14 0x543571c0
core   0: 3 0x800000f0 (0x00e7c733) x14 0xee94da4e
core   0: 3 0x800000f4 (0x00e68023) mem 0x80000219 0x4e
core   0: 3 0x800000f8 (0x00168693) x13 0x8000021a
core   0: 3 0x800000fc (0xfed510e3)
core   0: 3 0x800000dc (0x00d71793) x15 0x9b49c000
core   0: 3 0x800000e0 (0x00e7c7b3) x15 0x75dd1a4e
core   0: 3 0x800000e4 (0x0117d713) x14 0x00003aee
core   0: 3 0x800000e8 (0x00e7c7b3) x15 0x75dd20a0
core   0: 3 0x800000ec (0x00579713) x14 0xbba41400
core   0: 3 0x800000f0 (0x00e7c733) x14 0xce7934a0
core   0: 3 0x800000f4 (0x00e68023) mem 0x8000021a 0xa0
core   0: 3 0x800000f8 (0x00168693) x13 0x8000021b
core   0: 3 0x800000fc (0xfed510e3)
core   0: 3 0x800000dc (0x00d71793) x15 0x26940000
core   0: 3 0x800000e0 (0x00e7c7b3) x15 0xe8ed34a0
core   0: 3 0x800000e4 (0x0117d713) x14 0x00007476
core   0: 3 0x800000e8 (0x00e7c7b3) x15 0xe8ed40d6
core   0: 3 0x800000ec (0x00579713) x14 0x1da81ac0
core   0: 3 0x800000f0 (0x00e7c733) x14 0xf5455a16
core   0: 3 0x800000f4 (0x00e68023) mem 0x8000021b 0x16
core   0: 3 0x800000f8 (0x00168693) x13 0x8000021c
core   0: 3 0x800000fc (0xfed510e3)
core   0: 3 0x800000dc (0x00d71793) x15 0xab42c000
core   0: 3 0x800000e0 (0x00e7c7b3) x15 0x5e079a16
core   0: 3 0x800000e4 (0x0117d713) x14 0x00002f03
core   0: 3 0x800000e8 (0x00e7c7b3) x15 0x5e07b515
core   0: 3 0x800000ec (0x00579713) x14 0xc0f6a2a0
core   0: 3 0x800000f0 (0x00e7c733) x14 0x9ef117b5
core   0: 3 0x800000f4 (0x00e68023) mem 0x8000021c 0xb5
core   0: 3 0x800000f8 (0x00168693) x13 0x8000021d
core   0: 3 0x800000fc (0xfed510e3)
core   0: 3 0x800000dc (0x00d71793) x15 0x22f6a000
core   0: 3 0x800000e0 (0x00e7c7b3) x15 0xbc07b7b5
core   0: 3 0x800000e4 (0x0117d713) x14 0x00005e03
core   0: 3 0x800000e8 (0x00e7c7b3) x15 0xbc07e9b6
core   0: 3 0x800000ec (0x00579713) x14 0x80fd36c0
core   0: 3 0x800000f0 (0x00e7c733) x14 0x3cfadf76
core   0: 3 0x800000f4 (0x00e68023) mem 0x8000021d 0x76
core   0: 3 0x800000f8 (0x00168693) x13 0x8000021e
core   0: 3 0x800000fc (0xfed510e3)
core   0: 3 0x800000dc (0x00d71793) x15 0x5beec000
core   0: 3 0x800000e0 (0x00e7c7b3) x15 0x67141f76
core   0: 3 0x800000e4 (0x0117d713) x14 0x0000338a
core   0: 3 0x800000e8 (0x00e7c7b3) x15 0x67142cfc
core   0: 3 0x800000ec (0x00579713) x14 0xe2859f80
core   0: 3 0x800000f0 (0x00e7c733) x14 0x8591b37c
core   0: 3 0x800000f4 (0x00e68023) mem 0x8000021e 0x7c
core   0: 3 0x800000f8 (0x00168693) x13 0x8000021f
core   0: 3 0x800000fc (0xfed510e3)
core   0: 3 0x800000dc (0x00d71793) x15 0x366f8000
core   0: 3 0x800000e0 (0x00e7c7b3) x15 0xb3fe337c
core   0: 3 0x800000e4 (0x0117d713) x14 0x000059ff
core   0: 3 0x800000e8 (0x00e7c7b3) x15 0xb3fe6a83
core   0: 3 0x800000ec (0x00579713) x14 0x7fcd5060
core   0: 3 0x800000f0 (0x00e7c733) x14 0xcc333ae3
core   0: 3 0x800000f4 (0x00e68023) mem 0x8000021f 0xe3
core   0: 3 0x800000f8 (0x00168693) x13 0x80000220
core   0: 3 0x800000fc (0xfed510e3)
core   0: 3 0x800000dc (0x00d71793) x15 0x675c6000
core   0: 3 0x800000e0 (0x00e7c7b3) x15 0xab6f5ae3
core   0: 3 0x800000e4 (0x0117d713) x14 0x000055b7
core   0: 3 0x800000e8 (0x00e7c7b3) x15 0xab6f0f54
core   0: 3 0x800000ec (0x00579713) x14 0x6de1ea80
core   0: 3 0x800000f0 (0x00e7c733) x14 0xc68ee5d4
core   0: 3 0x800000f4 (0x00e68023) mem 0x80000220 0xd4
core   0: 3 0x800000f8 (0x00168693) x13 0x80000221
core   0: 3 0x800000fc (0xfed510e3)
core   0: 3 0x800000dc (0x00d71793) x15 0xdcba8000
core   0: 3 0x800000e0 (0x00e7c7b3) x15 0x1a3465d4
core   0: 3 0x800000e4 (0x0117d713) x14 0x00000d1a
core   0: 3 0x800000e8 (0x00e7c7b3) x15 0x1a3468ce
core   0: 3 0x800000ec (0x00579713) x14 0x468d19c0
core   0: 3 0x800000f0 (0x00e7c733) x14 0x5cb9710e
core   0: 3 0x800000f4 (0x00e68023) mem 0x80000221 0x0e
core   0: 3 0x800000f8 (0x00168693) x13 0x80000222
core   0: 3 0x800000fc (0xfed510e3)
core   0: 3 0x800000dc (0x00d71793) x15 0x2e21c000
core   0: 3 0x800000e0 (0x00e7c7b3) x15 0x7298b10e
core   0: 3 0x800000e4 (0x0117d713) x14 0x0000394c
core   0: 3 0x800000e8 (0x00e7c7b3) x15 0x72988842
core   0: 3 0x800000ec (0x00579713) x14 0x53110840
core   0: 3 0x800000f0 (0x00e7c733) x14 0x21898002
core   0: 3 0x800000f4 (0x00e68023) mem 0x80000222 0x02
core   0: 3 0x800000f8 (0x00168693) x13 0x80000223
core   0: 3 0x800000fc (0xfed510e3)
core   0: 3 0x800000dc (0x00d71793) x15 0x30004000
core   0: 3 0x800000e0 (0x00e7c7b3) x15 0x1189c002
core   0: 3 0x800000e4 (0x0117d713) x14 0x000008c4
core   0: 3 0x800000e8 (0x00e7c7b3) x15 0x1189c8c6
core   0: 3 0x800000ec (0x00579713) x14 0x313918c0
core   0: 3 0x800000f0 (0x00e7c733) x14 0x20b0d006
core   0: 3 0x800000f4 (0x00e68023) mem 0x80000223 0x06
core   0: 3 0x800000f8 (0x00168693) x13 0x80000224
core   0: 3 0x800000fc (0xfed510e3)
core   0: 3 0x800000dc (0x00d71793) x15 0x1a00c000
core   0: 3 0x800000e0 (0x00e7c7b3) x15 0x3ab01006
core   0: 3 0x800000e4 (0x0117d713) x14 0x00001d58
core   0: 3 0x800000e8 (0x00e7c7b3) x15 0x3ab00d5e
core   0: 3 0x800000ec (0x00579713) x14 0x5601abc0
core   0: 3 0x800000f0 (0x00e7c733) x14 0x6cb1a69e
core   0: 3 0x800000f4 (0x00e68023) mem 0x80000224 0x9e
core   0: 3 0x800000f8 (0x00168693) x13 0x80000225
core   0: 3 0x800000fc (0xfed510e3)
core   0: 3 0x800000dc (0x00d71793) x15 0x34d3c000
core   0: 3 0x800000e0 (0x00e7c7b3) x15 0x5862669e
core   0: 3 0x800000e4 (0x0117d713) x14 0x00002c31
core   0: 3 0x800000e8 (0x00e7c7b3) x15 0x58624aaf
core   0: 3 0x800000ec (0x00579713) x14 0x0c4955e0
core   0: 3 0x800000f0 (0x00e7c733) x14 0x542b1f4f
core   0: 3 0x800000f4 (0x00e68023) mem 0x80000225 0x4f
core   0: 3 0x800000f8 (0x00168693) x13 0x80000226
core   0: 3 0x800000fc (0xfed510e3)
core   0: 3 0x800000dc (0x00d71793) x15 0x63e9e000
core   0: 3 0x800000e0 (0x00e7c7b3) x15 0x37c2ff4f
core   0: 3 0x800000e4 (0x0117d713) x14 0x00001be1
core   0: 3 0x800000e8 (0x00e7c7b3) x15 0x37c2e4ae
core   0: 3 0x800000ec (0x00579713) x14 0xf85c95c0
core   0: 3 0x800000f0 (0x00e7c733) x14 0xcf9e716e
core   0: 3 0x800000f4 (0x00e68023) mem 0x80000226 0x6e
core   0: 3 0x800000f8 (0x00168693) x13 0x80000227
core   0: 3 0x800000fc (0xfed510e3)
core   0: 3 0x800000dc (0x00d71793) x15 0xce2dc000
core   0: 3 0x800000e0 (0x00e7c7b3) x15 0x01b3b16e
core   0: 3 0x800000e4 (0x0117d713) x14 0x000000d9
core   0: 3 0x800000e8 (0x00e7c7b3) x15 0x01b3b1b7
core   0: 3 0x800000ec (0x00579713) x14 0x367636e0
core   0: 3 0x800000f0 (0x00e7c733) x14 0x37c58757
core   0: 3 0x800000f4 (0x00e68023) mem 0x80000227 0x57
core   0: 3 0x800000f8 (0x00168693) x13 0x80000228
core   0: 3 0x800000fc (0xfed510e3)
core   0: 3 0x800000dc (0x00d71793) x15 0xb0eae000
core   0: 3 0x800000e0 (0x00e7c7b3) x15 0x872f6757
core   0: 3 0x800000e4 (0x0117d713) x14 0x00004397
core   0: 3 0x800000e8 (0x00e7c7b3) x15 0x872f24c0
core   0: 3 0x800000ec (0x00579713) x14 0xe5e49800
core   0: 3 0x800000f0 (0x00e7c733) x14 0x62cbbcc0
core   0: 3 0x800000f4 (0x00e68023) mem 0x80000228 0xc0
core   0: 3 0x800000f8 (0x00168693) x13 0x80000229
core   0: 3 0x800000fc (0xfed510e3)
core   0: 3 0x800000dc (0x00d71793) x15 0x77980000
core   0: 3 0x800000e0 (0x00e7c7b3) x15 0x1553bcc0
core   0: 3 0x800000e4 (0x0117d713) x14 0x00000aa9
core   0: 3 0x800000e8 (0x00e7c7b3) x15 0x1553b669
core   0: 3 0x800000ec (0x00579713) x14 0xaa76cd20
core   0: 3 0x800000f0 (0x00e7c733) x14 0xbf257b49
core   0: 3 0x800000f4 (0x00e68023) mem 0x80000229 0x49
core   0: 3 0x800000f8 (0x00168693) x13 0x8000022a
core   0: 3 0x800000fc (0xfed510e3)
core   0: 3 0x800000dc (0x00d71793) x15 0xaf692000
core   0: 3 0x800000e0 (0x00e7c7b3) x15 0x104c5b49
core   0: 3 0x800000e4 (0x0117d713) x14 0x00000826
core   0: 3 0x800000e8 (0x00e7c7b3) x15 0x104c536f
core   0: 3 0x800000ec (0x00579713) x14 0x098a6de0
core   0: 3 0x800000f0 (0x00e7c733) x14 0x19c63e8f
core   0: 3 0x800000f4 (0x00e68023) mem 0x8000022a 0x8f
core   0: 3 0x800000f8 (0x00168693) x13 0x8000022b
core   0: 3 0x800000fc (0xfed510e3)
core   0: 3 0x800000dc (0x00d71793) x15 0xc7d1e000
core   0: 3 0x800000e0 (0x00e7c7b3) x15 0xde17de8f
core   0: 3 0x800000e4 (0x0117d713) x14 0x00006f0b
core   0: 3 0x800000e8 (0x00e7c7b3) x15 0xde17b184
core   0: 3 0x800000ec (0x00579713) x14 0xc2f63080
core   0: 3 0x800000f0 (0x00e7c733) x14 0x1ce18104
core   0: 3 0x800000f4 (0x00e68023) mem 0x8000022b 0x04
core   0: 3 0x800000f8 (0x00168693) x13 0x8000022c
core   0: 3 0x800000fc (0xfed510e3)
core   0: 3 0x800000dc (0x00d71793) x15 0x30208000
core   0: 3 0x800000e0 (0x00e7c7b3) x15 0x2cc10104
core   0: 3 0x800000e4 (0x0117d713) x14 0x00001660
core   0: 3 0x800000e8 (0x00e7c7b3) x15 0x2cc11764
core   0: 3 0x800000ec (0x00579713) x14 0x9822ec80
core   0: 3 0x800000f0 (0x00e7c733) x14 0xb4e3fbe4
core   0: 3 0x800000f4 (0x00e68023) mem 0x8000022c 0xe4
core   0: 3 0x800000f8 (0x00168693) x13 0x8000022d
core   0: 3 0x800000fc (0xfed510e3)
core   0: 3 0x800000dc (0x00d71793) x15 0x7f7c8000
core   0: 3 0x800000e0 (0x00e7c7b3) x15 0xcb9f7be4
core   0: 3 0x800000e4 (0x0117d713) x14 0x000065cf
core   0: 3 0x800000e8 (0x00e7c7b3) x15 0xcb9f1e2b
core   0: 3 0x800000ec (0x00579713) x14 0x73e3c560
core   0: 3 0x800000f0 (0x00e7c733) x14 0xb87cdb4b
core   0: 3 0x800000f4 (0x00e68023) mem 0x8000022d 0x4b
core   0: 3 0x800000f8 (0x00168693) x13 0x8000022e
core   0: 3 0x800000fc (0xfed510e3)
core   0: 3 0x800000dc (0x00d71793) x15 0x9b696000
core   0: 3 0x800000e0 (0x00e7c7b3) x15 0x2315bb4b
core   0: 3 0x800000e4 (0x0117d713) x14 0x0000118a
core   0: 3 0x800000e8 (0x00e7c7b3) x15 0x2315aac1
core   0: 3 0x800000ec (0x00579713) x14 0x62b55820
core   0: 3 0x800000f0 (0x00e7c733) x14 0x41a0f2e1
core   0: 3 0x800000f4 (0x00e68023) mem 0x8000022e 0xe1
core   0: 3 0x800000f8 (0x00168693) x13 0x8000022f
core   0: 3 0x800000fc (0xfed510e3)
core   0: 3 0x800000dc (0x00d71793) x15 0x1e5c2000
core   0: 3 0x800000e0 (0x00e7c7b3) x15 0x5ffcd2e1
core   0: 3 0x800000e4 (0x0117d713) x14 0x00002ffe
core   0: 3 0x800000e8 (0x00e7c7b3) x15 0x5ffcfd1f
core   0: 3 0x800000ec (0x00579713) x14 0xff9fa3e0
core   0: 3 0x800000f0 (0x00e7c733) x14 0xa0635eff
core   0: 3 0x800000f4 (0x00e68023) mem 0x8000022f 0xff
core   0: 3 0x800000f8 (0x00168693) x13 0x80000230
core   0: 3 0x800000fc (0xfed510e3)
core   0: 3 0x800000dc (0x00d71793) x15 0x6bdfe000
core   0: 3 0x800000e0 (0x00e7c7b3) x15 0xcbbcbeff
core   0: 3 0x800000e4 (0x0117d713) x14 0x000065de
core   0: 3 0x800000e8 (0x00e7c7b3) x15 0xcbbcdb21
core   0: 3 0x800000ec (0x00579713) x14 0x779b6420
core   0: 3 0x800000f0 (0x00e7c733) x14 0xbc27bf01
core   0: 3 0x800000f4 (0x00e68023) mem 0x80000230 0x01
core   0: 3 0x800000f8 (0x00168693) x13 0x80000231
core   0: 3 0x800000fc (0xfed510e3)
core   0: 3 0x800000dc (0x00d71793) x15 0xf7e02000
core   0: 3 0x800000e0 (0x00e7c7b3) x15 0x4bc79f01
core   0: 3 0x800000e4 (0x0117d713) x14 0x000025e3
core   0: 3 0x800000e8 (0x00e7c7b3) x15 0x4bc7bae2
core   0: 3 0x800000ec (0x00579713) x14 0x78f75c40
core   0: 3 0x800000f0 (0x00e7c733) x14 0x3330e6a2
core   0: 3 0x800000f4 (0x00e68023) mem 0x80000231 0xa2
core   0: 3 0x800000f8 (0x00168693) x13 0x80000232
core   0: 3 0x800000fc (0xfed510e3)
core   0: 3 0x800000dc (0x00d71793) x15 0x1cd44000
core   0: 3 0x800000e0 (0x00e7c7b3) x15 0x2fe4a6a2
core   0: 3 0x800000e4 (0x0117d713) x14 0x000017f2
core   0: 3 0x800000e8 (0x00e7c7b3) x15 0x2fe4b150
core   0: 3 0x800000ec (0x00579713) x14 0xfc962a00
core   0: 3 0x800000f0 (0x00e7c733) x14 0xd3729b50
core   0: 3 0x800000f4 (0x00e68023) mem 0x80000232 0x50
core   0: 3 0x800000f8 (0x00168693) x13 0x80000233
core   0: 3 0x800000fc (0xfed510e3)
core   0: 3 0x800000dc (0x00d71793) x15 0x536a0000
core   0: 3 0x800000e0 (0x00e7c7b3) x15 0x80189b50
core   0: 3 0x800000e4 (0x0117d713) x14 0x0000400c
core   0: 3 0x800000e8 (0x00e7c7b3) x15 0x8018db5c
core   0: 3 0x800000ec (0x00579713) x14 0x031b6b80
core   0: 3 0x800000f0 (0x00e7c733) x14 0x8303b0dc
core   0: 3 0x800000f4 (0x00e68023) mem 0x80000233 0xdc
core   0: 3 0x800000f8 (0x00168693) x13 0x80000234
core   0: 3 0x800000fc (0xfed510e3)
core   0: 3 0x800000dc (0x00d71793) x15 0x761b8000
core   0: 3 0x800000e0 (0x00e7c7b3) x15 0xf51830dc
core   0: 3 0x800000e4 (0x0117d713) x14 0x00007a8c
core   0: 3 0x800000e8 (0x00e7c7b3) x15 0xf5184a50
core   0: 3 0x800000ec (0x00579713) x14 0xa3094a00
core   0: 3 0x800000f0 (0x00e7c733) x14 0x56110050
core   0: 3 0x800000f4 (0x00e68023) mem 0x80000234 0x50
core   0: 3 0x800000f8 (0x00168693) x13 0x80000235
core   0: 3 0x800000fc (0xfed510e3)
core   0: 3 0x800000dc (0x00d71793) x15 0x200a0000
core   0: 3 0x800000e0 (0x00e7c7b3) x15 0x761b0050
core   0: 3 0x800000e4 (0x0117d713) x14 0x00003b0d
core   0: 3 0x800000e8 (0x00e7c7b3) x15 0x761b3b5d
core   0: 3 0x800000ec (0x00579713) x14 0xc3676ba0
core   0: 3 0x800000f0 (0x00e7c733) x14 0xb57c50fd
core   0: 3 0x800000f4 (0x00e68023) mem 0x80000235 0xfd
core   0: 3 0x800000f8 (0x00168693) x13 0x80000236
core   0: 3 0x800000fc (0xfed510e3)
core   0: 3 0x800000dc (0x00d71793) x15 0x8a1fa000
core   0: 3 0x800000e0 (0x00e7c7b3) x15 0x3f63f0fd
core   0: 3 0x800000e4 (0x0117d713) x14 0x00001fb1
core   0: 3 0x800000e8 (0x00e7c7b3) x15 0x3f63ef4c
core   0: 3 0x800000ec (0x00579713) x14 0xec7de980
core   0: 3 0x800000f0 (0x00e7c733) x14 0xd31e06cc
core   0: 3 0x800000f4 (0x00e68023) mem 0x80000236 0xcc
core   0: 3 0x800000f8 (0x00168693) x13 0x80000237
core   0: 3 0x800000fc (0xfed510e3)
core   0: 3 0x800000dc (0x00d71793) x15 0xc0d98000
core   0: 3 0x800000e0 (0x00e7c7b3) x15 0x13c786cc
core   0: 3 0x800000e4 (0x0117d713) x14 0x000009e3
core   0: 3 0x800000e8 (0x00e7c7b3) x15 0x13c78f2f
core   0: 3 0x800000ec (0x00579713) x14 0x78f1e5e0
core   0: 3 0x800000f0 (0x00e7c733) x14 0x6b366acf
core   0: 3 0x800000f4 (0x00e68023) mem 0x80000237 0xcf
core   0: 3 0x800000f8 (0x00168693) x13 0x80000238
core   0: 3 0x800000fc (0xfed510e3)
core   0: 3 0x800000dc (0x00d71793) x15 0xcd59e000
core   0: 3 0x800000e0 (0x00e7c7b3) x15 0xa66f8acf
core   0: 3 0x800000e4 (0x0117d713) x14 0x00005337
core   0: 3 0x800000e8 (0x00e7c7b3) x15 0xa66fd9f8
core   0: 3 0x800000ec (0x00579713) x14 0xcdfb3f00
core   0: 3 0x800000f0 (0x00e7c733) x14 0x6b94e6f8
core   0: 3 0x800000f4 (0x00e68023) mem 0x80000238 0xf8
core   0: 3 0x800000f8 (0x00168693) x13 0x80000239
core   0: 3 0x800000fc (0xfed510e3)
core   0: 3 0x800000dc (0x00d71793) x15 0x9cdf0000
core   0: 3 0x800000e0 (0x00e7c7b3) x15 0xf74be6f8
core   0: 3 0x800000e4 (0x0117d713) x14 0x00007ba5
core   0: 3 0x800000e8 (0x00e7c7b3) x15 0xf74b9d5d
core   0: 3 0x800000ec (0x00579713) x14 0xe973aba0
core   0: 3 0x800000f0 (0x00e7c733) x14 0x1e3836fd
core   0: 3 0x800000f4 (0x00e68023) mem 0x80000239 0xfd
core   0: 3 0x800000f8 (0x00168693) x13 0x8000023a
core   0: 3 0x800000fc (0xfed510e3)
core   0: 3 0x800000dc (0x00d71793) x15 0x06dfa000
core   0: 3 0x800000e0 (0x00e7c7b3) x15 0x18e796fd
core   0: 3 0x800000e4 (0x0117d713) x14 0x00000c73
core   0: 3 0x800000e8 (0x00e7c7b3) x15 0x18e79a8e
core   0: 3 0x800000ec (0x00579713) x14 0x1cf351c0
core   0: 3 0x800000f0 (0x00e7c733) x14 0x0414cb4e
core   0: 3 0x800000f4 (0x00e68023) mem 0x8000023a 0x4e
core   0: 3 0x800000f8 (0x00168693) x13 0x8000023b
core   0: 3 0x800000fc (0xfed510e3)
core   0: 3 0x800000dc (0x00d71793) x15 0x9969c000
core   0: 3 0x800000e0 (0x00e7c7b3) x15 0x9d7d0b4e
core   0: 3 0x800000e4 (0x0117d713) x14 0x00004ebe
core   0: 3 0x800000e8 (0x00e7c7b3) x15 0x9d7d45f0
core   0: 3 0x800000ec (0x00579713) x14 0xafa8be00
core   0: 3 0x800000f0 (0x00e7c733) x14 0x32d5fbf0
core   0: 3 0x800000f4 (0x00e68023) mem 0x8000023b 0xf0
core   0: 3 0x800000f8 (0x00168693) x13 0x8000023c
core   0: 3 0x800000fc (0xfed510e3)
core   0: 3 0x800000dc (0x00d71793) x15 0xbf7e0000
core   0: 3 0x800000e0 (0x00e7c7b3) x15 0x8dabfbf0
core   0: 3 0x800000e4 (0x0117d713) x14 0x000046d5
core   0: 3 0x800000e8 (0x00e7c7b3) x15 0x8dabbd25
core   0: 3 0x800000ec (0x00579713) x14 0xb577a4a0
core   0: 3 0x800000f0 (0x00e7c733) x14 0x38dc1985
core   0: 3 0x800000f4 (0x00e68023) mem 0x8000023c 0x85
core   0: 3 0x800000f8 (0x00168693) x13 0x8000023d
core   0: 3 0x800000fc (0xfed510e3)
core   0: 3 0x800000dc (0x00d71793) x15 0x8330a000
core   0: 3 0x800000e0 (0x00e7c7b3) x15 0xbbecb985
core   0: 3 0x800000e4 (0x0117d713) x14 0x00005df6
core   0: 3 0x800000e8 (0x00e7c7b3) x15 0xbbece473
core   0: 3 0x800000ec (0x00579713) x14 0x7d9c8e60
core   0: 3 0x800000f0 (0x00e7c733) x14 0xc6706a13
core   0: 3 0x800000f4 (0x00e68023) mem 0x8000023d 0x13
core   0: 3 0x800000f8 (0x00168693) x13 0x8000023e
core   0: 3 0x800000fc (0xfed510e3)
core   0: 3 0x800000dc (0x00d71793) x15 0x0d426000
core   0: 3 0x800000e0 (0x00e7c7b3) x15 0xcb320a13
core   0: 3 0x800000e4 (0x0117d713) x14 0x00006599
core   0: 3 0x800000e8 (0x00e7c7b3) x15 0xcb326f8a
core   0: 3 0x800000ec (0x00579713) x14 0x664df140
core   0: 3 0x800000f0 (0x00e7c733) x14 0xad7f9eca
core   0: 3 0x800000f4 (0x00e68023) mem 0x8000023e 0xca
core   0: 3 0x800000f8 (0x00168693) x13 0x8000023f
core   0: 3 0x800000fc (0xfed510e3)
core   0: 3 0x800000dc (0x00d71793) x15 0xf3d94000
core   0: 3 0x800000e0 (0x00e7c7b3) x15 0x5ea6deca
core   0: 3 0x800000e4 (0x0117d713) x14 0x00002f53
core   0: 3 0x800000e8 (0x00e7c7b3) x15 0x5ea6f199
core   0: 3 0x800000ec (0x00579713) x14 0xd4de3320
core   0: 3 0x800000f0 (0x00e7c733) x14 0x8a78c2b9
core   0: 3 0x800000f4 (0x00e68023) mem 0x8000023f 0xb9
core   0: 3 0x800000f8 (0x00168693) x13 0x80000240
core   0: 3 0x800000fc (0xfed510e3)
core   0: 3 0x800000dc (0x00d71793) x15 0x18572000
core   0: 3 0x800000e0 (0x00e7c7b3) x15 0x922fe2b9
core   0: 3 0x800000e4 (0x0117d713) x14 0x00004917
core   0: 3 0x800000e8 (0x00e7c7b3) x15 0x922fabae
core   0: 3 0x800000ec (0x00579713) x14 0x45f575c0
core   0: 3 0x800000f0 (0x00e7c733) x14 0xd7dade6e
core   0: 3 0x800000f4 (0x00e68023) mem 0x80000240 0x6e
core   0: 3 0x800000f8 (0x00168693) x13 0x80000241
core   0: 3 0x800000fc (0xfed510e3)
core   0: 3 0x800000dc (0x00d71793) x15 0x5bcdc000
core   0: 3 0x800000e0 (0x00e7c7b3) x15 0x8c171e6e
core   0: 3 0x800000e4 (0x0117d713) x14 0x0000460b
core   0: 3 0x800000e8 (0x00e7c7b3) x15 0x8c175865
core   0: 3 0x800000ec (0x00579713) x14 0x82eb0ca0
core   0: 3 0x800000f0 (0x00e7c733) x14 0x0efc54c5
core   0: 3 0x800000f4 (0x00e68023) mem 0x80000241 0xc5
core   0: 3 0x800000f8 (0x00168693) x13 0x80000242
core   0: 3 0x800000fc (0xfed510e3)
core   0: 3 0x800000dc (0x00d71793) x15 0x8a98a000
core   0: 3 0x800000e0 (0x00e7c7b3) x15 0x8464f4c5
core   0: 3 0x800000e4 (0x0117d713) x14 0x00004232
core   0: 3 0x800000e8 (0x00e7c7b3) x15 0x8464b6f7
core   0: 3 0x800000ec (0x00579713) x14 0x8c96dee0
core   0: 3 0x800000f0 (0x00e7c733) x14 0x08f26817
core   0: 3 0x800000f4 (0x00e68023) mem 0x80000242 0x17
core   0: 3 0x800000f8 (0x00168693) x13 0x80000243
core   0: 3 0x800000fc (0xfed510e3)
core   0: 3 0x800000dc (0x00d71793) x15 0x4d02e000
core   0: 3 0x800000e0 (0x00e7c7b3) x15 0x45f08817
core   0: 3 0x800000e4 (0x0117d713) x14 0x000022f8
core   0: 3 0x800000e8 (0x00e7c7b3) x15 0x45f0aaef
core   0: 3 0x800000ec (0x00579713) x14 0xbe155de0
core   0: 3 0x800000f0 (0x00e7c733) x14 0xfbe5f70f
core   0: 3 0x800000f4 (0x00e68023) mem 0x80000243 0x0f
core   0: 3 0x800000f8 (0x00168693) x13 0x80000244
core   0: 3 0x800000fc (0xfed510e3)
core   0: 3 0x800000dc (0x00d71793) x15 0xbee1e000
core   0: 3 0x800000e0 (0x00e7c7b3) x15 0x4504170f
core   0: 3 0x800000e4 (0x0117d713) x14 0x00002282
core   0: 3 0x800000e8 (0x00e7c7b3) x15 0x4504358d
core   0: 3 0x800000ec (0x00579713) x14 0xa086b1a0
core   0: 3 0x800000f0 (0x00e7c733) x14 0xe582842d
core   0: 3 0x800000f4 (0x00e68023) mem 0x80000244 0x2d
core   0: 3 0x800000f8 (0x00168693) x13 0x80000245
core   0: 3 0x800000fc (0xfed510e3)
core   0: 3 0x800000dc (0x00d71793) x15 0x5085a000
core   0: 3 0x800000e0 (0x00e7c7b3) x15 0xb507242d
core   0: 3 0x800000e4 (0x0117d713) x14 0x00005a83
core   0: 3 0x800000e8 (0x00e7c7b3) x15 0xb5077eae
core   0: 3 0x800000ec (0x00579713) x14 0xa0efd5c0
core   0: 3 0x800000f0 (0x00e7c733) x14 0x15e8ab6e
core   0: 3 0x800000f4 (0x00e68023) mem 0x80000245 0x6e
core   0: 3 0x800000f8 (0x00168693) x13 0x80000246
core   0: 3 0x800000fc (0xfed510e3)
core   0: 3 0x800000dc (0x00d71793) x15 0x156dc000
core   0: 3 0x800000e0 (0x00e7c7b3) x15 0x00856b6e
core   0: 3 0x800000e4 (0x0117d713) x14 0x00000042
core   0: 3 0x800000e8 (0x00e7c7b3) x15 0x00856b2c
core   0: 3 0x800000ec (0x00579713) x14 0x10ad6580
core   0: 3 0x800000f0 (0x00e7c733) x14 0x10280eac
core   0: 3 0x800000f4 (0x00e68023) mem 0x80000246 0xac
core   0: 3 0x800000f8 (0x00168693) x13 0x80000247
core   0: 3 0x800000fc (0xfed510e3)
core   0: 3 0x800000dc (0x00d71793) x15 0x01d58000
core   0: 3 0x800000e0 (0x00e7c7b3) x15 0x11fd8eac
core   0: 3 0x800000e4 (0x0117d713) x14 0x000008fe
core   0: 3 0x800000e8 (0x00e7c7b3) x15 0x11fd8652
core   0: 3 0x800000ec (0x00579713) x14 0x3fb0ca40
core   0: 3 0x800000f0 (0x00e7c733) x14 0x2e4d4c12
core   0: 3 0x800000f4 (0x00e68023) mem 0x80000247 0x12
core   0: 3 0x800000f8 (0x00168693) x13 0x80000248
core   0: 3 0x800000fc (0xfed510e3)
core   0: 3 0x800000dc (0x00d71793) x15 0xa9824000
core   0: 3 0x800000e0 (0x00e7c7b3) x15 0x87cf0c12
core   0: 3 0x800000e4 (0x0117d713) x14 0x000043e7
core   0: 3 0x800000e8 (0x00e7c7b3) x15 0x87cf4ff5
core   0: 3 0x800000ec (0x00579713) x14 0xf9e9fea0
core   0: 3 0x800000f0 (0x00e7c733) x14 0x7e26b155
core   0: 3 0x800000f4 (0x00e68023) mem 0x80000248 0x55
core   0: 3 0x800000f8 (0x00168693) x13 0x80000249
core   0: 3 0x800000fc (0xfed510e3)
core   0: 3 0x800000dc (0x00d71793) x15 0xd62aa000
core   0: 3 0x800000e0 (0x00e7c7b3) x15 0xa80c1155
core   0: 3 0x800000e4 (0x0117d713) x14 0x00005406
core   0: 3 0x800000e8 (0x00e7c7b3) x15 0xa80c4553
core   0: 3 0x800000ec (0x00579713) x14 0x0188aa60
core   0: 3 0x800000f0 (0x00e7c733) x14 0xa984ef33
core   0: 3 0x800000f4 (0x00e68023) mem 0x80000249 0x33
core   0: 3 0x800000f8 (0x00168693) x13 0x8000024a
core   0: 3 0x800000fc (0xfed510e3)
core   0: 3 0x800000dc (0x00d71793) x15 0x9de66000
core   0: 3 0x800000e0 (0x00e7c7b3) x15 0x34628f33
core   0: 3 0x800000e4 (0x0117d713) x14 0x00001a31
core   0: 3 0x800000e8 (0x00e7c7b3) x15 0x34629502
core   0: 3 0x800000ec (0x00579713) x14 0x8c52a040
core   0: 3 0x800000f0 (0x00e7c733) x14 0xb8303542
core   0: 3 0x800000f4 (0x00e68023) mem 0x8000024a 0x42
core   0: 3 0x800000f8 (0x00168693) x13 0x8000024b
core   0: 3 0x800000fc (0xfed510e3)
core   0: 3 0x800000dc (0x00d71793) x15 0x06a84000
core   0: 3 0x800000e0 (0x00e7c7b3) x15 0xbe987542
core   0: 3 0x800000e4 (0x0117d713) x14 0x00005f4c
core   0: 3 0x800000e8 (0x00e7c7b3) x15 0xbe982a0e
core   0: 3 0x800000ec (0x00579713) x14 0xd30541c0
core   0: 3 0x800000f0 (0x00e7c733) x14 0x6d9d6bce
core   0: 3 0x800000f4 (0x00e68023) mem 0x8000024b 0xce
core   0: 3 0x800000f8 (0x00168693) x13 0x8000024c
core   0: 3 0x800000fc (0xfed510e3)
core   0: 3 0x800000dc (0x00d71793) x15 0xad79c000
core   0: 3 0x800000e0 (0x00e7c7b3) x15 0xc0e4abce
core   0: 3 0x800000e4 (0x0117d713) x14 0x00006072
core   0: 3 0x800000e8 (0x00e7c7b3) x15 0xc0e4cbbc
core   0: 3 0x800000ec (0x00579713) x14 0x1c997780
core   0: 3 0x800000f0 (0x00e7c733) x14 0xdc7dbc3c
core   0: 3 0x800000f4 (0x00e68023) mem 0x8000024c 0x3c
core   0: 3 0x800000f8 (0x00168693) x13 0x8000024d
core   0: 3 0x800000fc (0xfed510e3)
core   0: 3 0x800000dc (0x00d71793) x15 0xb7878000
core   0: 3 0x800000e0 (0x00e7c7b3) x15 0x6bfa3c3c
core   0: 3 0x800000e4 (0x0117d713) x14 0x000035fd
core   0: 3 0x800000e8 (0x00e7c7b3) x15 0x6bfa09c1
core   0: 3 0x800000ec (0x00579713) x14 0x7f413820
core   0: 3 0x800000f0 (0x00e7c733) x14 0x14bb31e1
core   0: 3 0x800000f4 (0x00e68023) mem 0x8000024d 0xe1
core   0: 3 0x800000f8 (0x00168693) x13 0x8000024e
core   0: 3 0x800000fc (0xfed510e3)
core   0: 3 0x800000dc (0x00d71793) x15 0x663c2000
core   0: 3 0x800000e0 (0x00e7c7b3) x15 0x728711e1
core   0: 3 0x800000e4 (0x0117d713) x14 0x00003943
core   0: 3 0x800000e8 (0x00e7c7b3) x15 0x728728a2
core   0: 3 0x800000ec (0x00579713) x14 0x50e51440
core   0: 3 0x800000f0 (0x00e7c733) x14 0x22623ce2
core   0: 3 0x800000f4 (0x00e68023) mem 0x8000024e 0xe2
core   0: 3 0x800000f8 (0x00168693) x13 0x8000024f
core   0: 3 0x800000fc (0xfed510e3)
core   0: 3 0x800000dc (0x00d71793) x15 0x479c4000
core   0: 3 0x800000e0 (0x00e7c7b3) x15 0x65fe7ce2
core   0: 3 0x800000e4 (0x0117d713) x14 0x000032ff
core   0: 3 0x800000e8 (0x00e7c7b3) x15 0x65fe4e1d
core   0: 3 0x800000ec (0x00579713) x14 0xbfc9c3a0
core   0: 3 0x800000f0 (0x00e7c733) x14 0xda378dbd
core   0: 3 0x800000f4 (0x00e68023) mem 0x8000024f 0xbd
core   0: 3 0x800000f8 (0x00168693) x13 0x80000250
core   0: 3 0x800000fc (0xfed510e3)
core   0: 3 0x800000dc (0x00d71793) x15 0xf1b7a000
core   0: 3 0x800000e0 (0x00e7c7b3) x15 0x2b802dbd
core   0: 3 0x800000e4 (0x0117d713) x14 0x000015c0
core   0: 3 0x800000e8 (0x00e7c7b3) x15 0x2b80387d
core   0: 3 0x800000ec (0x00579713) x14 0x70070fa0
core   0: 3 0x800000f0 (0x00e7c733) x14 0x5b8737dd
core   0: 3 0x800000f4 (0x00e68023) mem 0x80000250 0xdd
core   0: 3 0x800000f8 (0x00168693) x13 0x80000251
core   0: 3 0x800000fc (0xfed510e3)
core   0: 3 0x800000dc (0x00d71793) x15 0xe6fba000
core   0: 3 0x800000e0 (0x00e7c7b3) x15 0xbd7c97dd
core   0: 3 0x800000e4 (0x0117d713) x14 0x00005ebe
core   0: 3 0x800000e8 (0x00e7c7b3) x15 0xbd7cc963
core   0: 3 0x800000ec (0x00579713) x14 0xaf992c60
core   0: 3 0x800000f0 (0x00e7c733) x14 0x12e5e503
core   0: 3 0x800000f4 (0x00e68023) mem 0x80000251 0x03
core   0: 3 0x800000f8 (0x00168693) x13 0x80000252
core   0: 3 0x800000fc (0xfed510e3)
core   0: 3 0x800000dc (0x00d71793) x15 0xbca06000
core   0: 3 0x800000e0 (0x00e7c7b3) x15 0xae458503
core   0: 3 0x800000e4 (0x0117d713) x14 0x00005722
core   0: 3 0x800000e8 (0x00e7c7b3) x15 0xae45d221
core   0: 3 0x800000ec (0x00579713) x14 0xc8ba4420
core   0: 3 0x800000f0 (0x00e7c733) x14 0x66ff9601
core   0: 3 0x800000f4 (0x00e68023) mem 0x80000252 0x01
core   0: 3 0x800000f8 (0x00168693) x13 0x80000253
core   0: 3 0x800000fc (0xfed510e3)
core   0: 3 0x800000dc (0x00d71793) x15 0xf2c02000
core   0: 3 0x800000e0 (0x00e7c7b3) x15 0x943fb601
core   0: 3 0x800000e4 (0x0117d713) x14 0x00004a1f
core   0: 3 0x800000e8 (0x00e7c7b3) x15 0x943ffc1e
core   0: 3 0x800000ec (0x00579713) x14 0x87ff83c0
core   0: 3 0x800000f0 (0x00e7c733) x14 0x13c07fde
core   0: 3 0x800000f4 (0x00e68023) mem 0x80000253 0xde
core   0: 3 0x800000f8 (0x00168693) x13 0x80000254
core   0: 3 0x800000fc (0xfed510e3)
core   0: 3 0x800000dc (0x00d71793) x15 0x0ffbc000
core   0: 3 0x800000e0 (0x00e7c7b3) x15 0x1c3bbfde
core   0: 3 0x800000e4 (0x0117d713) x14 0x00000e1d
core   0: 3 0x800000e8 (0x00e7c7b3) x15 0x1c3bb1c3
core   0: 3 0x800000ec (0x00579713) x14 0x87763860
core   0: 3 0x800000f0 (0x00e7c733) x14 0x9b4d89a3
core   0: 3 0x800000f4 (0x00e68023) mem 0x80000254 0xa3
core   0: 3 0x800000f8 (0x00168693) x13 0x80000255
core   0: 3 0x800000fc (0xfed510e3)
core   0: 3 0x800000dc (0x00d71793) x15 0xb1346000
core   0: 3 0x800000e0 (0x00e7c7b3) x15 0x2a79e9a3
core   0: 3 0x800000e4 (0x0117d713) x14 0x0000153c
core   0: 3 0x800000e8 (0x00e7c7b3) x15 0x2a79fc9f
core   0: 3 0x800000ec (0x00579713) x14 0x4f3f93e0
core   0: 3 0x800000f0 (0x00e7c733) x14 0x65466f7f
core   0: 3 0x800000f4 (0x00e68023) mem 0x80000255 0x7f
core   0: 3 0x800000f8 (0x00168693) x13 0x80000256
core   0: 3 0x800000fc (0xfed510e3)
core   0: 3 0x800000dc (0x00d71793) x15 0xcdefe000
core   0: 3 0x800000e0 (0x00e7c7b3) x15 0xa8a98f7f
core   0: 3 0x800000e4 (0x0117d713) x14 0x00005454
core   0: 3 0x800000e8 (0x00e7c7b3) x15 0xa8a9db2b
core   0: 3 0x800000ec (0x00579713) x14 0x153b6560
core   0: 3 0x800000f0 (0x00e7c733) x14 0xbd92be4b
core   0: 3 0x800000f4 (0x00e68023) mem 0x80000256 0x4b
core   0: 3 0x800000f8 (0x00168693) x13 0x80000257
core   0: 3 0x800000fc (0xfed510e3)
core   0: 3 0x800000dc (0x00d71793) x15 0x57c96000
core   0: 3 0x800000e0 (0x00e7c7b3) x15 0xea5bde4b
core   0: 3 0x800000e4 (0x0117d713) x14 0x0000752d
core   0: 3 0x800000e8 (0x00e7c7b3) x15 0xea5bab66
core   0: 3 0x800000ec (0x00579713) x14 0x4b756cc0
core   0: 3 0x800000f0 (0x00e7c733) x14 0xa12ec7a6
core   0: 3 0x800000f4 (0x00e68023) mem 0x80000257 0xa6
core   0: 3 0x800000f8 (0x00168693) x13 0x80000258
core   0: 3 0x800000fc (0xfed510e3)
core   0: 3 0x800000dc (0x00d71793) x15 0xd8f4c000
core   0: 3 0x800000e0 (0x00e7c7b3) x15 0x79da07a6
core   0: 3 0x800000e4 (0x0117d713) x14 0x00003ced
core   0: 3 0x800000e8 (0x00e7c7b3) x15 0x79da3b4b
core   0: 3 0x800000ec (0x00579713) x14 0x3b476960
core   0: 3 0x800000f0 (0x00e7c733) x14 0x429d522b
core   0: 3 0x800000f4 (0x00e68023) mem 0x80000258 0x2b
core   0: 3 0x800000f8 (0x00168693) x13 0x80000259
core   0: 3 0x800000fc (0xfed510e3)
core   0: 3 0x800000dc (0x00d71793) x15 0xaa456000
core   0: 3 0x800000e0 (0x00e7c7b3) x15 0xe8d8322b
core   0: 3 0x800000e4 (0x0117d713) x14 0x0000746c
core   0: 3 0x800000e8 (0x00e7c7b3) x15 0xe8d84647
core   0: 3 0x800000ec (0x00579713) x14 0x1b08c8e0
core   0: 3 0x800000f0 (0x00e7c733) x14 0xf3d08ea7
core   0: 3 0x800000f4 (0x00e68023) mem 0x80000259 0xa7
core   0: 3 0x800000f8 (0x00168693) x13 0x8000025a
core   0: 3 0x800000fc (0xfed510e3)
core   0: 3 0x800000dc (0x00d71793) x15 0x11d4e000
core   0: 3 0x800000e0 (0x00e7c7b3) x15 0xe2046ea7
core   0: 3 0x800000e4 (0x0117d713) x14 0x00007102
core   0: 3 0x800000e8 (0x00e7c7b3) x15 0xe2041fa5
core   0: 3 0x800000ec (0x00579713) x14 0x4083f4a0
core   0: 3 0x800000f0 (0x00e7c733) x14 0xa287eb05
core   0: 3 0x800000f4 (0x00e68023) mem 0x8000025a 0x05
core   0: 3 0x800000f8 (0x00168693) x13 0x8000025b
core   0: 3 0x800000fc (0xfed510e3)
core   0: 3 0x800000dc (0x00d71793) x15 0xfd60a000
core   0: 3 0x800000e0 (0x00e7c7b3) x15 0x5fe74b05
core   0: 3 0x800000e4 (0x0117d713) x14 0x00002ff3
core   0: 3 0x800000e8 (0x00e7c7b3) x15 0x5fe764f6
core   0: 3 0x800000ec (0x00579713) x14 0xfcec9ec0
core   0: 3 0x800000f0 (0x00e7c733) x14 0xa30bfa36
core   0: 3 0x800000f4 (0x00e68023) mem 0x8000025b 0x36
core   0: 3 0x800000f8 (0x00168693) x13 0x8000025c
core   0: 3 0x800000fc (0xfed510e3)
core   0: 3 0x800000dc (0x00d71793) x15 0x7f46c000
core   0: 3 0x800000e0 (0x00e7c7b3) x15 0xdc4d3a36
core   0: 3 0x800000e4 (0x0117d713) x14 0x00006e26
core   0: 3 0x800000e8 (0x00e7c7b3) x15 0xdc4d5410
core   0: 3 0x800000ec (0x00579713) x14 0x89aa8200
core   0: 3 0x800000f0 (0x00e7c733) x14 0x55e7d610
core   0: 3 0x800000f4 (0x00e68023) mem 0x8000025c 0x10
core   0: 3 0x800000f8 (0x00168693) x13 0x8000025d
core   0: 3 0x800000fc (0xfed510e3)
core   0: 3 0x800000dc (0x00d71793) x15 0xfac20000
core   0: 3 0x800000e0 (0x00e7c7b3) x15 0xaf25d610
core   0: 3 0x800000e4 (0x0117d713) x14 0x00005792
core   0: 3 0x800000e8 (0x00e7c7b3) x15 0xaf258182
core   0: 3 0x800000ec (0x00579713) x14 0xe4b03040
core   0: 3 0x800000f0 (0x00e7c733) x14 0x4b95b1c2
core   0: 3 0x800000f4 (0x00e68023) mem 0x8000025d 0xc2
core   0: 3 0x800000f8 (0x00168693) x13 0x8000025e
core   0: 3 0x800000fc (0xfed510e3)
core   0: 3 0x800000dc (0x00d71793) x15 0xb6384000
core   0: 3 0x800000e0 (0x00e7c7b3) x15 0xfdadf1c2
core   0: 3 0x800000e4 (0x0117d713) x14 0x00007ed6
core   0: 3 0x800000e8 (0x00e7c7b3) x15 0xfdad8f14
core   0: 3 0x800000ec (0x00579713) x14 0xb5b1e280
core   0: 3 0x800000f0 (0x00e7c733) x14 0x481c6d94
core   0: 3 0x800000f4 (0x00e68023) mem 0x8000025e 0x94
core   0: 3 0x800000f8 (0x00168693) x13 0x8000025f
core   0: 3 0x800000fc (0xfed510e3)
core   0: 3 0x800000dc (0x00d71793) x15 0x8db28000
core   0: 3 0x800000e0 (0x00e7c7b3) x15 0xc5aeed94
core   0: 3 0x800000e4 (0x0117d713) x14 0x000062d7
core   0: 3 0x800000e8 (0x00e7c7b3) x15 0xc5ae8f43
core   0: 3 0x800000ec (0x00579713) x14 0xb5d1e860
core   0: 3 0x800000f0 (0x00e7c733) x14 0x707f6723
core   0: 3 0x800000f4 (0x00e68023) mem 0x8000025f 0x23
core   0: 3 0x800000f8 (0x00168693) x13 0x80000260
core   0: 3 0x800000fc (0xfed510e3)
core   0: 3 0x800000dc (0x00d71793) x15 0xece46000
core   0: 3 0x800000e0 (0x00e7c7b3) x15 0x9c9b0723
core   0: 3 0x800000e4 (0x0117d713) x14 0x00004e4d
core   0: 3 0x800000e8 (0x00e7c7b3) x15 0x9c9b496e
core   0: 3 0x800000ec (0x00579713) x14 0x93692dc0
core   0: 3 0x800000f0 (0x00e7c733) x14 0x0ff264ae
core   0: 3 0x800000f4 (0x00e68023) mem 0x80000260 0xae
core   0: 3 0x800000f8 (0x00168693) x13 0x80000261
core   0: 3 0x800000fc (0xfed510e3)
core   0: 3 0x800000dc (0x00d71793) x15 0x4c95c000
core   0: 3 0x800000e0 (0x00e7c7b3) x15 0x4367a4ae
core   0: 3 0x800000e4 (0x0117d713) x14 0x000021b3
core   0: 3 0x800000e8 (0x00e7c7b3) x15 0x4367851d
core   0: 3 0x800000ec (0x00579713) x14 0x6cf0a3a0
core   0: 3 0x800000f0 (0x00e7c733) x14 0x2f9726bd
core   0: 3 0x800000f4 (0x00e68023) mem 0x80000261 0xbd
core   0: 3 0x800000f8 (0x00168693) x13 0x80000262
core   0: 3 0x800000fc (0xfed510e3)
core   0: 3 0x800000dc (0x00d71793) x15 0xe4d7a000
core   0: 3 0x800000e0 (0x00e7c7b3) x15 0xcb4086bd
core   0: 3 0x800000e4 (0x0117d713) x14 0x000065a0
core   0: 3 0x800000e8 (0x00e7c7b3) x15 0xcb40e31d
core   0: 3 0x800000ec (0x00579713) x14 0x681c63a0
core   0: 3 0x800000f0 (0x00e7c733) x14 0xa35c80bd
core   0: 3 0x800000f4 (0x00e68023) mem 0x80000262 0xbd
core   0: 3 0x800000f8 (0x00168693) x13 0x80000263
core   0: 3 0x800000fc (0xfed510e3)
core   0: 3 0x800000dc (0x00d71793) x15 0x9017a000
core   0: 3 0x800000e0 (0x00e7c7b3) x15 0x334b20bd
core   0: 3 0x800000e4 (0x0117d713) x14 0x000019a5
core   0: 3 0x800000e8 (0x00e7c7b3) x15 0x334b3918
core   0: 3 0x800000ec (0x00579713) x14 0x69672300
core   0: 3 0x800000f0 (0x00e7c733) x14 0x5a2c1a18
core   0: 3 0x800000f4 (0x00e68023) mem 0x80000263 0x18
core   0: 3 0x800000f8 (0x00168693) x13 0x80000264
core   0: 3 0x800000fc (0xfed510e3)
core   0: 3 0x800000dc (0x00d71793) x15 0x83430000
core   0: 3 0x800000e0 (0x00e7c7b3) x15 0xd96f1a18
core   0: 3 0x800000e4 (0x0117d713) x14 0x00006cb7
core   0: 3 0x800000e8 (0x00e7c7b3) x15 0xd96f76af
core   0: 3 0x800000ec (0x00579713) x14 0x2deed5e0
core   0: 3 0x800000f0 (0x00e7c733) x14 0xf481a34f
core   0: 3 0x800000f4 (0x00e68023) mem 0x80000264 0x4f
core   0: 3 0x800000f8 (0x00168693) x13 0x80000265
core   0: 3 0x800000fc (0xfed510e3)
core   0: 3 0x800000dc (0x00d71793) x15 0x3469e000
core   0: 3 0x800000e0 (0x00e7c7b3) x15 0xc0e8434f
core   0: 3 0x800000e4 (0x0117d713) x14 0x00006074
core   0: 3 0x800000e8 (0x00e7c7b3) x15 0xc0e8233b
core   0: 3 0x800000ec (0x00579713) x14 0x1d046760
core   0: 3 0x800000f0 (0x00e7c733) x14 0xddec445b
core   0: 3 0x800000f4 (0x00e68023) mem 0x80000265 0x5b
core   0: 3 0x800000f8 (0x00168693) x13 0x80000266
core   0: 3 0x800000fc (0xfed510e3)
core   0: 3 0x800000dc (0x00d71793) x15 0x888b6000
core   0: 3 0x800000e0 (0x00e7c7b3) x15 0x5567245b
core   0: 3 0x800000e4 (0x0117d713) x14 0x00002ab3
core   0: 3 0x800000e8 (0x00e7c7b3) x15 0x55670ee8
core   0: 3 0x800000ec (0x00579713) x14 0xace1dd00
core   0: 3 0x800000f0 (0x00e7c733) x14 0xf986d3e8
core   0: 3 0x800000f4 (0x00e68023) mem 0x80000266 0xe8
core   0: 3 0x800000f8 (0x00168693) x13 0x80000267
core   0: 3 0x800000fc (0xfed510e3)
core   0: 3 0x800000dc (0x00d71793) x15 0xda7d0000
core   0: 3 0x800000e0 (0x00e7c7b3) x15 0x23fbd3e8
core   0: 3 0x800000e4 (0x0117d713) x14 0x000011fd
core   0: 3 0x800000e8 (0x00e7c7b3) x15 0x23fbc215
core   0: 3 0x800000ec (0x00579713) x14 0x7f7842a0
core   0: 3 0x800000f0 (0x00e7c733) x14 0x5c8380b5
core   0: 3 0x800000f4 (0x00e68023) mem 0x80000267 0xb5
core   0: 3 0x800000f8 (0x00168693) x13 0x80000268
core   0: 3 0x800000fc (0xfed510e3)
core   0: 3 0x800000dc (0x00d71793) x15 0x7016a000
core   0: 3 0x800000e0 (0x00e7c7b3) x15 0x2c9520b5
core   0: 3 0x800000e4 (0x0117d713) x14 0x0000164a
core   0: 3 0x800000e8 (0x00e7c7b3) x15 0x2c9536ff
core   0: 3 0x800000ec (0x00579713) x14 0x92a6dfe0
core   0: 3 0x800000f0 (0x00e7c733) x14 0xbe33e91f
core   0: 3 0x800000f4 (0x00e68023) mem 0x80000268 0x1f
core   0: 3 0x800000f8 (0x00168693) x13 0x80000269
core   0: 3 0x800000fc (0xfed510e3)
core   0: 3 0x800000dc (0x00d71793) x15 0x7d23e000
core   0: 3 0x800000e0 (0x00e7c7b3) x15 0xc310091f
core   0: 3 0x800000e4 (0x0117d713) x14 0x00006188
core   0: 3 0x800000e8 (0x00e7c7b3) x15 0xc3106897
core   0: 3 0x800000ec (0x00579713) x14 0x620d12e0
core   0: 3 0x800000f0 (0x00e7c733) x14 0xa11d7a77
core   0: 3 0x800000f4 (0x00e68023) mem 0x80000269 0x77
core   0: 3 0x800000f8 (0x00168693) x13 0x8000026a
core   0: 3 0x800000fc (0xfed510e3)
core   0: 3 0x800000dc (0x00d71793) x15 0xaf4ee000
core   0: 3 0x800000e0 (0x00e7c7b3) x15 0x0e539a77
core   0: 3 0x800000e4 (0x0117d713) x14 0x00000729
core   0: 3 0x800000e8 (0x00e7c7b3) x15 0x0e539d5e
core   0: 3 0x800000ec (0x00579713) x14 0xca73abc0
core   0: 3 0x800000f0 (0x00e7c733) x14 0xc420369e
core   0: 3 0x800000f4 (0x00e68023) mem 0x8000026a 0x9e
core   0: 3 0x800000f8 (0x00168693) x13 0x8000026b
core   0: 3 0x800000fc (0xfed510e3)
core   0: 3 0x800000dc (0x00d71793) x15 0x06d3c000
core   0: 3 0x800000e0 (0x00e7c7b3) x15 0xc2f3f69e
core   0: 3 0x800000e4 (0x0117d713) x14 0x00006179
core   0: 3 0x800000e8 (0x00e7c7b3) x15 0xc2f397e7
core   0: 3 0x800000ec (0x00579713) x14 0x5e72fce0
core   0: 3 0x800000f0 (0x00e7c733) x14 0x9c816b07
core   0: 3 0x800000f4 (0x00e68023) mem 0x8000026b 0x07
core   0: 3 0x800000f8 (0x00168693) x13 0x8000026c
core   0: 3 0x800000fc (0xfed510e3)
core   0: 3 0x800000dc (0x00d71793) x15 0x2d60e000
core   0: 3 0x800000e0 (0x00e7c7b3) x15 0xb1e18b07
core   0: 3 0x800000e4 (0x0117d713) x14 0x000058f0
core   0: 3 0x800000e8 (0x00e7c7b3) x15 0xb1e1d3f7
core   0: 3 0x800000ec (0x00579713) x14 0x3c3a7ee0
core   0: 3 0x800000f0 (0x00e7c733) x14 0x8ddbad17
core   0: 3 0x800000f4 (0x00e68023) mem 0x8000026c 0x17
core   0: 3 0x800000f8 (0x00168693) x13 0x8000026d
core   0: 3 0x800000fc (0xfed510e3)
core   0: 3 0x800000dc (0x00d71793) x15 0x75a2e000
core   0: 3 0x800000e0 (0x00e7c7b3) x15 0xf8794d17
core   0: 3 0x800000e4 (0x0117d713) x14 0x00007c3c
core   0: 3 0x800000e8 (0x00e7c7b3) x15 0xf879312b
core   0: 3 0x800000ec (0x00579713) x14 0x0f262560
core   0: 3 0x800000f0 (0x00e7c733) x14 0xf75f144b
core   0: 3 0x800000f4 (0x00e68023) mem 0x8000026d 0x4b
core   0: 3 0x800000f8 (0x00168693) x13 0x8000026e
core   0: 3 0x800000fc (0xfed510e3)
core   0: 3 0x800000dc (0x00d71793) x15 0xe2896000
core   0: 3 0x800000e0 (0x00e7c7b3) x15 0x15d6744b
core   0: 3 0x800000e4 (0x0117d713) x14 0x00000aeb
core   0: 3 0x800000e8 (0x00e7c7b3) x15 0x15d67ea0
core   0: 3 0x800000ec (0x00579713) x14 0xbacfd400
core   0: 3 0x800000f0 (0x00e7c733) x14 0xaf19aaa0
core   0: 3 0x800000f4 (0x00e68023) mem 0x8000026e 0xa0
core   0: 3 0x800000f8 (0x00168693) x13 0x8000026f
core   0: 3 0x800000fc (0xfed510e3)
core   0: 3 0x800000dc (0x00d71793) x15 0x35540000
core   0: 3 0x800000e0 (0x00e7c7b3) x15 0x9a4daaa0
core   0: 3 0x800000e4 (0x0117d713) x14 0x00004d26
core   0: 3 0x800000e8 (0x00e7c7b3) x15 0x9a4de786
core   0: 3 0x800000ec (0x00579713) x14 0x49bcf0c0
core   0: 3 0x800000f0 (0x00e7c733) x14 0xd3f11746
core   0: 3 0x800000f4 (0x00e68023) mem 0x8000026f 0x46
core   0: 3 0x800000f8 (0x00168693) x13 0x80000270
core   0: 3 0x800000fc (0xfed510e3)
core   0: 3 0x800000dc (0x00d71793) x15 0x22e8c000
core   0: 3 0x800000e0 (0x00e7c7b3) x15 0xf119d746
core   0: 3 0x800000e4 (0x0117d713) x14 0x0000788c
core   0: 3 0x800000e8 (0x00e7c7b3) x15 0xf119afca
core   0: 3 0x800000ec (0x00579713) x14 0x2335f940
core   0: 3 0x800000f0 (0x00e7c733) x14 0xd22c568a
core   0: 3 0x800000f4 (0x00e68023) mem 0x80000270 0x8a
core   0: 3 0x800000f8 (0x00168693) x13 0x80000271
core   0: 3 0x800000fc (0xfed510e3)
core   0: 3 0x800000dc (0x00d71793) x15 0x8ad14000
core   0: 3 0x800000e0 (0x00e7c7b3) x15 0x58fd168a
core   0: 3 0x800000e4 (0x0117d713) x14 0x00002c7e
core   0: 3 0x800000e8 (0x00e7c7b3) x15 0x58fd3af4
core   0: 3 0x800000ec (0x00579713) x14 0x1fa75e80
core   0: 3 0x800000f0 (0x00e7c733) x14 0x475a6474
core   0: 3 0x800000f4 (0x00e68023) mem 0x80000271 0x74
core   0: 3 0x800000f8 (0x00168693) x13 0x80000272
core   0: 3 0x800000fc (0xfed510e3)
core   0: 3 0x800000dc (0x00d71793) x15 0x4c8e8000
core   0: 3 0x800000e0 (0x00e7c7b3) x15 0x0bd4e474
core   0: 3 0x800000e4 (0x0117d713) x14 0x000005ea
core   0: 3 0x800000e8 (0x00e7c7b3) x15 0x0bd4e19e
core   0: 3 0x800000ec (0x00579713) x14 0x7a9c33c0
core   0: 3 0x800000f0 (0x00e7c733) x14 0x7148d25e
core   0: 3 0x800000f4 (0x00e68023) mem 0x80000272 0x5e
core   0: 3 0x800000f8 (0x00168693) x13 0x80000273
core   0: 3 0x800000fc (0xfed510e3)
core   0: 3 0x800000dc (0x00d71793) x15 0x1a4bc000
core   0: 3 0x800000e0 (0x00e7c7b3) x15 0x6b03125e
core   0: 3 0x800000e4 (0x0117d713) x14 0x00003581
core   0: 3 0x800000e8 (0x00e7c7b3) x15 0x6b0327df
core   0: 3 0x800000ec (0x00579713) x14 0x6064fbe0
core   0: 3 0x800000f0 (0x00e7c733) x14 0x0b67dc3f
core   0: 3 0x800000f4 (0x00e68023) mem 0x80000273 0x3f
core   0: 3 0x800000f8 (0x00168693) x13 0x80000274
core   0: 3 0x800000fc (0xfed510e3)
core   0: 3 0x800000dc (0x00d71793) x15 0xfb87e000
core   0: 3 0x800000e0 (0x00e7c7b3) x15 0xf0e03c3f
core   0: 3 0x800000e4 (0x0117d713) x14 0x00007870
core   0: 3 0x800000e8 (0x00e7c7b3) x15 0xf0e0444f
core   0: 3 0x800000ec (0x00579713) x14 0x1c0889e0
core   0: 3 0x800000f0 (0x00e7c733) x14 0xece8cdaf
core   0: 3 0x800000f4 (0x00e68023) mem 0x80000274 0xaf
core   0: 3 0x800000f8 (0x00168693) x13 0x80000275
core   0: 3 0x800000fc (0xfed510e3)
core   0: 3 0x800000dc (0x00d71793) x15 0x19b5e000
core   0: 3 0x800000e0 (0x00e7c7b3) x15 0xf55d2daf
core   0: 3 0x800000e4 (0x0117d713) x14 0x00007aae
core   0: 3 0x800000e8 (0x00e7c7b3) x15 0xf55d5701
core   0: 3 0x800000ec (0x00579713) x14 0xabaae020
core   0: 3 0x800000f0 (0x00e7c733) x14 0x5ef7b721
core   0: 3 0x800000f4 (0x00e68023) mem 0x80000275 0x21
core   0: 3 0x800000f8 (0x00168693) x13 0x80000276
core   0: 3 0x800000fc (0xfed510e3)
core   0: 3 0x800000dc (0x00d71793) x15 0xf6e42000
core   0: 3 0x800000e0 (0x00e7c7b3) x15 0xa8139721
core   0: 3 0x800000e4 (0x0117d713) x14 0x00005409
core   0: 3 0x800000e8 (0x00e7c7b3) x15 0xa813c328
core   0: 3 0x800000ec (0x00579713) x14 0x02786500
core   0: 3 0x800000f0 (0x00e7c733) x14 0xaa6ba628
core   0: 3 0x800000f4 (0x00e68023) mem 0x80000276 0x28
core   0: 3 0x800000f8 (0x00168693) x13 0x80000277
core   0: 3 0x800000fc (0xfed510e3)
core   0: 3 0x800000dc (0x00d71793) x15 0x74c50000
core   0: 3 0x800000e0 (0x00e7c7b3) x15 0xdeaea628
core   0: 3 0x800000e4 (0x0117d713) x14 0x00006f57
core   0: 3 0x800000e8 (0x00e7c7b3) x15 0xdeaec97f
core   0: 3 0x800000ec (0x00579713) x14 0xd5d92fe0
core   0: 3 0x800000f0 (0x00e7c733) x14 0x0b77e69f
core   0: 3 0x800000f4 (0x00e68023) mem 0x80000277 0x9f
core   0: 3 0x800000f8 (0x00168693) x13 0x80000278
core   0: 3 0x800000fc (0xfed510e3)
core   0: 3 0x800000dc (0x00d71793) x15 0xfcd3e000
core   0: 3 0x800000e0 (0x00e7c7b3) x15 0xf7a4069f
core   0: 3 0x800000e4 (0x0117d713) x14 0x00007bd2
core   0: 3 0x800000e8 (0x00e7c7b3) x15 0xf7a47d4d
core   0: 3 0x800000ec (0x00579713) x14 0xf48fa9a0
core   0: 3 0x800000f0 (0x00e7c733) x14 0x032bd4ed
core   0: 3 0x800000f4 (0x00e68023) mem 0x80000278 0xed
core   0: 3 0x800000f8 (0x00168693) x13 0x80000279
core   0: 3 0x800000fc (0xfed510e3)
core   0: 3 0x800000dc (0x00d71793) x15 0x7a9da000
core   0: 3 0x800000e0 (0x00e7c7b3) x15 0x79b674ed
core   0: 3 0x800000e4 (0x0117d713) x14 0x00003cdb
core   0: 3 0x800000e8 (0x00e7c7b3) x15 0x79b64836
core   0: 3 0x800000ec (0x00579713) x14 0x36c906c0
core   0: 3 0x800000f0 (0x00e7c733) x14 0x4f7f4ef6
core   0: 3 0x800000f4 (0x00e68023) mem 0x80000279 0xf6
core   0: 3 0x800000f8 (0x00168693) x13 0x8000027a
core   0: 3 0x800000fc (0xfed510e3)
core   0: 3 0x800000dc (0x00d71793) x15 0xe9dec000
core   0: 3 0x800000e0 (0x00e7c7b3) x15 0xa6a18ef6
core   0: 3 0x800000e4 (0x0117d713) x14 0x00005350
core   0: 3 0x800000e8 (0x00e7c7b3) x15 0xa6a1dda6
core   0: 3 0x800000ec (0x00579713) x14 0xd43bb4c0
core   0: 3 0x800000f0 (0x00e7c733) x14 0x729a6966
core   0: 3 0x800000f4 (0x00e68023) mem 0x8000027a 0x66
core   0: 3 0x800000f8 (0x00168693) x13 0x8000027b
core   0: 3 0x800000fc (0xfed510e3)
core   0: 3 0x800000dc (0x00d71793) x15 0x4d2cc000
core   0: 3 0x800000e0 (0x00e7c7b3) x15 0x3fb6a966
core   0: 3 0x800000e4 (0x0117d713) x14 0x00001fdb
core   0: 3 0x800000e8 (0x00e7c7b3) x15 0x3fb6b6bd
core   0: 3 0x800000ec (0x00579713) x14 0xf6d6d7a0
core   0: 3 0x800000f0 (0x00e7c733) x14 0xc960611d
core   0: 3 0x800000f4 (0x00e68023) mem 0x8000027b 0x1d
core   0: 3 0x800000f8 (0x00168693) x13 0x8000027c
core   0: 3 0x800000fc (0xfed510e3)
core   0: 3 0x800000dc (0x00d71793) x15 0x0c23a000
core   0: 3 0x800000e0 (0x00e7c7b3) x15 0xc543c11d
core   0: 3 0x800000e4 (0x0117d713) x14 0x000062a1
core   0: 3 0x800000e8 (0x00e7c7b3) x15 0xc543a3bc
core   0: 3 0x800000ec (0x00579713) x14 0xa8747780
core   0: 3 0x800000f0 (0x00e7c733) x14 0x6d37d43c
core   0: 3 0x800000f4 (0x00e68023) mem 0x8000027c 0x3c
core   0: 3 0x800000f8 (0x00168693) x13 0x8000027d
core   0: 3 0x800000fc (0xfed510e3)
core   0: 3 0x800000dc (0x00d71793) x15 0xfa878000
core   0: 3 0x800000e0 (0x00e7c7b3) x15 0x97b0543c
core   0: 3 0x800000e4 (0x0117d713) x14 0x00004bd8
core   0: 3 0x800000e8 (0x00e7c7b3) x15 0x97b01fe4
core   0: 3 0x800000ec (0x00579713) x14 0xf603fc80
core   0: 3 0x800000f0 (0x00e7c733) x14 0x61b3e364
core   0: 3 0x800000f4 (0x00e68023) mem 0x8000027d 0x64
core   0: 3 0x800000f8 (0x00168693) x13 0x8000027e
core   0: 3 0x800000fc (0xfed510e3)
core   0: 3 0x800000dc (0x00d71793) x15 0x7c6c8000
core   0: 3 0x800000e0 (0x00e7c7b3) x15 0x1ddf6364
core   0: 3 0x800000e4 (0x0117d713) x14 0x00000eef
core   0: 3 0x800000e8 (0x00e7c7b3) x15 0x1ddf6d8b
core   0: 3 0x800000ec (0x00579713) x14 0xbbedb160
core   0: 3 0x800000f0 (0x00e7c733) x14 0xa632dceb
core   0: 3 0x800000f4 (0x00e68023) mem 0x8000027e 0xeb
core   0: 3 0x800000f8 (0x00168693) x13 0x8000027f
core   0: 3 0x800000fc (0xfed510e3)
core   0: 3 0x800000dc (0x00d71793) x15 0x5b9d6000
core   0: 3 0x800000e0 (0x00e7c7b3) x15 0xfdafbceb
core   0: 3 0x800000e4 (0x0117d713) x14 0x00007ed7
core   0: 3 0x800000e8 (0x00e7c7b3) x15 0xfdafc23c
core   0: 3 0x800000ec (0x00579713) x14 0xb5f84780
core   0: 3 0x800000f0 (0x00e7c733) x14 0x485785bc
core   0: 3 0x800000f4 (0x00e68023) mem 0x8000027f 0xbc
core   0: 3 0x800000f8 (0x00168693) x13 0x80000280
core   0: 3 0x800000fc (0xfed510e3)
core   0: 3 0x800000dc (0x00d71793) x15 0xf0b78000
core   0: 3 0x800000e0 (0x00e7c7b3) x15 0xb8e005bc
core   0: 3 0x800000e4 (0x0117d713) x14 0x00005c70
core   0: 3 0x800000e8 (0x00e7c7b3) x15 0xb8e059cc
core   0: 3 0x800000ec (0x00579713) x14 0x1c0b3980
core   0: 3 0x800000f0 (0x00e7c733) x14 0xa4eb604c
core   0: 3 0x800000f4 (0x00e68023) mem 0x80000280 0x4c
core   0: 3 0x800000f8 (0x00168693) x13 0x80000281
core   0: 3 0x800000fc (0xfed510e3)
core   0: 3 0x800000dc (0x00d71793) x15 0x6c098000
core   0: 3 0x800000e0 (0x00e7c7b3) x15 0xc8e2e04c
core   0: 3 0x800000e4 (0x0117d713) x14 0x00006471
core   0: 3 0x800000e8 (0x00e7c7b3) x15 0xc8e2843d
core   0: 3 0x800000ec (0x00579713) x14 0x1c5087a0
core   0: 3 0x800000f0 (0x00e7c733) x14 0xd4b2039d
core   0: 3 0x800000f4 (0x00e68023) mem 0x80000281 0x9d
core   0: 3 0x800000f8 (0x00168693) x13 0x80000282
core   0: 3 0x800000fc (0xfed510e3)
core   0: 3 0x800000dc (0x00d71793) x15 0x4073a000
core   0: 3 0x800000e0 (0x00e7c7b3) x15 0x94c1a39d
core   0: 3 0x800000e4 (0x0117d713) x14 0x00004a60
core   0: 3 0x800000e8 (0x00e7c7b3) x15 0x94c1e9fd
core   0: 3 0x800000ec (0x00579713) x14 0x983d3fa0
core   0: 3 0x800000f0 (0x00e7c733) x14 0x0cfcd65d
core   0: 3 0x800000f4 (0x00e68023) mem 0x80000282 0x5d
core   0: 3 0x800000f8 (0x00168693) x13 0x80000283
core   0: 3 0x800000fc (0xfed510e3)
core   0: 3 0x800000dc (0x00d71793) x15 0x9acba000
core   0: 3 0x800000e0 (0x00e7c7b3) x15 0x9637765d
core   0: 3 0x800000e4 (0x0117d713) x14 0x00004b1b
core   0: 3 0x800000e8 (0x00e7c7b3) x15 0x96373d46
core   0: 3 0x800000ec (0x00579713) x14 0xc6e7a8c0
core   0: 3 0x800000f0 (0x00e7c733) x14 0x50d09586
core   0: 3 0x800000f4 (0x00e68023) mem 0x80000283 0x86
core   0: 3 0x800000f8 (0x00168693) x13 0x80000284
core   0: 3 0x800000fc (0xfed510e3)
core   0: 3 0x800000dc (0x00d71793) x15 0x12b0c000
core   0: 3 0x800000e0 (0x00e7c7b3) x15 0x42605586
core   0: 3 0x800000e4 (0x0117d713) x14 0x00002130
core   0: 3 0x800000e8 (0x00e7c7b3) x15 0x426074b6
core   0: 3 0x800000ec (0x00579713) x14 0x4c0e96c0
core   0: 3 0x800000f0 (0x00e7c733) x14 0x0e6ee276
core   0: 3 0x800000f4 (0x00e68023) mem 0x80000284 0x76
core   0: 3 0x800000f8 (0x00168693) x13 0x80000285
core   0: 3 0x800000fc (0xfed510e3)
core   0: 3 0x800000dc (0x00d71793) x15 0xdc4ec000
core   0: 3 0x800000e0 (0x00e7c7b3) x15 0xd2202276
core   0: 3 0x800000e4 (0x0117d713) x14 0x00006910
core   0: 3 0x800000e8 (0x00e7c7b3) x15 0xd2204b66
core   0: 3 0x800000ec (0x00579713) x14 0x44096cc0
core   0: 3 0x800000f0 (0x00e7c733) x14 0x962927a6
core   0: 3 0x800000f4 (0x00e68023) mem 0x80000285 0xa6
core   0: 3 0x800000f8 (0x00168693) x13 0x80000286
core   0: 3 0x800000fc (0xfed510e3)
core   0: 3 0x800000dc (0x00d71793) x15 0x24f4c000
core   0: 3 0x800000e0 (0x00e7c7b3) x15 0xb2dde7a6
core   0: 3 0x800000e4 (0x0117d713) x14 0x0000596e
core   0: 3 0x800000e8 (0x00e7c7b3) x15 0xb2ddbec8
core   0: 3 0x800000ec (0x00579713) x14 0x5bb7d900
core   0: 3 0x800000f0 (0x00e7c733) x14 0xe96a67c8
core   0: 3 0x800000f4 (0x00e68023) mem 0x80000286 0xc8
core   0: 3 0x800000f8 (0x00168693) x13 0x80000287
core   0: 3 0x800000fc (0xfed510e3)
core   0: 3 0x800000dc (0x00d71793) x15 0x4cf90000
core   0: 3 0x800000e0 (0x00e7c7b3) x15 0xa59367c8
core   0: 3 0x800000e4 (0x0117d713) x14 0x000052c9
core   0: 3 0x800000e8 (0x00e7c7b3) x15 0xa5933501
core   0: 3 0x800000ec (0x00579713) x14 0xb266a020
core   0: 3 0x800000f0 (0x00e7c733) x14 0x17f59521
core   0: 3 0x800000f4 (0x00e68023) mem 0x80000287 0x21
core   0: 3 0x800000f8 (0x00168693) x13 0x80000288
core   0: 3 0x800000fc (0xfed510e3)
core   0: 3 0x800000dc (0x00d71793) x15 0xb2a42000
core   0: 3 0x800000e0 (0x00e7c7b3) x15 0xa551b521
core   0: 3 0x800000e4 (0x0117d713) x14 0x000052a8
core   0: 3 0x800000e8 (0x00e7c7b3) x15 0xa551e789
core   0: 3 0x800000ec (0x00579713) x14 0xaa3cf120
core   0: 3 0x800000f0 (0x00e7c733) x14 0x0f6d16a9
core   0: 3 0x800000f4 (0x00e68023) mem 0x80000288 0xa9
core   0: 3 0x800000f8 (0x00168693) x13 0x80000289
core   0: 3 0x800000fc (0xfed510e3)
core   0: 3 0x800000dc (0x00d71793) x15 0xa2d52000
core   0: 3 0x800000e0 (0x00e7c7b3) x15 0xadb836a9
core   0: 3 0x800000e4 (0x0117d713) x14 0x000056dc
core   0: 3 0x800000e8 (0x00e7c7b3) x15 0xadb86075
core   0: 3 0x800000ec (0x00579713) x14 0xb70c0ea0
core   0: 3 0x800000f0 (0x00e7c733) x14 0x1ab46ed5
core   0: 3 0x800000f4 (0x00e68023) mem 0x80000289 0xd5
core   0: 3 0x800000f8 (0x00168693) x13 0x8000028a
core   0: 3 0x800000fc (0xfed510e3)
core   0: 3 0x800000dc (0x00d71793) x15 0x8ddaa000
core   0: 3 0x800000e0 (0x00e7c7b3) x15 0x976eced5
core   0: 3 0x800000e4 (0x0117d713) x14 0x00004bb7
core   0: 3 0x800000e8 (0x00e7c7b3) x15 0x976e8562
core   0: 3 0x800000ec (0x00579713) x14 0xedd0ac40
core   0: 3 0x800000f0 (0x00e7c733) x14 0x7abe2922
core   0: 3 0x800000f4 (0x00e68023) mem 0x8000028a 0x22
core   0: 3 0x800000f8 (0x00168693) x13 0x8000028b
core   0: 3 0x800000fc (0xfed510e3)
core   0: 3 0x800000dc (0x00d71793) x15 0xc5244000
core   0: 3 0x800000e0 (0x00e7c7b3) x15 0xbf9a6922
core   0: 3 0x800000e4 (0x0117d713) x14 0x00005fcd
core   0: 3 0x800000e8 (0x00e7c7b3) x15 0xbf9a36ef
core   0: 3 0x800000ec (0x00579713) x14 0xf346dde0
core   0: 3 0x800000f0 (0x00e7c733) x14 0x4cdceb0f
core   0: 3 0x800000f4 (0x00e68023) mem 0x8000028b 0x0f
core   0: 3 0x800000f8 (0x00168693) x13 0x8000028c
core   0: 3 0x800000fc (0xfed510e3)
core   0: 3 0x800000dc (0x00d71793) x15 0x9d61e000
core   0: 3 0x800000e0 (0x00e7c7b3) x15 0xd1bd0b0f
core   0: 3 0x800000e4 (0x0117d713) x14 0x000068de
core   0: 3 0x800000e8 (0x00e7c7b3) x15 0xd1bd63d1
core   0: 3 0x800000ec (0x00579713) x14 0x37ac7a20
core   0: 3 0x800000f0 (0x00e7c733) x14 0xe61119f1
core   0: 3 0x800000f4 (0x00e68023) mem 0x8000028c 0xf1
core   0: 3 0x800000f8 (0x00168693) x13 0x8000028d
core   0: 3 0x800000fc (0xfed510e3)
core   0: 3 0x800000dc (0x00d71793) x15 0x233e2000
core   0: 3 0x800000e0 (0x00e7c7b3) x15 0xc52f39f1
core   0: 3 0x800000e4 (0x0117d713) x14 0x00006297
core   0: 3 0x800000e8 (0x00e7c7b3) x15 0xc52f5b66
core   0: 3 0x800000ec (0x00579713) x14 0xa5eb6cc0
core   0: 3 0x800000f0 (0x00e7c733) x14 0x60c437a6
core   0: 3 0x800000f4 (0x00e68023) mem 0x8000028d 0xa6
core   0: 3 0x800000f8 (0x00168693) x13 0x8000028e
core   0: 3 0x800000fc (0xfed510e3)
core   0: 3 0x800000dc (0x00d71793) x15 0x86f4c000
core   0: 3 0x800000e0 (0x00e7c7b3) x15 0xe630f7a6
core   0: 3 0x800000e4 (0x0117d713) x14 0x00007318
core   0: 3 0x800000e8 (0x00e7c7b3) x15 0xe63084be
core   0: 3 0x800000ec (0x00579713) x14 0xc61097c0
core   0: 3 0x800000f0 (0x00e7c733) x14 0x2020137e
core   0: 3 0x800000f4 (0x00e68023) mem 0x8000028e 0x7e
core   0: 3 0x800000f8 (0x00168693) x13 0x8000028f
core   0: 3 0x800000fc (0xfed510e3)
core   0: 3 0x800000dc (0x00d71793) x15 0x026fc000
core   0: 3 0x800000e0 (0x00e7c7b3) x15 0x224fd37e
core   0: 3 0x800000e4 (0x0117d713) x14 0x00001127
core   0: 3 0x800000e8 (0x00e7c7b3) x15 0x224fc259
core   0: 3 0x800000ec (0x00579713) x14 0x49f84b20
core   0: 3 0x800000f0 (0x00e7c733) x14 0x6bb78979
core   0: 3 0x800000f4 (0x00e68023) mem 0x8000028f 0x79
core   0: 3 0x800000f8 (0x00168693) x13 0x80000290
core   0: 3 0x800000fc (0xfed510e3)
core   0: 3 0x800000dc (0x00d71793) x15 0xf12f2000
core   0: 3 0x800000e0 (0x00e7c7b3) x15 0x9a98a979
core   0: 3 0x800000e4 (0x0117d713) x14 0x00004d4c
core   0: 3 0x800000e8 (0x00e7c7b3) x15 0x9a98e435
core   0: 3 0x800000ec (0x00579713) x14 0x531c86a0
core   0: 3 0x800000f0 (0x00e7c733) x14 0xc9846295
core   0: 3 0x800000f4 (0x00e68023) mem 0x80000290 0x95
core   0: 3 0x800000f8 (0x00168693) x13 0x80000291
core   0: 3 0x800000fc (0xfed510e3)
core   0: 3 0x800000dc (0x00d71793) x15 0x8c52a000
core   0: 3 0x800000e0 (0x00e7c7b3) x15 0x45d6c295
core   0: 3 0x800000e4 (0x0117d713) x14 0x000022eb
core   0: 3 0x800000e8 (0x00e7c7b3) x15 0x45d6e07e
core   0: 3 0x800000ec (0x00579713) x14 0xbadc0fc0
core   0: 3 0x800000f0 (0x00e7c733) x14 0xff0aefbe
core   0: 3 0x800000f4 (0x00e68023) mem 0x80000291 0xbe
core   0: 3 0x800000f8 (0x00168693) x13 0x80000292
core   0: 3 0x800000fc (0xfed510e3)
core   0: 3 0x800000dc (0x00d71793) x15 0x5df7c000
core   0: 3 0x800000e0 (0x00e7c7b3) x15 0xa2fd2fbe
core   0: 3 0x800000e4 (0x0117d713) x14 0x0000517e
core   0: 3 0x800000e8 (0x00e7c7b3) x15 0xa2fd7ec0
core   0: 3 0x800000ec (0x00579713) x14 0x5fafd800
core   0: 3 0x800000f0 (0x00e7c733) x14 0xfd52a6c0
core   0: 3 0x800000f4 (0x00e68023) mem 0x80000292 0xc0
core   0: 3 0x800000f8 (0x00168693) x13 0x80000293
core   0: 3 0x800000fc (0xfed510e3)
core   0: 3 0x800000dc (0x00d71793) x15 0x54d80000
core   0: 3 0x800000e0 (0x00e7c7b3) x15 0xa98aa6c0
core   0: 3 0x800000e4 (0x0117d713) x14 0x000054c5
core   0: 3 0x800000e8 (0x00e7c7b3) x15 0xa98af205
core   0: 3 0x800000ec (0x00579713) x14 0x315e40a0
core   0: 3 0x800000f0 (0x00e7c733) x14 0x98d4b2a5
core   0: 3 0x800000f4 (0x00e68023) mem 0x80000293 0xa5
core   0: 3 0x800000f8 (0x00168693) x13 0x80000294
core   0: 3 0x800000fc (0xfed510e3)
core   0: 3 0x800000dc (0x00d71793) x15 0x9654a000
core   0: 3 0x800000e0 (0x00e7c7b3) x15 0x0e8012a5
core   0: 3 0x800000e4 (0x0117d713) x14 0x00000740
core   0: 3 0x800000e8 (0x00e7c7b3) x15 0x0e8015e5
core   0: 3 0x800000ec (0x00579713) x14 0xd002bca0
core   0: 3 0x800000f0 (0x00e7c733) x14 0xde82a945
core   0: 3 0x800000f4 (0x00e68023) mem 0x80000294 0x45
core   0: 3 0x800000f8 (0x00168693) x13 0x80000295
core   0: 3 0x800000fc (0xfed510e3)
core   0: 3 0x800000dc (0x00d71793) x15 0x5528a000
core   0: 3 0x800000e0 (0x00e7c7b3) x15 0x8baa0945
core   0: 3 0x800000e4 (0x0117d713) x14 0x000045d5
core   0: 3 0x800000e8 (0x00e7c7b3) x15 0x8baa4c90
core   0: 3 0x800000ec (0x00579713) x14 0x75499200
core   0: 3 0x800000f0 (0x00e7c733) x14 0xfee3de90
core   0: 3 0x800000f4 (0x00e68023) mem 0x80000295 0x90
core   0: 3 0x800000f8 (0x00168693) x13 0x80000296
core   0: 3 0x800000fc (0xfed510e3)
core   0: 3 0x800000dc (0x00d71793) x15 0x7bd20000
core   0: 3 0x800000e0 (0x00e7c7b3) x15 0x8531de90
core   0: 3 0x800000e4 (0x0117d713) x14 0x00004298
core   0: 3 0x800000e8 (0x00e7c7b3) x15 0x85319c08
core   0: 3 0x800000ec (0x00579713) x14 0xa6338100
core   0: 3 0x800000f0 (0x00e7c733) x14 0x23021d08
core   0: 3 0x800000f4 (0x00e68023) mem 0x80000296 0x08
core   0: 3 0x800000f8 (0x00168693) x13 0x80000297
core   0: 3 0x800000fc (0xfed510e3)
core   0: 3 0x800000dc (0x00d71793) x15 0x43a10000
core   0: 3 0x800000e0 (0x00e7c7b3) x15 0x60a31d08
core   0: 3 0x800000e4 (0x0117d713) x14 0x00003051
core   0: 3 0x800000e8 (0x00e7c7b3) x15 0x60a32d59
core   0: 3 0x800000ec (0x00579713) x14 0x1465ab20
core   0: 3 0x800000f0 (0x00e7c733) x14 0x74c68679
core   0: 3 0x800000f4 (0x00e68023) mem 0x80000297 0x79
core   0: 3 0x800000f8 (0x00168693) x13 0x80000298
core   0: 3 0x800000fc (0xfed510e3)
core   0: 3 0x800000dc (0x00d71793) x15 0xd0cf2000
core   0: 3 0x800000e0 (0x00e7c7b3) x15 0xa409a679
core   0: 3 0x800000e4 (0x0117d713) x14 0x00005204
core   0: 3 0x800000e8 (0x00e7c7b3) x15 0xa409f47d
core   0: 3 0x800000ec (0x00579713) x14 0x813e8fa0
core   0: 3 0x800000f0 (0x00e7c733) x14 0x25377bdd
core   0: 3 0x800000f4 (0x00e68023) mem 0x80000298 0xdd
core   0: 3 0x800000f8 (0x00168693) x13 0x80000299
core   0: 3 0x800000fc (0xfed510e3)
core   0: 3 0x800000dc (0x00d71793) x15 0xef7ba000
core   0: 3 0x800000e0 (0x00e7c7b3) x15 0xca4cdbdd
core   0: 3 0x800000e4 (0x0117d713) x14 0x00006526
core   0: 3 0x800000e8 (0x00e7c7b3) x15 0xca4cbefb
core   0: 3 0x800000ec (0x00579713) x14 0x4997df60
core   0: 3 0x800000f0 (0x00e7c733) x14 0x83db619b
core   0: 3 0x800000f4 (0x00e68023) mem 0x80000299 0x9b
core   0: 3 0x800000f8 (0x00168693) x13 0x8000029a
core   0: 3 0x800000fc (0xfed510e3)
core   0: 3 0x800000dc (0x00d71793) x15 0x6c336000
core   0: 3 0x800000e0 (0x00e7c7b3) x15 0xefe8019b
core   0: 3 0x800000e4 (0x0117d713) x14 0x000077f4
core   0: 3 0x800000e8 (0x00e7c7b3) x15 0xefe8766f
core   0: 3 0x800000ec (0x00579713) x14 0xfd0ecde0
core   0: 3 0x800000f0 (0x00e7c733) x14 0x12e6bb8f
core   0: 3 0x800000f4 (0x00e68023) mem 0x8000029a 0x8f
core   0: 3 0x800000f8 (0x00168693) x13 0x8000029b
core   0: 3 0x800000fc (0xfed510e3)
core   0: 3 0x800000dc (0x00d71793) x15 0xd771e000
core   0: 3 0x800000e0 (0x00e7c7b3) x15 0xc5975b8f
core   0: 3 0x800000e4 (0x0117d713) x14 0x000062cb
core   0: 3 0x800000e8 (0x00e7c7b3) x15 0xc5973944
core   0: 3 0x800000ec (0x00579713) x14 0xb2e72880
core   0: 3 0x800000f0 (0x00e7c733) x14 0x777011c4
core   0: 3 0x800000f4 (0x00e68023) mem 0x8000029b 0xc4
core   0: 3 0x800000f8 (0x00168693) x13 0x8000029c
core   0: 3 0x800000fc (0xfed510e3)
core   0: 3 0x800000dc (0x00d71793) x15 0x02388000
core   0: 3 0x800000e0 (0x00e7c7b3) x15 0x754891c4
core   0: 3 0x800000e4 (0x0117d713) x14 0x00003aa4
core   0: 3 0x800000e8 (0x00e7c7b3) x15 0x7548ab60
core   0: 3 0x800000ec (0x00579713) x14 0xa9156c00
core   0: 3 0x800000f0 (0x00e7c733) x14 0xdc5dc760
core   0: 3 0x800000f4 (0x00e68023) mem 0x8000029c 0x60
core   0: 3 0x800000f8 (0x00168693) x13 0x8000029d
core   0: 3 0x800000fc (0xfed510e3)
core   0: 3 0x800000dc (0x00d71793) x15 0xb8ec0000
core   0: 3 0x800000e0 (0x00e7c7b3) x15 0x64b1c760
core   0: 3 0x800000e4 (0x0117d713) x14 0x00003258
core   0: 3 0x800000e8 (0x00e7c7b3) x15 0x64b1f538
core   0: 3 0x800000ec (0x00579713) x14 0x963ea700
core   0: 3 0x800000f0 (0x00e7c733) x14 0xf28f5238
core   0: 3 0x800000f4 (0x00e68023) mem 0x8000029d 0x38
core   0: 3 0x800000f8 (0x00168693) x13 0x8000029e
core   0: 3 0x800000fc (0xfed510e3)
core   0: 3 0x800000dc (0x00d71793) x15 0xea470000
core   0: 3 0x800000e0 (0x00e7c7b3) x15 0x18c85238
core   0: 3 0x800000e4 (0x0117d713) x14 0x00000c64
core   0: 3 0x800000e8 (0x00e7c7b3) x15 0x18c85e5c
core   0: 3 0x800000ec (0x00579713) x14 0x190bcb80
core   0: 3 0x800000f0 (0x00e7c733) x14 0x01c395dc
core   0: 3 0x800000f4 (0x00e68023) mem 0x8000029e 0xdc
core   0: 3 0x800000f8 (0x00168693) x13 0x8000029f
core   0: 3 0x800000fc (0xfed510e3)
core   0: 3 0x800000dc (0x00d71793) x15 0x72bb8000
core   0: 3 0x800000e0 (0x00e7c7b3) x15 0x737815dc
core   0: 3 0x800000e4 (0x0117d713) x14 0x000039bc
core   0: 3 0x800000e8 (0x00e7c7b3) x15 0x73782c60
core   0: 3 0x800000ec (0x00579713) x14 0x6f058c00
core   0: 3 0x800000f0 (0x00e7c733) x14 0x1c7da060
core   0: 3 0x800000f4 (0x00e68023) mem 0x8000029f 0x60
core   0: 3 0x800000f8 (0x00168693) x13 0x800002a0
core   0: 3 0x800000fc (0xfed510e3)
core   0: 3 0x800000dc (0x00d71793) x15 0xb40c0000
core   0: 3 0x800000e0 (0x00e7c7b3) x15 0xa871a060
core   0: 3 0x800000e4 (0x0117d713) x14 0x00005438
core   0: 3 0x800000e8 (0x00e7c7b3) x15 0xa871f458
core   0: 3 0x800000ec (0x00579713) x14 0x0e3e8b00
core   0: 3 0x800000f0 (0x00e7c733) x14 0xa64f7f58
core   0: 3 0x800000f4 (0x00e68023) mem 0x800002a0 0x58
core   0: 3 0x800000f8 (0x00168693) x13 0x800002a1
core   0: 3 0x800000fc (0xfed510e3)
core   0: 3 0x800000dc (0x00d71793) x15 0xefeb0000
core   0: 3 0x800000e0 (0x00e7c7b3) x15 0x49a47f58
core   0: 3 0x800000e4 (0x0117d713) x14 0x000024d2
core   0: 3 0x800000e8 (0x00e7c7b3) x15 0x49a45b8a
core   0: 3 0x800000ec (0x00579713) x14 0x348b7140
core   0: 3 0x800000f0 (0x00e7c733) x14 0x7d2f2aca
core   0: 3 0x800000f4 (0x00e68023) mem 0x800002a1 0xca
core   0: 3 0x800000f8 (0x00168693) x13 0x800002a2
core   0: 3 0x800000fc (0xfed510e3)
core   0: 3 0x800000dc (0x00d71793) x15 0xe5594000
core   0: 3 0x800000e0 (0x00e7c7b3) x15 0x98766aca
core   0: 3 0x800000e4 (0x0117d713) x14 0x00004c3b
core   0: 3 0x800000e8 (0x00e7c7b3) x15 0x987626f1
core   0: 3 0x800000ec (0x00579713) x14 0x0ec4de20
core   0: 3 0x800000f0 (0x00e7c733) x14 0x96b2f8d1
core   0: 3 0x800000f4 (0x00e68023) mem 0x800002a2 0xd1
core   0: 3 0x800000f8 (0x00168693) x13 0x800002a3
core   0: 3 0x800000fc (0xfed510e3)
core   0: 3 0x800000dc (0x00d71793) x15 0x5f1a2000
core   0: 3 0x800000e0 (0x00e7c7b3) x15 0xc9a8d8d1
core   0: 3 0x800000e4 (0x0117d713) x14 0x000064d4
core   0: 3 0x800000e8 (0x00e7c7b3) x15 0xc9a8bc05
core   0: 3 0x800000ec (0x00579713) x14 0x351780a0
core   0: 3 0x800000f0 (0x00e7c733) x14 0xfcbf3ca5
core   0: 3 0x800000f4 (0x00e68023) mem 0x800002a3 0xa5
core   0: 3 0x800000f8 (0x00168693) x13 0x800002a4
core   0: 3 0x800000fc (0xfed510e3)
core   0: 3 0x800000dc (0x00d71793) x15 0xe794a000
core   0: 3 0x800000e0 (0x00e7c7b3) x15 0x1b2b9ca5
core   0: 3 0x800000e4 (0x0117d713) x14 0x00000d95
core   0: 3 0x800000e8 (0x00e7c7b3) x15 0x1b2b9130
core   0: 3 0x800000ec (0x00579713) x14 0x65722600
core   0: 3 0x800000f0 (0x00e7c733) x14 0x7e59b730
core   0: 3 0x800000f4 (0x00e68023) mem 0x800002a4 0x30
core   0: 3 0x800000f8 (0x00168693) x13 0x800002a5
core   0: 3 0x800000fc (0xfed510e3)
core   0: 3 0x800000dc (0x00d71793) x15 0x36e60000
core   0: 3 0x800000e0 (0x00e7c7b3) x15 0x48bfb730
core   0: 3 0x800000e4 (0x0117d713) x14 0x0000245f
core   0: 3 0x800000e8 (0x00e7c7b3) x15 0x48bf936f
core   0: 3 0x800000ec (0x00579713) x14 0x17f26de0
core   0: 3 0x800000f0 (0x00e7c733) x14 0x5f4dfe8f
core   0: 3 0x800000f4 (0x00e68023) mem 0x800002a5 0x8f
core   0: 3 0x800000f8 (0x00168693) x13 0x800002a6
core   0: 3 0x800000fc (0xfed510e3)
core   0: 3 0x800000dc (0x00d71793) x15 0xbfd1e000
core   0: 3 0x800000e0 (0x00e7c7b3) x15 0xe09c1e8f
core   0: 3 0x800000e4 (0x0117d713) x14 0x0000704e
core   0: 3 0x800000e8 (0x00e7c7b3) x15 0xe09c6ec1
core   0: 3 0x800000ec (0x00579713) x14 0x138dd820
core   0: 3 0x800000f0 (0x00e7c733) x14 0xf311b6e1
core   0: 3 0x800000f4 (0x00e68023) mem 0x800002a6 0xe1
core   0: 3 0x800000f8 (0x00168693) x13 0x800002a7
core   0: 3 0x800000fc (0xfed510e3)
core   0: 3 0x800000dc (0x00d71793) x15 0x36dc2000
core   0: 3 0x800000e0 (0x00e7c7b3) x15 0xc5cd96e1
core   0: 3 0x800000e4 (0x0117d713) x14 0x000062e6
core   0: 3 0x800000e8 (0x00e7c7b3) x15 0xc5cdf407
core   0: 3 0x800000ec (0x00579713) x14 0xb9be80e0
core   0: 3 0x800000f0 (0x00e7c733) x14 0x7c7374e7
core   0: 3 0x800000f4 (0x00e68023) mem 0x800002a7 0xe7
core   0: 3 0x800000f8 (0x00168693) x13 0x800002a8
core   0: 3 0x800000fc (0xfed510e3)
core   0: 3 0x800000dc (0x00d71793) x15 0x6e9ce000
core   0: 3 0x800000e0 (0x00e7c7b3) x15 0x12ef94e7
core   0: 3 0x800000e4 (0x0117d713) x14 0x00000977
core   0: 3 0x800000e8 (0x00e7c7b3) x15 0x12ef9d90
core   0: 3 0x800000ec (0x00579713) x14 0x5df3b200
core   0: 3 0x800000f0 (0x00e7c733) x14 0x4f1c2f90
core   0: 3 0x800000f4 (0x00e68023) mem 0x800002a8 0x90
core   0: 3 0x800000f8 (0x00168693) x13 0x800002a9
core   0: 3 0x800000fc (0xfed510e3)
core   0: 3 0x800000dc (0x00d71793) x15 0x85f20000
core   0: 3 0x800000e0 (0x00e7c7b3) x15 0xcaee2f90
core   0: 3 0x800000e4 (0x0117d713) x14 0x00006577
core   0: 3 0x800000e8 (0x00e7c7b3) x15 0xcaee4ae7
core   0: 3 0x800000ec (0x00579713) x14 0x5dc95ce0
core   0: 3 0x800000f0 (0x00e7c733) x14 0x97271607
core   0: 3 0x800000f4 (0x00e68023) mem 0x800002a9 0x07
core   0: 3 0x800000f8 (0x00168693) x13 0x800002aa
core   0: 3 0x800000fc (0xfed510e3)
core   0: 3 0x800000dc (0x00d71793) x15 0xe2c0e000
core   0: 3 0x800000e0 (0x00e7c7b3) x15 0x75e7f607
core   0: 3 0x800000e4 (0x0117d713) x14 0x00003af3
core   0: 3 0x800000e8 (0x00e7c7b3) x15 0x75e7ccf4
core   0: 3 0x800000ec (0x00579713) x14 0xbcf99e80
core   0: 3 0x800000f0 (0x00e7c733) x14 0xc91e5274
core   0: 3 0x800000f4 (0x00e68023) mem 0x800002aa 0x74
core   0: 3 0x800000f8 (0x00168693) x13 0x800002ab
core   0: 3 0x800000fc (0xfed510e3)
core   0: 3 0x800000dc (0x00d71793) x15 0xca4e8000
core   0: 3 0x800000e0 (0x00e7c7b3) x15 0x0350d274
core   0: 3 0x800000e4 (0x0117d713) x14 0x000001a8
core   0: 3 0x800000e8 (0x00e7c7b3) x15 0x0350d3dc
core   0: 3 0x800000ec (0x00579713) x14 0x6a1a7b80
core   0: 3 0x800000f0 (0x00e7c733) x14 0x694aa85c
core   0: 3 0x800000f4 (0x00e68023) mem 0x800002ab 0x5c
core   0: 3 0x800000f8 (0x00168693) x13 0x800002ac
core   0: 3 0x800000fc (0xfed510e3)
core   0: 3 0x800000dc (0x00d71793) x15 0x550b8000
core   0: 3 0x800000e0 (0x00e7c7b3) x15 0x3c41285c
core   0: 3 0x800000e4 (0x0117d713) x14 0x00001e20
core   0: 3 0x800000e8 (0x00e7c7b3) x15 0x3c41367c
core   0: 3 0x800000ec (0x00579713) x14 0x8826cf80
core   0: 3 0x800000f0 (0x00e7c733) x14 0xb467f9fc
core   0: 3 0x800000f4 (0x00e68023) mem 0x800002ac 0xfc
core   0: 3 0x800000f8 (0x00168693) x13 0x800002ad
core   0: 3 0x800000fc (0xfed510e3)
core   0: 3 0x800000dc (0x00d71793) x15 0xff3f8000
core   0: 3 0x800000e0 (0x00e7c7b3) x15 0x4b5879fc
core   0: 3 0x800000e4 (0x0117d713) x14 0x000025ac
core   0: 3 0x800000e8 (0x00e7c7b3) x15 0x4b585c50
core   0: 3 0x800000ec (0x00579713) x14 0x6b0b8a00
core   0: 3 0x800000f0 (0x00e7c733) x14 0x2053d650
core   0: 3 0x800000f4 (0x00e68023) mem 0x800002ad 0x50
core   0: 3 0x800000f8 (0x00168693) x13 0x800002ae
core   0: 3 0x800000fc (0xfed510e3)
core   0: 3 0x800000dc (0x00d71793) x15 0x7aca0000
core   0: 3 0x800000e0 (0x00e7c7b3) x15 0x5a99d650
core   0: 3 0x800000e4 (0x0117d713) x14 0x00002d4c
core   0: 3 0x800000e8 (0x00e7c7b3) x15 0x5a99fb1c
core   0: 3 0x800000ec (0x00579713) x14 0x533f6380
core   0: 3 0x800000f0 (0x00e7c733) x14 0x09a6989c
core   0: 3 0x800000f4 (0x00e68023) mem 0x800002ae 0x9c
core   0: 3 0x800000f8 (0x00168693) x13 0x800002af
core   0: 3 0x800000fc (0xfed510e3)
core   0: 3 0x800000dc (0x00d71793) x15 0xd3138000
core   0: 3 0x800000e0 (0x00e7c7b3) x15 0xdab5189c
core   0: 3 0x800000e4 (0x0117d713) x14 0x00006d5a
core   0: 3 0x800000e8 (0x00e7c7b3) x15 0xdab575c6
core   0: 3 0x800000ec (0x00579713) x14 0x56aeb8c0
core   0: 3 0x800000f0 (0x00e7c733) x14 0x8c1bcd06
core   0: 3 0x800000f4 (0x00e68023) mem 0x800002af 0x06
core   0: 3 0x800000f8 (0x00168693) x13 0x800002b0
core   0: 3 0x800000fc (0xfed510e3)
core   0: 3 0x800000dc (0x00d71793) x15 0x79a0c000
core   0: 3 0x800000e0 (0x00e7c7b3) x15 0xf5bb0d06
core   0: 3 0x800000e4 (0x0117d713) x14 0x00007add
core   0: 3 0x800000e8 (0x00e7c7b3) x15 0xf5bb77db
core   0: 3 0x800000ec (0x00579713) x14 0xb76efb60
core   0: 3 0x800000f0 (0x00e7c733) x14 0x42d58cbb
core   0: 3 0x800000f4 (0x00e68023) mem 0x800002b0 0xbb
core   0: 3 0x800000f8 (0x00168693) x13 0x800002b1
core   0: 3 0x800000fc (0xfed510e3)
core   0: 3 0x800000dc (0x00d71793) x15 0xb1976000
core   0: 3 0x800000e0 (0x00e7c7b3) x15 0xf342ecbb
core   0: 3 0x800000e4 (0x0117d713) x14 0x000079a1
core   0: 3 0x800000e8 (0x00e7c7b3) x15 0xf342951a
core   0: 3 0x800000ec (0x00579713) x14 0x6852a340
core   0: 3 0x800000f0 (0x00e7c733) x14 0x9b10365a
core   0: 3 0x800000f4 (0x00e68023) mem 0x800002b1 0x5a
core   0: 3 0x800000f8 (0x00168693) x13 0x800002b2
core   0: 3 0x800000fc (0xfed510e3)
core   0: 3 0x800000dc (0x00d71793) x15 0x06cb4000
core   0: 3 0x800000e0 (0x00e7c7b3) x15 0x9ddb765a
core   0: 3 0x800000e4 (0x0117d713) x14 0x00004eed
core   0: 3 0x800000e8 (0x00e7c7b3) x15 0x9ddb38b7
core   0: 3 0x800000ec (0x00579713) x14 0xbb6716e0
core   0: 3 0x800000f0 (0x00e7c733) x14 0x26bc2e57
core   0: 3 0x800000f4 (0x00e68023) mem 0x800002b2 0x57
core   0: 3 0x800000f8 (0x00168693) x13 0x800002b3
core   0: 3 0x800000fc (0xfed510e3)
core   0: 3 0x800000dc (0x00d71793) x15 0x85cae000
core   0: 3 0x800000e0 (0x00e7c7b3) x15 0xa376ce57
core   0: 3 0x800000e4 (0x0117d713) x14 0x000051bb
core   0: 3 0x800000e8 (0x00e7c7b3) x15 0xa3769fec
core   0: 3 0x800000ec (0x00579713) x14 0x6ed3fd80
core   0: 3 0x800000f0 (0x00e7c733) x14 0xcda5626c
core   0: 3 0x800000f4 (0x00e68023) mem 0x800002b3 0x6c
core   0: 3 0x800000f8 (0x00168693) x13 0x800002b4
core   0: 3 0x800000fc (0xfed510e3)
core   0: 3 0x800000dc (0x00d71793) x15 0xac4d8000
core   0: 3 0x800000e0 (0x00e7c7b3) x15 0x61e8e26c
core   0: 3 0x800000e4 (0x0117d713) x14 0x000030f4
core   0: 3 0x800000e8 (0x00e7c7b3) x15 0x61e8d298
core   0: 3 0x800000ec (0x00579713) x14 0x3d1a5300
core   0: 3 0x800000f0 (0x00e7c733) x14 0x5cf28198
core   0: 3 0x800000f4 (0x00e68023) mem 0x800002b4 0x98
core   0: 3 0x800000f8 (0x00168693) x13 0x800002b5
core   0: 3 0x800000fc (0xfed510e3)
core   0: 3 0x800000dc (0x00d71793) x15 0x50330000
core   0: 3 0x800000e0 (0x00e7c7b3) x15 0x0cc18198
core   0: 3 0x800000e4 (0x0117d713) x14 0x00000660
core   0: 3 0x800000e8 (0x00e7c7b3) x15 0x0cc187f8
core   0: 3 0x800000ec (0x00579713) x14 0x9830ff00
core   0: 3 0x800000f0 (0x00e7c733) x14 0x94f178f8
core   0: 3 0x800000f4 (0x00e68023) mem 0x800002b5 0xf8
core   0: 3 0x800000f8 (0x00168693) x13 0x800002b6
core   0: 3 0x800000fc (0xfed510e3)
core   0: 3 0x800000dc (0x00d71793) x15 0x2f1f0000
core   0: 3 0x800000e0 (0x00e7c7b3) x15 0xbbee78f8
core   0: 3 0x800000e4 (0x0117d713) x14 0x00005df7
core   0: 3 0x800000e8 (0x00e7c7b3) x15 0xbbee250f
core   0: 3 0x800000ec (0x00579713) x14 0x7dc4a1e0
core   0: 3 0x800000f0 (0x00e7c733) x14 0xc62a84ef
core   0: 3 0x800000f4 (0x00e68023) mem 0x800002b6 0xef
core   0: 3 0x800000f8 (0x00168693) x13 0x800002b7
core   0: 3 0x800000fc (0xfed510e3)
core   0: 3 0x800000dc (0x00d71793) x15 0x509de000
core   0: 3 0x800000e0 (0x00e7c7b3) x15 0x96b764ef
core   0: 3 0x800000e4 (0x0117d713) x14 0x00004b5b
core   0: 3 0x800000e8 (0x00e7c7b3) x15 0x96b72fb4
core   0: 3 0x800000ec (0x00579713) x14 0xd6e5f680
core   0: 3 0x800000f0 (0x00e7c733) x14 0x4052d934
core   0: 3 0x800000f4 (0x00e68023) mem 0x800002b7 0x34
core   0: 3 0x800000f8 (0x00168693) x13 0x800002b8
core   0: 3 0x800000fc (0xfed510e3)
core   0: 3 0x800000dc (0x00d71793) x15 0x5b268000
core   0: 3 0x800000e0 (0x00e7c7b3) x15 0x1b745934
core   0: 3 0x800000e4 (0x0117d713) x14 0x00000dba
core   0: 3 0x800000e8 (0x00e7c7b3) x15 0x1b74548e
core   0: 3 0x800000ec (0x00579713) x14 0x6e8a91c0
core   0: 3 0x800000f0 (0x00e7c733) x14 0x75fec54e
core   0: 3 0x800000f4 (0x00e68023) mem 0x800002b8 0x4e
core   0: 3 0x800000f8 (0x00168693) x13 0x800002b9
core   0: 3 0x800000fc (0xfed510e3)
core   0: 3 0x800000dc (0x00d71793) x15 0xd8a9c000
core   0: 3 0x800000e0 (0x00e7c7b3) x15 0xad57054e
core   0: 3 0x800000e4 (0x0117d713) x14 0x000056ab
core   0: 3 0x800000e8 (0x00e7c7b3) x15 0xad5753e5
core   0: 3 0x800000ec (0x00579713) x14 0xaaea7ca0
core   0: 3 0x800000f0 (0x00e7c733) x14 0x07bd2f45
core   0: 3 0x800000f4 (0x00e68023) mem 0x800002b9 0x45
core   0: 3 0x800000f8 (0x00168693) x13 0x800002ba
core   0: 3 0x800000fc (0xfed510e3)
core   0: 3 0x800000dc (0x00d71793) x15 0xa5e8a000
core   0: 3 0x800000e0 (0x00e7c7b3) x15 0xa2558f45
core   0: 3 0x800000e4 (0x0117d713) x14 0x0000512a
core   0: 3 0x800000e8 (0x00e7c7b3) x15 0xa255de6f
core   0: 3 0x800000ec (0x00579713) x14 0x4abbcde0
core   0: 3 0x800000f0 (0x00e7c733) x14 0xe8ee138f
core   0: 3 0x800000f4 (0x00e68023) mem 0x800002ba 0x8f
core   0: 3 0x800000f8 (0x00168693) x13 0x800002bb
core   0: 3 0x800000fc (0xfed510e3)
core   0: 3 0x800000dc (0x00d71793) x15 0xc271e000
core   0: 3 0x800000e0 (0x00e7c7b3) x15 0x2a9ff38f
core   0: 3 0x800000e4 (0x0117d713) x14 0x0000154f
core   0: 3 0x800000e8 (0x00e7c7b3) x15 0x2a9fe6c0
core   0: 3 0x800000ec (0x00579713) x14 0x53fcd800
core   0: 3 0x800000f0 (0x00e7c733) x14 0x79633ec0
core   0: 3 0x800000f4 (0x00e68023) mem 0x800002bb 0xc0
core   0: 3 0x800000f8 (0x00168693) x13 0x800002bc
core   0: 3 0x800000fc (0xfed510e3)
core   0: 3 0x800000dc (0x00d71793) x15 0x67d80000
core   0: 3 0x800000e0 (0x00e7c7b3) x15 0x1ebb3ec0
core   0: 3 0x800000e4 (0x0117d713) x14 0x00000f5d
core   0: 3 0x800000e8 (0x00e7c7b3) x15 0x1ebb319d
core   0: 3 0x800000ec (0x00579713) x14 0xd76633a0
core   0: 3 0x800000f0 (0x00e7c733) x14 0xc9dd023d
core   0: 3 0x800000f4 (0x00e68023) mem 0x800002bc 0x3d
core   0: 3 0x800000f8 (0x00168693) x13 0x800002bd
core   0: 3 0x800000fc (0xfed510e3)
core   0: 3 0x800000dc (0x00d71793) x15 0xa047a000
core   0: 3 0x800000e0 (0x00e7c7b3) x15 0x699aa23d
core   0: 3 0x800000e4 (0x0117d713) x14 0x000034cd
core   0: 3 0x800000e8 (0x00e7c7b3) x15 0x699a96f0
core   0: 3 0x800000ec (0x00579713) x14 0x3352de00
core   0: 3 0x800000f0 (0x00e7c733) x14 0x5ac848f0
core   0: 3 0x800000f4 (0x00e68023) mem 0x800002bd 0xf0
core   0: 3 0x800000f8 (0x00168693) x13 0x800002be
core   0: 3 0x800000fc (0xfed510e3)
core   0: 3 0x800000dc (0x00d71793) x15 0x091e0000
core   0: 3 0x800000e0 (0x00e7c7b3) x15 0x53d648f0
core   0: 3 0x800000e4 (0x0117d713) x14 0x000029eb
core   0: 3 0x800000e8 (0x00e7c7b3) x15 0x53d6611b
core   0: 3 0x800000ec (0x00579713) x14 0x7acc2360
core   0: 3 0x800000f0 (0x00e7c733) x14 0x291a427b
core   0: 3 0x800000f4 (0x00e68023) mem 0x800002be 0x7b
core   0: 3 0x800000f8 (0x00168693) x13 0x800002bf
core   0: 3 0x800000fc (0xfed510e3)
core   0: 3 0x800000dc (0x00d71793) x15 0x484f6000
core   0: 3 0x800000e0 (0x00e7c7b3) x15 0x6155227b
core   0: 3 0x800000e4 (0x0117d713) x14 0x000030aa
core   0: 3 0x800000e8 (0x00e7c7b3) x15 0x615512d1
core   0: 3 0x800000ec (0x00579713) x14 0x2aa25a20
core   0: 3 0x800000f0 (0x00e7c733) x14 0x4bf748f1
core   0: 3 0x800000f4 (0x00e68023) mem 0x800002bf 0xf1
core   0: 3 0x800000f8 (0x00168693) x13 0x800002c0
core   0: 3 0x800000fc (0xfed510e3)
core   0: 3 0x800000dc (0x00d71793) x15 0xe91e2000
core   0: 3 0x800000e0 (0x00e7c7b3) x15 0xa2e968f1
core   0: 3 0x800000e4 (0x0117d713) x14 0x00005174
core   0: 3 0x800000e8 (0x00e7c7b3) x15 0xa2e93985
core   0: 3 0x800000ec (0x00579713) x14 0x5d2730a0
core   0: 3 0x800000f0 (0x00e7c733) x14 0xffce0925
core   0: 3 0x800000f4 (0x00e68023) mem 0x800002c0 0x25
core   0: 3 0x800000f8 (0x00168693) x13 0x800002c1
core   0: 3 0x800000fc (0xfed510e3)
core   0: 3 0x800000dc (0x00d71793) x15 0xc124a000
core   0: 3 0x800000e0 (0x00e7c7b3) x15 0x3eeaa925
core   0: 3 0x800000e4 (0x0117d713) x14 0x00001f75
core   0: 3 0x800000e8 (0x00e7c7b3) x15 0x3eeab650
core   0: 3 0x800000ec (0x00579713) x14 0xdd56ca00
core   0: 3 0x800000f0 (0x00e7c733) x14 0xe3bc7c50
core   0: 3 0x800000f4 (0x00e68023) mem 0x800002c1 0x50
core   0: 3 0x800000f8 (0x00168693) x13 0x800002c2
core   0: 3 0x800000fc (0xfed510e3)
core   0: 3 0x800000dc (0x00d71793) x15 0x8f8a0000
core   0: 3 0x800000e0 (0x00e7c7b3) x15 0x6c367c50
core   0: 3 0x800000e4 (0x0117d713) x14 0x0000361b
core   0: 3 0x800000e8 (0x00e7c7b3) x15 0x6c364a4b
core   0: 3 0x800000ec (0x00579713) x14 0x86c94960
core   0: 3 0x800000f0 (0x00e7c733) x14 0xeaff032b
core   0: 3 0x800000f4 (0x00e68023) mem 0x800002c2 0x2b
core   0: 3 0x800000f8 (0x00168693) x13 0x800002c3
core   0: 3 0x800000fc (0xfed510e3)
core   0: 3 0x800000dc (0x00d71793) x15 0xe0656000
core   0: 3 0x800000e0 (0x00e7c7b3) x15 0x0a9a632b
core   0: 3 0x800000e4 (0x0117d713) x14 0x0000054d
core   0: 3 0x800000e8 (0x00e7c7b3) x15 0x0a9a6666
core   0: 3 0x800000ec (0x00579713) x14 0x534cccc0
core   0: 3 0x800000f0 (0x00e7c733) x14 0x59d6aaa6
core   0: 3 0x800000f4 (0x00e68023) mem 0x800002c3 0xa6
core   0: 3 0x800000f8 (0x00168693) x13 0x800002c4
core   0: 3 0x800000fc (0xfed510e3)
core   0: 3 0x800000dc (0x00d71793) x15 0xd554c000
core   0: 3 0x800000e0 (0x00e7c7b3) x15 0x8c826aa6
core   0: 3 0x800000e4 (0x0117d713) x14 0x00004641
core   0: 3 0x800000e8 (0x00e7c7b3) x15 0x8c822ce7
core   0: 3 0x800000ec (0x00579713) x14 0x90459ce0
core   0: 3 0x800000f0 (0x00e7c733) x14 0x1cc7b007
core   0: 3 0x800000f4 (0x00e68023) mem 0x800002c4 0x07
core   0: 3 0x800000f8 (0x00168693) x13 0x800002c5
core   0: 3 0x800000fc (0xfed510e3)
core   0: 3 0x800000dc (0x00d71793) x15 0xf600e000
core   0: 3 0x800000e0 (0x00e7c7b3) x15 0xeac75007
core   0: 3 0x800000e4 (0x0117d713) x14 0x00007563
core   0: 3 0x800000e8 (0x00e7c7b3) x15 0xeac72564
core   0: 3 0x800000ec (0x00579713) x14 0x58e4ac80
core   0: 3 0x800000f0 (0x00e7c733) x14 0xb22389e4
core   0: 3 0x800000f4 (0x00e68023) mem 0x800002c5 0xe4
core   0: 3 0x800000f8 (0x00168693) x13 0x800002c6
core   0: 3 0x800000fc (0xfed510e3)
core   0: 3 0x800000dc (0x00d71793) x15 0x713c8000
core   0: 3 0x800000e0 (0x00e7c7b3) x15 0xc31f09e4
core   0: 3 0x800000e4 (0x0117d713) x14 0x0000618f
core   0: 3 0x800000e8 (0x00e7c7b3) x15 0xc31f686b
core   0: 3 0x800000ec (0x00579713) x14 0x63ed0d60
core   0: 3 0x800000f0 (0x00e7c733) x14 0xa0f2650b
core   0: 3 0x800000f4 (0x00e68023) mem 0x800002c6 0x0b
core   0: 3 0x800000f8 (0x00168693) x13 0x800002c7
core   0: 3 0x800000fc (0xfed510e3)
core   0: 3 0x800000dc (0x00d71793) x15 0x4ca16000
core   0: 3 0x800000e0 (0x00e7c7b3) x15 0xec53050b
core   0: 3 0x800000e4 (0x0117d713) x14 0x00007629
core   0: 3 0x800000e8 (0x00e7c7b3) x15 0xec537322
core   0: 3 0x800000ec (0x00579713) x14 0x8a6e6440
core   0: 3 0x800000f0 (0x00e7c733) x14 0x663d1762
core   0: 3 0x800000f4 (0x00e68023) mem 0x800002c7 0x62
core   0: 3 0x800000f8 (0x00168693) x13 0x800002c8
core   0: 3 0x800000fc (0xfed510e3)
core   0: 3 0x80000100 (0xedb88637) x12 0xedb88000
core   0: 3 0x80000104 (0xfff00793) x15 0xffffffff
core   0: 3 0x80000108 (0x32060613) x12 0xedb88320
core   0: 3 0x8000010c (0x0005c683) x13 0x000000b7 mem 0x800001c8
core   0: 3 0x80000110 (0x00800713) x14 0x00000008
core   0: 3 0x80000114 (0x00d7c7b3) x15 0xffffff48
core   0: 3 0x80000118 (0x0017f693) x13 0x00000000
core   0: 3 0x8000011c (0xfff70713) x14 0x00000007
core   0: 3 0x80000120 (0x0017d793) x15 0x7fffffa4
core   0: 3 0x80000124 (0x00068463)
core   0: 3 0x8000012c (0xfe0716e3)
core   0: 3 0x80000118 (0x0017f693) x13 0x00000000
core   0: 3 0x8000011c (0xfff70713) x14 0x00000006
core   0: 3 0x80000120 (0x0017d793) x15 0x3fffffd2
core   0: 3 0x80000124 (0x00068463)
core   0: 3 0x8000012c (0xfe0716e3)
core   0: 3 0x80000118 (0x0017f693) x13 0x00000000
core   0: 3 0x8000011c (0xfff70713) x14 0x00000005
core   0: 3 0x80000120 (0x0017d793) x15 0x1fffffe9
core   0: 3 0x80000124 (0x00068463)
core   0: 3 0x8000012c (0xfe0716e3)
core   0: 3 0x80000118 (0x0017f693) x13 0x00000001
core   0: 3 0x8000011c (0xfff70713) x14 0x00000004
core   0: 3 0x80000120 (0x0017d793) x15 0x0ffffff4
core   0: 3 0x80000124 (0x00068463)
core   0: 3 0x80000128 (0x00c7c7b3) x15 0xe2477cd4
core   0: 3 0x8000012c (0xfe0716e3)
core   0: 3 0x80000118 (0x0017f693) x13 0x00000000
core   0: 3 0x8000011c (0xfff70713) x14 0x00000003
core   0: 3 0x80000120 (0x0017d793) x15 0x7123be6a
core   0: 3 0x80000124 (0x00068463)
core   0: 3 0x8000012c (0xfe0716e3)
core   0: 3 0x80000118 (0x0017f693) x13 0x00000000
core   0: 3 0x8000011c (0xfff70713) x14 0x00000002
core   0: 3 0x80000120 (0x0017d793) x15 0x3891df35
core   0: 3 0x80000124 (0x00068463)
core   0: 3 0x8000012c (0xfe0716e3)
core   0: 3 0x80000118 (0x0017f693) x13 0x00000001
core   0: 3 0x8000011c (0xfff70713) x14 0x00000001
core   0: 3 0x80000120 (0x0017d793) x15 0x1c48ef9a
core   0: 3 0x80000124 (0x00068463)
core   0: 3 0x80000128 (0x00c7c7b3) x15 0xf1f06cba
core   0: 3 0x8000012c (0xfe0716e3)
core   0: 3 0x80000118 (0x0017f693) x13 0x00000000
core   0: 3 0x8000011c (0xfff70713) x14 0x00000000
core   0: 3 0x80000120 (0x0017d793) x15 0x78f8365d
core   0: 3 0x80000124 (0x00068463)
core   0: 3 0x8000012c (0xfe0716e3)
core   0: 3 0x80000130 (0x00158593) x11 0x800001c9
core   0: 3 0x80000134 (0xfca59ce3)
core   0: 3 0x8000010c (0x0005c683) x13 0x00000042 mem 0x800001c9
core   0: 3 0x80000110 (0x00800713) x14 0x00000008
core   0: 3 0x80000114 (0x00d7c7b3) x15 0x78f8361f
core   0: 3 0x80000118 (0x0017f693) x13 0x00000001
core   0: 3 0x8000011c (0xfff70713) x14 0x00000007
core   0: 3 0x80000120 (0x0017d793) x15 0x3c7c1b0f
core   0: 3 0x80000124 (0x00068463)
core   0: 3 0x80000128 (0x00c7c7b3) x15 0xd1c4982f
core   0: 3 0x8000012c (0xfe0716e3)
core   0: 3 0x80000118 (0x0017f693) x13 0x00000001
core   0: 3 0x8000011c (0xfff70713) x14 0x00000006
core   0: 3 0x80000120 (0x0017d793) x15 0x68e24c17
core   0: 3 0x80000124 (0x00068463)
core   0: 3 0x80000128 (0x00c7c7b3) x15 0x855acf37
core   0: 3 0x8000012c (0xfe0716e3)
core   0: 3 0x80000118 (0x0017f693) x13 0x00000001
core   0: 3 0x8000011c (0xfff70713) x14 0x00000005
core   0: 3 0x80000120 (0x0017d793) x15 0x42ad679b
core   0: 3 0x80000124 (0x00068463)
core   0: 3 0x80000128 (0x00c7c7b3) x15 0xaf15e4bb
core   0: 3 0x8000012c (0xfe0716e3)
core   0: 3 0x80000118 (0x0017f693) x13 0x00000001
core   0: 3 0x8000011c (0xfff70713) x14 0x00000004
core   0: 3 0x80000120 (0x0017d793) x15 0x578af25d
core   0: 3 0x80000124 (0x00068463)
core   0: 3 0x80000128 (0x00c7c7b3) x15 0xba32717d
core   0: 3 0x8000012c (0xfe0716e3)
core   0: 3 0x80000118 (0x0017f693) x13 0x00000001
core   0: 3 0x8000011c (0xfff70713) x14 0x00000003
core   0: 3 0x80000120 (0x0017d793) x15 0x5d1938be
core   0: 3 0x80000124 (0x00068463)
core   0: 3 0x80000128 (0x00c7c7b3) x15 0xb0a1bb9e
core   0: 3 0x8000012c (0xfe0716e3)
core   0: 3 0x80000118 (0x0017f693) x13 0x00000000
core   0: 3 0x8000011c (0xfff70713) x14 0x00000002
core   0: 3 0x80000120 (0x0017d793) x15 0x5850ddcf
core   0: 3 0x80000124 (0x00068463)
core   0: 3 0x8000012c (0xfe0716e3)
core   0: 3 0x80000118 (0x0017f693) x13 0x00000001
core   0: 3 0x8000011c (0xfff70713) x14 0x00000001
core   0: 3 0x80000120 (0x0017d793) x15 0x2c286ee7
core   0: 3 0x80000124 (0x00068463)
core   0: 3 0x80000128 (0x00c7c7b3) x15 0xc190edc7
core   0: 3 0x8000012c (0xfe0716e3)
core   0: 3 0x80000118 (0x0017f693) x13 0x00000001
core   0: 3 0x8000011c (0xfff70713) x14 0x00000000
core   0: 3 0x80000120 (0x0017d793) x15 0x60c876e3
core   0: 3 0x80000124 (0x00068463)
core   0: 3 0x80000128 (0x00c7c7b3) x15 0x8d70f5c3
core   0: 3 0x8000012c (0xfe0716e3)
core   0: 3 0x80000130 (0x00158593) x11 0x800001ca
core   0: 3 0x80000134 (0xfca59ce3)
core   0: 3 0x8000010c (0x0005c683) x13 0x00000058 mem 0x800001ca
core   0: 3 0x80000110 (0x00800713) x14 0x00000008
core   0: 3 0x80000114 (0x00d7c7b3) x15 0x8d70f59b
core   0: 3 0x80000118 (0x0017f693) x13 0x00000001
core   0: 3 0x8000011c (0xfff70713) x14 0x00000007
core   0: 3 0x80000120 (0x0017d793) x15 0x46b87acd
core   0: 3 0x80000124 (0x00068463)
core   0: 3 0x80000128 (0x00c7c7b3) x15 0xab00f9ed
core   0: 3 0x8000012c (0xfe0716e3)
core   0: 3 0x80000118 (0x0017f693) x13 0x00000001
core   0: 3 0x8000011c (0xfff70713) x14 0x00000006
core   0: 3 0x80000120 (0x0017d793) x15 0x55807cf6
core   0: 3 0x80000124 (0x00068463)
core   0: 3 0x80000128 (0x00c7c7b3) x15 0xb838ffd6
core   0: 3 0x8000012c (0xfe0716e3)
core   0: 3 0x80000118 (0x0017f693) x13 0x00000000
core   0: 3 0x8000011c (0xfff70713) x14 0x00000005
core   0: 3 0x80000120 (0x0017d793) x15 0x5c1c7feb
core   0: 3 0x80000124 (0x00068463)
core   0: 3 0x8000012c (0xfe0716e3)
core   0: 3 0x80000118 (0x0017f693) x13 0x00000001
core   0: 3 0x8000011c (0xfff70713) x14 0x00000004
core   0: 3 0x80000120 (0x0017d793) x15 0x2e0e3ff5
core   0: 3 0x80000124 (0x00068463)
core   0: 3 0x80000128 (0x00c7c7b3) x15 0xc3b6bcd5
core   0: 3 0x8000012c (0xfe0716e3)
core   0: 3 0x80000118 (0x0017f693) x13 0x00000001
core   0: 3 0x8000011c (0xfff70713) x14 0x00000003
core   0: 3 0x80000120 (0x0017d793) x15 0x61db5e6a
core   0: 3 0x80000124 (0x00068463)
core   0: 3 0x80000128 (0x00c7c7b3) x15 0x8c63dd4a
core   0: 3 0x8000012c (0xfe0716e3)
core   0: 3 0x80000118 (0x0017f693) x13 0x00000000
core   0: 3 0x8000011c (0xfff70713) x14 0x00000002
core   0: 3 0x80000120 (0x0017d793) x15 0x4631eea5
core   0: 3 0x80000124 (0x00068463)
core   0: 3 0x8000012c (0xfe0716e3)
core   0: 3 0x80000118 (0x0017f693) x13 0x00000001
core   0: 3 0x8000011c (0xfff70713) x14 0x00000001
core   0: 3 0x80000120 (0x0017d793) x15 0x2318f752
core   0: 3 0x80000124 (0x00068463)
core   0: 3 0x80000128 (0x00c7c7b3) x15 0xcea07472
core   0: 3 0x8000012c (0xfe0716e3)
core   0: 3 0x80000118 (0x0017f693) x13 0x00000000
core   0: 3 0x8000011c (0xfff70713) x14 0x00000000
core   0: 3 0x80000120 (0x0017d793) x15 0x67503a39
core   0: 3 0x80000124 (0x00068463)
core   0: 3 0x8000012c (0xfe0716e3)
core   0: 3 0x80000130 (0x00158593) x11 0x800001cb
core   0: 3 0x80000134 (0xfca59ce3)
core   0: 3 0x8000010c (0x0005c683) x13 0x0000003b mem 0x800001cb
core   0: 3 0x80000110 (0x00800713) x14 0x00000008
core   0: 3 0x80000114 (0x00d7c7b3) x15 0x67503a02
core   0: 3 0x80000118 (0x0017f693) x13 0x00000000
core   0: 3 0x8000011c (0xfff70713) x14 0x00000007
core   0: 3 0x80000120 (0x0017d793) x15 0x33a81d01
core   0: 3 0x80000124 (0x00068463)
core   0: 3 0x8000012c (0xfe0716e3)
core   0: 3 0x80000118 (0x0017f693) x13 0x00000001
core   0: 3 0x8000011c (0xfff70713) x14 0x00000006
core   0: 3 0x80000120 (0x0017d793) x15 0x19d40e80
core   0: 3 0x80000124 (0x00068463)
core   0: 3 0x80000128 (0x00c7c7b3) x15 0xf46c8da0
core   0: 3 0x8000012c (0xfe0716e3)
core   0: 3 0x80000118 (0x0017f693) x13 0x00000000
core   0: 3 0x8000011c (0xfff70713) x14 0x00000005
core   0: 3 0x80000120 (0x0017d793) x15 0x7a3646d0
core   0: 3 0x80000124 (0x00068463)
core   0: 3 0x8000012c (0xfe0716e3)
core   0: 3 0x80000118 (0x0017f693) x13 0x00000000
core   0: 3 0x8000011c (0xfff70713) x14 0x00000004
core   0: 3 0x80000120 (0x0017d793) x15 0x3d1b2368
core   0: 3 0x80000124 (0x00068463)
core   0: 3 0x8000012c (0xfe0716e3)
core   0: 3 0x80000118 (0x0017f693) x13 0x00000000
core   0: 3 0x8000011c (0xfff70713) x14 0x00000003
core   0: 3 0x80000120 (0x0017d793) x15 0x1e8d91b4
core   0: 3 0x80000124 (0x00068463)
core   0: 3 0x8000012c (0xfe0716e3)
core   0: 3 0x80000118 (0x0017f693) x13 0x00000000
core   0: 3 0x8000011c (0xfff70713) x14 0x00000002
core   0: 3 0x80000120 (0x0017d793) x15 0x0f46c8da
core   0: 3 0x80000124 (0x00068463)
core   0: 3 0x8000012c (0xfe0716e3)
core   0: 3 0x80000118 (0x0017f693) x13 0x00000000
core   0: 3 0x8000011c (0xfff70713) x14 0x00000001
core   0: 3 0x80000120 (0x0017d793) x15 0x07a3646d
core   0: 3 0x80000124 (0x00068463)
core   0: 3 0x8000012c (0xfe0716e3)
core   0: 3 0x80000118 (0x0017f693) x13 0x00000001
core   0: 3 0x8000011c (0xfff70713) x14 0x00000000
core   0: 3 0x80000120 (0x0017d793) x15 0x03d1b236
core   0: 3 0x80000124 (0x00068463)
core   0: 3 0x80000128 (0x00c7c7b3) x15 0xee693116
core   0: 3 0x8000012c (0xfe0716e3)
core   0: 3 0x80000130 (0x00158593) x11 0x800001cc
core   0: 3 0x80000134 (0xfca59ce3)
core   0: 3 0x8000010c (0x0005c683) x13 0x00000048 mem 0x800001cc
core   0: 3 0x80000110 (0x00800713) x14 0x00000008
core   0: 3 0x80000114 (0x00d7c7b3) x15 0xee69315e
core   0: 3 0x80000118 (0x0017f693) x13 0x00000000
core   0: 3 0x8000011c (0xfff70713) x14 0x00000007
core   0: 3 0x80000120 (0x0017d793) x15 0x773498af
core   0: 3 0x80000124 (0x00068463)
core   0: 3 0x8000012c (0xfe0716e3)
core   0: 3 0x80000118 (0x0017f693) x13 0x00000001
core   0: 3 0x8000011c (0xfff70713) x14 0x00000006
core   0: 3 0x80000120 (0x0017d793) x15 0x3b9a4c57
core   0: 3 0x80000124 (0x00068463)
core   0: 3 0x80000128 (0x00c7c7b3) x15 0xd622cf77
core   0: 3 0x8000012c (0xfe0716e3)
core   0: 3 0x80000118 (0x0017f693) x13 0x00000001
core   0: 3 0x8000011c (0xfff70713) x14 0x00000005
core   0: 3 0x80000120 (0x0017d793) x15 0x6b1167bb
core   0: 3 0x80000124 (0x00068463)
core   0: 3 0x80000128 (0x00c7c7b3) x15 0x86a9e49b
core   0: 3 0x8000012c (0xfe0716e3)
core   0: 3 0x80000118 (0x0017f693) x13 0x00000001
core   0: 3 0x8000011c (0xfff70713) x14 0x00000004
core   0: 3 0x80000120 (0x0017d793) x15 0x4354f24d
core   0: 3 0x80000124 (0x00068463)
core   0: 3 0x80000128 (0x00c7c7b3) x15 0xaeec716d
core   0: 3 0x8000012c (0xfe0716e3)
core   0: 3 0x80000118 (0x0017f693) x13 0x00000001
core   0: 3 0x8000011c (0xfff70713) x14 0x00000003
core   0: 3 0x80000120 (0x0017d793) x15 0x577638b6
core   0: 3 0x80000124 (0x00068463)
core   0: 3 0x80000128 (0x00c7c7b3) x15 0xbacebb96
core   0: 3 0x8000012c (0xfe0716e3)
core   0: 3 0x80000118 (0x0017f693) x13 0x00000000
core   0: 3 0x8000011c (0xfff70713) x14 0x00000002
core   0: 3 0x80000120 (0x0017d793) x15 0x5d675dcb
core   0: 3 0x80000124 (0x00068463)
core   0: 3 0x8000012c (0xfe0716e3)
core   0: 3 0x80000118 (0x0017f693) x13 0x00000001
core   0: 3 0x8000011c (0xfff70713) x14 0x00000001
core   0: 3 0x80000120 (0x0017d793) x15 0x2eb3aee5
core   0: 3 0x80000124 (0x00068463)
core   0: 3 0x80000128 (0x00c7c7b3) x15 0xc30b2dc5
core   0: 3 0x8000012c (0xfe0716e3)
core   0: 3 0x80000118 (0x0017f693) x13 0x00000001
core   0: 3 0x8000011c (0xfff70713) x14 0x00000000
core   0: 3 0x80000120 (0x0017d793) x15 0x618596e2
core   0: 3 0x80000124 (0x00068463)
core   0: 3 0x80000128 (0x00c7c7b3) x15 0x8c3d15c2
core   0: 3 0x8000012c (0xfe0716e3)
core   0: 3 0x80000130 (0x00158593) x11 0x800001cd
core   0: 3 0x80000134 (0xfca59ce3)
core   0: 3 0x8000010c (0x0005c683) x13 0x0000001b mem 0x800001cd
core   0: 3 0x80000110 (0x00800713) x14 0x00000008
core   0: 3 0x80000114 (0x00d7c7b3) x15 0x8c3d15d9
core   0: 3 0x80000118 (0x0017f693) x13 0x00000001
core   0: 3 0x8000011c (0xfff70713) x14 0x00000007
core   0: 3 0x80000120 (0x0017d793) x15 0x461e8aec
core   0: 3 0x80000124 (0x00068463)
core   0: 3 0x80000128 (0x00c7c7b3) x15 0xaba609cc
core   0: 3 0x8000012c (0xfe0716e3)
core   0: 3 0x80000118 (0x0017f693) x13 0x00000000
core   0: 3 0x8000011c (0xfff70713) x14 0x00000006
core   0: 3 0x80000120 (0x0017d793) x15 0x55d304e6
core   0: 3 0x80000124 (0x00068463)
core   0: 3 0x8000012c (0xfe0716e3)
core   0: 3 0x80000118 (0x0017f693) x13 0x00000000
core   0: 3 0x8000011c (0xfff70713) x14 0x00000005
core   0: 3 0x80000120 (0x0017d793) x15 0x2ae98273
core   0: 3 0x80000124 (0x00068463)
core   0: 3 0x8000012c (0xfe0716e3)
core   0: 3 0x80000118 (0x0017f693) x13 0x00000001
core   0: 3 0x8000011c (0xfff70713) x14 0x00000004
core   0: 3 0x80000120 (0x0017d793) x15 0x1574c139
core   0: 3 0x80000124 (0x00068463)
core   0: 3 0x80000128 (0x00c7c7b3) x15 0xf8cc4219
core   0: 3 0x8000012c (0xfe0716e3)
core   0: 3 0x80000118 (0x0017f693) x13 0x00000001
core   0: 3 0x8000011c (0xfff70713) x14 0x00000003
core   0: 3 0x80000120 (0x0017d793) x15 0x7c66210c
core   0: 3 0x80000124 (0x00068463)
core   0: 3 0x80000128 (0x00c7c7b3) x15 0x91dea22c
core   0: 3 0x8000012c (0xfe0716e3)
core   0: 3 0x80000118 (0x0017f693) x13 0x00000000
core   0: 3 0x8000011c (0xfff70713) x14 0x00000002
core   0: 3 0x80000120 (0x0017d793) x15 0x48ef5116
core   0: 3 0x80000124 (0x00068463)
core   0: 3 0x8000012c (0xfe0716e3)
core   0: 3 0x80000118 (0x0017f693) x13 0x00000000
core   0: 3 0x8000011c (0xfff70713) x14 0x00000001
core   0: 3 0x80000120 (0x0017d793) x15 0x2477a88b
core   0: 3 0x80000124 (0x00068463)
core   0: 3 0x8000012c (0xfe0716e3)
core   0: 3 0x80000118 (0x0017f693) x13 0x00000001
core   0: 3 0x8000011c (0xfff70713) x14 0x00000000
core   0: 3 0x80000120 (0x0017d793) x15 0x123bd445
core   0: 3 0x80000124 (0x00068463)
core   0: 3 0x80000128 (0x00c7c7b3) x15 0xff835765
core   0: 3 0x8000012c (0xfe0716e3)
core   0: 3 0x80000130 (0x00158593) x11 0x800001ce
core   0: 3 0x80000134 (0xfca59ce3)
core   0: 3 0x8000010c (0x0005c683) x13 0x0000005c mem 0x800001ce
core   0: 3 0x80000110 (0x00800713) x14 0x00000008
core   0: 3 0x80000114 (0x00d7c7b3) x15 0xff835739
core   0: 3 0x80000118 (0x0017f693) x13 0x00000001
core   0: 3 0x8000011c (0xfff70713) x14 0x00000007
core   0: 3 0x80000120 (0x0017d793) x15 0x7fc1ab9c
core   0: 3 0x80000124 (0x00068463)
core   0: 3 0x80000128 (0x00c7c7b3) x15 0x927928bc
core   0: 3 0x8000012c (0xfe0716e3)
core   0: 3 0x80000118 (0x0017f693) x13 0x00000000
core   0: 3 0x8000011c (0xfff70713) x14 0x00000006
core   0: 3 0x80000120 (0x0017d793) x15 0x493c945e
core   0: 3 0x80000124 (0x00068463)
core   0: 3 0x8000012c (0xfe0716e3)
core   0: 3 0x80000118 (0x0017f693) x13 0x00000000
core   0: 3 0x8000011c (0xfff70713) x14 0x00000005
core   0: 3 0x80000120 (0x0017d793) x15 0x249e4a2f
core   0: 3 0x80000124 (0x00068463)
core   0: 3 0x8000012c (0xfe0716e3)
core   0: 3 0x80000118 (0x0017f693) x13 0x00000001
core   0: 3 0x8000011c (0xfff70713) x14 0x00000004
core   0: 3 0x80000120 (0x0017d793) x15 0x124f2517
core   0: 3 0x80000124 (0x00068463)
core   0: 3 0x80000128 (0x00c7c7b3) x15 0xfff7a637
core   0: 3 0x8000012c (0xfe0716e3)
core   0: 3 0x80000118 (0x0017f693) x13 0x00000001
core   0: 3 0x8000011c (0xfff70713) x14 0x00000003
core   0: 3 0x80000120 (0x0017d793) x15 0x7ffbd31b
core   0: 3 0x80000124 (0x00068463)
core   0: 3 0x80000128 (0x00c7c7b3) x15 0x9243503b
core   0: 3 0x8000012c (0xfe0716e3)
core   0: 3 0x80000118 (0x0017f693) x13 0x00000001
core   0: 3 0x8000011c (0xfff70713) x14 0x00000002
core   0: 3 0x80000120 (0x0017d793) x15 0x4921a81d
core   0: 3 0x80000124 (0x00068463)
core   0: 3 0x80000128 (0x00c7c7b3) x15 0xa4992b3d
core   0: 3 0x8000012c (0xfe0716e3)
core   0: 3 0x80000118 (0x0017f693) x13 0x00000001
core   0: 3 0x8000011c (0xfff70713) x14 0x00000001
core   0: 3 0x80000120 (0x0017d793) x15 0x524c959e
core   0: 3 0x80000124 (0x00068463)
core   0: 3 0x80000128 (0x00c7c7b3) x15 0xbff416be
core   0: 3 0x8000012c (0xfe0716e3)
core   0: 3 0x80000118 (0x0017f693) x13 0x00000000
core   0: 3 0x8000011c (0xfff70713) x14 0x00000000
core   0: 3 0x80000120 (0x0017d793) x15 0x5ffa0b5f
core   0: 3 0x80000124 (0x00068463)
core   0: 3 0x8000012c (0xfe0716e3)
core   0: 3 0x80000130 (0x00158593) x11 0x800001cf
core   0: 3 0x80000134 (0xfca59ce3)
core   0: 3 0x8000010c (0x0005c683) x13 0x000000b3 mem 0x800001cf
core   0: 3 0x80000110 (0x00800713) x14 0x00000008
core   0: 3 0x80000114 (0x00d7c7b3) x15 0x5ffa0bec
core   0: 3 0x80000118 (0x0017f693) x13 0x00000000
core   0: 3 0x8000011c (0xfff70713) x14 0x00000007
core   0: 3 0x80000120 (0x0017d793) x15 0x2ffd05f6
core   0: 3 0x80000124 (0x00068463)
core   0: 3 0x8000012c (0xfe0716e3)
core   0: 3 0x80000118 (0x0017f693) x13 0x00000000
core   0: 3 0x8000011c (0xfff70713) x14 0x00000006
core   0: 3 0x80000120 (0x0017d793) x15 0x17fe82fb
core   0: 3 0x80000124 (0x00068463)
core   0: 3 0x8000012c (0xfe0716e3)
core   0: 3 0x80000118 (0x0017f693) x13 0x00000001
core   0: 3 0x8000011c (0xfff70713) x14 0x00000005
core   0: 3 0x80000120 (0x0017d793) x15 0x0bff417d
core   0: 3 0x80000124 (0x00068463)
core   0: 3 0x80000128 (0x00c7c7b3) x15 0xe647c25d
core   0: 3 0x8000012c (0xfe0716e3)
core   0: 3 0x80000118 (0x0017f693) x13 0x00000001
core   0: 3 0x8000011c (0xfff70713) x14 0x00000004
core   0: 3 0x80000120 (0x0017d793) x15 0x7323e12e
core   0: 3 0x80000124 (0x00068463)
core   0: 3 0x80000128 (0x00c7c7b3) x15 0x9e9b620e
core   0: 3 0x8000012c (0xfe0716e3)
core   0: 3 0x80000118 (0x0017f693) x13 0x00000000
core   0: 3 0x8000011c (0xfff70713) x14 0x00000003
core   0: 3 0x80000120 (0x0017d793) x15 0x4f4db107
core   0: 3 0x80000124 (0x00068463)
core   0: 3 0x8000012c (0xfe0716e3)
core   0: 3 0x80000118 (0x0017f693) x13 0x00000001
core   0: 3 0x8000011c (0xfff70713) x14 0x00000002
core   0: 3 0x80000120 (0x0017d793) x15 0x27a6d883
core   0: 3 0x80000124 (0x00068463)
core   0: 3 0x80000128 (0x00c7c7b3) x15 0xca1e5ba3
core   0: 3 0x8000012c (0xfe0716e3)
core   0: 3 0x80000118 (0x0017f693) x13 0x00000001
core   0: 3 0x8000011c (0xfff70713) x14 0x00000001
core   0: 3 0x80000120 (0x0017d793) x15 0x650f2dd1
core   0: 3 0x80000124 (0x00068463)
core   0: 3 0x80000128 (0x00c7c7b3) x15 0x88b7aef1
core   0: 3 0x8000012c (0xfe0716e3)
core   0: 3 0x80000118 (0x0017f693) x13 0x00000001
core   0: 3 0x8000011c (0xfff70713) x14 0x00000000
core   0: 3 0x80000120 (0x0017d793) x15 0x445bd778
core   0: 3 0x80000124 (0x00068463)
core   0: 3 0x80000128 (0x00c7c7b3) x15 0xa9e35458
core   0: 3 0x8000012c (0xfe0716e3)
core   0: 3 0x80000130 (0x00158593) x11 0x800001d0
core   0: 3 0x80000134 (0xfca59ce3)
core   0: 3 0x8000010c (0x0005c683) x13 0x000000f6 mem 0x800001d0
core   0: 3 0x80000110 (0x00800713) x14 0x00000008
core   0: 3 0x80000114 (0x00d7c7b3) x15 0xa9e354ae
core   0: 3 0x80000118 (0x0017f693) x13 0x00000000
core   0: 3 0x8000011c (0xfff70713) x14 0x00000007
core   0: 3 0x80000120 (0x0017d793) x15 0x54f1aa57
core   0: 3 0x80000124 (0x00068463)
core   0: 3 0x8000012c (0xfe0716e3)
core   0: 3 0x80000118 (0x0017f693) x13 0x00000001
core   0: 3 0x8000011c (0xfff70713) x14 0x00000006
core   0: 3 0x80000120 (0x0017d793) x15 0x2a78d52b
core   0: 3 0x80000124 (0x00068463)
core   0: 3 0x80000128 (0x00c7c7b3) x15 0xc7c0560b
core   0: 3 0x8000012c (0xfe0716e3)
core   0: 3 0x80000118 (0x0017f693) x13 0x00000001
core   0: 3 0x8000011c (0xfff70713) x14 0x00000005
core   0: 3 0x80000120 (0x0017d793) x15 0x63e02b05
core   0: 3 0x80000124 (0x00068463)
core   0: 3 0x80000128 (0x00c7c7b3) x15 0x8e58a825
core   0: 3 0x8000012c (0xfe0716e3)
core   0: 3 0x80000118 (0x0017f693) x13 0x00000001
core   0: 3 0x8000011c (0xfff70713) x14 0x00000004
core   0: 3 0x80000120 (0x0017d793) x15 0x472c5412
core   0: 3 0x80000124 (0x00068463)
core   0: 3 0x80000128 (0x00c7c7b3) x15 0xaa94d732
core   0: 3 0x8000012c (0xfe0716e3)
core   0: 3 0x80000118 (0x0017f693) x13 0x00000000
core   0: 3 0x8000011c (0xfff70713) x14 0x00000003
core   0: 3 0x80000120 (0x0017d793) x15 0x554a6b99
core   0: 3 0x80000124 (0x00068463)
core   0: 3 0x8000012c (0xfe0716e3)
core   0: 3 0x80000118 (0x0017f693) x13 0x00000001
core   0: 3 0x8000011c (0xfff70713) x14 0x00000002
core   0: 3 0x80000120 (0x0017d793) x15 0x2aa535cc
core   0: 3 0x80000124 (0x00068463)
core   0: 3 0x80000128 (0x00c7c7b3) x15 0xc71db6ec
core   0: 3 0x8000012c (0xfe0716e3)
core   0: 3 0x80000118 (0x0017f693) x13 0x00000000
core   0: 3 0x8000011c (0xfff70713) x14 0x00000001
core   0: 3 0x80000120 (0x0017d793) x15 0x638edb76
core   0: 3 0x80000124 (0x00068463)
core   0: 3 0x8000012c (0xfe0716e3)
core   0: 3 0x80000118 (0x0017f693) x13 0x00000000
core   0: 3 0x8000011c (0xfff70713) x14 0x00000000
core   0: 3 0x80000120 (0x0017d793) x15 0x31c76dbb
core   0: 3 0x80000124 (0x00068463)
core   0: 3 0x8000012c (0xfe0716e3)
core   0: 3 0x80000130 (0x00158593) x11 0x800001d1
core   0: 3 0x80000134 (0xfca59ce3)
core   0: 3 0x8000010c (0x0005c683) x13 0x000000b5 mem 0x800001d1
core   0: 3 0x80000110 (0x00800713) x14 0x00000008
core   0: 3 0x80000114 (0x00d7c7b3) x15 0x31c76d0e
core   0: 3 0x80000118 (0x0017f693) x13 0x00000000
core   0: 3 0x8000011c (0xfff70713) x14 0x00000007
core   0: 3 0x80000120 (0x0017d793) x15 0x18e3b687
core   0: 3 0x80000124 (0x00068463)
core   0: 3 0x8000012c (0xfe0716e3)
core   0: 3 0x80000118 (0x0017f693) x13 0x00000001
core   0: 3 0x8000011c (0xfff70713) x14 0x00000006
core   0: 3 0x80000120 (0x0017d793) x15 0x0c71db43
core   0: 3 0x80000124 (0x00068463)
core   0: 3 0x80000128 (0x00c7c7b3) x15 0xe1c95863
core   0: 3 0x8000012c (0xfe0716e3)
core   0: 3 0x80000118 (0x0017f693) x13 0x00000001
core   0: 3 0x8000011c (0xfff70713) x14 0x00000005
core   0: 3 0x80000120 (0x0017d793) x15 0x70e4ac31
core   0: 3 0x80000124 (0x00068463)
core   0: 3 0x80000128 (0x00c7c7b3) x15 0x9d5c2f11
core   0: 3 0x8000012c (0xfe0716e3)
core   0: 3 0x80000118 (0x0017f693) x13 0x00000001
core   0: 3 0x8000011c (0xfff70713) x14 0x00000004
core   0: 3 0x80000120 (0x0017d793) x15 0x4eae1788
core   0: 3 0x80000124 (0x00068463)
core   0: 3 0x80000128 (0x00c7c7b3) x15 0xa31694a8
core   0: 3 0x8000012c (0xfe0716e3)
core   0: 3 0x80000118 (0x0017f693) x13 0x00000000
core   0: 3 0x8000011c (0xfff70713) x14 0x00000003
core   0: 3 0x80000120 (0x0017d793) x15 0x518b4a54
core   0: 3 0x80000124 (0x00068463)
core   0: 3 0x8000012c (0xfe0716e3)
core   0: 3 0x80000118 (0x0017f693) x13 0x00000000
core   0: 3 0x8000011c (0xfff70713) x14 0x00000002
core   0: 3 0x80000120 (0x0017d793) x15 0x28c5a52a
core   0: 3 0x80000124 (0x00068463)
core   0: 3 0x8000012c (0xfe0716e3)
core   0: 3 0x80000118 (0x0017f693) x13 0x00000000
core   0: 3 0x8000011c (0xfff70713) x14 0x00000001
core   0: 3 0x80000120 (0x0017d793) x15 0x1462d295
core   0: 3 0x80000124 (0x00068463)
core   0: 3 0x8000012c (0xfe0716e3)
core   0: 3 0x80000118 (0x0017f693) x13 0x00000001
core   0: 3 0x8000011c (0xfff70713) x14 0x00000000
core   0: 3 0x80000120 (0x0017d793) x15 0x0a31694a
core   0: 3 0x80000124 (0x00068463)
core   0: 3 0x80000128 (0x00c7c7b3) x15 0xe789ea6a
core   0: 3 0x8000012c (0xfe0716e3)
core   0: 3 0x80000130 (0x00158593) x11 0x800001d2
core   0: 3 0x80000134 (0xfca59ce3)
core   0: 3 0x8000010c (0x0005c683) x13 0x0000003a mem 0x800001d2
core   0: 3 0x80000110 (0x00800713) x14 0x00000008
core   0: 3 0x80000114 (0x00d7c7b3) x15 0xe789ea50
core   0: 3 0x80000118 (0x0017f693) x13 0x00000000
core   0: 3 0x8000011c (0xfff70713) x14 0x00000007
core   0: 3 0x80000120 (0x0017d793) x15 0x73c4f528
core   0: 3 0x80000124 (0x00068463)
core   0: 3 0x8000012c (0xfe0716e3)
core   0: 3 0x80000118 (0x0017f693) x13 0x00000000
core   0: 3 0x8000011c (0xfff70713) x14 0x00000006
core   0: 3 0x80000120 (0x0017d793) x15 0x39e27a94
core   0: 3 0x80000124 (0x00068463)
core   0: 3 0x8000012c (0xfe0716e3)
core   0: 3 0x80000118 (0x0017f693) x13 0x00000000
core   0: 3 0x8000011c (0xfff70713) x14 0x00000005
core   0: 3 0x80000120 (0x0017d793) x15 0x1cf13d4a
core   0: 3 0x80000124 (0x00068463)
core   0: 3 0x8000012c (0xfe0716e3)
core   0: 3 0x80000118 (0x0017f693) x13 0x00000000
core   0: 3 0x8000011c (0xfff70713) x14 0x00000004
core   0: 3 0x80000120 (0x0017d793) x15 0x0e789ea5
core   0: 3 0x80000124 (0x00068463)
core   0: 3 0x8000012c (0xfe0716e3)
core   0: 3 0x80000118 (0x0017f693) x13 0x00000001
core   0: 3 0x8000011c (0xfff70713) x14 0x00000003
core   0: 3 0x80000120 (0x0017d793) x15 0x073c4f52
core   0: 3 0x80000124 (0x00068463)
core   0: 3 0x80000128 (0x00c7c7b3) x15 0xea84cc72
core   0: 3 0x8000012c (0xfe0716e3)
core   0: 3 0x80000118 (0x0017f693) x13 0x00000000
core   0: 3 0x8000011c (0xfff70713) x14 0x00000002
core   0: 3 0x80000120 (0x0017d793) x15 0x75426639
core   0: 3 0x80000124 (0x00068463)
core   0: 3 0x8000012c (0xfe0716e3)
core   0: 3 0x80000118 (0x0017f693) x13 0x00000001
core   0: 3 0x8000011c (0xfff70713) x14 0x00000001
core   0: 3 0x80000120 (0x0017d793) x15 0x3aa1331c
core   0: 3 0x80000124 (0x00068463)
core   0: 3 0x80000128 (0x00c7c7b3) x15 0xd719b03c
core   0: 3 0x8000012c (0xfe0716e3)
core   0: 3 0x80000118 (0x0017f693) x13 0x00000000
core   0: 3 0x8000011c (0xfff70713) x14 0x00000000
core   0: 3 0x80000120 (0x0017d793) x15 0x6b8cd81e
core   0: 3 0x80000124 (0x00068463)
core   0: 3 0x8000012c (0xfe0716e3)
core   0: 3 0x80000130 (0x00158593) x11 0x800001d3
core   0: 3 0x80000134 (0xfca59ce3)
core   0: 3 0x8000010c (0x0005c683) x13 0x000000e4 mem 0x800001d3
core   0: 3 0x80000110 (0x00800713) x14 0x00000008
core   0: 3 0x80000114 (0x00d7c7b3) x15 0x6b8cd8fa
core   0: 3 0x80000118 (0x0017f693) x13 0x00000000
core   0: 3 0x8000011c (0xfff70713) x14 0x00000007
core   0: 3 0x80000120 (0x0017d793) x15 0x35c66c7d
core   0: 3 0x80000124 (0x00068463)
core   0: 3 0x8000012c (0xfe0716e3)
core   0: 3 0x80000118 (0x0017f693) x13 0x00000001
core   0: 3 0x8000011c (0xfff70713) x14 0x00000006
core   0: 3 0x80000120 (0x0017d793) x15 0x1ae3363e
core   0: 3 0x80000124 (0x00068463)
core   0: 3 0x80000128 (0x00c7c7b3) x15 0xf75bb51e
core   0: 3 0x8000012c (0xfe0716e3)
core   0: 3 0x80000118 (0x0017f693) x13 0x00000000
core   0: 3 0x8000011c (0xfff70713) x14 0x00000005
core   0: 3 0x80000120 (0x0017d793) x15 0x7badda8f
core   0: 3 0x80000124 (0x00068463)
core   0: 3 0x8000012c (0xfe0716e3)
core   0: 3 0x80000118 (0x0017f693) x13 0x00000001
core   0: 3 0x8000011c (0xfff70713) x14 0x00000004
core   0: 3 0x80000120 (0x0017d793) x15 0x3dd6ed47
core   0: 3 0x80000124 (0x00068463)
core   0: 3 0x80000128 (0x00c7c7b3) x15 0xd06e6e67
core   0: 3 0x8000012c (0xfe0716e3)
core   0: 3 0x80000118 (0x0017f693) x13 0x00000001
core   0: 3 0x8000011c (0xfff70713) x14 0x00000003
core   0: 3 0x80000120 (0x0017d793) x15 0x68373733
core   0: 3 0x80000124 (0x00068463)
core   0: 3 0x80000128 (0x00c7c7b3) x15 0x858fb413
core   0: 3 0x8000012c (0xfe0716e3)
core   0: 3 0x80000118 (0x0017f693) x13 0x00000001
core   0: 3 0x8000011c (0xfff70713) x14 0x00000002
core   0: 3 0x80000120 (0x0017d793) x15 0x42c7da09
core   0: 3 0x80000124 (0x00068463)
core   0: 3 0x80000128 (0x00c7c7b3) x15 0xaf7f5929
core   0: 3 0x8000012c (0xfe0716e3)
core   0: 3 0x80000118 (0x0017f693) x13 0x00000001
core   0: 3 0x8000011c (0xfff70713) x14 0x00000001
core   0: 3 0x80000120 (0x0017d793) x15 0x57bfac94
core   0: 3 0x80000124 (0x00068463)
core   0: 3 0x80000128 (0x00c7c7b3) x15 0xba072fb4
core   0: 3 0x8000012c (0xfe0716e3)
core   0: 3 0x80000118 (0x0017f693) x13 0x00000000
core   0: 3 0x8000011c (0xfff70713) x14 0x00000000
core   0: 3 0x80000120 (0x0017d793) x15 0x5d0397da
core   0: 3 0x80000124 (0x00068463)
core   0: 3 0x8000012c (0xfe0716e3)
core   0: 3 0x80000130 (0x00158593) x11 0x800001d4
core   0: 3 0x80000134 (0xfca59ce3)
core   0: 3 0x8000010c (0x0005c683) x13 0x000000d3 mem 0x800001d4
core   0: 3 0x80000110 (0x00800713) x14 0x00000008
core   0: 3 0x80000114 (0x00d7c7b3) x15 0x5d039709
core   0: 3 0x80000118 (0x0017f693) x13 0x00000001
core   0: 3 0x8000011c (0xfff70713) x14 0x00000007
core   0: 3 0x80000120 (0x0017d793) x15 0x2e81cb84
core   0: 3 0x80000124 (0x00068463)
core   0: 3 0x80000128 (0x00c7c7b3) x15 0xc33948a4
core   0: 3 0x8000012c (0xfe0716e3)
core   0: 3 0x80000118 (0x0017f693) x13 0x00000000
core   0: 3 0x8000011c (0xfff70713) x14 0x00000006
core   0: 3 0x80000120 (0x0017d793) x15 0x619ca452
core   0: 3 0x80000124 (0x00068463)
core   0: 3 0x8000012c (0xfe0716e3)
core   0: 3 0x80000118 (0x0017f693) x13 0x00000000
core   0: 3 0x8000011c (0xfff70713) x14 0x00000005
core   0: 3 0x80000120 (0x0017d793) x15 0x30ce5229
core   0: 3 0x80000124 (0x00068463)
core   0: 3 0x8000012c (0xfe0716e3)
core   0: 3 0x80000118 (0x0017f693) x13 0x00000001
core   0: 3 0x8000011c (0xfff70713) x14 0x00000004
core   0: 3 0x80000120 (0x0017d793) x15 0x18672914
core   0: 3 0x80000124 (0x00068463)
core   0: 3 0x80000128 (0x00c7c7b3) x15 0xf5dfaa34
core   0: 3 0x8000012c (0xfe0716e3)
core   0: 3 0x80000118 (0x0017f693) x13 0x00000000
core   0: 3 0x8000011c (0xfff70713) x14 0x00000003
core   0: 3 0x80000120 (0x0017d793) x15 0x7aefd51a
core   0: 3 0x80000124 (0x00068463)
core   0: 3 0x8000012c (0xfe0716e3)
core   0: 3 0x80000118 (0x0017f693) x13 0x00000000
core   0: 3 0x8000011c (0xfff70713) x14 0x00000002
core   0: 3 0x80000120 (0x0017d793) x15 0x3d77ea8d
core   0: 3 0x80000124 (0x00068463)
core   0: 3 0x8000012c (0xfe0716e3)
core   0: 3 0x80000118 (0x0017f693) x13 0x00000001
core   0: 3 0x8000011c (0xfff70713) x14 0x00000001
core   0: 3 0x80000120 (0x0017d793) x15 0x1ebbf546
core   0: 3 0x80000124 (0x00068463)
core   0: 3 0x80000128 (0x00c7c7b3) x15 0xf3037666
core   0: 3 0x8000012c (0xfe0716e3)
core   0: 3 0x80000118 (0x0017f693) x13 0x00000000
core   0: 3 0x8000011c (0xfff70713) x14 0x00000000
core   0: 3 0x80000120 (0x0017d793) x15 0x7981bb33
core   0: 3 0x80000124 (0x00068463)
core   0: 3 0x8000012c (0xfe0716e3)
core   0: 3 0x80000130 (0x00158593) x11 0x800001d5
core   0: 3 0x80000134 (0xfca59ce3)
core   0: 3 0x8000010c (0x0005c683) x13 0x00000013 mem 0x800001d5
core   0: 3 0x80000110 (0x00800713) x14 0x00000008
core   0: 3 0x80000114 (0x00d7c7b3) x15 0x7981bb20
core   0: 3 0x80000118 (0x0017f693) x13 0x00000000
core   0: 3 0x8000011c (0xfff70713) x14 0x00000007
core   0: 3 0x80000120 (0x0017d793) x15 0x3cc0dd90
core   0: 3 0x80000124 (0x00068463)
core   0: 3 0x8000012c (0xfe0716e3)
core   0: 3 0x80000118 (0x0017f693) x13 0x00000000
core   0: 3 0x8000011c (0xfff70713) x14 0x00000006
core   0: 3 0x80000120 (0x0017d793) x15 0x1e606ec8
core   0: 3 0x80000124 (0x00068463)
core   0: 3 0x8000012c (0xfe0716e3)
core   0: 3 0x80000118 (0x0017f693) x13 0x00000000
core   0: 3 0x8000011c (0xfff70713) x14 0x00000005
core   0: 3 0x80000120 (0x0017d793) x15 0x0f303764
core   0: 3 0x80000124 (0x00068463)
core   0: 3 0x8000012c (0xfe0716e3)
core   0: 3 0x80000118 (0x0017f693) x13 0x00000000
core   0: 3 0x8000011c (0xfff70713) x14 0x00000004
core   0: 3 0x80000120 (0x0017d793) x15 0x07981bb2
core   0: 3 0x80000124 (0x00068463)
core   0: 3 0x8000012c (0xfe0716e3)
core   0: 3 0x80000118 (0x0017f693) x13 0x00000000
core   0: 3 0x8000011c (0xfff70713) x14 0x00000003
core   0: 3 0x80000120 (0x0017d793) x15 0x03cc0dd9
core   0: 3 0x80000124 (0x00068463)
core   0: 3 0x8000012c (0xfe0716e3)
core   0: 3 0x80000118 (0x0017f693) x13 0x00000001
core   0: 3 0x8000011c (0xfff70713) x14 0x00000002
core   0: 3 0x80000120 (0x0017d793) x15 0x01e606ec
core   0: 3 0x80000124 (0x00068463)
core   0: 3 0x80000128 (0x00c7c7b3) x15 0xec5e85cc
core   0: 3 0x8000012c (0xfe0716e3)
core   0: 3 0x80000118 (0x0017f693) x13 0x00000000
core   0: 3 0x8000011c (0xfff70713) x14 0x00000001
core   0: 3 0x80000120 (0x0017d793) x15 0x762f42e6
core   0: 3 0x80000124 (0x00068463)
core   0: 3 0x8000012c (0xfe0716e3)
core   0: 3 0x80000118 (0x0017f693) x13 0x00000000
core   0: 3 0x8000011c (0xfff70713) x14 0x00000000
core   0: 3 0x80000120 (0x0017d793) x15 0x3b17a173
core   0: 3 0x80000124 (0x00068463)
core   0: 3 0x8000012c (0xfe0716e3)
core   0: 3 0x80000130 (0x00158593) x11 0x800001d6
core   0: 3 0x80000134 (0xfca59ce3)
core   0: 3 0x8000010c (0x0005c683) x13 0x00000000 mem 0x800001d6
core   0: 3 0x80000110 (0x00800713) x14 0x00000008
core   0: 3 0x80000114 (0x00d7c7b3) x15 0x3b17a173
core   0: 3 0x80000118 (0x0017f693) x13 0x00000001
core   0: 3 0x8000011c (0xfff70713) x14 0x00000007
core   0: 3 0x80000120 (0x0017d793) x15 0x1d8bd0b9
core   0: 3 0x80000124 (0x00068463)
core   0: 3 0x80000128 (0x00c7c7b3) x15 0xf0335399
core   0: 3 0x8000012c (0xfe0716e3)
core   0: 3 0x80000118 (0x0017f693) x13 0x00000001
core   0: 3 0x8000011c (0xfff70713) x14 0x00000006
core   0: 3 0x80000120 (0x0017d793) x15 0x7819a9cc
core   0: 3 0x80000124 (0x00068463)
core   0: 3 0x80000128 (0x00c7c7b3) x15 0x95a12aec
core   0: 3 0x8000012c (0xfe0716e3)
core   0: 3 0x80000118 (0x0017f693) x13 0x00000000
core   0: 3 0x8000011c (0xfff70713) x14 0x00000005
core   0: 3 0x80000120 (0x0017d793) x15 0x4ad09576
core   0: 3 0x80000124 (0x00068463)
core   0: 3 0x8000012c (0xfe0716e3)
core   0: 3 0x80000118 (0x0017f693) x13 0x00000000
core   0: 3 0x8000011c (0xfff70713) x14 0x00000004
core   0: 3 0x80000120 (0x0017d793) x15 0x25684abb
core   0: 3 0x80000124 (0x00068463)
core   0: 3 0x8000012c (0xfe0716e3)
core   0: 3 0x80000118 (0x0017f693) x13 0x00000001
core   0: 3 0x8000011c (0xfff70713) x14 0x00000003
core   0: 3 0x80000120 (0x0017d793) x15 0x12b4255d
core   0: 3 0x80000124 (0x00068463)
core   0: 3 0x80000128 (0x00c7c7b3) x15 0xff0ca67d
core   0: 3 0x8000012c (0xfe0716e3)
core   0: 3 0x80000118 (0x0017f693) x13 0x00000001
core   0: 3 0x8000011c (0xfff70713) x14 0x00000002
core   0: 3 0x80000120 (0x0017d793) x15 0x7f86533e
core   0: 3 0x80000124 (0x00068463)
core   0: 3 0x80000128 (0x00c7c7b3) x15 0x923ed01e
core   0: 3 0x8000012c (0xfe0716e3)
core   0: 3 0x80000118 (0x0017f693) x13 0x00000000
core   0: 3 0x8000011c (0xfff70713) x14 0x00000001
core   0: 3 0x80000120 (0x0017d793) x15 0x491f680f
core   0: 3 0x80000124 (0x00068463)
core   0: 3 0x8000012c (0xfe0716e3)
core   0: 3 0x80000118 (0x0017f693) x13 0x00000001
core   0: 3 0x8000011c (0xfff70713) x14 0x00000000
core   0: 3 0x80000120 (0x0017d793) x15 0x248fb407
core   0: 3 0x80000124 (0x00068463)
core   0: 3 0x80000128 (0x00c7c7b3) x15 0xc9373727
core   0: 3 0x8000012c (0xfe0716e3)
core   0: 3 0x80000130 (0x00158593) x11 0x800001d7
core   0: 3 0x80000134 (0xfca59ce3)
core   0: 3 0x8000010c (0x0005c683) x13 0x00000069 mem 0x800001d7
core   0: 3 0x80000110 (0x00800713) x14 0x00000008
core   0: 3 0x80000114 (0x00d7c7b3) x15 0xc937374e
core   0: 3 0x80000118 (0x0017f693) x13 0x00000000
core   0: 3 0x8000011c (0xfff70713) x14 0x00000007
core   0: 3 0x80000120 (0x0017d793) x15 0x649b9ba7
core   0: 3 0x80000124 (0x00068463)
core   0: 3 0x8000012c (0xfe0716e3)
core   0: 3 0x80000118 (0x0017f693) x13 0x00000001
core   0: 3 0x8000011c (0xfff70713) x14 0x00000006
core   0: 3 0x80000120 (0x0017d793) x15 0x324dcdd3
core   0: 3 0x80000124 (0x00068463)
core   0: 3 0x80000128 (0x00c7c7b3) x15 0xdff54ef3
core   0: 3 0x8000012c (0xfe0716e3)
core   0: 3 0x80000118 (0x0017f693) x13 0x00000001
core   0: 3 0x8000011c (0xfff70713) x14 0x00000005
core   0: 3 0x80000120 (0x0017d793) x15 0x6ffaa779
core   0: 3 0x80000124 (0x00068463)
core   0: 3 0x80000128 (0x00c7c7b3) x15 0x82422459
core   0: 3 0x8000012c (0xfe0716e3)
core   0: 3 0x80000118 (0x0017f693) x13 0x00000001
core   0: 3 0x8000011c (0xfff70713) x14 0x00000004
core   0: 3 0x80000120 (0x0017d793) x15 0x4121122c
core   0: 3 0x80000124 (0x00068463)
core   0: 3 0x80000128 (0x00c7c7b3) x15 0xac99910c
core   0: 3 0x8000012c (0xfe0716e3)
core   0: 3 0x80000118 (0x0017f693) x13 0x00000000
core   0: 3 0x8000011c (0xfff70713) x14 0x00000003
core   0: 3 0x80000120 (0x0017d793) x15 0x564cc886
core   0: 3 0x80000124 (0x00068463)
core   0: 3 0x8000012c (0xfe0716e3)
core   0: 3 0x80000118 (0x0017f693) x13 0x00000000
core   0: 3 0x8000011c (0xfff70713) x14 0x00000002
core   0: 3 0x80000120 (0x0017d793) x15 0x2b266443
core   0: 3 0x80000124 (0x00068463)
core   0: 3 0x8000012c (0xfe0716e3)
core   0: 3 0x80000118 (0x0017f693) x13 0x00000001
core   0: 3 0x8000011c (0xfff70713) x14 0x00000001
core   0: 3 0x80000120 (0x0017d793) x15 0x15933221
core   0: 3 0x80000124 (0x00068463)
core   0: 3 0x80000128 (0x00c7c7b3) x15 0xf82bb101
core   0: 3 0x8000012c (0xfe0716e3)
core   0: 3 0x80000118 (0x0017f693) x13 0x00000001
core   0: 3 0x8000011c (0xfff70713) x14 0x00000000
core   0: 3 0x80000120 (0x0017d793) x15 0x7c15d880
core   0: 3 0x80000124 (0x00068463)
core   0: 3 0x80000128 (0x00c7c7b3) x15 0x91ad5ba0
core   0: 3 0x8000012c (0xfe0716e3)
core   0: 3 0x80000130 (0x00158593) x11 0x800001d8
core   0: 3 0x80000134 (0xfca59ce3)
core   0: 3 0x8000010c (0x0005c683) x13 0x0000004c mem 0x800001d8
core   0: 3 0x80000110 (0x00800713) x14 0x00000008
core   0: 3 0x80000114 (0x00d7c7b3) x15 0x91ad5bec
core   0: 3 0x80000118 (0x0017f693) x13 0x00000000
core   0: 3 0x8000011c (0xfff70713) x14 0x00000007
core   0: 3 0x80000120 (0x0017d793) x15 0x48d6adf6
core   0: 3 0x80000124 (0x00068463)
core   0: 3 0x8000012c (0xfe0716e3)
core   0: 3 0x80000118 (0x0017f693) x13 0x00000000
core   0: 3 0x8000011c (0xfff70713) x14 0x00000006
core   0: 3 0x80000120 (0x0017d793) x15 0x246b56fb
core   0: 3 0x80000124 (0x00068463)
core   0: 3 0x8000012c (0xfe0716e3)
core   0: 3 0x80000118 (0x0017f693) x13 0x00000001
core   0: 3 0x8000011c (0xfff70713) x14 0x00000005
core   0: 3 0x80000120 (0x0017d793) x15 0x1235ab7d
core   0: 3 0x80000124 (0x00068463)
core   0: 3 0x80000128 (0x00c7c7b3) x15 0xff8d285d
core   0: 3 0x8000012c (0xfe0716e3)
core   0: 3 0x80000118 (0x0017f693) x13 0x00000001
core   0: 3 0x8000011c (0xfff70713) x14 0x00000004
core   0: 3 0x80000120 (0x0017d793) x15 0x7fc6942e
core   0: 3 0x80000124 (0x00068463)
core   0: 3 0x80000128 (0x00c7c7b3) x15 0x927e170e
core   0: 3 0x8000012c (0xfe0716e3)
core   0: 3 0x80000118 (0x0017f693) x13 0x00000000
core   0: 3 0x8000011c (0xfff70713) x14 0x00000003
core   0: 3 0x80000120 (0x0017d793) x15 0x493f0b87
core   0: 3 0x80000124 (0x00068463)
core   0: 3 0x8000012c (0xfe0716e3)
core   0: 3 0x80000118 (0x0017f693) x13 0x00000001
core   0: 3 0x8000011c (0xfff70713) x14 0x00000002
core   0: 3 0x80000120 (0x0017d793) x15 0x249f85c3
core   0: 3 0x80000124 (0x00068463)
core   0: 3 0x80000128 (0x00c7c7b3) x15 0xc92706e3
core   0: 3 0x8000012c (0xfe0716e3)
core   0: 3 0x80000118 (0x0017f693) x13 0x00000001
core   0: 3 0x8000011c (0xfff70713) x14 0x00000001
core   0: 3 0x80000120 (0x0017d793) x15 0x64938371
core   0: 3 0x80000124 (0x00068463)
core   0: 3 0x80000128 (0x00c7c7b3) x15 0x892b0051
core   0: 3 0x8000012c (0xfe0716e3)
core   0: 3 0x80000118 (0x0017f693) x13 0x00000001
core   0: 3 0x8000011c (0xfff70713) x14 0x00000000
core   0: 3 0x80000120 (0x0017d793) x15 0x44958028
core   0: 3 0x80000124 (0x00068463)
core   0: 3 0x80000128 (0x00c7c7b3) x15 0xa92d0308
core   0: 3 0x8000012c (0xfe0716e3)
core   0: 3 0x80000130 (0x00158593) x11 0x800001d9
core   0: 3 0x80000134 (0xfca59ce3)
core   0: 3 0x8000010c (0x0005c683) x13 0x0000009b mem 0x800001d9
core   0: 3 0x80000110 (0x00800713) x14 0x00000008
core   0: 3 0x80000114 (0x00d7c7b3) x15 0xa92d0393
core   0: 3 0x80000118 (0x0017f693) x13 0x00000001
core   0: 3 0x8000011c (0xfff70713) x14 0x00000007
core   0: 3 0x80000120 (0x0017d793) x15 0x549681c9
core   0: 3 0x80000124 (0x00068463)
core   0: 3 0x80000128 (0x00c7c7b3) x15 0xb92e02e9
core   0: 3 0x8000012c (0xfe0716e3)
core   0: 3 0x80000118 (0x0017f693) x13 0x00000001
core   0: 3 0x8000011c (0xfff70713) x14 0x00000006
core   0: 3 0x80000120 (0x0017d793) x15 0x5c970174
core   0: 3 0x80000124 (0x00068463)
core   0: 3 0x80000128 (0x00c7c7b3) x15 0xb12f8254
core   0: 3 0x8000012c (0xfe0716e3)
core   0: 3 0x80000118 (0x0017f693) x13 0x00000000
core   0: 3 0x8000011c (0xfff70713) x14 0x00000005
core   0: 3 0x80000120 (0x0017d793) x15 0x5897c12a
core   0: 3 0x80000124 (0x00068463)
core   0: 3 0x8000012c (0xfe0716e3)
core   0: 3 0x80000118 (0x0017f693) x13 0x00000000
core   0: 3 0x8000011c (0xfff70713) x14 0x00000004
core   0: 3 0x80000120 (0x0017d793) x15 0x2c4be095
core   0: 3 0x80000124 (0x00068463)
core   0: 3 0x8000012c (0xfe0716e3)
core   0: 3 0x80000118 (0x0017f693) x13 0x00000001
core   0: 3 0x8000011c (0xfff70713) x14 0x00000003
core   0: 3 0x80000120 (0x0017d793) x15 0x1625f04a
core   0: 3 0x80000124 (0x00068463)
core   0: 3 0x80000128 (0x00c7c7b3) x15 0xfb9d736a
core   0: 3 0x8000012c (0xfe0716e3)
core   0: 3 0x80000118 (0x0017f693) x13 0x00000000
core   0: 3 0x8000011c (0xfff70713) x14 0x00000002
core   0: 3 0x80000120 (0x0017d793) x15 0x7dceb9b5
core   0: 3 0x80000124 (0x00068463)
core   0: 3 0x8000012c (0xfe0716e3)
core   0: 3 0x80000118 (0x0017f693) x13 0x00000001
core   0: 3 0x8000011c (0xfff70713) x14 0x00000001
core   0: 3 0x80000120 (0x0017d793) x15 0x3ee75cda
core   0: 3 0x80000124 (0x00068463)
core   0: 3 0x80000128 (0x00c7c7b3) x15 0xd35fdffa
core   0: 3 0x8000012c (0xfe0716e3)
core   0: 3 0x80000118 (0x0017f693) x13 0x00000000
core   0: 3 0x8000011c (0xfff70713) x14 0x00000000
core   0: 3 0x80000120 (0x0017d793) x15 0x69afeffd
core   0: 3 0x80000124 (0x00068463)
core   0: 3 0x8000012c (0xfe0716e3)
core   0: 3 0x80000130 (0x00158593) x11 0x800001da
core   0: 3 0x80000134 (0xfca59ce3)
core   0: 3 0x8000010c (0x0005c683) x13 0x00000038 mem 0x800001da
core   0: 3 0x80000110 (0x00800713) x14 0x00000008
core   0: 3 0x80000114 (0x00d7c7b3) x15 0x69afefc5
core   0: 3 0x80000118 (0x0017f693) x13 0x00000001
core   0: 3 0x8000011c (0xfff70713) x14 0x00000007
core   0: 3 0x80000120 (0x0017d793) x15 0x34d7f7e2
core   0: 3 0x80000124 (0x00068463)
core   0: 3 0x80000128 (0x00c7c7b3) x15 0xd96f74c2
core   0: 3 0x8000012c (0xfe0716e3)
core   0: 3 0x80000118 (0x0017f693) x13 0x00000000
core   0: 3 0x8000011c (0xfff70713) x14 0x00000006
core   0: 3 0x80000120 (0x0017d793) x15 0x6cb7ba61
core   0: 3 0x80000124 (0x00068463)
core   0: 3 0x8000012c (0xfe0716e3)
core   0: 3 0x80000118 (0x0017f693) x13 0x00000001
core   0: 3 0x8000011c (0xfff70713) x14 0x00000005
core   0: 3 0x80000120 (0x0017d793) x15 0x365bdd30
core   0: 3 0x80000124 (0x00068463)
core   0: 3 0x80000128 (0x00c7c7b3) x15 0xdbe35e10
core   0: 3 0x8000012c (0xfe0716e3)
core   0: 3 0x80000118 (0x0017f693) x13 0x00000000
core   0: 3 0x8000011c (0xfff70713) x14 0x00000004
core   0: 3 0x80000120 (0x0017d793) x15 0x6df1af08
core   0: 3 0x80000124 (0x00068463)
core   0: 3 0x8000012c (0xfe0716e3)
core   0: 3 0x80000118 (0x0017f693) x13 0x00000000
core   0: 3 0x8000011c (0xfff70713) x14 0x00000003
core   0: 3 0x80000120 (0x0017d793) x15 0x36f8d784
core   0: 3 0x80000124 (0x00068463)
core   0: 3 0x8000012c (0xfe0716e3)
core   0: 3 0x80000118 (0x0017f693) x13 0x00000000
core   0: 3 0x8000011c (0xfff70713) x14 0x00000002
core   0: 3 0x80000120 (0x0017d793) x15 0x1b7c6bc2
core   0: 3 0x80000124 (0x00068463)
core   0: 3 0x8000012c (0xfe0716e3)
core   0: 3 0x80000118 (0x0017f693) x13 0x00000000
core   0: 3 0x8000011c (0xfff70713) x14 0x00000001
core   0: 3 0x80000120 (0x0017d793) x15 0x0dbe35e1
core   0: 3 0x80000124 (0x00068463)
core   0: 3 0x8000012c (0xfe0716e3)
core   0: 3 0x80000118 (0x0017f693) x13 0x00000001
core   0: 3 0x8000011c (0xfff70713) x14 0x00000000
core   0: 3 0x80000120 (0x0017d793) x15 0x06df1af0
core   0: 3 0x80000124 (0x00068463)
core   0: 3 0x80000128 (0x00c7c7b3) x15 0xeb6799d0
core   0: 3 0x8000012c (0xfe0716e3)
core   0: 3 0x80000130 (0x00158593) x11 0x800001db
core   0: 3 0x80000134 (0xfca59ce3)
core   0: 3 0x8000010c (0x0005c683) x13 0x00000087 mem 0x800001db
core   0: 3 0x80000110 (0x00800713) x14 0x00000008
core   0: 3 0x80000114 (0x00d7c7b3) x15 0xeb679957
core   0: 3 0x80000118 (0x0017f693) x13 0x00000001
core   0: 3 0x8000011c (0xfff70713) x14 0x00000007
core   0: 3 0x80000120 (0x0017d793) x15 0x75b3ccab
core   0: 3 0x80000124 (0x00068463)
core   0: 3 0x80000128 (0x00c7c7b3) x15 0x980b4f8b
core   0: 3 0x8000012c (0xfe0716e3)
core   0: 3 0x80000118 (0x0017f693) x13 0x00000001
core   0: 3 0x8000011c (0xfff70713) x14 0x00000006
core   0: 3 0x80000120 (0x0017d793) x15 0x4c05a7c5
core   0: 3 0x80000124 (0x00068463)
core   0: 3 0x80000128 (0x00c7c7b3) x15 0xa1bd24e5
core   0: 3 0x8000012c (0xfe0716e3)
core   0: 3 0x80000118 (0x0017f693) x13 0x00000001
core   0: 3 0x8000011c (0xfff70713) x14 0x00000005
core   0: 3 0x80000120 (0x0017d793) x15 0x50de9272
core   0: 3 0x80000124 (0x00068463)
core   0: 3 0x80000128 (0x00c7c7b3) x15 0xbd661152
core   0: 3 0x8000012c (0xfe0716e3)
core   0: 3 0x80000118 (0x0017f693) x13 0x00000000
core   0: 3 0x8000011c (0xfff70713) x14 0x00000004
core   0: 3 0x80000120 (0x0017d793) x15 0x5eb308a9
core   0: 3 0x80000124 (0x00068463)
core   0: 3 0x8000012c (0xfe0716e3)
core   0: 3 0x80000118 (0x0017f693) x13 0x00000001
core   0: 3 0x8000011c (0xfff70713) x14 0x00000003
core   0: 3 0x80000120 (0x0017d793) x15 0x2f598454
core   0: 3 0x80000124 (0x00068463)
core   0: 3 0x80000128 (0x00c7c7b3) x15 0xc2e10774
core   0: 3 0x8000012c (0xfe0716e3)
core   0: 3 0x80000118 (0x0017f693) x13 0x00000000
core   0: 3 0x8000011c (0xfff70713) x14 0x00000002
core   0: 3 0x80000120 (0x0017d793) x15 0x617083ba
core   0: 3 0x80000124 (0x00068463)
core   0: 3 0x8000012c (0xfe0716e3)
core   0: 3 0x80000118 (0x0017f693) x13 0x00000000
core   0: 3 0x8000011c (0xfff70713) x14 0x00000001
core   0: 3 0x80000120 (0x0017d793) x15 0x30b841dd
core   0: 3 0x80000124 (0x00068463)
core   0: 3 0x8000012c (0xfe0716e3)
core   0: 3 0x80000118 (0x0017f693) x13 0x00000001
core   0: 3 0x8000011c (0xfff70713) x14 0x00000000
core   0: 3 0x80000120 (0x0017d793) x15 0x185c20ee
core   0: 3 0x80000124 (0x00068463)
core   0: 3 0x80000128 (0x00c7c7b3) x15 0xf5e4a3ce
core   0: 3 0x8000012c (0xfe0716e3)
core   0: 3 0x80000130 (0x00158593) x11 0x800001dc
core   0: 3 0x80000134 (0xfca59ce3)
core   0: 3 0x8000010c (0x0005c683) x13 0x00000095 mem 0x800001dc
core   0: 3 0x80000110 (0x00800713) x14 0x00000008
core   0: 3 0x80000114 (0x00d7c7b3) x15 0xf5e4a35b
core   0: 3 0x80000118 (0x0017f693) x13 0x00000001
core   0: 3 0x8000011c (0xfff70713) x14 0x00000007
core   0: 3 0x80000120 (0x0017d793) x15 0x7af251ad
core   0: 3 0x80000124 (0x00068463)
core   0: 3 0x80000128 (0x00c7c7b3) x15 0x974ad28d
core   0: 3 0x8000012c (0xfe0716e3)
core   0: 3 0x80000118 (0x0017f693) x13 0x00000001
core   0: 3 0x8000011c (0xfff70713) x14 0x00000006
core   0: 3 0x80000120 (0x0017d793) x15 0x4ba56946
core   0: 3 0x80000124 (0x00068463)
core   0: 3 0x80000128 (0x00c7c7b3) x15 0xa61dea66
core   0: 3 0x8000012c (0xfe0716e3)
core   0: 3 0x80000118 (0x0017f693) x13 0x00000000
core   0: 3 0x8000011c (0xfff70713) x14 0x00000005
core   0: 3 0x80000120 (0x0017d793) x15 0x530ef533
core   0: 3 0x80000124 (0x00068463)
core   0: 3 0x8000012c (0xfe0716e3)
core   0: 3 0x80000118 (0x0017f693) x13 0x00000001
core   0: 3 0x8000011c (0xfff70713) x14 0x00000004
core   0: 3 0x80000120 (0x0017d793) x15 0x29877a99
core   0: 3 0x80000124 (0x00068463)
core   0: 3 0x80000128 (0x00c7c7b3) x15 0xc43ff9b9
core   0: 3 0x8000012c (0xfe0716e3)
core   0: 3 0x80000118 (0x0017f693) x13 0x00000001
core   0: 3 0x8000011c (0xfff70713) x14 0x00000003
core   0: 3 0x80000120 (0x0017d793) x15 0x621ffcdc
core   0: 3 0x80000124 (0x00068463)
core   0: 3 0x80000128 (0x00c7c7b3) x15 0x8fa77ffc
core   0: 3 0x8000012c (0xfe0716e3)
core   0: 3 0x80000118 (0x0017f693) x13 0x00000000
core   0: 3 0x8000011c (0xfff70713) x14 0x00000002
core   0: 3 0x80000120 (0x0017d793) x15 0x47d3bffe
core   0: 3 0x80000124 (0x00068463)
core   0: 3 0x8000012c (0xfe0716e3)
core   0: 3 0x80000118 (0x0017f693) x13 0x00000000
core   0: 3 0x8000011c (0xfff70713) x14 0x00000001
core   0: 3 0x80000120 (0x0017d793) x15 0x23e9dfff
core   0: 3 0x80000124 (0x00068463)
core   0: 3 0x8000012c (0xfe0716e3)
core   0: 3 0x80000118 (0x0017f693) x13 0x00000001
core   0: 3 0x8000011c (0xfff70713) x14 0x00000000
core   0: 3 0x80000120 (0x0017d793) x15 0x11f4efff
core   0: 3 0x80000124 (0x00068463)
core   0: 3 0x80000128 (0x00c7c7b3) x15 0xfc4c6cdf
core   0: 3 0x8000012c (0xfe0716e3)
core   0: 3 0x80000130 (0x00158593) x11 0x800001dd
core   0: 3 0x80000134 (0xfca59ce3)
core   0: 3 0x8000010c (0x0005c683) x13 0x000000ad mem 0x800001dd
core   0: 3 0x80000110 (0x00800713) x14 0x00000008
core   0: 3 0x80000114 (0x00d7c7b3) x15 0xfc4c6c72
core   0: 3 0x80000118 (0x0017f693) x13 0x00000000
core   0: 3 0x8000011c (0xfff70713) x14 0x00000007
core   0: 3 0x80000120 (0x0017d793) x15 0x7e263639
core   0: 3 0x80000124 (0x00068463)
core   0: 3 0x8000012c (0xfe0716e3)
core   0: 3 0x80000118 (0x0017f693) x13 0x00000001
core   0: 3 0x8000011c (0xfff70713) x14 0x00000006
core   0: 3 0x80000120 (0x0017d793) x15 0x3f131b1c
core   0: 3 0x80000124 (0x00068463)
core   0: 3 0x80000128 (0x00c7c7b3) x15 0xd2ab983c
core   0: 3 0x8000012c (0xfe0716e3)
core   0: 3 0x80000118 (0x0017f693) x13 0x00000000
core   0: 3 0x8000011c (0xfff70713) x14 0x00000005
core   0: 3 0x80000120 (0x0017d793) x15 0x6955cc1e
core   0: 3 0x80000124 (0x00068463)
core   0: 3 0x8000012c (0xfe0716e3)
core   0: 3 0x80000118 (0x0017f693) x13 0x00000000
core   0: 3 0x8000011c (0xfff70713) x14 0x00000004
core   0: 3 0x80000120 (0x0017d793) x15 0x34aae60f
core   0: 3 0x80000124 (0x00068463)
core   0: 3 0x8000012c (0xfe0716e3)
core   0: 3 0x80000118 (0x0017f693) x13 0x00000001
core   0: 3 0x8000011c (0xfff70713) x14 0x00000003
core   0: 3 0x80000120 (0x0017d793) x15 0x1a557307
core   0: 3 0x80000124 (0x00068463)
core   0: 3 0x80000128 (0x00c7c7b3) x15 0xf7edf027
core   0: 3 0x8000012c (0xfe0716e3)
core   0: 3 0x80000118 (0x0017f693) x13 0x00000001
core   0: 3 0x8000011c (0xfff70713) x14 0x00000002
core   0: 3 0x80000120 (0x0017d793) x15 0x7bf6f813
core   0: 3 0x80000124 (0x00068463)
core   0: 3 0x80000128 (0x00c7c7b3) x15 0x964e7b33
core   0: 3 0x8000012c (0xfe0716e3)
core   0: 3 0x80000118 (0x0017f693) x13 0x00000001
core   0: 3 0x8000011c (0xfff70713) x14 0x00000001
core   0: 3 0x80000120 (0x0017d793) x15 0x4b273d99
core   0: 3 0x80000124 (0x00068463)
core   0: 3 0x80000128 (0x00c7c7b3) x15 0xa69fbeb9
core   0: 3 0x8000012c (0xfe0716e3)
core   0: 3 0x80000118 (0x0017f693) x13 0x00000001
core   0: 3 0x8000011c (0xfff70713) x14 0x00000000
core   0: 3 0x80000120 (0x0017d793) x15 0x534fdf5c
core   0: 3 0x80000124 (0x00068463)
core   0: 3 0x80000128 (0x00c7c7b3) x15 0xbef75c7c
core   0: 3 0x8000012c (0xfe0716e3)
core   0: 3 0x80000130 (0x00158593) x11 0x800001de
core   0: 3 0x80000134 (0xfca59ce3)
core   0: 3 0x8000010c (0x0005c683) x13 0x000000a5 mem 0x800001de
core   0: 3 0x80000110 (0x00800713) x14 0x00000008
core   0: 3 0x80000114 (0x00d7c7b3) x15 0xbef75cd9
core   0: 3 0x80000118 (0x0017f693) x13 0x00000001
core   0: 3 0x8000011c (0xfff70713) x14 0x00000007
core   0: 3 0x80000120 (0x0017d793) x15 0x5f7bae6c
core   0: 3 0x80000124 (0x00068463)
core   0: 3 0x80000128 (0x00c7c7b3) x15 0xb2c32d4c
core   0: 3 0x8000012c (0xfe0716e3)
core   0: 3 0x80000118 (0x0017f693) x13 0x00000000
core   0: 3 0x8000011c (0xfff70713) x14 0x00000006
core   0: 3 0x80000120 (0x0017d793) x15 0x596196a6
core   0: 3 0x80000124 (0x00068463)
core   0: 3 0x8000012c (0xfe0716e3)
core   0: 3 0x80000118 (0x0017f693) x13 0x00000000
core   0: 3 0x8000011c (0xfff70713) x14 0x00000005
core   0: 3 0x80000120 (0x0017d793) x15 0x2cb0cb53
core   0: 3 0x80000124 (0x00068463)
core   0: 3 0x8000012c (0xfe0716e3)
core   0: 3 0x80000118 (0x0017f693) x13 0x00000001
core   0: 3 0x8000011c (0xfff70713) x14 0x00000004
core   0: 3 0x80000120 (0x0017d793) x15 0x165865a9
core   0: 3 0x80000124 (0x00068463)
core   0: 3 0x80000128 (0x00c7c7b3) x15 0xfbe0e689
core   0: 3 0x8000012c (0xfe0716e3)
core   0: 3 0x80000118 (0x0017f693) x13 0x00000001
core   0: 3 0x8000011c (0xfff70713) x14 0x00000003
core   0: 3 0x80000120 (0x0017d793) x15 0x7df07344
core   0: 3 0x80000124 (0x00068463)
core   0: 3 0x80000128 (0x00c7c7b3) x15 0x9048f064
core   0: 3 0x8000012c (0xfe0716e3)
core   0: 3 0x80000118 (0x0017f693) x13 0x00000000
core   0: 3 0x8000011c (0xfff70713) x14 0x00000002
core   0: 3 0x80000120 (0x0017d793) x15 0x48247832
core   0: 3 0x80000124 (0x00068463)
core   0: 3 0x8000012c (0xfe0716e3)
core   0: 3 0x80000118 (0x0017f693) x13 0x00000000
core   0: 3 0x8000011c (0xfff70713) x14 0x00000001
core   0: 3 0x80000120 (0x0017d793) x15 0x24123c19
core   0: 3 0x80000124 (0x00068463)
core   0: 3 0x8000012c (0xfe0716e3)
core   0: 3 0x80000118 (0x0017f693) x13 0x00000001
core   0: 3 0x8000011c (0xfff70713) x14 0x00000000
core   0: 3 0x80000120 (0x0017d793) x15 0x12091e0c
core   0: 3 0x80000124 (0x00068463)
core   0: 3 0x80000128 (0x00c7c7b3) x15 0xffb19d2c
core   0: 3 0x8000012c (0xfe0716e3)
core   0: 3 0x80000130 (0x00158593) x11 0x800001df
core   0: 3 0x80000134 (0xfca59ce3)
core   0: 3 0x8000010c (0x0005c683) x13 0x00000015 mem 0x800001df
core   0: 3 0x80000110 (0x00800713) x14 0x00000008
core   0: 3 0x80000114 (0x00d7c7b3) x15 0xffb19d39
core   0: 3 0x80000118 (0x0017f693) x13 0x00000001
core   0: 3 0x8000011c (0xfff70713) x14 0x00000007
core   0: 3 0x80000120 (0x0017d793) x15 0x7fd8ce9c
core   0: 3 0x80000124 (0x00068463)
core   0: 3 0x80000128 (0x00c7c7b3) x15 0x92604dbc
core   0: 3 0x8000012c (0xfe0716e3)
core   0: 3 0x80000118 (0x0017f693) x13 0x00000000
core   0: 3 0x8000011c (0xfff70713) x14 0x00000006
core   0: 3 0x80000120 (0x0017d793) x15 0x493026de
core   0: 3 0x80000124 (0x00068463)
core   0: 3 0x8000012c (0xfe0716e3)
core   0: 3 0x80000118 (0x0017f693) x13 0x00000000
core   0: 3 0x8000011c (0xfff70713) x14 0x00000005
core   0: 3 0x80000120 (0x0017d793) x15 0x2498136f
core   0: 3 0x80000124 (0x00068463)
core   0: 3 0x8000012c (0xfe0716e3)
core   0: 3 0x80000118 (0x0017f693) x13 0x00000001
core   0: 3 0x8000011c (0xfff70713) x14 0x00000004
core   0: 3 0x80000120 (0x0017d793) x15 0x124c09b7
core   0: 3 0x80000124 (0x00068463)
core   0: 3 0x80000128 (0x00c7c7b3) x15 0xfff48a97
core   0: 3 0x8000012c (0xfe0716e3)
core   0: 3 0x80000118 (0x0017f693) x13 0x00000001
core   0: 3 0x8000011c (0xfff70713) x14 0x00000003
core   0: 3 0x80000120 (0x0017d793) x15 0x7ffa454b
core   0: 3 0x80000124 (0x00068463)
core   0: 3 0x80000128 (0x00c7c7b3) x15 0x9242c66b
core   0: 3 0x8000012c (0xfe0716e3)
core   0: 3 0x80000118 (0x0017f693) x13 0x00000001
core   0: 3 0x8000011c (0xfff70713) x14 0x00000002
core   0: 3 0x80000120 (0x0017d793) x15 0x49216335
core   0: 3 0x80000124 (0x00068463)
core   0: 3 0x80000128 (0x00c7c7b3) x15 0xa499e015
core   0: 3 0x8000012c (0xfe0716e3)
core   0: 3 0x80000118 (0x0017f693) x13 0x00000001
core   0: 3 0x8000011c (0xfff70713) x14 0x00000001
core   0: 3 0x80000120 (0x0017d793) x15 0x524cf00a
core   0: 3 0x80000124 (0x00068463)
core   0: 3 0x80000128 (0x00c7c7b3) x15 0xbff4732a
core   0: 3 0x8000012c (0xfe0716e3)
core   0: 3 0x80000118 (0x0017f693) x13 0x00000000
core   0: 3 0x8000011c (0xfff70713) x14 0x00000000
core   0: 3 0x80000120 (0x0017d793) x15 0x5ffa3995
core   0: 3 0x80000124 (0x00068463)
core   0: 3 0x8000012c (0xfe0716e3)
core   0: 3 0x80000130 (0x00158593) x11 0x800001e0
core   0: 3 0x80000134 (0xfca59ce3)
core   0: 3 0x8000010c (0x0005c683) x13 0x00000049 mem 0x800001e0
core   0: 3 0x80000110 (0x00800713) x14 0x00000008
core   0: 3 0x80000114 (0x00d7c7b3) x15 0x5ffa39dc
core   0: 3 0x80000118 (0x0017f693) x13 0x00000000
core   0: 3 0x8000011c (0xfff70713) x14 0x00000007
core   0: 3 0x80000120 (0x0017d793) x15 0x2ffd1cee
core   0: 3 0x80000124 (0x00068463)
core   0: 3 0x8000012c (0xfe0716e3)
core   0: 3 0x80000118 (0x0017f693) x13 0x00000000
core   0: 3 0x8000011c (0xfff70713) x14 0x00000006
core   0: 3 0x80000120 (0x0017d793) x15 0x17fe8e77
core   0: 3 0x80000124 (0x00068463)
core   0: 3 0x8000012c (0xfe0716e3)
core   0: 3 0x80000118 (0x0017f693) x13 0x00000001
core   0: 3 0x8000011c (0xfff70713) x14 0x00000005
core   0: 3 0x80000120 (0x0017d793) x15 0x0bff473b
core   0: 3 0x80000124 (0x00068463)
core   0: 3 0x80000128 (0x00c7c7b3) x15 0xe647c41b
core   0: 3 0x8000012c (0xfe0716e3)
core   0: 3 0x80000118 (0x0017f693) x13 0x00000001
core   0: 3 0x8000011c (0xfff70713) x14 0x00000004
core   0: 3 0x80000120 (0x0017d793) x15 0x7323e20d
core   0: 3 0x80000124 (0x00068463)
core   0: 3 0x80000128 (0x00c7c7b3) x15 0x9e9b612d
core   0: 3 0x8000012c (0xfe0716e3)
core   0: 3 0x80000118 (0x0017f693) x13 0x00000001
core   0: 3 0x8000011c (0xfff70713) x14 0x00000003
core   0: 3 0x80000120 (0x0017d793) x15 0x4f4db096
core   0: 3 0x80000124 (0x00068463)
core   0: 3 0x80000128 (0x00c7c7b3) x15 0xa2f533b6
core   0: 3 0x8000012c (0xfe0716e3)
core   0: 3 0x80000118 (0x0017f693) x13 0x00000000
core   0: 3 0x8000011c (0xfff70713) x14 0x00000002
core   0: 3 0x80000120 (0x0017d793) x15 0x517a99db
core   0: 3 0x80000124 (0x00068463)
core   0: 3 0x8000012c (0xfe0716e3)
core   0: 3 0x80000118 (0x0017f693) x13 0x00000001
core   0: 3 0x8000011c (0xfff70713) x14 0x00000001
core   0: 3 0x80000120 (0x0017d793) x15 0x28bd4ced
core   0: 3 0x80000124 (0x00068463)
core   0: 3 0x80000128 (0x00c7c7b3) x15 0xc505cfcd
core   0: 3 0x8000012c (0xfe0716e3)
core   0: 3 0x80000118 (0x0017f693) x13 0x00000001
core   0: 3 0x8000011c (0xfff70713) x14 0x00000000
core   0: 3 0x80000120 (0x0017d793) x15 0x6282e7e6
core   0: 3 0x80000124 (0x00068463)
core   0: 3 0x80000128 (0x00c7c7b3) x15 0x8f3a64c6
core   0: 3 0x8000012c (0xfe0716e3)
core   0: 3 0x80000130 (0x00158593) x11 0x800001e1
core   0: 3 0x80000134 (0xfca59ce3)
core   0: 3 0x8000010c (0x0005c683) x13 0x00000040 mem 0x800001e1
core   0: 3 0x80000110 (0x00800713) x14 0x00000008
core   0: 3 0x80000114 (0x00d7c7b3) x15 0x8f3a6486
core   0: 3 0x80000118 (0x0017f693) x13 0x00000000
core   0: 3 0x8000011c (0xfff70713) x14 0x00000007
core   0: 3 0x80000120 (0x0017d793) x15 0x479d3243
core   0: 3 0x80000124 (0x00068463)
core   0: 3 0x8000012c (0xfe0716e3)
core   0: 3 0x80000118 (0x0017f693) x13 0x00000001
core   0: 3 0x8000011c (0xfff70713) x14 0x00000006
core   0: 3 0x80000120 (0x0017d793) x15 0x23ce9921
core   0: 3 0x80000124 (0x00068463)
core   0: 3 0x80000128 (0x00c7c7b3) x15 0xce761a01
core   0: 3 0x8000012c (0xfe0716e3)
core   0: 3 0x80000118 (0x0017f693) x13 0x00000001
core   0: 3 0x8000011c (0xfff70713) x14 0x00000005
core   0: 3 0x80000120 (0x0017d793) x15 0x673b0d00
core   0: 3 0x80000124 (0x00068463)
core   0: 3 0x80000128 (0x00c7c7b3) x15 0x8a838e20
core   0: 3 0x8000012c (0xfe0716e3)
core   0: 3 0x80000118 (0x0017f693) x13 0x00000000
core   0: 3 0x8000011c (0xfff70713) x14 0x00000004
core   0: 3 0x80000120 (0x0017d793) x15 0x4541c710
core   0: 3 0x80000124 (0x00068463)
core   0: 3 0x8000012c (0xfe0716e3)
core   0: 3 0x80000118 (0x0017f693) x13 0x00000000
core   0: 3 0x8000011c (0xfff70713) x14 0x00000003
core   0: 3 0x80000120 (0x0017d793) x15 0x22a0e388
core   0: 3 0x80000124 (0x00068463)
core   0: 3 0x8000012c (0xfe0716e3)
core   0: 3 0x80000118 (0x0017f693) x13 0x00000000
core   0: 3 0x8000011c (0xfff70713) x14 0x00000002
core   0: 3 0x80000120 (0x0017d793) x15 0x115071c4
core   0: 3 0x80000124 (0x00068463)
core   0: 3 0x8000012c (0xfe0716e3)
core   0: 3 0x80000118 (0x0017f693) x13 0x00000000
core   0: 3 0x8000011c (0xfff70713) x14 0x00000001
core   0: 3 0x80000120 (0x0017d793) x15 0x08a838e2
core   0: 3 0x80000124 (0x00068463)
core   0: 3 0x8000012c (0xfe0716e3)
core   0: 3 0x80000118 (0x0017f693) x13 0x00000000
core   0: 3 0x8000011c (0xfff70713) x14 0x00000000
core   0: 3 0x80000120 (0x0017d793) x15 0x04541c71
core   0: 3 0x80000124 (0x00068463)
core   0: 3 0x8000012c (0xfe0716e3)
core   0: 3 0x80000130 (0x00158593) x11 0x800001e2
core   0: 3 0x80000134 (0xfca59ce3)
core   0: 3 0x8000010c (0x0005c683) x13 0x0000000f mem 0x800001e2
core   0: 3 0x80000110 (0x00800713) x14 0x00000008
core   0: 3 0x80000114 (0x00d7c7b3) x15 0x04541c7e
core   0: 3 0x80000118 (0x0017f693) x13 0x00000000
core   0: 3 0x8000011c (0xfff70713) x14 0x00000007
core   0: 3 0x80000120 (0x0017d793) x15 0x022a0e3f
core   0: 3 0x80000124 (0x00068463)
core   0: 3 0x8000012c (0xfe0716e3)
core   0: 3 0x80000118 (0x0017f693) x13 0x00000001
core   0: 3 0x8000011c (0xfff70713) x14 0x00000006
core   0: 3 0x80000120 (0x0017d793) x15 0x0115071f
core   0: 3 0x80000124 (0x00068463)
core   0: 3 0x80000128 (0x00c7c7b3) x15 0xecad843f
core   0: 3 0x8000012c (0xfe0716e3)
core   0: 3 0x80000118 (0x0017f693) x13 0x00000001
core   0: 3 0x8000011c (0xfff70713) x14 0x00000005
core   0: 3 0x80000120 (0x0017d793) x15 0x7656c21f
core   0: 3 0x80000124 (0x00068463)
core   0: 3 0x80000128 (0x00c7c7b3) x15 0x9bee413f
core   0: 3 0x8000012c (0xfe0716e3)
core   0: 3 0x80000118 (0x0017f693) x13 0x00000001
core   0: 3 0x8000011c (0xfff70713) x14 0x00000004
core   0: 3 0x80000120 (0x0017d793) x15 0x4df7209f
core   0: 3 0x80000124 (0x00068463)
core   0: 3 0x80000128 (0x00c7c7b3) x15 0xa04fa3bf
core   0: 3 0x8000012c (0xfe0716e3)
core   0: 3 0x80000118 (0x0017f693) x13 0x00000001
core   0: 3 0x8000011c (0xfff70713) x14 0x00000003
core   0: 3 0x80000120 (0x0017d793) x15 0x5027d1df
core   0: 3 0x80000124 (0x00068463)
core   0: 3 0x80000128 (0x00c7c7b3) x15 0xbd9f52ff
core   0: 3 0x8000012c (0xfe0716e3)
core   0: 3 0x80000118 (0x0017f693) x13 0x00000001
core   0: 3 0x8000011c (0xfff70713) x14 0x00000002
core   0: 3 0x80000120 (0x0017d793) x15 0x5ecfa97f
core   0: 3 0x80000124 (0x00068463)
core   0: 3 0x80000128 (0x00c7c7b3) x15 0xb3772a5f
core   0: 3 0x8000012c (0xfe0716e3)
core   0: 3 0x80000118 (0x0017f693) x13 0x00000001
core   0: 3 0x8000011c (0xfff70713) x14 0x00000001
core   0: 3 0x80000120 (0x0017d793) x15 0x59bb952f
core   0: 3 0x80000124 (0x00068463)
core   0: 3 0x80000128 (0x00c7c7b3) x15 0xb403160f
core   0: 3 0x8000012c (0xfe0716e3)
core   0: 3 0x80000118 (0x0017f693) x13 0x00000001
core   0: 3 0x8000011c (0xfff70713) x14 0x00000000
core   0: 3 0x80000120 (0x0017d793) x15 0x5a018b07
core   0: 3 0x80000124 (0x00068463)
core   0: 3 0x80000128 (0x00c7c7b3) x15 0xb7b90827
core   0: 3 0x8000012c (0xfe0716e3)
core   0: 3 0x80000130 (0x00158593) x11 0x800001e3
core   0: 3 0x80000134 (0xfca59ce3)
core   0: 3 0x8000010c (0x0005c683) x13 0x00000026 mem 0x800001e3
core   0: 3 0x80000110 (0x00800713) x14 0x00000008
core   0: 3 0x80000114 (0x00d7c7b3) x15 0xb7b90801
core   0: 3 0x80000118 (0x0017f693) x13 0x00000001
core   0: 3 0x8000011c (0xfff70713) x14 0x00000007
core   0: 3 0x80000120 (0x0017d793) x15 0x5bdc8400
core   0: 3 0x80000124 (0x00068463)
core   0: 3 0x80000128 (0x00c7c7b3) x15 0xb6640720
core   0: 3 0x8000012c (0xfe0716e3)
core   0: 3 0x80000118 (0x0017f693) x13 0x00000000
core   0: 3 0x8000011c (0xfff70713) x14 0x00000006
core   0: 3 0x80000120 (0x0017d793) x15 0x5b320390
core   0: 3 0x80000124 (0x00068463)
core   0: 3 0x8000012c (0xfe0716e3)
core   0: 3 0x80000118 (0x0017f693) x13 0x00000000
core   0: 3 0x8000011c (0xfff70713) x14 0x00000005
core   0: 3 0x80000120 (0x0017d793) x15 0x2d9901c8
core   0: 3 0x80000124 (0x00068463)
core   0: 3 0x8000012c (0xfe0716e3)
core   0: 3 0x80000118 (0x0017f693) x13 0x00000000
core   0: 3 0x8000011c (0xfff70713) x14 0x00000004
core   0: 3 0x80000120 (0x0017d793) x15 0x16cc80e4
core   0: 3 0x80000124 (0x00068463)
core   0: 3 0x8000012c (0xfe0716e3)
core   0: 3 0x80000118 (0x0017f693) x13 0x00000000
core   0: 3 0x8000011c (0xfff70713) x14 0x00000003
core   0: 3 0x80000120 (0x0017d793) x15 0x0b664072
core   0: 3 0x80000124 (0x00068463)
core   0: 3 0x8000012c (0xfe0716e3)
core   0: 3 0x80000118 (0x0017f693) x13 0x00000000
core   0: 3 0x8000011c (0xfff70713) x14 0x00000002
core   0: 3 0x80000120 (0x0017d793) x15 0x05b32039
core   0: 3 0x80000124 (0x00068463)
core   0: 3 0x8000012c (0xfe0716e3)
core   0: 3 0x80000118 (0x0017f693) x13 0x00000001
core   0: 3 0x8000011c (0xfff70713) x14 0x00000001
core   0: 3 0x80000120 (0x0017d793) x15 0x02d9901c
core   0: 3 0x80000124 (0x00068463)
core   0: 3 0x80000128 (0x00c7c7b3) x15 0xef61133c
core   0: 3 0x8000012c (0xfe0716e3)
core   0: 3 0x80000118 (0x0017f693) x13 0x00000000
core   0: 3 0x8000011c (0xfff70713) x14 0x00000000
core   0: 3 0x80000120 (0x0017d793) x15 0x77b0899e
core   0: 3 0x80000124 (0x00068463)
core   0: 3 0x8000012c (0xfe0716e3)
core   0: 3 0x80000130 (0x00158593) x11 0x800001e4
core   0: 3 0x80000134 (0xfca59ce3)
core   0: 3 0x8000010c (0x0005c683) x13 0x000000ca mem 0x800001e4
core   0: 3 0x80000110 (0x00800713) x14 0x00000008
core   0: 3 0x80000114 (0x00d7c7b3) x15 0x77b08954
core   0: 3 0x80000118 (0x0017f693) x13 0x00000000
core   0: 3 0x8000011c (0xfff70713) x14 0x00000007
core   0: 3 0x80000120 (0x0017d793) x15 0x3bd844aa
core   0: 3 0x80000124 (0x00068463)
core   0: 3 0x8000012c (0xfe0716e3)
core   0: 3 0x80000118 (0x0017f693) x13 0x00000000
core   0: 3 0x8000011c (0xfff70713) x14 0x00000006
core   0: 3 0x80000120 (0x0017d793) x15 0x1dec2255
core   0: 3 0x80000124 (0x00068463)
core   0: 3 0x8000012c (0xfe0716e3)
core   0: 3 0x80000118 (0x0017f693) x13 0x00000001
core   0: 3 0x8000011c (0xfff70713) x14 0x00000005
core   0: 3 0x80000120 (0x0017d793) x15 0x0ef6112a
core   0: 3 0x80000124 (0x00068463)
core   0: 3 0x80000128 (0x00c7c7b3) x15 0xe34e920a
core   0: 3 0x8000012c (0xfe0716e3)
core   0: 3 0x80000118 (0x0017f693) x13 0x00000000
core   0: 3 0x8000011c (0xfff70713) x14 0x00000004
core   0: 3 0x80000120 (0x0017d793) x15 0x71a74905
core   0: 3 0x80000124 (0x00068463)
core   0: 3 0x8000012c (0xfe0716e3)
core   0: 3 0x80000118 (0x0017f693) x13 0x00000001
core   0: 3 0x8000011c (0xfff70713) x14 0x00000003
core   0: 3 0x80000120 (0x0017d793) x15 0x38d3a482
core   0: 3 0x80000124 (0x00068463)
core   0: 3 0x80000128 (0x00c7c7b3) x15 0xd56b27a2
core   0: 3 0x8000012c (0xfe0716e3)
core   0: 3 0x80000118 (0x0017f693) x13 0x00000000
core   0: 3 0x8000011c (0xfff70713) x14 0x00000002
core   0: 3 0x80000120 (0x0017d793) x15 0x6ab593d1
core   0: 3 0x80000124 (0x00068463)
core   0: 3 0x8000012c (0xfe0716e3)
core   0: 3 0x80000118 (0x0017f693) x13 0x00000001
core   0: 3 0x8000011c (0xfff70713) x14 0x00000001
core   0: 3 0x80000120 (0x0017d793) x15 0x355ac9e8
core   0: 3 0x80000124 (0x00068463)
core   0: 3 0x80000128 (0x00c7c7b3) x15 0xd8e24ac8
core   0: 3 0x8000012c (0xfe0716e3)
core   0: 3 0x80000118 (0x0017f693) x13 0x00000000
core   0: 3 0x8000011c (0xfff70713) x14 0x00000000
core   0: 3 0x80000120 (0x0017d793) x15 0x6c712564
core   0: 3 0x80000124 (0x00068463)
core   0: 3 0x8000012c (0xfe0716e3)
core   0: 3 0x80000130 (0x00158593) x11 0x800001e5
core   0: 3 0x80000134 (0xfca59ce3)
core   0: 3 0x8000010c (0x0005c683) x13 0x00000060 mem 0x800001e5
core   0: 3 0x80000110 (0x00800713) x14 0x00000008
core   0: 3 0x80000114 (0x00d7c7b3) x15 0x6c712504
core   0: 3 0x80000118 (0x0017f693) x13 0x00000000
core   0: 3 0x8000011c (0xfff70713) x14 0x00000007
core   0: 3 0x80000120 (0x0017d793) x15 0x36389282
core   0: 3 0x80000124 (0x00068463)
core   0: 3 0x8000012c (0xfe0716e3)
core   0: 3 0x80000118 (0x0017f693) x13 0x00000000
core   0: 3 0x8000011c (0xfff70713) x14 0x00000006
core   0: 3 0x80000120 (0x0017d793) x15 0x1b1c4941
core   0: 3 0x80000124 (0x00068463)
core   0: 3 0x8000012c (0xfe0716e3)
core   0: 3 0x80000118 (0x0017f693) x13 0x00000001
core   0: 3 0x8000011c (0xfff70713) x14 0x00000005
core   0: 3 0x80000120 (0x0017d793) x15 0x0d8e24a0
core   0: 3 0x80000124 (0x00068463)
core   0: 3 0x80000128 (0x00c7c7b3) x15 0xe036a780
core   0: 3 0x8000012c (0xfe0716e3)
core   0: 3 0x80000118 (0x0017f693) x13 0x00000000
core   0: 3 0x8000011c (0xfff70713) x14 0x00000004
core   0: 3 0x80000120 (0x0017d793) x15 0x701b53c0
core   0: 3 0x80000124 (0x00068463)
core   0: 3 0x8000012c (0xfe0716e3)
core   0: 3 0x80000118 (0x0017f693) x13 0x00000000
core   0: 3 0x8000011c (0xfff70713) x14 0x00000003
core   0: 3 0x80000120 (0x0017d793) x15 0x380da9e0
core   0: 3 0x80000124 (0x00068463)
core   0: 3 0x8000012c (0xfe0716e3)
core   0: 3 0x80000118 (0x0017f693) x13 0x00000000
core   0: 3 0x8000011c (0xfff70713) x14 0x00000002
core   0: 3 0x80000120 (0x0017d793) x15 0x1c06d4f0
core   0: 3 0x80000124 (0x00068463)
core   0: 3 0x8000012c (0xfe0716e3)
core   0: 3 0x80000118 (0x0017f693) x13 0x00000000
core   0: 3 0x8000011c (0xfff70713) x14 0x00000001
core   0: 3 0x80000120 (0x0017d793) x15 0x0e036a78
core   0: 3 0x80000124 (0x00068463)
core   0: 3 0x8000012c (0xfe0716e3)
core   0: 3 0x80000118 (0x0017f693) x13 0x00000000
core   0: 3 0x8000011c (0xfff70713) x14 0x00000000
core   0: 3 0x80000120 (0x0017d793) x15 0x0701b53c
core   0: 3 0x80000124 (0x00068463)
core   0: 3 0x8000012c (0xfe0716e3)
core   0: 3 0x80000130 (0x00158593) x11 0x800001e6
core   0: 3 0x80000134 (0xfca59ce3)
core   0: 3 0x8000010c (0x0005c683) x13 0x00000006 mem 0x800001e6
core   0: 3 0x80000110 (0x00800713) x14 0x00000008
core   0: 3 0x80000114 (0x00d7c7b3) x15 0x0701b53a
core   0: 3 0x80000118 (0x0017f693) x13 0x00000000
core   0: 3 0x8000011c (0xfff70713) x14 0x00000007
core   0: 3 0x80000120 (0x0017d793) x15 0x0380da9d
core   0: 3 0x80000124 (0x00068463)
core   0: 3 0x8000012c (0xfe0716e3)
core   0: 3 0x80000118 (0x0017f693) x13 0x00000001
core   0: 3 0x8000011c (0xfff70713) x14 0x00000006
core   0: 3 0x80000120 (0x0017d793) x15 0x01c06d4e
core   0: 3 0x80000124 (0x00068463)
core   0: 3 0x80000128 (0x00c7c7b3) x15 0xec78ee6e
core   0: 3 0x8000012c (0xfe0716e3)
core   0: 3 0x80000118 (0x0017f693) x13 0x00000000
core   0: 3 0x8000011c (0xfff70713) x14 0x00000005
core   0: 3 0x80000120 (0x0017d793) x15 0x763c7737
core   0: 3 0x80000124 (0x00068463)
core   0: 3 0x8000012c (0xfe0716e3)
core   0: 3 0x80000118 (0x0017f693) x13 0x00000001
core   0: 3 0x8000011c (0xfff70713) x14 0x00000004
core   0: 3 0x80000120 (0x0017d793) x15 0x3b1e3b9b
core   0: 3 0x80000124 (0x00068463)
core   0: 3 0x80000128 (0x00c7c7b3) x15 0xd6a6b8bb
core   0: 3 0x8000012c (0xfe0716e3)
core   0: 3 0x80000118 (0x0017f693) x13 0x00000001
core   0: 3 0x8000011c (0xfff70713) x14 0x00000003
core   0: 3 0x80000120 (0x0017d793) x15 0x6b535c5d
core   0: 3 0x80000124 (0x00068463)
core   0: 3 0x80000128 (0x00c7c7b3) x15 0x86ebdf7d
core   0: 3 0x8000012c (0xfe0716e3)
core   0: 3 0x80000118 (0x0017f693) x13 0x00000001
core   0: 3 0x8000011c (0xfff70713) x14 0x00000002
core   0: 3 0x80000120 (0x0017d793) x15 0x4375efbe
core   0: 3 0x80000124 (0x00068463)
core   0: 3 0x80000128 (0x00c7c7b3) x15 0xaecd6c9e
core   0: 3 0x8000012c (0xfe0716e3)
core   0: 3 0x80000118 (0x0017f693) x13 0x00000000
core   0: 3 0x8000011c (0xfff70713) x14 0x00000001
core   0: 3 0x80000120 (0x0017d793) x15 0x5766b64f
core   0: 3 0x80000124 (0x00068463)
core   0: 3 0x8000012c (0xfe0716e3)
core   0: 3 0x80000118 (0x0017f693) x13 0x00000001
core   0: 3 0x8000011c (0xfff70713) x14 0x00000000
core   0: 3 0x80000120 (0x0017d793) x15 0x2bb35b27
core   0: 3 0x80000124 (0x00068463)
core   0: 3 0x80000128 (0x00c7c7b3) x15 0xc60bd807
core   0: 3 0x8000012c (0xfe0716e3)
core   0: 3 0x80000130 (0x00158593) x11 0x800001e7
core   0: 3 0x80000134 (0xfca59ce3)
core   0: 3 0x8000010c (0x0005c683) x13 0x000000ec mem 0x800001e7
core   0: 3 0x80000110 (0x00800713) x14 0x00000008
core   0: 3 0x80000114 (0x00d7c7b3) x15 0xc60bd8eb
core   0: 3 0x80000118 (0x0017f693) x13 0x00000001
core   0: 3 0x8000011c (0xfff70713) x14 0x00000007
core   0: 3 0x80000120 (0x0017d793) x15 0x6305ec75
core   0: 3 0x80000124 (0x00068463)
core   0: 3 0x80000128 (0x00c7c7b3) x15 0x8ebd6f55
core   0: 3 0x8000012c (0xfe0716e3)
core   0: 3 0x80000118 (0x0017f693) x13 0x00000001
core   0: 3 0x8000011c (0xfff70713) x14 0x00000006
core   0: 3 0x80000120 (0x0017d793) x15 0x475eb7aa
core   0: 3 0x80000124 (0x00068463)
core   0: 3 0x80000128 (0x00c7c7b3) x15 0xaae6348a
core   0: 3 0x8000012c (0xfe0716e3)
core   0: 3 0x80000118 (0x0017f693) x13 0x00000000
core   0: 3 0x8000011c (0xfff70713) x14 0x00000005
core   0: 3 0x80000120 (0x0017d793) x15 0x55731a45
core   0: 3 0x80000124 (0x00068463)
core   0: 3 0x8000012c (0xfe0716e3)
core   0: 3 0x80000118 (0x0017f693) x13 0x00000001
core   0: 3 0x8000011c (0xfff70713) x14 0x00000004
core   0: 3 0x80000120 (0x0017d793) x15 0x2ab98d22
core   0: 3 0x80000124 (0x00068463)
core   0: 3 0x80000128 (0x00c7c7b3) x15 0xc7010e02
core   0: 3 0x8000012c (0xfe0716e3)
core   0: 3 0x80000118 (0x0017f693) x13 0x00000000
core   0: 3 0x8000011c (0xfff70713) x14 0x00000003
core   0: 3 0x80000120 (0x0017d793) x15 0x63808701
core   0: 3 0x80000124 (0x00068463)
core   0: 3 0x8000012c (0xfe0716e3)
core   0: 3 0x80000118 (0x0017f693) x13 0x00000001
core   0: 3 0x8000011c (0xfff70713) x14 0x00000002
core   0: 3 0x80000120 (0x0017d793) x15 0x31c04380
core   0: 3 0x80000124 (0x00068463)
core   0: 3 0x80000128 (0x00c7c7b3) x15 0xdc78c0a0
core   0: 3 0x8000012c (0xfe0716e3)
core   0: 3 0x80000118 (0x0017f693) x13 0x00000000
core   0: 3 0x8000011c (0xfff70713) x14 0x00000001
core   0: 3 0x80000120 (0x0017d793) x15 0x6e3c6050
core   0: 3 0x80000124 (0x00068463)
core   0: 3 0x8000012c (0xfe0716e3)
core   0: 3 0x80000118 (0x0017f693) x13 0x00000000
core   0: 3 0x8000011c (0xfff70713) x14 0x00000000
core   0: 3 0x80000120 (0x0017d793) x15 0x371e3028
core   0: 3 0x80000124 (0x00068463)
core   0: 3 0x8000012c (0xfe0716e3)
core   0: 3 0x80000130 (0x00158593) x11 0x800001e8
core   0: 3 0x80000134 (0xfca59ce3)
core   0: 3 0x8000010c (0x0005c683) x13 0x0000002b mem 0x800001e8
core   0: 3 0x80000110 (0x00800713) x14 0x00000008
core   0: 3 0x80000114 (0x00d7c7b3) x15 0x371e3003
core   0: 3 0x80000118 (0x0017f693) x13 0x00000001
core   0: 3 0x8000011c (0xfff70713) x14 0x00000007
core   0: 3 0x80000120 (0x0017d793) x15 0x1b8f1801
core   0: 3 0x80000124 (0x00068463)
core   0: 3 0x80000128 (0x00c7c7b3) x15 0xf6379b21
core   0: 3 0x8000012c (0xfe0716e3)
core   0: 3 0x80000118 (0x0017f693) x13 0x00000001
core   0: 3 0x8000011c (0xfff70713) x14 0x00000006
core   0: 3 0x80000120 (0x0017d793) x15 0x7b1bcd90
core   0: 3 0x80000124 (0x00068463)
core   0: 3 0x80000128 (0x00c7c7b3) x15 0x96a34eb0
core   0: 3 0x8000012c (0xfe0716e3)
core   0: 3 0x80000118 (0x0017f693) x13 0x00000000
core   0: 3 0x8000011c (0xfff70713) x14 0x00000005
core   0: 3 0x80000120 (0x0017d793) x15 0x4b51a758
core   0: 3 0x80000124 (0x00068463)
core   0: 3 0x8000012c (0xfe0716e3)
core   0: 3 0x80000118 (0x0017f693) x13 0x00000000
core   0: 3 0x8000011c (0xfff70713) x14 0x00000004
core   0: 3 0x80000120 (0x0017d793) x15 0x25a8d3ac
core   0: 3 0x80000124 (0x00068463)
core   0: 3 0x8000012c (0xfe0716e3)
core   0: 3 0x80000118 (0x0017f693) x13 0x00000000
core   0: 3 0x8000011c (0xfff70713) x14 0x00000003
core   0: 3 0x80000120 (0x0017d793) x15 0x12d469d6
core   0: 3 0x80000124 (0x00068463)
core   0: 3 0x8000012c (0xfe0716e3)
core   0: 3 0x80000118 (0x0017f693) x13 0x00000000
core   0: 3 0x8000011c (0xfff70713) x14 0x00000002
core   0: 3 0x80000120 (0x0017d793) x15 0x096a34eb
core   0: 3 0x80000124 (0x00068463)
core   0: 3 0x8000012c (0xfe0716e3)
core   0: 3 0x80000118 (0x0017f693) x13 0x00000001
core   0: 3 0x8000011c (0xfff70713) x14 0x00000001
core   0: 3 0x80000120 (0x0017d793) x15 0x04b51a75
core   0: 3 0x80000124 (0x00068463)
core   0: 3 0x80000128 (0x00c7c7b3) x15 0xe90d9955
core   0: 3 0x8000012c (0xfe0716e3)
core   0: 3 0x80000118 (0x0017f693) x13 0x00000001
core   0: 3 0x8000011c (0xfff70713) x14 0x00000000
core   0: 3 0x80000120 (0x0017d793) x15 0x7486ccaa
core   0: 3 0x80000124 (0x00068463)
core   0: 3 0x80000128 (0x00c7c7b3) x15 0x993e4f8a
core   0: 3 0x8000012c (0xfe0716e3)
core   0: 3 0x80000130 (0x00158593) x11 0x800001e9
core   0: 3 0x80000134 (0xfca59ce3)
core   0: 3 0x8000010c (0x0005c683) x13 0x000000cc mem 0x800001e9
core   0: 3 0x80000110 (0x00800713) x14 0x00000008
core   0: 3 0x80000114 (0x00d7c7b3) x15 0x993e4f46
core   0: 3 0x80000118 (0x0017f693) x13 0x00000000
core   0: 3 0x8000011c (0xfff70713) x14 0x00000007
core   0: 3 0x80000120 (0x0017d793) x15 0x4c9f27a3
core   0: 3 0x80000124 (0x00068463)
core   0: 3 0x8000012c (0xfe0716e3)
core   0: 3 0x80000118 (0x0017f693) x13 0x00000001
core   0: 3 0x8000011c (0xfff70713) x14 0x00000006
core   0: 3 0x80000120 (0x0017d793) x15 0x264f93d1
core   0: 3 0x80000124 (0x00068463)
core   0: 3 0x80000128 (0x00c7c7b3) x15 0xcbf710f1
core   0: 3 0x8000012c (0xfe0716e3)
core   0: 3 0x80000118 (0x0017f693) x13 0x00000001
core   0: 3 0x8000011c (0xfff70713) x14 0x00000005
core   0: 3 0x80000120 (0x0017d793) x15 0x65fb8878
core   0: 3 0x80000124 (0x00068463)
core   0: 3 0x80000128 (0x00c7c7b3) x15 0x88430b58
core   0: 3 0x8000012c (0xfe0716e3)
core   0: 3 0x80000118 (0x0017f693) x13 0x00000000
core   0: 3 0x8000011c (0xfff70713) x14 0x00000004
core   0: 3 0x80000120 (0x0017d793) x15 0x442185ac
core   0: 3 0x80000124 (0x00068463)
core   0: 3 0x8000012c (0xfe0716e3)
core   0: 3 0x80000118 (0x0017f693) x13 0x00000000
core   0: 3 0x8000011c (0xfff70713) x14 0x00000003
core   0: 3 0x80000120 (0x0017d793) x15 0x2210c2d6
core   0: 3 0x80000124 (0x00068463)
core   0: 3 0x8000012c (0xfe0716e3)
core   0: 3 0x80000118 (0x0017f693) x13 0x00000000
core   0: 3 0x8000011c (0xfff70713) x14 0x00000002
core   0: 3 0x80000120 (0x0017d793) x15 0x1108616b
core   0: 3 0x80000124 (0x00068463)
core   0: 3 0x8000012c (0xfe0716e3)
core   0: 3 0x80000118 (0x0017f693) x13 0x00000001
core   0: 3 0x8000011c (0xfff70713) x14 0x00000001
core   0: 3 0x80000120 (0x0017d793) x15 0x088430b5
core   0: 3 0x80000124 (0x00068463)
core   0: 3 0x80000128 (0x00c7c7b3) x15 0xe53cb395
core   0: 3 0x8000012c (0xfe0716e3)
core   0: 3 0x80000118 (0x0017f693) x13 0x00000001
core   0: 3 0x8000011c (0xfff70713) x14 0x00000000
core   0: 3 0x80000120 (0x0017d793) x15 0x729e59ca
core   0: 3 0x80000124 (0x00068463)
core   0: 3 0x80000128 (0x00c7c7b3) x15 0x9f26daea
core   0: 3 0x8000012c (0xfe0716e3)
core   0: 3 0x80000130 (0x00158593) x11 0x800001ea
core   0: 3 0x80000134 (0xfca59ce3)
core   0: 3 0x8000010c (0x0005c683) x13 0x00000092 mem 0x800001ea
core   0: 3 0x80000110 (0x00800713) x14 0x00000008
core   0: 3 0x80000114 (0x00d7c7b3) x15 0x9f26da78
core   0: 3 0x80000118 (0x0017f693) x13 0x00000000
core   0: 3 0x8000011c (0xfff70713) x14 0x00000007
core   0: 3 0x80000120 (0x0017d793) x15 0x4f936d3c
core   0: 3 0x80000124 (0x00068463)
core   0: 3 0x8000012c (0xfe0716e3)
core   0: 3 0x80000118 (0x0017f693) x13 0x00000000
core   0: 3 0x8000011c (0xfff70713) x14 0x00000006
core   0: 3 0x80000120 (0x0017d793) x15 0x27c9b69e
core   0: 3 0x80000124 (0x00068463)
core   0: 3 0x8000012c (0xfe0716e3)
core   0: 3 0x80000118 (0x0017f693) x13 0x00000000
core   0: 3 0x8000011c (0xfff70713) x14 0x00000005
core   0: 3 0x80000120 (0x0017d793) x15 0x13e4db4f
core   0: 3 0x80000124 (0x00068463)
core   0: 3 0x8000012c (0xfe0716e3)
core   0: 3 0x80000118 (0x0017f693) x13 0x00000001
core   0: 3 0x8000011c (0xfff70713) x14 0x00000004
core   0: 3 0x80000120 (0x0017d793) x15 0x09f26da7
core   0: 3 0x80000124 (0x00068463)
core   0: 3 0x80000128 (0x00c7c7b3) x15 0xe44aee87
core   0: 3 0x8000012c (0xfe0716e3)
core   0: 3 0x80000118 (0x0017f693) x13 0x00000001
core   0: 3 0x8000011c (0xfff70713) x14 0x00000003
core   0: 3 0x80000120 (0x0017d793) x15 0x72257743
core   0: 3 0x80000124 (0x00068463)
core   0: 3 0x80000128 (0x00c7c7b3) x15 0x9f9df463
core   0: 3 0x8000012c (0xfe0716e3)
core   0: 3 0x80000118 (0x0017f693) x13 0x00000001
core   0: 3 0x8000011c (0xfff70713) x14 0x00000002
core   0: 3 0x80000120 (0x0017d793) x15 0x4fcefa31
core   0: 3 0x80000124 (0x00068463)
core   0: 3 0x80000128 (0x00c7c7b3) x15 0xa2767911
core   0: 3 0x8000012c (0xfe0716e3)
core   0: 3 0x80000118 (0x0017f693) x13 0x00000001
core   0: 3 0x8000011c (0xfff70713) x14 0x00000001
core   0: 3 0x80000120 (0x0017d793) x15 0x513b3c88
core   0: 3 0x80000124 (0x00068463)
core   0: 3 0x80000128 (0x00c7c7b3) x15 0xbc83bfa8
core   0: 3 0x8000012c (0xfe0716e3)
core   0: 3 0x80000118 (0x0017f693) x13 0x00000000
core   0: 3 0x8000011c (0xfff70713) x14 0x00000000
core   0: 3 0x80000120 (0x0017d793) x15 0x5e41dfd4
core   0: 3 0x80000124 (0x00068463)
core   0: 3 0x8000012c (0xfe0716e3)
core   0: 3 0x80000130 (0x00158593) x11 0x800001eb
core   0: 3 0x80000134 (0xfca59ce3)
core   0: 3 0x8000010c (0x0005c683) x13 0x0000003f mem 0x800001eb
core   0: 3 0x80000110 (0x00800713) x14 0x00000008
core   0: 3 0x80000114 (0x00d7c7b3) x15 0x5e41dfeb
core   0: 3 0x80000118 (0x0017f693) x13 0x00000001
core   0: 3 0x8000011c (0xfff70713) x14 0x00000007
core   0: 3 0x80000120 (0x0017d793) x15 0x2f20eff5
core   0: 3 0x80000124 (0x00068463)
core   0: 3 0x80000128 (0x00c7c7b3) x15 0xc2986cd5
core   0: 3 0x8000012c (0xfe0716e3)
core   0: 3 0x80000118 (0x0017f693) x13 0x00000001
core   0: 3 0x8000011c (0xfff70713) x14 0x00000006
core   0: 3 0x80000120 (0x0017d793) x15 0x614c366a
core   0: 3 0x80000124 (0x00068463)
core   0: 3 0x80000128 (0x00c7c7b3) x15 0x8cf4b54a
core   0: 3 0x8000012c (0xfe0716e3)
core   0: 3 0x80000118 (0x0017f693) x13 0x00000000
core   0: 3 0x8000011c (0xfff70713) x14 0x00000005
core   0: 3 0x80000120 (0x0017d793) x15 0x467a5aa5
core   0: 3 0x80000124 (0x00068463)
core   0: 3 0x8000012c (0xfe0716e3)
core   0: 3 0x80000118 (0x0017f693) x13 0x00000001
core   0: 3 0x8000011c (0xfff70713) x14 0x00000004
core   0: 3 0x80000120 (0x0017d793) x15 0x233d2d52
core   0: 3 0x80000124 (0x00068463)
core   0: 3 0x80000128 (0x00c7c7b3) x15 0xce85ae72
core   0: 3 0x8000012c (0xfe0716e3)
core   0: 3 0x80000118 (0x0017f693) x13 0x00000000
core   0: 3 0x8000011c (0xfff70713) x14 0x00000003
core   0: 3 0x80000120 (0x0017d793) x15 0x6742d739
core   0: 3 0x80000124 (0x00068463)
core   0: 3 0x8000012c (0xfe0716e3)
core   0: 3 0x80000118 (0x0017f693) x13 0x00000001
core   0: 3 0x8000011c (0xfff70713) x14 0x00000002
core   0: 3 0x80000120 (0x0017d793) x15 0x33a16b9c
core   0: 3 0x80000124 (0x00068463)
core   0: 3 0x80000128 (0x00c7c7b3) x15 0xde19e8bc
core   0: 3 0x8000012c (0xfe0716e3)
core   0: 3 0x80000118 (0x0017f693) x13 0x00000000
core   0: 3 0x8000011c (0xfff70713) x14 0x00000001
core   0: 3 0x80000120 (0x0017d793) x15 0x6f0cf45e
core   0: 3 0x80000124 (0x00068463)
core   0: 3 0x8000012c (0xfe0716e3)
core   0: 3 0x80000118 (0x0017f693) x13 0x00000000
core   0: 3 0x8000011c (0xfff70713) x14 0x00000000
core   0: 3 0x80000120 (0x0017d793) x15 0x37867a2f
core   0: 3 0x80000124 (0x00068463)
core   0: 3 0x8000012c (0xfe0716e3)
core   0: 3 0x80000130 (0x00158593) x11 0x800001ec
core   0: 3 0x80000134 (0xfca59ce3)
core   0: 3 0x8000010c (0x0005c683) x13 0x000000ca mem 0x800001ec
core   0: 3 0x80000110 (0x00800713) x14 0x00000008
core   0: 3 0x80000114 (0x00d7c7b3) x15 0x37867ae5
core   0: 3 0x80000118 (0x0017f693) x13 0x00000001
core   0: 3 0x8000011c (0xfff70713) x14 0x00000007
core   0: 3 0x80000120 (0x0017d793) x15 0x1bc33d72
core   0: 3 0x80000124 (0x00068463)
core   0: 3 0x80000128 (0x00c7c7b3) x15 0xf67bbe52
core   0: 3 0x8000012c (0xfe0716e3)
core   0: 3 0x80000118 (0x0017f693) x13 0x00000000
core   0: 3 0x8000011c (0xfff70713) x14 0x00000006
core   0: 3 0x80000120 (0x0017d793) x15 0x7b3ddf29
core   0: 3 0x80000124 (0x00068463)
core   0: 3 0x8000012c (0xfe0716e3)
core   0: 3 0x80000118 (0x0017f693) x13 0x00000001
core   0: 3 0x8000011c (0xfff70713) x14 0x00000005
core   0: 3 0x80000120 (0x0017d793) x15 0x3d9eef94
core   0: 3 0x80000124 (0x00068463)
core   0: 3 0x80000128 (0x00c7c7b3) x15 0xd0266cb4
core   0: 3 0x8000012c (0xfe0716e3)
core   0: 3 0x80000118 (0x0017f693) x13 0x00000000
core   0: 3 0x8000011c (0xfff70713) x14 0x00000004
core   0: 3 0x80000120 (0x0017d793) x15 0x6813365a
core   0: 3 0x80000124 (0x00068463)
core   0: 3 0x8000012c (0xfe0716e3)
core   0: 3 0x80000118 (0x0017f693) x13 0x00000000
core   0: 3 0x8000011c (0xfff70713) x14 0x00000003
core   0: 3 0x80000120 (0x0017d793) x15 0x34099b2d
core   0: 3 0x80000124 (0x00068463)
core   0: 3 0x8000012c (0xfe0716e3)
core   0: 3 0x80000118 (0x0017f693) x13 0x00000001
core   0: 3 0x8000011c (0xfff70713) x14 0x00000002
core   0: 3 0x80000120 (0x0017d793) x15 0x1a04cd96
core   0: 3 0x80000124 (0x00068463)
core   0: 3 0x80000128 (0x00c7c7b3) x15 0xf7bc4eb6
core   0: 3 0x8000012c (0xfe0716e3)
core   0: 3 0x80000118 (0x0017f693) x13 0x00000000
core   0: 3 0x8000011c (0xfff70713) x14 0x00000001
core   0: 3 0x80000120 (0x0017d793) x15 0x7bde275b
core   0: 3 0x80000124 (0x00068463)
core   0: 3 0x8000012c (0xfe0716e3)
core   0: 3 0x80000118 (0x0017f693) x13 0x00000001
core   0: 3 0x8000011c (0xfff70713) x14 0x00000000
core   0: 3 0x80000120 (0x0017d793) x15 0x3def13ad
core   0: 3 0x80000124 (0x00068463)
core   0: 3 0x80000128 (0x00c7c7b3) x15 0xd057908d
core   0: 3 0x8000012c (0xfe0716e3)
core   0: 3 0x80000130 (0x00158593) x11 0x800001ed
core   0: 3 0x80000134 (0xfca59ce3)
core   0: 3 0x8000010c (0x0005c683) x13 0x0000005b mem 0x800001ed
core   0: 3 0x80000110 (0x00800713) x14 0x00000008
core   0: 3 0x80000114 (0x00d7c7b3) x15 0xd05790d6
core   0: 3 0x80000118 (0x0017f693) x13 0x00000000
core   0: 3 0x8000011c (0xfff70713) x14 0x00000007
core   0: 3 0x80000120 (0x0017d793) x15 0x682bc86b
core   0: 3 0x80000124 (0x00068463)
core   0: 3 0x8000012c (0xfe0716e3)
core   0: 3 0x80000118 (0x0017f693) x13 0x00000001
core   0: 3 0x8000011c (0xfff70713) x14 0x00000006
core   0: 3 0x80000120 (0x0017d793) x15 0x3415e435
core   0: 3 0x80000124 (0x00068463)
core   0: 3 0x80000128 (0x00c7c7b3) x15 0xd9ad6715
core   0: 3 0x8000012c (0xfe0716e3)
core   0: 3 0x80000118 (0x0017f693) x13 0x00000001
core   0: 3 0x8000011c (0xfff70713) x14 0x00000005
core   0: 3 0x80000120 (0x0017d793) x15 0x6cd6b38a
core   0: 3 0x80000124 (0x00068463)
core   0: 3 0x80000128 (0x00c7c7b3) x15 0x816e30aa
core   0: 3 0x8000012c (0xfe0716e3)
core   0: 3 0x80000118 (0x0017f693) x13 0x00000000
core   0: 3 0x8000011c (0xfff70713) x14 0x00000004
core   0: 3 0x80000120 (0x0017d793) x15 0x40b71855
core   0: 3 0x80000124 (0x00068463)
core   0: 3 0x8000012c (0xfe0716e3)
core   0: 3 0x80000118 (0x0017f693) x13 0x00000001
core   0: 3 0x8000011c (0xfff70713) x14 0x00000003
core   0: 3 0x80000120 (0x0017d793) x15 0x205b8c2a
core   0: 3 0x80000124 (0x00068463)
core   0: 3 0x80000128 (0x00c7c7b3) x15 0xcde30f0a
core   0: 3 0x8000012c (0xfe0716e3)
core   0: 3 0x80000118 (0x0017f693) x13 0x00000000
core   0: 3 0x8000011c (0xfff70713) x14 0x00000002
core   0: 3 0x80000120 (0x0017d793) x15 0x66f18785
core   0: 3 0x80000124 (0x00068463)
core   0: 3 0x8000012c (0xfe0716e3)
core   0: 3 0x80000118 (0x0017f693) x13 0x00000001
core   0: 3 0x8000011c (0xfff70713) x14 0x00000001
core   0: 3 0x80000120 (0x0017d793) x15 0x3378c3c2
core   0: 3 0x80000124 (0x00068463)
core   0: 3 0x80000128 (0x00c7c7b3) x15 0xdec040e2
core   0: 3 0x8000012c (0xfe0716e3)
core   0: 3 0x80000118 (0x0017f693) x13 0x00000000
core   0: 3 0x8000011c (0xfff70713) x14 0x00000000
core   0: 3 0x80000120 (0x0017d793) x15 0x6f602071
core   0: 3 0x80000124 (0x00068463)
core   0: 3 0x8000012c (0xfe0716e3)
core   0: 3 0x80000130 (0x00158593) x11 0x800001ee
core   0: 3 0x80000134 (0xfca59ce3)
core   0: 3 0x8000010c (0x0005c683) x13 0x000000eb mem 0x800001ee
core   0: 3 0x80000110 (0x00800713) x14 0x00000008
core   0: 3 0x80000114 (0x00d7c7b3) x15 0x6f60209a
core   0: 3 0x80000118 (0x0017f693) x13 0x00000000
core   0: 3 0x8000011c (0xfff70713) x14 0x00000007
core   0: 3 0x80000120 (0x0017d793) x15 0x37b0104d
core   0: 3 0x80000124 (0x00068463)
core   0: 3 0x8000012c (0xfe0716e3)
core   0: 3 0x80000118 (0x0017f693) x13 0x00000001
core   0: 3 0x8000011c (0xfff70713) x14 0x00000006
core   0: 3 0x80000120 (0x0017d793) x15 0x1bd80826
core   0: 3 0x80000124 (0x00068463)
core   0: 3 0x80000128 (0x00c7c7b3) x15 0xf6608b06
core   0: 3 0x8000012c (0xfe0716e3)
core   0: 3 0x80000118 (0x0017f693) x13 0x00000000
core   0: 3 0x8000011c (0xfff70713) x14 0x00000005
core   0: 3 0x80000120 (0x0017d793) x15 0x7b304583
core   0: 3 0x80000124 (0x00068463)
core   0: 3 0x8000012c (0xfe0716e3)
core   0: 3 0x80000118 (0x0017f693) x13 0x00000001
core   0: 3 0x8000011c (0xfff70713) x14 0x00000004
core   0: 3 0x80000120 (0x0017d793) x15 0x3d9822c1
core   0: 3 0x80000124 (0x00068463)
core   0: 3 0x80000128 (0x00c7c7b3) x15 0xd020a1e1
core   0: 3 0x8000012c (0xfe0716e3)
core   0: 3 0x80000118 (0x0017f693) x13 0x00000001
core   0: 3 0x8000011c (0xfff70713) x14 0x00000003
core   0: 3 0x80000120 (0x0017d793) x15 0x681050f0
core   0: 3 0x80000124 (0x00068463)
core   0: 3 0x80000128 (0x00c7c7b3) x15 0x85a8d3d0
core   0: 3 0x8000012c (0xfe0716e3)
core   0: 3 0x80000118 (0x0017f693) x13 0x00000000
core   0: 3 0x8000011c (0xfff70713) x14 0x00000002
core   0: 3 0x80000120 (0x0017d793) x15 0x42d469e8
core   0: 3 0x80000124 (0x00068463)
core   0: 3 0x8000012c (0xfe0716e3)
core   0: 3 0x80000118 (0x0017f693) x13 0x00000000
core   0: 3 0x8000011c (0xfff70713) x14 0x00000001
core   0: 3 0x80000120 (0x0017d793) x15 0x216a34f4
core   0: 3 0x80000124 (0x00068463)
core   0: 3 0x8000012c (0xfe0716e3)
core   0: 3 0x80000118 (0x0017f693) x13 0x00000000
core   0: 3 0x8000011c (0xfff70713) x14 0x00000000
core   0: 3 0x80000120 (0x0017d793) x15 0x10b51a7a
core   0: 3 0x80000124 (0x00068463)
core   0: 3 0x8000012c (0xfe0716e3)
core   0: 3 0x80000130 (0x00158593) x11 0x800001ef
core   0: 3 0x80000134 (0xfca59ce3)
core   0: 3 0x8000010c (0x0005c683) x13 0x0000000e mem 0x800001ef
core   0: 3 0x80000110 (0x00800713) x14 0x00000008
core   0: 3 0x80000114 (0x00d7c7b3) x15 0x10b51a74
core   0: 3 0x80000118 (0x0017f693) x13 0x00000000
core   0: 3 0x8000011c (0xfff70713) x14 0x00000007
core   0: 3 0x80000120 (0x0017d793) x15 0x085a8d3a
core   0: 3 0x80000124 (0x00068463)
core   0: 3 0x8000012c (0xfe0716e3)
core   0: 3 0x80000118 (0x0017f693) x13 0x00000000
core   0: 3 0x8000011c (0xfff70713) x14 0x00000006
core   0: 3 0x80000120 (0x0017d793) x15 0x042d469d
core   0: 3 0x80000124 (0x00068463)
core   0: 3 0x8000012c (0xfe0716e3)
core   0: 3 0x80000118 (0x0017f693) x13 0x00000001
core   0: 3 0x8000011c (0xfff70713) x14 0x00000005
core   0: 3 0x80000120 (0x0017d793) x15 0x0216a34e
core   0: 3 0x80000124 (0x00068463)
core   0: 3 0x80000128 (0x00c7c7b3) x15 0xefae206e
core   0: 3 0x8000012c (0xfe0716e3)
core   0: 3 0x80000118 (0x0017f693) x13 0x00000000
core   0: 3 0x8000011c (0xfff70713) x14 0x00000004
core   0: 3 0x80000120 (0x0017d793) x15 0x77d71037
core   0: 3 0x80000124 (0x00068463)
core   0: 3 0x8000012c (0xfe0716e3)
core   0: 3 0x80000118 (0x0017f693) x13 0x00000001
core   0: 3 0x8000011c (0xfff70713) x14 0x00000003
core   0: 3 0x80000120 (0x0017d793) x15 0x3beb881b
core   0: 3 0x80000124 (0x00068463)
core   0: 3 0x80000128 (0x00c7c7b3) x15 0xd6530b3b
core   0: 3 0x8000012c (0xfe0716e3)
core   0: 3 0x80000118 (0x0017f693) x13 0x00000001
core   0: 3 0x8000011c (0xfff70713) x14 0x00000002
core   0: 3 0x80000120 (0x0017d793) x15 0x6b29859d
core   0: 3 0x80000124 (0x00068463)
core   0: 3 0x80000128 (0x00c7c7b3) x15 0x869106bd
core   0: 3 0x8000012c (0xfe0716e3)
core   0: 3 0x80000118 (0x0017f693) x13 0x00000001
core   0: 3 0x8000011c (0xfff70713) x14 0x00000001
core   0: 3 0x80000120 (0x0017d793) x15 0x4348835e
core   0: 3 0x80000124 (0x00068463)
core   0: 3 0x80000128 (0x00c7c7b3) x15 0xaef0007e
core   0: 3 0x8000012c (0xfe0716e3)
core   0: 3 0x80000118 (0x0017f693) x13 0x00000000
core   0: 3 0x8000011c (0xfff70713) x14 0x00000000
core   0: 3 0x80000120 (0x0017d793) x15 0x5778003f
core   0: 3 0x80000124 (0x00068463)
core   0: 3 0x8000012c (0xfe0716e3)
core   0: 3 0x80000130 (0x00158593) x11 0x800001f0
core   0: 3 0x80000134 (0xfca59ce3)
core   0: 3 0x8000010c (0x0005c683) x13 0x0000001e mem 0x800001f0
core   0: 3 0x80000110 (0x00800713) x14 0x00000008
core   0: 3 0x80000114 (0x00d7c7b3) x15 0x57780021
core   0: 3 0x80000118 (0x0017f693) x13 0x00000001
core   0: 3 0x8000011c (0xfff70713) x14 0x00000007
core   0: 3 0x80000120 (0x0017d793) x15 0x2bbc0010
core   0: 3 0x80000124 (0x00068463)
core   0: 3 0x80000128 (0x00c7c7b3) x15 0xc6048330
core   0: 3 0x8000012c (0xfe0716e3)
core   0: 3 0x80000118 (0x0017f693) x13 0x00000000
core   0: 3 0x8000011c (0xfff70713) x14 0x00000006
core   0: 3 0x80000120 (0x0017d793) x15 0x63024198
core   0: 3 0x80000124 (0x00068463)
core   0: 3 0x8000012c (0xfe0716e3)
core   0: 3 0x80000118 (0x0017f693) x13 0x00000000
core   0: 3 0x8000011c (0xfff70713) x14 0x00000005
core   0: 3 0x80000120 (0x0017d793) x15 0x318120cc
core   0: 3 0x80000124 (0x00068463)
core   0: 3 0x8000012c (0xfe0716e3)
core   0: 3 0x80000118 (0x0017f693) x13 0x00000000
core   0: 3 0x8000011c (0xfff70713) x14 0x00000004
core   0: 3 0x80000120 (0x0017d793) x15 0x18c09066
core   0: 3 0x80000124 (0x00068463)
core   0: 3 0x8000012c (0xfe0716e3)
core   0: 3 0x80000118 (0x0017f693) x13 0x00000000
core   0: 3 0x8000011c (0xfff70713) x14 0x00000003
core   0: 3 0x80000120 (0x0017d793) x15 0x0c604833
core   0: 3 0x80000124 (0x00068463)
core   0: 3 0x8000012c (0xfe0716e3)
core   0: 3 0x80000118 (0x0017f693) x13 0x00000001
core   0: 3 0x8000011c (0xfff70713) x14 0x00000002
core   0: 3 0x80000120 (0x0017d793) x15 0x06302419
core   0: 3 0x80000124 (0x00068463)
core   0: 3 0x80000128 (0x00c7c7b3) x15 0xeb88a739
core   0: 3 0x8000012c (0xfe0716e3)
core   0: 3 0x80000118 (0x0017f693) x13 0x00000001
core   0: 3 0x8000011c (0xfff70713) x14 0x00000001
core   0: 3 0x80000120 (0x0017d793) x15 0x75c4539c
core   0: 3 0x80000124 (0x00068463)
core   0: 3 0x80000128 (0x00c7c7b3) x15 0x987cd0bc
core   0: 3 0x8000012c (0xfe0716e3)
core   0: 3 0x80000118 (0x0017f693) x13 0x00000000
core   0: 3 0x8000011c (0xfff70713) x14 0x00000000
core   0: 3 0x80000120 (0x0017d793) x15 0x4c3e685e
core   0: 3 0x80000124 (0x00068463)
core   0: 3 0x8000012c (0xfe0716e3)
core   0: 3 0x80000130 (0x00158593) x11 0x800001f1
core   0: 3 0x80000134 (0xfca59ce3)
core   0: 3 0x8000010c (0x0005c683) x13 0x0000003d mem 0x800001f1
core   0: 3 0x80000110 (0x00800713) x14 0x00000008
core   0: 3 0x80000114 (0x00d7c7b3) x15 0x4c3e6863
core   0: 3 0x80000118 (0x0017f693) x13 0x00000001
core   0: 3 0x8000011c (0xfff70713) x14 0x00000007
core   0: 3 0x80000120 (0x0017d793) x15 0x261f3431
core   0: 3 0x80000124 (0x00068463)
core   0: 3 0x80000128 (0x00c7c7b3) x15 0xcba7b711
core   0: 3 0x8000012c (0xfe0716e3)
core   0: 3 0x80000118 (0x0017f693) x13 0x00000001
core   0: 3 0x8000011c (0xfff70713) x14 0x00000006
core   0: 3 0x80000120 (0x0017d793) x15 0x65d3db88
core   0: 3 0x80000124 (0x00068463)
core   0: 3 0x80000128 (0x00c7c7b3) x15 0x886b58a8
core   0: 3 0x8000012c (0xfe0716e3)
core   0: 3 0x80000118 (0x0017f693) x13 0x00000000
core   0: 3 0x8000011c (0xfff70713) x14 0x00000005
core   0: 3 0x80000120 (0x0017d793) x15 0x4435ac54
core   0: 3 0x80000124 (0x00068463)
core   0: 3 0x8000012c (0xfe0716e3)
core   0: 3 0x80000118 (0x0017f693) x13 0x00000000
core   0: 3 0x8000011c (0xfff70713) x14 0x00000004
core   0: 3 0x80000120 (0x0017d793) x15 0x221ad62a
core   0: 3 0x80000124 (0x00068463)
core   0: 3 0x8000012c (0xfe0716e3)
core   0: 3 0x80000118 (0x0017f693) x13 0x00000000
core   0: 3 0x8000011c (0xfff70713) x14 0x00000003
core   0: 3 0x80000120 (0x0017d793) x15 0x110d6b15
core   0: 3 0x80000124 (0x00068463)
core   0: 3 0x8000012c (0xfe0716e3)
core   0: 3 0x80000118 (0x0017f693) x13 0x00000001
core   0: 3 0x8000011c (0xfff70713) x14 0x00000002
core   0: 3 0x80000120 (0x0017d793) x15 0x0886b58a
core   0: 3 0x80000124 (0x00068463)
core   0: 3 0x80000128 (0x00c7c7b3) x15 0xe53e36aa
core   0: 3 0x8000012c (0xfe0716e3)
core   0: 3 0x80000118 (0x0017f693) x13 0x00000000
core   0: 3 0x8000011c (0xfff70713) x14 0x00000001
core   0: 3 0x80000120 (0x0017d793) x15 0x729f1b55
core   0: 3 0x80000124 (0x00068463)
core   0: 3 0x8000012c (0xfe0716e3)
core   0: 3 0x80000118 (0x0017f693) x13 0x00000001
core   0: 3 0x8000011c (0xfff70713) x14 0x00000000
core   0: 3 0x80000120 (0x0017d793) x15 0x394f8daa
core   0: 3 0x80000124 (0x00068463)
core   0: 3 0x80000128 (0x00c7c7b3) x15 0xd4f70e8a
core   0: 3 0x8000012c (0xfe0716e3)
core   0: 3 0x80000130 (0x00158593) x11 0x800001f2
core   0: 3 0x80000134 (0xfca59ce3)
core   0: 3 0x8000010c (0x0005c683) x13 0x0000009e mem 0x800001f2
core   0: 3 0x80000110 (0x00800713) x14 0x00000008
core   0: 3 0x80000114 (0x00d7c7b3) x15 0xd4f70e14
core   0: 3 0x80000118 (0x0017f693) x13 0x00000000
core   0: 3 0x8000011c (0xfff70713) x14 0x00000007
core   0: 3 0x80000120 (0x0017d793) x15 0x6a7b870a
core   0: 3 0x80000124 (0x00068463)
core   0: 3 0x8000012c (0xfe0716e3)
core   0: 3 0x80000118 (0x0017f693) x13 0x00000000
core   0: 3 0x8000011c (0xfff70713) x14 0x00000006
core   0: 3 0x80000120 (0x0017d793) x15 0x353dc385
core   0: 3 0x80000124 (0x00068463)
core   0: 3 0x8000012c (0xfe0716e3)
core   0: 3 0x80000118 (0x0017f693) x13 0x00000001
core   0: 3 0x8000011c (0xfff70713) x14 0x00000005
core   0: 3 0x80000120 (0x0017d793) x15 0x1a9ee1c2
core   0: 3 0x80000124 (0x00068463)
core   0: 3 0x80000128 (0x00c7c7b3) x15 0xf72662e2
core   0: 3 0x8000012c (0xfe0716e3)
core   0: 3 0x80000118 (0x0017f693) x13 0x00000000
core   0: 3 0x8000011c (0xfff70713) x14 0x00000004
core   0: 3 0x80000120 (0x0017d793) x15 0x7b933171
core   0: 3 0x80000124 (0x00068463)
core   0: 3 0x8000012c (0xfe0716e3)
core   0: 3 0x80000118 (0x0017f693) x13 0x00000001
core   0: 3 0x8000011c (0xfff70713) x14 0x00000003
core   0: 3 0x80000120 (0x0017d793) x15 0x3dc998b8
core   0: 3 0x80000124 (0x00068463)
core   0: 3 0x80000128 (0x00c7c7b3) x15 0xd0711b98
core   0: 3 0x8000012c (0xfe0716e3)
core   0: 3 0x80000118 (0x0017f693) x13 0x00000000
core   0: 3 0x8000011c (0xfff70713) x14 0x00000002
core   0: 3 0x80000120 (0x0017d793) x15 0x68388dcc
core   0: 3 0x80000124 (0x00068463)
core   0: 3 0x8000012c (0xfe0716e3)
core   0: 3 0x80000118 (0x0017f693) x13 0x00000000
core   0: 3 0x8000011c (0xfff70713) x14 0x00000001
core   0: 3 0x80000120 (0x0017d793) x15 0x341c46e6
core   0: 3 0x80000124 (0x00068463)
core   0: 3 0x8000012c (0xfe0716e3)
core   0: 3 0x80000118 (0x0017f693) x13 0x00000000
core   0: 3 0x8000011c (0xfff70713) x14 0x00000000
core   0: 3 0x80000120 (0x0017d793) x15 0x1a0e2373
core   0: 3 0x80000124 (0x00068463)
core   0: 3 0x8000012c (0xfe0716e3)
core   0: 3 0x80000130 (0x00158593) x11 0x800001f3
core   0: 3 0x80000134 (0xfca59ce3)
core   0: 3 0x8000010c (0x0005c683) x13 0x000000ce mem 0x800001f3
core   0: 3 0x80000110 (0x00800713) x14 0x00000008
core   0: 3 0x80000114 (0x00d7c7b3) x15 0x1a0e23bd
core   0: 3 0x80000118 (0x0017f693) x13 0x00000001
core   0: 3 0x8000011c (0xfff70713) x14 0x00000007
core   0: 3 0x80000120 (0x0017d793) x15 0x0d0711de
core   0: 3 0x80000124 (0x00068463)
core   0: 3 0x80000128 (0x00c7c7b3) x15 0xe0bf92fe
core   0: 3 0x8000012c (0xfe0716e3)
core   0: 3 0x80000118 (0x0017f693) x13 0x00000000
core   0: 3 0x8000011c (0xfff70713) x14 0x00000006
core   0: 3 0x80000120 (0x0017d793) x15 0x705fc97f
core   0: 3 0x80000124 (0x00068463)
core   0: 3 0x8000012c (0xfe0716e3)
core   0: 3 0x80000118 (0x0017f693) x13 0x00000001
core   0: 3 0x8000011c (0xfff70713) x14 0x00000005
core   0: 3 0x80000120 (0x0017d793) x15 0x382fe4bf
core   0: 3 0x80000124 (0x00068463)
core   0: 3 0x80000128 (0x00c7c7b3) x15 0xd597679f
core   0: 3 0x8000012c (0xfe0716e3)
core   0: 3 0x80000118 (0x0017f693) x13 0x00000001
core   0: 3 0x8000011c (0xfff70713) x14 0x00000004
core   0: 3 0x80000120 (0x0017d793) x15 0x6acbb3cf
core   0: 3 0x80000124 (0x00068463)
core   0: 3 0x80000128 (0x00c7c7b3) x15 0x877330ef
core   0: 3 0x8000012c (0xfe0716e3)
core   0: 3 0x80000118 (0x0017f693) x13 0x00000001
core   0: 3 0x8000011c (0xfff70713) x14 0x00000003
core   0: 3 0x80000120 (0x0017d793) x15 0x43b99877
core   0: 3 0x80000124 (0x00068463)
core   0: 3 0x80000128 (0x00c7c7b3) x15 0xae011b57
core   0: 3 0x8000012c (0xfe0716e3)
core   0: 3 0x80000118 (0x0017f693) x13 0x00000001
core   0: 3 0x8000011c (0xfff70713) x14 0x00000002
core   0: 3 0x80000120 (0x0017d793) x15 0x57008dab
core   0: 3 0x80000124 (0x00068463)
core   0: 3 0x80000128 (0x00c7c7b3) x15 0xbab80e8b
core   0: 3 0x8000012c (0xfe0716e3)
core   0: 3 0x80000118 (0x0017f693) x13 0x00000001
core   0: 3 0x8000011c (0xfff70713) x14 0x00000001
core   0: 3 0x80000120 (0x0017d793) x15 0x5d5c0745
core   0: 3 0x80000124 (0x00068463)
core   0: 3 0x80000128 (0x00c7c7b3) x15 0xb0e48465
core   0: 3 0x8000012c (0xfe0716e3)
core   0: 3 0x80000118 (0x0017f693) x13 0x00000001
core   0: 3 0x8000011c (0xfff70713) x14 0x00000000
core   0: 3 0x80000120 (0x0017d793) x15 0x58724232
core   0: 3 0x80000124 (0x00068463)
core   0: 3 0x80000128 (0x00c7c7b3) x15 0xb5cac112
core   0: 3 0x8000012c (0xfe0716e3)
core   0: 3 0x80000130 (0x00158593) x11 0x800001f4
core   0: 3 0x80000134 (0xfca59ce3)
core   0: 3 0x8000010c (0x0005c683) x13 0x00000002 mem 0x800001f4
core   0: 3 0x80000110 (0x00800713) x14 0x00000008
core   0: 3 0x80000114 (0x00d7c7b3) x15 0xb5cac110
core   0: 3 0x80000118 (0x0017f693) x13 0x00000000
core   0: 3 0x8000011c (0xfff70713) x14 0x00000007
core   0: 3 0x80000120 (0x0017d793) x15 0x5ae56088
core   0: 3 0x80000124 (0x00068463)
core   0: 3 0x8000012c (0xfe0716e3)
core   0: 3 0x80000118 (0x0017f693) x13 0x00000000
core   0: 3 0x8000011c (0xfff70713) x14 0x00000006
core   0: 3 0x80000120 (0x0017d793) x15 0x2d72b044
core   0: 3 0x80000124 (0x00068463)
core   0: 3 0x8000012c (0xfe0716e3)
core   0: 3 0x80000118 (0x0017f693) x13 0x00000000
core   0: 3 0x8000011c (0xfff70713) x14 0x00000005
core   0: 3 0x80000120 (0x0017d793) x15 0x16b95822
core   0: 3 0x80000124 (0x00068463)
core   0: 3 0x8000012c (0xfe0716e3)
core   0: 3 0x80000118 (0x0017f693) x13 0x00000000
core   0: 3 0x8000011c (0xfff70713) x14 0x00000004
core   0: 3 0x80000120 (0x0017d793) x15 0x0b5cac11
core   0: 3 0x80000124 (0x00068463)
core   0: 3 0x8000012c (0xfe0716e3)
core   0: 3 0x80000118 (0x0017f693) x13 0x00000001
core   0: 3 0x8000011c (0xfff70713) x14 0x00000003
core   0: 3 0x80000120 (0x0017d793) x15 0x05ae5608
core   0: 3 0x80000124 (0x00068463)
core   0: 3 0x80000128 (0x00c7c7b3) x15 0xe816d528
core   0: 3 0x8000012c (0xfe0716e3)
core   0: 3 0x80000118 (0x0017f693) x13 0x00000000
core   0: 3 0x8000011c (0xfff70713) x14 0x00000002
core   0: 3 0x80000120 (0x0017d793) x15 0x740b6a94
core   0: 3 0x80000124 (0x00068463)
core   0: 3 0x8000012c (0xfe0716e3)
core   0: 3 0x80000118 (0x0017f693) x13 0x00000000
core   0: 3 0x8000011c (0xfff70713) x14 0x00000001
core   0: 3 0x80000120 (0x0017d793) x15 0x3a05b54a
core   0: 3 0x80000124 (0x00068463)
core   0: 3 0x8000012c (0xfe0716e3)
core   0: 3 0x80000118 (0x0017f693) x13 0x00000000
core   0: 3 0x8000011c (0xfff70713) x14 0x00000000
core   0: 3 0x80000120 (0x0017d793) x15 0x1d02daa5
core   0: 3 0x80000124 (0x00068463)
core   0: 3 0x8000012c (0xfe0716e3)
core   0: 3 0x80000130 (0x00158593) x11 0x800001f5
core   0: 3 0x80000134 (0xfca59ce3)
core   0: 3 0x8000010c (0x0005c683) x13 0x00000042 mem 0x800001f5
core   0: 3 0x80000110 (0x00800713) x14 0x00000008
core   0: 3 0x80000114 (0x00d7c7b3) x15 0x1d02dae7
core   0: 3 0x80000118 (0x0017f693) x13 0x00000001
core   0: 3 0x8000011c (0xfff70713) x14 0x00000007
core   0: 3 0x80000120 (0x0017d793) x15 0x0e816d73
core   0: 3 0x80000124 (0x00068463)
core   0: 3 0x80000128 (0x00c7c7b3) x15 0xe339ee53
core   0: 3 0x8000012c (0xfe0716e3)
core   0: 3 0x80000118 (0x0017f693) x13 0x00000001
core   0: 3 0x8000011c (0xfff70713) x14 0x00000006
core   0: 3 0x80000120 (0x0017d793) x15 0x719cf729
core   0: 3 0x80000124 (0x00068463)
core   0: 3 0x80000128 (0x00c7c7b3) x15 0x9c247409
core   0: 3 0x8000012c (0xfe0716e3)
core   0: 3 0x80000118 (0x0017f693) x13 0x00000001
core   0: 3 0x8000011c (0xfff70713) x14 0x00000005
core   0: 3 0x80000120 (0x0017d793) x15 0x4e123a04
core   0: 3 0x80000124 (0x00068463)
core   0: 3 0x80000128 (0x00c7c7b3) x15 0xa3aab924
core   0: 3 0x8000012c (0xfe0716e3)
core   0: 3 0x80000118 (0x0017f693) x13 0x00000000
core   0: 3 0x8000011c (0xfff70713) x14 0x00000004
core   0: 3 0x80000120 (0x0017d793) x15 0x51d55c92
core   0: 3 0x80000124 (0x00068463)
core   0: 3 0x8000012c (0xfe0716e3)
core   0: 3 0x80000118 (0x0017f693) x13 0x00000000
core   0: 3 0x8000011c (0xfff70713) x14 0x00000003
core   0: 3 0x80000120 (0x0017d793) x15 0x28eaae49
core   0: 3 0x80000124 (0x00068463)
core   0: 3 0x8000012c (0xfe0716e3)
core   0: 3 0x80000118 (0x0017f693) x13 0x00000001
core   0: 3 0x8000011c (0xfff70713) x14 0x00000002
core   0: 3 0x80000120 (0x0017d793) x15 0x14755724
core   0: 3 0x80000124 (0x00068463)
core   0: 3 0x80000128 (0x00c7c7b3) x15 0xf9cdd404
core   0: 3 0x8000012c (0xfe0716e3)
core   0: 3 0x80000118 (0x0017f693) x13 0x00000000
core   0: 3 0x8000011c (0xfff70713) x14 0x00000001
core   0: 3 0x80000120 (0x0017d793) x15 0x7ce6ea02
core   0: 3 0x80000124 (0x00068463)
core   0: 3 0x8000012c (0xfe0716e3)
core   0: 3 0x80000118 (0x0017f693) x13 0x00000000
core   0: 3 0x8000011c (0xfff70713) x14 0x00000000
core   0: 3 0x80000120 (0x0017d793) x15 0x3e737501
core   0: 3 0x80000124 (0x00068463)
core   0: 3 0x8000012c (0xfe0716e3)
core   0: 3 0x80000130 (0x00158593) x11 0x800001f6
core   0: 3 0x80000134 (0xfca59ce3)
core   0: 3 0x8000010c (0x0005c683) x13 0x0000008c mem 0x800001f6
core   0: 3 0x80000110 (0x00800713) x14 0x00000008
core   0: 3 0x80000114 (0x00d7c7b3) x15 0x3e73758d
core   0: 3 0x80000118 (0x0017f693) x13 0x00000001
core   0: 3 0x8000011c (0xfff70713) x14 0x00000007
core   0: 3 0x80000120 (0x0017d793) x15 0x1f39bac6
core   0: 3 0x80000124 (0x00068463)
core   0: 3 0x80000128 (0x00c7c7b3) x15 0xf28139e6
core   0: 3 0x8000012c (0xfe0716e3)
core   0: 3 0x80000118 (0x0017f693) x13 0x00000000
core   0: 3 0x8000011c (0xfff70713) x14 0x00000006
core   0: 3 0x80000120 (0x0017d793) x15 0x79409cf3
core   0: 3 0x80000124 (0x00068463)
core   0: 3 0x8000012c (0xfe0716e3)
core   0: 3 0x80000118 (0x0017f693) x13 0x00000001
core   0: 3 0x8000011c (0xfff70713) x14 0x00000005
core   0: 3 0x80000120 (0x0017d793) x15 0x3ca04e79
core   0: 3 0x80000124 (0x00068463)
core   0: 3 0x80000128 (0x00c7c7b3) x15 0xd118cd59
core   0: 3 0x8000012c (0xfe0716e3)
core   0: 3 0x80000118 (0x0017f693) x13 0x00000001
core   0: 3 0x8000011c (0xfff70713) x14 0x00000004
core   0: 3 0x80000120 (0x0017d793) x15 0x688c66ac
core   0: 3 0x80000124 (0x00068463)
core   0: 3 0x80000128 (0x00c7c7b3) x15 0x8534e58c
core   0: 3 0x8000012c (0xfe0716e3)
core   0: 3 0x80000118 (0x0017f693) x13 0x00000000
core   0: 3 0x8000011c (0xfff70713) x14 0x00000003
core   0: 3 0x80000120 (0x0017d793) x15 0x429a72c6
core   0: 3 0x80000124 (0x00068463)
core   0: 3 0x8000012c (0xfe0716e3)
core   0: 3 0x80000118 (0x0017f693) x13 0x00000000
core   0: 3 0x8000011c (0xfff70713) x14 0x00000002
core   0: 3 0x80000120 (0x0017d793) x15 0x214d3963
core   0: 3 0x80000124 (0x00068463)
core   0: 3 0x8000012c (0xfe0716e3)
core   0: 3 0x80000118 (0x0017f693) x13 0x00000001
core   0: 3 0x8000011c (0xfff70713) x14 0x00000001
core   0: 3 0x80000120 (0x0017d793) x15 0x10a69cb1
core   0: 3 0x80000124 (0x00068463)
core   0: 3 0x80000128 (0x00c7c7b3) x15 0xfd1e1f91
core   0: 3 0x8000012c (0xfe0716e3)
core   0: 3 0x80000118 (0x0017f693) x13 0x00000001
core   0: 3 0x8000011c (0xfff70713) x14 0x00000000
core   0: 3 0x80000120 (0x0017d793) x15 0x7e8f0fc8
core   0: 3 0x80000124 (0x00068463)
core   0: 3 0x80000128 (0x00c7c7b3) x15 0x93378ce8
core   0: 3 0x8000012c (0xfe0716e3)
core   0: 3 0x80000130 (0x00158593) x11 0x800001f7
core   0: 3 0x80000134 (0xfca59ce3)
core   0: 3 0x8000010c (0x0005c683) x13 0x0000006b mem 0x800001f7
core   0: 3 0x80000110 (0x00800713) x14 0x00000008
core   0: 3 0x80000114 (0x00d7c7b3) x15 0x93378c83
core   0: 3 0x80000118 (0x0017f693) x13 0x00000001
core   0: 3 0x8000011c (0xfff70713) x14 0x00000007
core   0: 3 0x80000120 (0x0017d793) x15 0x499bc641
core   0: 3 0x80000124 (0x00068463)
core   0: 3 0x80000128 (0x00c7c7b3) x15 0xa4234561
core   0: 3 0x8000012c (0xfe0716e3)
core   0: 3 0x80000118 (0x0017f693) x13 0x00000001
core   0: 3 0x8000011c (0xfff70713) x14 0x00000006
core   0: 3 0x80000120 (0x0017d793) x15 0x5211a2b0
core   0: 3 0x80000124 (0x00068463)
core   0: 3 0x80000128 (0x00c7c7b3) x15 0xbfa92190
core   0: 3 0x8000012c (0xfe0716e3)
core   0: 3 0x80000118 (0x0017f693) x13 0x00000000
core   0: 3 0x8000011c (0xfff70713) x14 0x00000005
core   0: 3 0x80000120 (0x0017d793) x15 0x5fd490c8
core   0: 3 0x80000124 (0x00068463)
core   0: 3 0x8000012c (0xfe0716e3)
core   0: 3 0x80000118 (0x0017f693) x13 0x00000000
core   0: 3 0x8000011c (0xfff70713) x14 0x00000004
core   0: 3 0x80000120 (0x0017d793) x15 0x2fea4864
core   0: 3 0x80000124 (0x00068463)
core   0: 3 0x8000012c (0xfe0716e3)
core   0: 3 0x80000118 (0x0017f693) x13 0x00000000
core   0: 3 0x8000011c (0xfff70713) x14 0x00000003
core   0: 3 0x80000120 (0x0017d793) x15 0x17f52432
core   0: 3 0x80000124 (0x00068463)
core   0: 3 0x8000012c (0xfe0716e3)
core   0: 3 0x80000118 (0x0017f693) x13 0x00000000
core   0: 3 0x8000011c (0xfff70713) x14 0x00000002
core   0: 3 0x80000120 (0x0017d793) x15 0x0bfa9219
core   0: 3 0x80000124 (0x00068463)
core   0: 3 0x8000012c (0xfe0716e3)
core   0: 3 0x80000118 (0x0017f693) x13 0x00000001
core   0: 3 0x8000011c (0xfff70713) x14 0x00000001
core   0: 3 0x80000120 (0x0017d793) x15 0x05fd490c
core   0: 3 0x80000124 (0x00068463)
core   0: 3 0x80000128 (0x00c7c7b3) x15 0xe845ca2c
core   0: 3 0x8000012c (0xfe0716e3)
core   0: 3 0x80000118 (0x0017f693) x13 0x00000000
core   0: 3 0x8000011c (0xfff70713) x14 0x00000000
core   0: 3 0x80000120 (0x0017d793) x15 0x7422e516
core   0: 3 0x80000124 (0x00068463)
core   0: 3 0x8000012c (0xfe0716e3)
core   0: 3 0x80000130 (0x00158593) x11 0x800001f8
core   0: 3 0x80000134 (0xfca59ce3)
core   0: 3 0x8000010c (0x0005c683) x13 0x000000b3 mem 0x800001f8
core   0: 3 0x80000110 (0x00800713) x14 0x00000008
core   0: 3 0x80000114 (0x00d7c7b3) x15 0x7422e5a5
core   0: 3 0x80000118 (0x0017f693) x13 0x00000001
core   0: 3 0x8000011c (0xfff70713) x14 0x00000007
core   0: 3 0x80000120 (0x0017d793) x15 0x3a1172d2
core   0: 3 0x80000124 (0x00068463)
core   0: 3 0x80000128 (0x00c7c7b3) x15 0xd7a9f1f2
core   0: 3 0x8000012c (0xfe0716e3)
core   0: 3 0x80000118 (0x0017f693) x13 0x00000000
core   0: 3 0x8000011c (0xfff70713) x14 0x00000006
core   0: 3 0x80000120 (0x0017d793) x15 0x6bd4f8f9
core   0: 3 0x80000124 (0x00068463)
core   0: 3 0x8000012c (0xfe0716e3)
core   0: 3 0x80000118 (0x0017f693) x13 0x00000001
core   0: 3 0x8000011c (0xfff70713) x14 0x00000005
core   0: 3 0x80000120 (0x0017d793) x15 0x35ea7c7c
core   0: 3 0x80000124 (0x00068463)
core   0: 3 0x80000128 (0x00c7c7b3) x15 0xd852ff5c
core   0: 3 0x8000012c (0xfe0716e3)
core   0: 3 0x80000118 (0x0017f693) x13 0x00000000
core   0: 3 0x8000011c (0xfff70713) x14 0x00000004
core   0: 3 0x80000120 (0x0017d793) x15 0x6c297fae
core   0: 3 0x80000124 (0x00068463)
core   0: 3 0x8000012c (0xfe0716e3)
core   0: 3 0x80000118 (0x0017f693) x13 0x00000000
core   0: 3 0x8000011c (0xfff70713) x14 0x00000003
core   0: 3 0x80000120 (0x0017d793) x15 0x3614bfd7
core   0: 3 0x80000124 (0x00068463)
core   0: 3 0x8000012c (0xfe0716e3)
core   0: 3 0x80000118 (0x0017f693) x13 0x00000001
core   0: 3 0x8000011c (0xfff70713) x14 0x00000002
core   0: 3 0x80000120 (0x0017d793) x15 0x1b0a5feb
core   0: 3 0x80000124 (0x00068463)
core   0: 3 0x80000128 (0x00c7c7b3) x15 0xf6b2dccb
core   0: 3 0x8000012c (0xfe0716e3)
core   0: 3 0x80000118 (0x0017f693) x13 0x00000001
core   0: 3 0x8000011c (0xfff70713) x14 0x00000001
core   0: 3 0x80000120 (0x0017d793) x15 0x7b596e65
core   0: 3 0x80000124 (0x00068463)
core   0: 3 0x80000128 (0x00c7c7b3) x15 0x96e1ed45
core   0: 3 0x8000012c (0xfe0716e3)
core   0: 3 0x80000118 (0x0017f693) x13 0x00000001
core   0: 3 0x8000011c (0xfff70713) x14 0x00000000
core   0: 3 0x80000120 (0x0017d793) x15 0x4b70f6a2
core   0: 3 0x80000124 (0x00068463)
core   0: 3 0x80000128 (0x00c7c7b3) x15 0xa6c87582
core   0: 3 0x8000012c (0xfe0716e3)
core   0: 3 0x80000130 (0x00158593) x11 0x800001f9
core   0: 3 0x80000134 (0xfca59ce3)
core   0: 3 0x8000010c (0x0005c683) x13 0x00000091 mem 0x800001f9
core   0: 3 0x80000110 (0x00800713) x14 0x00000008
core   0: 3 0x80000114 (0x00d7c7b3) x15 0xa6c87513
core   0: 3 0x80000118 (0x0017f693) x13 0x00000001
core   0: 3 0x8000011c (0xfff70713) x14 0x00000007
core   0: 3 0x80000120 (0x0017d793) x15 0x53643a89
core   0: 3 0x80000124 (0x00068463)
core   0: 3 0x80000128 (0x00c7c7b3) x15 0xbedcb9a9
core   0: 3 0x8000012c (0xfe0716e3)
core   0: 3 0x80000118 (0x0017f693) x13 0x00000001
core   0: 3 0x8000011c (0xfff70713) x14 0x00000006
core   0: 3 0x80000120 (0x0017d793) x15 0x5f6e5cd4
core   0: 3 0x80000124 (0x00068463)
core   0: 3 0x80000128 (0x00c7c7b3) x15 0xb2d6dff4
core   0: 3 0x8000012c (0xfe0716e3)
core   0: 3 0x80000118 (0x0017f693) x13 0x00000000
core   0: 3 0x8000011c (0xfff70713) x14 0x00000005
core   0: 3 0x80000120 (0x0017d793) x15 0x596b6ffa
core   0: 3 0x80000124 (0x00068463)
core   0: 3 0x8000012c (0xfe0716e3)
core   0: 3 0x80000118 (0x0017f693) x13 0x00000000
core   0: 3 0x8000011c (0xfff70713) x14 0x00000004
core   0: 3 0x80000120 (0x0017d793) x15 0x2cb5b7fd
core   0: 3 0x80000124 (0x00068463)
core   0: 3 0x8000012c (0xfe0716e3)
core   0: 3 0x80000118 (0x0017f693) x13 0x00000001
core   0: 3 0x8000011c (0xfff70713) x14 0x00000003
core   0: 3 0x80000120 (0x0017d793) x15 0x165adbfe
core   0: 3 0x80000124 (0x00068463)
core   0: 3 0x80000128 (0x00c7c7b3) x15 0xfbe258de
core   0: 3 0x8000012c (0xfe0716e3)
core   0: 3 0x80000118 (0x0017f693) x13 0x00000000
core   0: 3 0x8000011c (0xfff70713) x14 0x00000002
core   0: 3 0x80000120 (0x0017d793) x15 0x7df12c6f
core   0: 3 0x80000124 (0x00068463)
core   0: 3 0x8000012c (0xfe0716e3)
core   0: 3 0x80000118 (0x0017f693) x13 0x00000001
core   0: 3 0x8000011c (0xfff70713) x14 0x00000001
core   0: 3 0x80000120 (0x0017d793) x15 0x3ef89637
core   0: 3 0x80000124 (0x00068463)
core   0: 3 0x80000128 (0x00c7c7b3) x15 0xd3401517
core   0: 3 0x8000012c (0xfe0716e3)
core   0: 3 0x80000118 (0x0017f693) x13 0x00000001
core   0: 3 0x8000011c (0xfff70713) x14 0x00000000
core   0: 3 0x80000120 (0x0017d793) x15 0x69a00a8b
core   0: 3 0x80000124 (0x00068463)
core   0: 3 0x80000128 (0x00c7c7b3) x15 0x841889ab
core   0: 3 0x8000012c (0xfe0716e3)
core   0: 3 0x80000130 (0x00158593) x11 0x800001fa
core   0: 3 0x80000134 (0xfca59ce3)
core   0: 3 0x8000010c (0x0005c683) x13 0x000000fb mem 0x800001fa
core   0: 3 0x80000110 (0x00800713) x14 0x00000008
core   0: 3 0x80000114 (0x00d7c7b3) x15 0x84188950
core   0: 3 0x80000118 (0x0017f693) x13 0x00000000
core   0: 3 0x8000011c (0xfff70713) x14 0x00000007
core   0: 3 0x80000120 (0x0017d793) x15 0x420c44a8
core   0: 3 0x80000124 (0x00068463)
core   0: 3 0x8000012c (0xfe0716e3)
core   0: 3 0x80000118 (0x0017f693) x13 0x00000000
core   0: 3 0x8000011c (0xfff70713) x14 0x00000006
core   0: 3 0x80000120 (0x0017d793) x15 0x21062254
core   0: 3 0x80000124 (0x00068463)
core   0: 3 0x8000012c (0xfe0716e3)
core   0: 3 0x80000118 (0x0017f693) x13 0x00000000
core   0: 3 0x8000011c (0xfff70713) x14 0x00000005
core   0: 3 0x80000120 (0x0017d793) x15 0x1083112a
core   0: 3 0x80000124 (0x00068463)
core   0: 3 0x8000012c (0xfe0716e3)
core   0: 3 0x80000118 (0x0017f693) x13 0x00000000
core   0: 3 0x8000011c (0xfff70713) x14 0x00000004
core   0: 3 0x80000120 (0x0017d793) x15 0x08418895
core   0: 3 0x80000124 (0x00068463)
core   0: 3 0x8000012c (0xfe0716e3)
core   0: 3 0x80000118 (0x0017f693) x13 0x00000001
core   0: 3 0x8000011c (0xfff70713) x14 0x00000003
core   0: 3 0x80000120 (0x0017d793) x15 0x0420c44a
core   0: 3 0x80000124 (0x00068463)
core   0: 3 0x80000128 (0x00c7c7b3) x15 0xe998476a
core   0: 3 0x8000012c (0xfe0716e3)
core   0: 3 0x80000118 (0x0017f693) x13 0x00000000
core   0: 3 0x8000011c (0xfff70713) x14 0x00000002
core   0: 3 0x80000120 (0x0017d793) x15 0x74cc23b5
core   0: 3 0x80000124 (0x00068463)
core   0: 3 0x8000012c (0xfe0716e3)
core   0: 3 0x80000118 (0x0017f693) x13 0x00000001
core   0: 3 0x8000011c (0xfff70713) x14 0x00000001
core   0: 3 0x80000120 (0x0017d793) x15 0x3a6611da
core   0: 3 0x80000124 (0x00068463)
core   0: 3 0x80000128 (0x00c7c7b3) x15 0xd7de92fa
core   0: 3 0x8000012c (0xfe0716e3)
core   0: 3 0x80000118 (0x0017f693) x13 0x00000000
core   0: 3 0x8000011c (0xfff70713) x14 0x00000000
core   0: 3 0x80000120 (0x0017d793) x15 0x6bef497d
core   0: 3 0x80000124 (0x00068463)
core   0: 3 0x8000012c (0xfe0716e3)
core   0: 3 0x80000130 (0x00158593) x11 0x800001fb
core   0: 3 0x80000134 (0xfca59ce3)
core   0: 3 0x8000010c (0x0005c683) x13 0x00000039 mem 0x800001fb
core   0: 3 0x80000110 (0x00800713) x14 0x00000008
core   0: 3 0x80000114 (0x00d7c7b3) x15 0x6bef4944
core   0: 3 0x80000118 (0x0017f693) x13 0x00000000
core   0: 3 0x8000011c (0xfff70713) x14 0x00000007
core   0: 3 0x80000120 (0x0017d793) x15 0x35f7a4a2
core   0: 3 0x80000124 (0x00068463)
core   0: 3 0x8000012c (0xfe0716e3)
core   0: 3 0x80000118 (0x0017f693) x13 0x00000000
core   0: 3 0x8000011c (0xfff70713) x14 0x00000006
core   0: 3 0x80000120 (0x0017d793) x15 0x1afbd251
core   0: 3 0x80000124 (0x00068463)
core   0: 3 0x8000012c (0xfe0716e3)
core   0: 3 0x80000118 (0x0017f693) x13 0x00000001
core   0: 3 0x8000011c (0xfff70713) x14 0x00000005
core   0: 3 0x80000120 (0x0017d793) x15 0x0d7de928
core   0: 3 0x80000124 (0x00068463)
core   0: 3 0x80000128 (0x00c7c7b3) x15 0xe0c56a08
core   0: 3 0x8000012c (0xfe0716e3)
core   0: 3 0x80000118 (0x0017f693) x13 0x00000000
core   0: 3 0x8000011c (0xfff70713) x14 0x00000004
core   0: 3 0x80000120 (0x0017d793) x15 0x7062b504
core   0: 3 0x80000124 (0x00068463)
core   0: 3 0x8000012c (0xfe0716e3)
core   0: 3 0x80000118 (0x0017f693) x13 0x00000000
core   0: 3 0x8000011c (0xfff70713) x14 0x00000003
core   0: 3 0x80000120 (0x0017d793) x15 0x38315a82
core   0: 3 0x80000124 (0x00068463)
core   0: 3 0x8000012c (0xfe0716e3)
core   0: 3 0x80000118 (0x0017f693) x13 0x00000000
core   0: 3 0x8000011c (0xfff70713) x14 0x00000002
core   0: 3 0x80000120 (0x0017d793) x15 0x1c18ad41
core   0: 3 0x80000124 (0x00068463)
core   0: 3 0x8000012c (0xfe0716e3)
core   0: 3 0x80000118 (0x0017f693) x13 0x00000001
core   0: 3 0x8000011c (0xfff70713) x14 0x00000001
core   0: 3 0x80000120 (0x0017d793) x15 0x0e0c56a0
core   0: 3 0x80000124 (0x00068463)
core   0: 3 0x80000128 (0x00c7c7b3) x15 0xe3b4d580
core   0: 3 0x8000012c (0xfe0716e3)
core   0: 3 0x80000118 (0x0017f693) x13 0x00000000
core   0: 3 0x8000011c (0xfff70713) x14 0x00000000
core   0: 3 0x80000120 (0x0017d793) x15 0x71da6ac0
core   0: 3 0x80000124 (0x00068463)
core   0: 3 0x8000012c (0xfe0716e3)
core   0: 3 0x80000130 (0x00158593) x11 0x800001fc
core   0: 3 0x80000134 (0xfca59ce3)
core   0: 3 0x8000010c (0x0005c683) x13 0x000000ca mem 0x800001fc
core   0: 3 0x80000110 (0x00800713) x14 0x00000008
core   0: 3 0x80000114 (0x00d7c7b3) x15 0x71da6a0a
core   0: 3 0x80000118 (0x0017f693) x13 0x00000000
core   0: 3 0x8000011c (0xfff70713) x14 0x00000007
core   0: 3 0x80000120 (0x0017d793) x15 0x38ed3505
core   0: 3 0x80000124 (0x00068463)
core   0: 3 0x8000012c (0xfe0716e3)
core   0: 3 0x80000118 (0x0017f693) x13 0x00000001
core   0: 3 0x8000011c (0xfff70713) x14 0x00000006
core   0: 3 0x80000120 (0x0017d793) x15 0x1c769a82
core   0: 3 0x80000124 (0x00068463)
core   0: 3 0x80000128 (0x00c7c7b3) x15 0xf1ce19a2
core   0: 3 0x8000012c (0xfe0716e3)
core   0: 3 0x80000118 (0x0017f693) x13 0x00000000
core   0: 3 0x8000011c (0xfff70713) x14 0x00000005
core   0: 3 0x80000120 (0x0017d793) x15 0x78e70cd1
core   0: 3 0x80000124 (0x00068463)
core   0: 3 0x8000012c (0xfe0716e3)
core   0: 3 0x80000118 (0x0017f693) x13 0x00000001
core   0: 3 0x8000011c (0xfff70713) x14 0x00000004
core   0: 3 0x80000120 (0x0017d793) x15 0x3c738668
core   0: 3 0x80000124 (0x00068463)
core   0: 3 0x80000128 (0x00c7c7b3) x15 0xd1cb0548
core   0: 3 0x8000012c (0xfe0716e3)
core   0: 3 0x80000118 (0x0017f693) x13 0x00000000
core   0: 3 0x8000011c (0xfff70713) x14 0x00000003
core   0: 3 0x80000120 (0x0017d793) x15 0x68e582a4
core   0: 3 0x80000124 (0x00068463)
core   0: 3 0x8000012c (0xfe0716e3)
core   0: 3 0x80000118 (0x0017f693) x13 0x00000000
core   0: 3 0x8000011c (0xfff70713) x14 0x00000002
core   0: 3 0x80000120 (0x0017d793) x15 0x3472c152
core   0: 3 0x80000124 (0x00068463)
core   0: 3 0x8000012c (0xfe0716e3)
core   0: 3 0x80000118 (0x0017f693) x13 0x00000000
core   0: 3 0x8000011c (0xfff70713) x14 0x00000001
core   0: 3 0x80000120 (0x0017d793) x15 0x1a3960a9
core   0: 3 0x80000124 (0x00068463)
core   0: 3 0x8000012c (0xfe0716e3)
core   0: 3 0x80000118 (0x0017f693) x13 0x00000001
core   0: 3 0x8000011c (0xfff70713) x14 0x00000000
core   0: 3 0x80000120 (0x0017d793) x15 0x0d1cb054
core   0: 3 0x80000124 (0x00068463)
core   0: 3 0x80000128 (0x00c7c7b3) x15 0xe0a43374
core   0: 3 0x8000012c (0xfe0716e3)
core   0: 3 0x80000130 (0x00158593) x11 0x800001fd
core   0: 3 0x80000134 (0xfca59ce3)
core   0: 3 0x8000010c (0x0005c683) x13 0x00000020 mem 0x800001fd
core   0: 3 0x80000110 (0x00800713) x14 0x00000008
core   0: 3 0x80000114 (0x00d7c7b3) x15 0xe0a43354
core   0: 3 0x80000118 (0x0017f693) x13 0x00000000
core   0: 3 0x8000011c (0xfff70713) x14 0x00000007
core   0: 3 0x80000120 (0x0017d793) x15 0x705219aa
core   0: 3 0x80000124 (0x00068463)
core   0: 3 0x8000012c (0xfe0716e3)
core   0: 3 0x80000118 (0x0017f693) x13 0x00000000
core   0: 3 0x8000011c (0xfff70713) x14 0x00000006
core   0: 3 0x80000120 (0x0017d793) x15 0x38290cd5
core   0: 3 0x80000124 (0x00068463)
core   0: 3 0x8000012c (0xfe0716e3)
core   0: 3 0x80000118 (0x0017f693) x13 0x00000001
core   0: 3 0x8000011c (0xfff70713) x14 0x00000005
core   0: 3 0x80000120 (0x0017d793) x15 0x1c14866a
core   0: 3 0x80000124 (0x00068463)
core   0: 3 0x80000128 (0x00c7c7b3) x15 0xf1ac054a
core   0: 3 0x8000012c (0xfe0716e3)
core   0: 3 0x80000118 (0x0017f693) x13 0x00000000
core   0: 3 0x8000011c (0xfff70713) x14 0x00000004
core   0: 3 0x80000120 (0x0017d793) x15 0x78d602a5
core   0: 3 0x80000124 (0x00068463)
core   0: 3 0x8000012c (0xfe0716e3)
core   0: 3 0x80000118 (0x0017f693) x13 0x00000001
core   0: 3 0x8000011c (0xfff70713) x14 0x00000003
core   0: 3 0x80000120 (0x0017d793) x15 0x3c6b0152
core   0: 3 0x80000124 (0x00068463)
core   0: 3 0x80000128 (0x00c7c7b3) x15 0xd1d38272
core   0: 3 0x8000012c (0xfe0716e3)
core   0: 3 0x80000118 (0x0017f693) x13 0x00000000
core   0: 3 0x8000011c (0xfff70713) x14 0x00000002
core   0: 3 0x80000120 (0x0017d793) x15 0x68e9c139
core   0: 3 0x80000124 (0x00068463)
core   0: 3 0x8000012c (0xfe0716e3)
core   0: 3 0x80000118 (0x0017f693) x13 0x00000001
core   0: 3 0x8000011c (0xfff70713) x14 0x00000001
core   0: 3 0x80000120 (0x0017d793) x15 0x3474e09c
core   0: 3 0x80000124 (0x00068463)
core   0: 3 0x80000128 (0x00c7c7b3) x15 0xd9cc63bc
core   0: 3 0x8000012c (0xfe0716e3)
core   0: 3 0x80000118 (0x0017f693) x13 0x00000000
core   0: 3 0x8000011c (0xfff70713) x14 0x00000000
core   0: 3 0x80000120 (0x0017d793) x15 0x6ce631de
core   0: 3 0x80000124 (0x00068463)
core   0: 3 0x8000012c (0xfe0716e3)
core   0: 3 0x80000130 (0x00158593) x11 0x800001fe
core   0: 3 0x80000134 (0xfca59ce3)
core   0: 3 0x8000010c (0x0005c683) x13 0x0000006f mem 0x800001fe
core   0: 3 0x80000110 (0x00800713) x14 0x00000008
core   0: 3 0x80000114 (0x00d7c7b3) x15 0x6ce631b1
core   0: 3 0x80000118 (0x0017f693) x13 0x00000001
core   0: 3 0x8000011c (0xfff70713) x14 0x00000007
core   0: 3 0x80000120 (0x0017d793) x15 0x367318d8
core   0: 3 0x80000124 (0x00068463)
core   0: 3 0x80000128 (0x00c7c7b3) x15 0xdbcb9bf8
core   0: 3 0x8000012c (0xfe0716e3)
core   0: 3 0x80000118 (0x0017f693) x13 0x00000000
core   0: 3 0x8000011c (0xfff70713) x14 0x00000006
core   0: 3 0x80000120 (0x0017d793) x15 0x6de5cdfc
core   0: 3 0x80000124 (0x00068463)
core   0: 3 0x8000012c (0xfe0716e3)
core   0: 3 0x80000118 (0x0017f693) x13 0x00000000
core   0: 3 0x8000011c (0xfff70713) x14 0x00000005
core   0: 3 0x80000120 (0x0017d793) x15 0x36f2e6fe
core   0: 3 0x80000124 (0x00068463)
core   0: 3 0x8000012c (0xfe0716e3)
core   0: 3 0x80000118 (0x0017f693) x13 0x00000000
core   0: 3 0x8000011c (0xfff70713) x14 0x00000004
core   0: 3 0x80000120 (0x0017d793) x15 0x1b79737f
core   0: 3 0x80000124 (0x00068463)
core   0: 3 0x8000012c (0xfe0716e3)
core   0: 3 0x80000118 (0x0017f693) x13 0x00000001
core   0: 3 0x8000011c (0xfff70713) x14 0x00000003
core   0: 3 0x80000120 (0x0017d793) x15 0x0dbcb9bf
core   0: 3 0x80000124 (0x00068463)
core   0: 3 0x80000128 (0x00c7c7b3) x15 0xe0043a9f
core   0: 3 0x8000012c (0xfe0716e3)
core   0: 3 0x80000118 (0x0017f693) x13 0x00000001
core   0: 3 0x8000011c (0xfff70713) x14 0x00000002
core   0: 3 0x80000120 (0x0017d793) x15 0x70021d4f
core   0: 3 0x80000124 (0x00068463)
core   0: 3 0x80000128 (0x00c7c7b3) x15 0x9dba9e6f
core   0: 3 0x8000012c (0xfe0716e3)
core   0: 3 0x80000118 (0x0017f693) x13 0x00000001
core   0: 3 0x8000011c (0xfff70713) x14 0x00000001
core   0: 3 0x80000120 (0x0017d793) x15 0x4edd4f37
core   0: 3 0x80000124 (0x00068463)
core   0: 3 0x80000128 (0x00c7c7b3) x15 0xa365cc17
core   0: 3 0x8000012c (0xfe0716e3)
core   0: 3 0x80000118 (0x0017f693) x13 0x00000001
core   0: 3 0x8000011c (0xfff70713) x14 0x00000000
core   0: 3 0x80000120 (0x0017d793) x15 0x51b2e60b
core   0: 3 0x80000124 (0x00068463)
core   0: 3 0x80000128 (0x00c7c7b3) x15 0xbc0a652b
core   0: 3 0x8000012c (0xfe0716e3)
core   0: 3 0x80000130 (0x00158593) x11 0x800001ff
core   0: 3 0x80000134 (0xfca59ce3)
core   0: 3 0x8000010c (0x0005c683) x13 0x0000009f mem 0x800001ff
core   0: 3 0x80000110 (0x00800713) x14 0x00000008
core   0: 3 0x80000114 (0x00d7c7b3) x15 0xbc0a65b4
core   0: 3 0x80000118 (0x0017f693) x13 0x00000000
core   0: 3 0x8000011c (0xfff70713) x14 0x00000007
core   0: 3 0x80000120 (0x0017d793) x15 0x5e0532da
core   0: 3 0x80000124 (0x00068463)
core   0: 3 0x8000012c (0xfe0716e3)
core   0: 3 0x80000118 (0x0017f693) x13 0x00000000
core   0: 3 0x8000011c (0xfff70713) x14 0x00000006
core   0: 3 0x80000120 (0x0017d793) x15 0x2f02996d
core   0: 3 0x80000124 (0x00068463)
core   0: 3 0x8000012c (0xfe0716e3)
core   0: 3 0x80000118 (0x0017f693) x13 0x00000001
core   0: 3 0x8000011c (0xfff70713) x14 0x00000005
core   0: 3 0x80000120 (0x0017d793) x15 0x17814cb6
core   0: 3 0x80000124 (0x00068463)
core   0: 3 0x80000128 (0x00c7c7b3) x15 0xfa39cf96
core   0: 3 0x8000012c (0xfe0716e3)
core   0: 3 0x80000118 (0x0017f693) x13 0x00000000
core   0: 3 0x8000011c (0xfff70713) x14 0x00000004
core   0: 3 0x80000120 (0x0017d793) x15 0x7d1ce7cb
core   0: 3 0x80000124 (0x00068463)
core   0: 3 0x8000012c (0xfe0716e3)
core   0: 3 0x80000118 (0x0017f693) x13 0x00000001
core   0: 3 0x8000011c (0xfff70713) x14 0x00000003
core   0: 3 0x80000120 (0x0017d793) x15 0x3e8e73e5
core   0: 3 0x80000124 (0x00068463)
core   0: 3 0x80000128 (0x00c7c7b3) x15 0xd336f0c5
core   0: 3 0x8000012c (0xfe0716e3)
core   0: 3 0x80000118 (0x0017f693) x13 0x00000001
core   0: 3 0x8000011c (0xfff70713) x14 0x00000002
core   0: 3 0x80000120 (0x0017d793) x15 0x699b7862
core   0: 3 0x80000124 (0x00068463)
core   0: 3 0x80000128 (0x00c7c7b3) x15 0x8423fb42
core   0: 3 0x8000012c (0xfe0716e3)
core   0: 3 0x80000118 (0x0017f693) x13 0x00000000
core   0: 3 0x8000011c (0xfff70713) x14 0x00000001
core   0: 3 0x80000120 (0x0017d793) x15 0x4211fda1
core   0: 3 0x80000124 (0x00068463)
core   0: 3 0x8000012c (0xfe0716e3)
core   0: 3 0x80000118 (0x0017f693) x13 0x00000001
core   0: 3 0x8000011c (0xfff70713) x14 0x00000000
core   0: 3 0x80000120 (0x0017d793) x15 0x2108fed0
core   0: 3 0x80000124 (0x00068463)
core   0: 3 0x80000128 (0x00c7c7b3) x15 0xccb07df0
core   0: 3 0x8000012c (0xfe0716e3)
core   0: 3 0x80000130 (0x00158593) x11 0x80000200
core   0: 3 0x80000134 (0xfca59ce3)
core   0: 3 0x8000010c (0x0005c683) x13 0x0000004b mem 0x80000200
core   0: 3 0x80000110 (0x00800713) x14 0x00000008
core   0: 3 0x80000114 (0x00d7c7b3) x15 0xccb07dbb
core   0: 3 0x80000118 (0x0017f693) x13 0x00000001
core   0: 3 0x8000011c (0xfff70713) x14 0x00000007
core   0: 3 0x80000120 (0x0017d793) x15 0x66583edd
core   0: 3 0x80000124 (0x00068463)
core   0: 3 0x80000128 (0x00c7c7b3) x15 0x8be0bdfd
core   0: 3 0x8000012c (0xfe0716e3)
core   0: 3 0x80000118 (0x0017f693) x13 0x00000001
core   0: 3 0x8000011c (0xfff70713) x14 0x00000006
core   0: 3 0x80000120 (0x0017d793) x15 0x45f05efe
core   0: 3 0x80000124 (0x00068463)
core   0: 3 0x80000128 (0x00c7c7b3) x15 0xa848ddde
core   0: 3 0x8000012c (0xfe0716e3)
core   0: 3 0x80000118 (0x0017f693) x13 0x00000000
core   0: 3 0x8000011c (0xfff70713) x14 0x00000005
core   0: 3 0x80000120 (0x0017d793) x15 0x54246eef
core   0: 3 0x80000124 (0x00068463)
core   0: 3 0x8000012c (0xfe0716e3)
core   0: 3 0x80000118 (0x0017f693) x13 0x00000001
core   0: 3 0x8000011c (0xfff70713) x14 0x00000004
core   0: 3 0x80000120 (0x0017d793) x15 0x2a123777
core   0: 3 0x80000124 (0x00068463)
core   0: 3 0x80000128 (0x00c7c7b3) x15 0xc7aab457
core   0: 3 0x8000012c (0xfe0716e3)
core   0: 3 0x80000118 (0x0017f693) x13 0x00000001
core   0: 3 0x8000011c (0xfff70713) x14 0x00000003
core   0: 3 0x80000120 (0x0017d793) x15 0x63d55a2b
core   0: 3 0x80000124 (0x00068463)
core   0: 3 0x80000128 (0x00c7c7b3) x15 0x8e6dd90b
core   0: 3 0x8000012c (0xfe0716e3)
core   0: 3 0x80000118 (0x0017f693) x13 0x00000001
core   0: 3 0x8000011c (0xfff70713) x14 0x00000002
core   0: 3 0x80000120 (0x0017d793) x15 0x4736ec85
core   0: 3 0x80000124 (0x00068463)
core   0: 3 0x80000128 (0x00c7c7b3) x15 0xaa8e6fa5
core   0: 3 0x8000012c (0xfe0716e3)
core   0: 3 0x80000118 (0x0017f693) x13 0x00000001
core   0: 3 0x8000011c (0xfff70713) x14 0x00000001
core   0: 3 0x80000120 (0x0017d793) x15 0x554737d2
core   0: 3 0x80000124 (0x00068463)
core   0: 3 0x80000128 (0x00c7c7b3) x15 0xb8ffb4f2
core   0: 3 0x8000012c (0xfe0716e3)
core   0: 3 0x80000118 (0x0017f693) x13 0x00000000
core   0: 3 0x8000011c (0xfff70713) x14 0x00000000
core   0: 3 0x80000120 (0x0017d793) x15 0x5c7fda79
core   0: 3 0x80000124 (0x00068463)
core   0: 3 0x8000012c (0xfe0716e3)
core   0: 3 0x80000130 (0x00158593) x11 0x80000201
core   0: 3 0x80000134 (0xfca59ce3)
core   0: 3 0x8000010c (0x0005c683) x13 0x000000b2 mem 0x80000201
core   0: 3 0x80000110 (0x00800713) x14 0x00000008
core   0: 3 0x80000114 (0x00d7c7b3) x15 0x5c7fdacb
core   0: 3 0x80000118 (0x0017f693) x13 0x00000001
core   0: 3 0x8000011c (0xfff70713) x14 0x00000007
core   0: 3 0x80000120 (0x0017d793) x15 0x2e3fed65
core   0: 3 0x80000124 (0x00068463)
core   0: 3 0x80000128 (0x00c7c7b3) x15 0xc3876e45
core   0: 3 0x8000012c (0xfe0716e3)
core   0: 3 0x80000118 (0x0017f693) x13 0x00000001
core   0: 3 0x8000011c (0xfff70713) x14 0x00000006
core   0: 3 0x80000120 (0x0017d793) x15 0x61c3b722
core   0: 3 0x80000124 (0x00068463)
core   0: 3 0x80000128 (0x00c7c7b3) x15 0x8c7b3402
core   0: 3 0x8000012c (0xfe0716e3)
core   0: 3 0x80000118 (0x0017f693) x13 0x00000000
core   0: 3 0x8000011c (0xfff70713) x14 0x00000005
core   0: 3 0x80000120 (0x0017d793) x15 0x463d9a01
core   0: 3 0x80000124 (0x00068463)
core   0: 3 0x8000012c (0xfe0716e3)
core   0: 3 0x80000118 (0x0017f693) x13 0x00000001
core   0: 3 0x8000011c (0xfff70713) x14 0x00000004
core   0: 3 0x80000120 (0x0017d793) x15 0x231ecd00
core   0: 3 0x80000124 (0x00068463)
core   0: 3 0x80000128 (0x00c7c7b3) x15 0xcea64e20
core   0: 3 0x8000012c (0xfe0716e3)
core   0: 3 0x80000118 (0x0017f693) x13 0x00000000
core   0: 3 0x8000011c (0xfff70713) x14 0x00000003
core   0: 3 0x80000120 (0x0017d793) x15 0x67532710
core   0: 3 0x80000124 (0x00068463)
core   0: 3 0x8000012c (0xfe0716e3)
core   0: 3 0x80000118 (0x0017f693) x13 0x00000000
core   0: 3 0x8000011c (0xfff70713) x14 0x00000002
core   0: 3 0x80000120 (0x0017d793) x15 0x33a99388
core   0: 3 0x80000124 (0x00068463)
core   0: 3 0x8000012c (0xfe0716e3)
core   0: 3 0x80000118 (0x0017f693) x13 0x00000000
core   0: 3 0x8000011c (0xfff70713) x14 0x00000001
core   0: 3 0x80000120 (0x0017d793) x15 0x19d4c9c4
core   0: 3 0x80000124 (0x00068463)
core   0: 3 0x8000012c (0xfe0716e3)
core   0: 3 0x80000118 (0x0017f693) x13 0x00000000
core   0: 3 0x8000011c (0xfff70713) x14 0x00000000
core   0: 3 0x80000120 (0x0017d793) x15 0x0cea64e2
core   0: 3 0x80000124 (0x00068463)
core   0: 3 0x8000012c (0xfe0716e3)
core   0: 3 0x80000130 (0x00158593) x11 0x80000202
core   0: 3 0x80000134 (0xfca59ce3)
core   0: 3 0x8000010c (0x0005c683) x13 0x00000051 mem 0x80000202
core   0: 3 0x80000110 (0x00800713) x14 0x00000008
core   0: 3 0x80000114 (0x00d7c7b3) x15 0x0cea64b3
core   0: 3 0x80000118 (0x0017f693) x13 0x00000001
core   0: 3 0x8000011c (0xfff70713) x14 0x00000007
core   0: 3 0x80000120 (0x0017d793) x15 0x06753259
core   0: 3 0x80000124 (0x00068463)
core   0: 3 0x80000128 (0x00c7c7b3) x15 0xebcdb179
core   0: 3 0x8000012c (0xfe0716e3)
core   0: 3 0x80000118 (0x0017f693) x13 0x00000001
core   0: 3 0x8000011c (0xfff70713) x14 0x00000006
core   0: 3 0x80000120 (0x0017d793) x15 0x75e6d8bc
core   0: 3 0x80000124 (0x00068463)
core   0: 3 0x80000128 (0x00c7c7b3) x15 0x985e5b9c
core   0: 3 0x8000012c (0xfe0716e3)
core   0: 3 0x80000118 (0x0017f693) x13 0x00000000
core   0: 3 0x8000011c (0xfff70713) x14 0x00000005
core   0: 3 0x80000120 (0x0017d793) x15 0x4c2f2dce
core   0: 3 0x80000124 (0x00068463)
core   0: 3 0x8000012c (0xfe0716e3)
core   0: 3 0x80000118 (0x0017f693) x13 0x00000000
core   0: 3 0x8000011c (0xfff70713) x14 0x00000004
core   0: 3 0x80000120 (0x0017d793) x15 0x261796e7
core   0: 3 0x80000124 (0x00068463)
core   0: 3 0x8000012c (0xfe0716e3)
core   0: 3 0x80000118 (0x0017f693) x13 0x00000001
core   0: 3 0x8000011c (0xfff70713) x14 0x00000003
core   0: 3 0x80000120 (0x0017d793) x15 0x130bcb73
core   0: 3 0x80000124 (0x00068463)
core   0: 3 0x80000128 (0x00c7c7b3) x15 0xfeb34853
core   0: 3 0x8000012c (0xfe0716e3)
core   0: 3 0x80000118 (0x0017f693) x13 0x00000001
core   0: 3 0x8000011c (0xfff70713) x14 0x00000002
core   0: 3 0x80000120 (0x0017d793) x15 0x7f59a429
core   0: 3 0x80000124 (0x00068463)
core   0: 3 0x80000128 (0x00c7c7b3) x15 0x92e12709
core   0: 3 0x8000012c (0xfe0716e3)
core   0: 3 0x80000118 (0x0017f693) x13 0x00000001
core   0: 3 0x8000011c (0xfff70713) x14 0x00000001
core   0: 3 0x80000120 (0x0017d793) x15 0x49709384
core   0: 3 0x80000124 (0x00068463)
core   0: 3 0x80000128 (0x00c7c7b3) x15 0xa4c810a4
core   0: 3 0x8000012c (0xfe0716e3)
core   0: 3 0x80000118 (0x0017f693) x13 0x00000000
core   0: 3 0x8000011c (0xfff70713) x14 0x00000000
core   0: 3 0x80000120 (0x0017d793) x15 0x52640852
core   0: 3 0x80000124 (0x00068463)
core   0: 3 0x8000012c (0xfe0716e3)
core   0: 3 0x80000130 (0x00158593) x11 0x80000203
core   0: 3 0x80000134 (0xfca59ce3)
core   0: 3 0x8000010c (0x0005c683) x13 0x00000097 mem 0x80000203
core   0: 3 0x80000110 (0x00800713) x14 0x00000008
core   0: 3 0x80000114 (0x00d7c7b3) x15 0x526408c5
core   0: 3 0x80000118 (0x0017f693) x13 0x00000001
core   0: 3 0x8000011c (0xfff70713) x14 0x00000007
core   0: 3 0x80000120 (0x0017d793) x15 0x29320462
core   0: 3 0x80000124 (0x00068463)
core   0: 3 0x80000128 (0x00c7c7b3) x15 0xc48a8742
core   0: 3 0x8000012c (0xfe0716e3)
core   0: 3 0x80000118 (0x0017f693) x13 0x00000000
core   0: 3 0x8000011c (0xfff70713) x14 0x00000006
core   0: 3 0x80000120 (0x0017d793) x15 0x624543a1
core   0: 3 0x80000124 (0x00068463)
core   0: 3 0x8000012c (0xfe0716e3)
core   0: 3 0x80000118 (0x0017f693) x13 0x00000001
core   0: 3 0x8000011c (0xfff70713) x14 0x00000005
core   0: 3 0x80000120 (0x0017d793) x15 0x3122a1d0
core   0: 3 0x80000124 (0x00068463)
core   0: 3 0x80000128 (0x00c7c7b3) x15 0xdc9a22f0
core   0: 3 0x8000012c (0xfe0716e3)
core   0: 3 0x80000118 (0x0017f693) x13 0x00000000
core   0: 3 0x8000011c (0xfff70713) x14 0x00000004
core   0: 3 0x80000120 (0x0017d793) x15 0x6e4d1178
core   0: 3 0x80000124 (0x00068463)
core   0: 3 0x8000012c (0xfe0716e3)
core   0: 3 0x80000118 (0x0017f693) x13 0x00000000
core   0: 3 0x8000011c (0xfff70713) x14 0x00000003
core   0: 3 0x80000120 (0x0017d793) x15 0x372688bc
core   0: 3 0x80000124 (0x00068463)
core   0: 3 0x8000012c (0xfe0716e3)
core   0: 3 0x80000118 (0x0017f693) x13 0x00000000
core   0: 3 0x8000011c (0xfff70713) x14 0x00000002
core   0: 3 0x80000120 (0x0017d793) x15 0x1b93445e
core   0: 3 0x80000124 (0x00068463)
core   0: 3 0x8000012c (0xfe0716e3)
core   0: 3 0x80000118 (0x0017f693) x13 0x00000000
core   0: 3 0x8000011c (0xfff70713) x14 0x00000001
core   0: 3 0x80000120 (0x0017d793) x15 0x0dc9a22f
core   0: 3 0x80000124 (0x00068463)
core   0: 3 0x8000012c (0xfe0716e3)
core   0: 3 0x80000118 (0x0017f693) x13 0x00000001
core   0: 3 0x8000011c (0xfff70713) x14 0x00000000
core   0: 3 0x80000120 (0x0017d793) x15 0x06e4d117
core   0: 3 0x80000124 (0x00068463)
core   0: 3 0x80000128 (0x00c7c7b3) x15 0xeb5c5237
core   0: 3 0x8000012c (0xfe0716e3)
core   0: 3 0x80000130 (0x00158593) x11 0x80000204
core   0: 3 0x80000134 (0xfca59ce3)
core   0: 3 0x8000010c (0x0005c683) x13 0x000000d4 mem 0x80000204
core   0: 3 0x80000110 (0x00800713) x14 0x00000008
core   0: 3 0x80000114 (0x00d7c7b3) x15 0xeb5c52e3
core   0: 3 0x80000118 (0x0017f693) x13 0x00000001
core   0: 3 0x8000011c (0xfff70713) x14 0x00000007
core   0: 3 0x80000120 (0x0017d793) x15 0x75ae2971
core   0: 3 0x80000124 (0x00068463)
core   0: 3 0x80000128 (0x00c7c7b3) x15 0x9816aa51
core   0: 3 0x8000012c (0xfe0716e3)
core   0: 3 0x80000118 (0x0017f693) x13 0x00000001
core   0: 3 0x8000011c (0xfff70713) x14 0x00000006
core   0: 3 0x80000120 (0x0017d793) x15 0x4c0b5528
core   0: 3 0x80000124 (0x00068463)
core   0: 3 0x80000128 (0x00c7c7b3) x15 0xa1b3d608
core   0: 3 0x8000012c (0xfe0716e3)
core   0: 3 0x80000118 (0x0017f693) x13 0x00000000
core   0: 3 0x8000011c (0xfff70713) x14 0x00000005
core   0: 3 0x80000120 (0x0017d793) x15 0x50d9eb04
core   0: 3 0x80000124 (0x00068463)
core   0: 3 0x8000012c (0xfe0716e3)
core   0: 3 0x80000118 (0x0017f693) x13 0x00000000
core   0: 3 0x8000011c (0xfff70713) x14 0x00000004
core   0: 3 0x80000120 (0x0017d793) x15 0x286cf582
core   0: 3 0x80000124 (0x00068463)
core   0: 3 0x8000012c (0xfe0716e3)
core   0: 3 0x80000118 (0x0017f693) x13 0x00000000
core   0: 3 0x8000011c (0xfff70713) x14 0x00000003
core   0: 3 0x80000120 (0x0017d793) x15 0x14367ac1
core   0: 3 0x80000124 (0x00068463)
core   0: 3 0x8000012c (0xfe0716e3)
core   0: 3 0x80000118 (0x0017f693) x13 0x00000001
core   0: 3 0x8000011c (0xfff70713) x14 0x00000002
core   0: 3 0x80000120 (0x0017d793) x15 0x0a1b3d60
core   0: 3 0x80000124 (0x00068463)
core   0: 3 0x80000128 (0x00c7c7b3) x15 0xe7a3be40
core   0: 3 0x8000012c (0xfe0716e3)
core   0: 3 0x80000118 (0x0017f693) x13 0x00000000
core   0: 3 0x8000011c (0xfff70713) x14 0x00000001
core   0: 3 0x80000120 (0x0017d793) x15 0x73d1df20
core   0: 3 0x80000124 (0x00068463)
core   0: 3 0x8000012c (0xfe0716e3)
core   0: 3 0x80000118 (0x0017f693) x13 0x00000000
core   0: 3 0x8000011c (0xfff70713) x14 0x00000000
core   0: 3 0x80000120 (0x0017d793) x15 0x39e8ef90
core   0: 3 0x80000124 (0x00068463)
core   0: 3 0x8000012c (0xfe0716e3)
core   0: 3 0x80000130 (0x00158593) x11 0x80000205
core   0: 3 0x80000134 (0xfca59ce3)
core   0: 3 0x8000010c (0x0005c683) x13 0x00000046 mem 0x80000205
core   0: 3 0x80000110 (0x00800713) x14 0x00000008
core   0: 3 0x80000114 (0x00d7c7b3) x15 0x39e8efd6
core   0: 3 0x80000118 (0x0017f693) x13 0x00000000
core   0: 3 0x8000011c (0xfff70713) x14 0x00000007
core   0: 3 0x80000120 (0x0017d793) x15 0x1cf477eb
core   0: 3 0x80000124 (0x00068463)
core   0: 3 0x8000012c (0xfe0716e3)
core   0: 3 0x80000118 (0x0017f693) x13 0x00000001
core   0: 3 0x8000011c (0xfff70713) x14 0x00000006
core   0: 3 0x80000120 (0x0017d793) x15 0x0e7a3bf5
core   0: 3 0x80000124 (0x00068463)
core   0: 3 0x80000128 (0x00c7c7b3) x15 0xe3c2b8d5
core   0: 3 0x8000012c (0xfe0716e3)
core   0: 3 0x80000118 (0x0017f693) x13 0x00000001
core   0: 3 0x8000011c (0xfff70713) x14 0x00000005
core   0: 3 0x80000120 (0x0017d793) x15 0x71e15c6a
core   0: 3 0x80000124 (0x00068463)
core   0: 3 0x80000128 (0x00c7c7b3) x15 0x9c59df4a
core   0: 3 0x8000012c (0xfe0716e3)
core   0: 3 0x80000118 (0x0017f693) x13 0x00000000
core   0: 3 0x8000011c (0xfff70713) x14 0x00000004
core   0: 3 0x80000120 (0x0017d793) x15 0x4e2cefa5
core   0: 3 0x80000124 (0x00068463)
core   0: 3 0x8000012c (0xfe0716e3)
core   0: 3 0x80000118 (0x0017f693) x13 0x00000001
core   0: 3 0x8000011c (0xfff70713) x14 0x00000003
core   0: 3 0x80000120 (0x0017d793) x15 0x271677d2
core   0: 3 0x80000124 (0x00068463)
core   0: 3 0x80000128 (0x00c7c7b3) x15 0xcaaef4f2
core   0: 3 0x8000012c (0xfe0716e3)
core   0: 3 0x80000118 (0x0017f693) x13 0x00000000
core   0: 3 0x8000011c (0xfff70713) x14 0x00000002
core   0: 3 0x80000120 (0x0017d793) x15 0x65577a79
core   0: 3 0x80000124 (0x00068463)
core   0: 3 0x8000012c (0xfe0716e3)
core   0: 3 0x80000118 (0x0017f693) x13 0x00000001
core   0: 3 0x8000011c (0xfff70713) x14 0x00000001
core   0: 3 0x80000120 (0x0017d793) x15 0x32abbd3c
core   0: 3 0x80000124 (0x00068463)
core   0: 3 0x80000128 (0x00c7c7b3) x15 0xdf133e1c
core   0: 3 0x8000012c (0xfe0716e3)
core   0: 3 0x80000118 (0x0017f693) x13 0x00000000
core   0: 3 0x8000011c (0xfff70713) x14 0x00000000
core   0: 3 0x80000120 (0x0017d793) x15 0x6f899f0e
core   0: 3 0x80000124 (0x00068463)
core   0: 3 0x8000012c (0xfe0716e3)
core   0: 3 0x80000130 (0x00158593) x11 0x80000206
core   0: 3 0x80000134 (0xfca59ce3)
core   0: 3 0x8000010c (0x0005c683) x13 0x00000009 mem 0x80000206
core   0: 3 0x80000110 (0x00800713) x14 0x00000008
core   0: 3 0x80000114 (0x00d7c7b3) x15 0x6f899f07
core   0: 3 0x80000118 (0x0017f693) x13 0x00000001
core   0: 3 0x8000011c (0xfff70713) x14 0x00000007
core   0: 3 0x80000120 (0x0017d793) x15 0x37c4cf83
core   0: 3 0x80000124 (0x00068463)
core   0: 3 0x80000128 (0x00c7c7b3) x15 0xda7c4ca3
core   0: 3 0x8000012c (0xfe0716e3)
core   0: 3 0x80000118 (0x0017f693) x13 0x00000001
core   0: 3 0x8000011c (0xfff70713) x14 0x00000006
core   0: 3 0x80000120 (0x0017d793) x15 0x6d3e2651
core   0: 3 0x80000124 (0x00068463)
core   0: 3 0x80000128 (0x00c7c7b3) x15 0x8086a571
core   0: 3 0x8000012c (0xfe0716e3)
core   0: 3 0x80000118 (0x0017f693) x13 0x00000001
core   0: 3 0x8000011c (0xfff70713) x14 0x00000005
core   0: 3 0x80000120 (0x0017d793) x15 0x404352b8
core   0: 3 0x80000124 (0x00068463)
core   0: 3 0x80000128 (0x00c7c7b3) x15 0xadfbd198
core   0: 3 0x8000012c (0xfe0716e3)
core   0: 3 0x80000118 (0x0017f693) x13 0x00000000
core   0: 3 0x8000011c (0xfff70713) x14 0x00000004
core   0: 3 0x80000120 (0x0017d793) x15 0x56fde8cc
core   0: 3 0x80000124 (0x00068463)
core   0: 3 0x8000012c (0xfe0716e3)
core   0: 3 0x80000118 (0x0017f693) x13 0x00000000
core   0: 3 0x8000011c (0xfff70713) x14 0x00000003
core   0: 3 0x80000120 (0x0017d793) x15 0x2b7ef466
core   0: 3 0x80000124 (0x00068463)
core   0: 3 0x8000012c (0xfe0716e3)
core   0: 3 0x80000118 (0x0017f693) x13 0x00000000
core   0: 3 0x8000011c (0xfff70713) x14 0x00000002
core   0: 3 0x80000120 (0x0017d793) x15 0x15bf7a33
core   0: 3 0x80000124 (0x00068463)
core   0: 3 0x8000012c (0xfe0716e3)
core   0: 3 0x80000118 (0x0017f693) x13 0x00000001
core   0: 3 0x8000011c (0xfff70713) x14 0x00000001
core   0: 3 0x80000120 (0x0017d793) x15 0x0adfbd19
core   0: 3 0x80000124 (0x00068463)
core   0: 3 0x80000128 (0x00c7c7b3) x15 0xe7673e39
core   0: 3 0x8000012c (0xfe0716e3)
core   0: 3 0x80000118 (0x0017f693) x13 0x00000001
core   0: 3 0x8000011c (0xfff70713) x14 0x00000000
core   0: 3 0x80000120 (0x0017d793) x15 0x73b39f1c
core   0: 3 0x80000124 (0x00068463)
core   0: 3 0x80000128 (0x00c7c7b3) x15 0x9e0b1c3c
core   0: 3 0x8000012c (0xfe0716e3)
core   0: 3 0x80000130 (0x00158593) x11 0x80000207
core   0: 3 0x80000134 (0xfca59ce3)
core   0: 3 0x8000010c (0x0005c683) x13 0x0000004d mem 0x80000207
core   0: 3 0x80000110 (0x00800713) x14 0x00000008
core   0: 3 0x80000114 (0x00d7c7b3) x15 0x9e0b1c71
core   0: 3 0x80000118 (0x0017f693) x13 0x00000001
core   0: 3 0x8000011c (0xfff70713) x14 0x00000007
core   0: 3 0x80000120 (0x0017d793) x15 0x4f058e38
core   0: 3 0x80000124 (0x00068463)
core   0: 3 0x80000128 (0x00c7c7b3) x15 0xa2bd0d18
core   0: 3 0x8000012c (0xfe0716e3)
core   0: 3 0x80000118 (0x0017f693) x13 0x00000000
core   0: 3 0x8000011c (0xfff70713) x14 0x00000006
core   0: 3 0x80000120 (0x0017d793) x15 0x515e868c
core   0: 3 0x80000124 (0x00068463)
core   0: 3 0x8000012c (0xfe0716e3)
core   0: 3 0x80000118 (0x0017f693) x13 0x00000000
core   0: 3 0x8000011c (0xfff70713) x14 0x00000005
core   0: 3 0x80000120 (0x0017d793) x15 0x28af4346
core   0: 3 0x80000124 (0x00068463)
core   0: 3 0x8000012c (0xfe0716e3)
core   0: 3 0x80000118 (0x0017f693) x13 0x00000000
core   0: 3 0x8000011c (0xfff70713) x14 0x00000004
core   0: 3 0x80000120 (0x0017d793) x15 0x1457a1a3
core   0: 3 0x80000124 (0x00068463)
core   0: 3 0x8000012c (0xfe0716e3)
core   0: 3 0x80000118 (0x0017f693) x13 0x00000001
core   0: 3 0x8000011c (0xfff70713) x14 0x00000003
core   0: 3 0x80000120 (0x0017d793) x15 0x0a2bd0d1
core   0: 3 0x80000124 (0x00068463)
core   0: 3 0x80000128 (0x00c7c7b3) x15 0xe79353f1
core   0: 3 0x8000012c (0xfe0716e3)
core   0: 3 0x80000118 (0x0017f693) x13 0x00000001
core   0: 3 0x8000011c (0xfff70713) x14 0x00000002
core   0: 3 0x80000120 (0x0017d793) x15 0x73c9a9f8
core   0: 3 0x80000124 (0x00068463)
core   0: 3 0x80000128 (0x00c7c7b3) x15 0x9e712ad8
core   0: 3 0x8000012c (0xfe0716e3)
core   0: 3 0x80000118 (0x0017f693) x13 0x00000000
core   0: 3 0x8000011c (0xfff70713) x14 0x00000001
core   0: 3 0x80000120 (0x0017d793) x15 0x4f38956c
core   0: 3 0x80000124 (0x00068463)
core   0: 3 0x8000012c (0xfe0716e3)
core   0: 3 0x80000118 (0x0017f693) x13 0x00000000
core   0: 3 0x8000011c (0xfff70713) x14 0x00000000
core   0: 3 0x80000120 (0x0017d793) x15 0x279c4ab6
core   0: 3 0x80000124 (0x00068463)
core   0: 3 0x8000012c (0xfe0716e3)
core   0: 3 0x80000130 (0x00158593) x11 0x80000208
core   0: 3 0x80000134 (0xfca59ce3)
core   0: 3 0x8000010c (0x0005c683) x13 0x000000a3 mem 0x80000208
core   0: 3 0x80000110 (0x00800713) x14 0x00000008
core   0: 3 0x80000114 (0x00d7c7b3) x15 0x279c4a15
core   0: 3 0x80000118 (0x0017f693) x13 0x00000001
core   0: 3 0x8000011c (0xfff70713) x14 0x00000007
core   0: 3 0x80000120 (0x0017d793) x15 0x13ce250a
core   0: 3 0x80000124 (0x00068463)
core   0: 3 0x80000128 (0x00c7c7b3) x15 0xfe76a62a
core   0: 3 0x8000012c (0xfe0716e3)
core   0: 3 0x80000118 (0x0017f693) x13 0x00000000
core   0: 3 0x8000011c (0xfff70713) x14 0x00000006
core   0: 3 0x80000120 (0x0017d793) x15 0x7f3b5315
core   0: 3 0x80000124 (0x00068463)
core   0: 3 0x8000012c (0xfe0716e3)
core   0: 3 0x80000118 (0x0017f693) x13 0x00000001
core   0: 3 0x8000011c (0xfff70713) x14 0x00000005
core   0: 3 0x80000120 (0x0017d793) x15 0x3f9da98a
core   0: 3 0x80000124 (0x00068463)
core   0: 3 0x80000128 (0x00c7c7b3) x15 0xd2252aaa
core   0: 3 0x8000012c (0xfe0716e3)
core   0: 3 0x80000118 (0x0017f693) x13 0x00000000
core   0: 3 0x8000011c (0xfff70713) x14 0x00000004
core   0: 3 0x80000120 (0x0017d793) x15 0x69129555
core   0: 3 0x80000124 (0x00068463)
core   0: 3 0x8000012c (0xfe0716e3)
core   0: 3 0x80000118 (0x0017f693) x13 0x00000001
core   0: 3 0x8000011c (0xfff70713) x14 0x00000003
core   0: 3 0x80000120 (0x0017d793) x15 0x34894aaa
core   0: 3 0x80000124 (0x00068463)
core   0: 3 0x80000128 (0x00c7c7b3) x15 0xd931c98a
core   0: 3 0x8000012c (0xfe0716e3)
core   0: 3 0x80000118 (0x0017f693) x13 0x00000000
core   0: 3 0x8000011c (0xfff70713) x14 0x00000002
core   0: 3 0x80000120 (0x0017d793) x15 0x6c98e4c5
core   0: 3 0x80000124 (0x00068463)
core   0: 3 0x8000012c (0xfe0716e3)
core   0: 3 0x80000118 (0x0017f693) x13 0x00000001
core   0: 3 0x8000011c (0xfff70713) x14 0x00000001
core   0: 3 0x80000120 (0x0017d793) x15 0x364c7262
core   0: 3 0x80000124 (0x00068463)
core   0: 3 0x80000128 (0x00c7c7b3) x15 0xdbf4f142
core   0: 3 0x8000012c (0xfe0716e3)
core   0: 3 0x80000118 (0x0017f693) x13 0x00000000
core   0: 3 0x8000011c (0xfff70713) x14 0x00000000
core   0: 3 0x80000120 (0x0017d793) x15 0x6dfa78a1
core   0: 3 0x80000124 (0x00068463)
core   0: 3 0x8000012c (0xfe0716e3)
core   0: 3 0x80000130 (0x00158593) x11 0x80000209
core   0: 3 0x80000134 (0xfca59ce3)
core   0: 3 0x8000010c (0x0005c683) x13 0x000000c3 mem 0x80000209
core   0: 3 0x80000110 (0x00800713) x14 0x00000008
core   0: 3 0x80000114 (0x00d7c7b3) x15 0x6dfa7862
core   0: 3 0x80000118 (0x0017f693) x13 0x00000000
core   0: 3 0x8000011c (0xfff70713) x14 0x00000007
core   0: 3 0x80000120 (0x0017d793) x15 0x36fd3c31
core   0: 3 0x80000124 (0x00068463)
core   0: 3 0x8000012c (0xfe0716e3)
core   0: 3 0x80000118 (0x0017f693) x13 0x00000001
core   0: 3 0x8000011c (0xfff70713) x14 0x00000006
core   0: 3 0x80000120 (0x0017d793) x15 0x1b7e9e18
core   0: 3 0x80000124 (0x00068463)
core   0: 3 0x80000128 (0x00c7c7b3) x15 0xf6c61d38
core   0: 3 0x8000012c (0xfe0716e3)
core   0: 3 0x80000118 (0x0017f693) x13 0x00000000
core   0: 3 0x8000011c (0xfff70713) x14 0x00000005
core   0: 3 0x80000120 (0x0017d793) x15 0x7b630e9c
core   0: 3 0x80000124 (0x00068463)
core   0: 3 0x8000012c (0xfe0716e3)
core   0: 3 0x80000118 (0x0017f693) x13 0x00000000
core   0: 3 0x8000011c (0xfff70713) x14 0x00000004
core   0: 3 0x80000120 (0x0017d793) x15 0x3db1874e
core   0: 3 0x80000124 (0x00068463)
core   0: 3 0x8000012c (0xfe0716e3)
core   0: 3 0x80000118 (0x0017f693) x13 0x00000000
core   0: 3 0x8000011c (0xfff70713) x14 0x00000003
core   0: 3 0x80000120 (0x0017d793) x15 0x1ed8c3a7
core   0: 3 0x80000124 (0x00068463)
core   0: 3 0x8000012c (0xfe0716e3)
core   0: 3 0x80000118 (0x0017f693) x13 0x00000001
core   0: 3 0x8000011c (0xfff70713) x14 0x00000002
core   0: 3 0x80000120 (0x0017d793) x15 0x0f6c61d3
core   0: 3 0x80000124 (0x00068463)
core   0: 3 0x80000128 (0x00c7c7b3) x15 0xe2d4e2f3
core   0: 3 0x8000012c (0xfe0716e3)
core   0: 3 0x80000118 (0x0017f693) x13 0x00000001
core   0: 3 0x8000011c (0xfff70713) x14 0x00000001
core   0: 3 0x80000120 (0x0017d793) x15 0x716a7179
core   0: 3 0x80000124 (0x00068463)
core   0: 3 0x80000128 (0x00c7c7b3) x15 0x9cd2f259
core   0: 3 0x8000012c (0xfe0716e3)
core   0: 3 0x80000118 (0x0017f693) x13 0x00000001
core   0: 3 0x8000011c (0xfff70713) x14 0x00000000
core   0: 3 0x80000120 (0x0017d793) x15 0x4e69792c
core   0: 3 0x80000124 (0x00068463)
core   0: 3 0x80000128 (0x00c7c7b3) x15 0xa3d1fa0c
core   0: 3 0x8000012c (0xfe0716e3)
core   0: 3 0x80000130 (0x00158593) x11 0x8000020a
core   0: 3 0x80000134 (0xfca59ce3)
core   0: 3 0x8000010c (0x0005c683) x13 0x00000043 mem 0x8000020a
core   0: 3 0x80000110 (0x00800713) x14 0x00000008
core   0: 3 0x80000114 (0x00d7c7b3) x15 0xa3d1fa4f
core   0: 3 0x80000118 (0x0017f693) x13 0x00000001
core   0: 3 0x8000011c (0xfff70713) x14 0x00000007
core   0: 3 0x80000120 (0x0017d793) x15 0x51e8fd27
core   0: 3 0x80000124 (0x00068463)
core   0: 3 0x80000128 (0x00c7c7b3) x15 0xbc507e07
core   0: 3 0x8000012c (0xfe0716e3)
core   0: 3 0x80000118 (0x0017f693) x13 0x00000001
core   0: 3 0x8000011c (0xfff70713) x14 0x00000006
core   0: 3 0x80000120 (0x0017d793) x15 0x5e283f03
core   0: 3 0x80000124 (0x00068463)
core   0: 3 0x80000128 (0x00c7c7b3) x15 0xb390bc23
core   0: 3 0x8000012c (0xfe0716e3)
core   0: 3 0x80000118 (0x0017f693) x13 0x00000001
core   0: 3 0x8000011c (0xfff70713) x14 0x00000005
core   0: 3 0x80000120 (0x0017d793) x15 0x59c85e11
core   0: 3 0x80000124 (0x00068463)
core   0: 3 0x80000128 (0x00c7c7b3) x15 0xb470dd31
core   0: 3 0x8000012c (0xfe0716e3)
core   0: 3 0x80000118 (0x0017f693) x13 0x00000001
core   0: 3 0x8000011c (0xfff70713) x14 0x00000004
core   0: 3 0x80000120 (0x0017d793) x15 0x5a386e98
core   0: 3 0x80000124 (0x00068463)
core   0: 3 0x80000128 (0x00c7c7b3) x15 0xb780edb8
core   0: 3 0x8000012c (0xfe0716e3)
core   0: 3 0x80000118 (0x0017f693) x13 0x00000000
core   0: 3 0x8000011c (0xfff70713) x14 0x00000003
core   0: 3 0x80000120 (0x0017d793) x15 0x5bc076dc
core   0: 3 0x80000124 (0x00068463)
core   0: 3 0x8000012c (0xfe0716e3)
core   0: 3 0x80000118 (0x0017f693) x13 0x00000000
core   0: 3 0x8000011c (0xfff70713) x14 0x00000002
core   0: 3 0x80000120 (0x0017d793) x15 0x2de03b6e
core   0: 3 0x80000124 (0x00068463)
core   0: 3 0x8000012c (0xfe0716e3)
core   0: 3 0x80000118 (0x0017f693) x13 0x00000000
core   0: 3 0x8000011c (0xfff70713) x14 0x00000001
core   0: 3 0x80000120 (0x0017d793) x15 0x16f01db7
core   0: 3 0x80000124 (0x00068463)
core   0: 3 0x8000012c (0xfe0716e3)
core   0: 3 0x80000118 (0x0017f693) x13 0x00000001
core   0: 3 0x8000011c (0xfff70713) x14 0x00000000
core   0: 3 0x80000120 (0x0017d793) x15 0x0b780edb
core   0: 3 0x80000124 (0x00068463)
core   0: 3 0x80000128 (0x00c7c7b3) x15 0xe6c08dfb
core   0: 3 0x8000012c (0xfe0716e3)
core   0: 3 0x80000130 (0x00158593) x11 0x8000020b
core   0: 3 0x80000134 (0xfca59ce3)
core   0: 3 0x8000010c (0x0005c683) x13 0x0000003b mem 0x8000020b
core   0: 3 0x80000110 (0x00800713) x14 0x00000008
core   0: 3 0x80000114 (0x00d7c7b3) x15 0xe6c08dc0
core   0: 3 0x80000118 (0x0017f693) x13 0x00000000
core   0: 3 0x8000011c (0xfff70713) x14 0x00000007
core   0: 3 0x80000120 (0x0017d793) x15 0x736046e0
core   0: 3 0x80000124 (0x00068463)
core   0: 3 0x8000012c (0xfe0716e3)
core   0: 3 0x80000118 (0x0017f693) x13 0x00000000
core   0: 3 0x8000011c (0xfff70713) x14 0x00000006
core   0: 3 0x80000120 (0x0017d793) x15 0x39b02370
core   0: 3 0x80000124 (0x00068463)
core   0: 3 0x8000012c (0xfe0716e3)
core   0: 3 0x80000118 (0x0017f693) x13 0x00000000
core   0: 3 0x8000011c (0xfff70713) x14 0x00000005
core   0: 3 0x80000120 (0x0017d793) x15 0x1cd811b8
core   0: 3 0x80000124 (0x00068463)
core   0: 3 0x8000012c (0xfe0716e3)
core   0: 3 0x80000118 (0x0017f693) x13 0x00000000
core   0: 3 0x8000011c (0xfff70713) x14 0x00000004
core   0: 3 0x80000120 (0x0017d793) x15 0x0e6c08dc
core   0: 3 0x80000124 (0x00068463)
core   0: 3 0x8000012c (0xfe0716e3)
core   0: 3 0x80000118 (0x0017f693) x13 0x00000000
core   0: 3 0x8000011c (0xfff70713) x14 0x00000003
core   0: 3 0x80000120 (0x0017d793) x15 0x0736046e
core   0: 3 0x80000124 (0x00068463)
core   0: 3 0x8000012c (0xfe0716e3)
core   0: 3 0x80000118 (0x0017f693) x13 0x00000000
core   0: 3 0x8000011c (0xfff70713) x14 0x00000002
core   0: 3 0x80000120 (0x0017d793) x15 0x039b0237
core   0: 3 0x80000124 (0x00068463)
core   0: 3 0x8000012c (0xfe0716e3)
core   0: 3 0x80000118 (0x0017f693) x13 0x00000001
core   0: 3 0x8000011c (0xfff70713) x14 0x00000001
core   0: 3 0x80000120 (0x0017d793) x15 0x01cd811b
core   0: 3 0x80000124 (0x00068463)
core   0: 3 0x80000128 (0x00c7c7b3) x15 0xec75023b
core   0: 3 0x8000012c (0xfe0716e3)
core   0: 3 0x80000118 (0x0017f693) x13 0x00000001
core   0: 3 0x8000011c (0xfff70713) x14 0x00000000
core   0: 3 0x80000120 (0x0017d793) x15 0x763a811d
core   0: 3 0x80000124 (0x00068463)
core   0: 3 0x80000128 (0x00c7c7b3) x15 0x9b82023d
core   0: 3 0x8000012c (0xfe0716e3)
core   0: 3 0x80000130 (0x00158593) x11 0x8000020c
core   0: 3 0x80000134 (0xfca59ce3)
core   0: 3 0x8000010c (0x0005c683) x13 0x000000fd mem 0x8000020c
core   0: 3 0x80000110 (0x00800713) x14 0x00000008
core   0: 3 0x80000114 (0x00d7c7b3) x15 0x9b8202c0
core   0: 3 0x80000118 (0x0017f693) x13 0x00000000
core   0: 3 0x8000011c (0xfff70713) x14 0x00000007
core   0: 3 0x80000120 (0x0017d793) x15 0x4dc10160
core   0: 3 0x80000124 (0x00068463)
core   0: 3 0x8000012c (0xfe0716e3)
core   0: 3 0x80000118 (0x0017f693) x13 0x00000000
core   0: 3 0x8000011c (0xfff70713) x14 0x00000006
core   0: 3 0x80000120 (0x0017d793) x15 0x26e080b0
core   0: 3 0x80000124 (0x00068463)
core   0: 3 0x8000012c (0xfe0716e3)
core   0: 3 0x80000118 (0x0017f693) x13 0x00000000
core   0: 3 0x8000011c (0xfff70713) x14 0x00000005
core   0: 3 0x80000120 (0x0017d793) x15 0x13704058
core   0: 3 0x80000124 (0x00068463)
core   0: 3 0x8000012c (0xfe0716e3)
core   0: 3 0x80000118 (0x0017f693) x13 0x00000000
core   0: 3 0x8000011c (0xfff70713) x14 0x00000004
core   0: 3 0x80000120 (0x0017d793) x15 0x09b8202c
core   0: 3 0x80000124 (0x00068463)
core   0: 3 0x8000012c (0xfe0716e3)
core   0: 3 0x80000118 (0x0017f693) x13 0x00000000
core   0: 3 0x8000011c (0xfff70713) x14 0x00000003
core   0: 3 0x80000120 (0x0017d793) x15 0x04dc1016
core   0: 3 0x80000124 (0x00068463)
core   0: 3 0x8000012c (0xfe0716e3)
core   0: 3 0x80000118 (0x0017f693) x13 0x00000000
core   0: 3 0x8000011c (0xfff70713) x14 0x00000002
core   0: 3 0x80000120 (0x0017d793) x15 0x026e080b
core   0: 3 0x80000124 (0x00068463)
core   0: 3 0x8000012c (0xfe0716e3)
core   0: 3 0x80000118 (0x0017f693) x13 0x00000001
core   0: 3 0x8000011c (0xfff70713) x14 0x00000001
core   0: 3 0x80000120 (0x0017d793) x15 0x01370405
core   0: 3 0x80000124 (0x00068463)
core   0: 3 0x80000128 (0x00c7c7b3) x15 0xec8f8725
core   0: 3 0x8000012c (0xfe0716e3)
core   0: 3 0x80000118 (0x0017f693) x13 0x00000001
core   0: 3 0x8000011c (0xfff70713) x14 0x00000000
core   0: 3 0x80000120 (0x0017d793) x15 0x7647c392
core   0: 3 0x80000124 (0x00068463)
core   0: 3 0x80000128 (0x00c7c7b3) x15 0x9bff40b2
core   0: 3 0x8000012c (0xfe0716e3)
core   0: 3 0x80000130 (0x00158593) x11 0x8000020d
core   0: 3 0x80000134 (0xfca59ce3)
core   0: 3 0x8000010c (0x0005c683) x13 0x000000b2 mem 0x8000020d
core   0: 3 0x80000110 (0x00800713) x14 0x00000008
core   0: 3 0x80000114 (0x00d7c7b3) x15 0x9bff4000
core   0: 3 0x80000118 (0x0017f693) x13 0x00000000
core   0: 3 0x8000011c (0xfff70713) x14 0x00000007
core   0: 3 0x80000120 (0x0017d793) x15 0x4dffa000
core   0: 3 0x80000124 (0x00068463)
core   0: 3 0x8000012c (0xfe0716e3)
core   0: 3 0x80000118 (0x0017f693) x13 0x00000000
core   0: 3 0x8000011c (0xfff70713) x14 0x00000006
core   0: 3 0x80000120 (0x0017d793) x15 0x26ffd000
core   0: 3 0x80000124 (0x00068463)
core   0: 3 0x8000012c (0xfe0716e3)
core   0: 3 0x80000118 (0x0017f693) x13 0x00000000
core   0: 3 0x8000011c (0xfff70713) x14 0x00000005
core   0: 3 0x80000120 (0x0017d793) x15 0x137fe800
core   0: 3 0x80000124 (0x00068463)
core   0: 3 0x8000012c (0xfe0716e3)
core   0: 3 0x80000118 (0x0017f693) x13 0x00000000
core   0: 3 0x8000011c (0xfff70713) x14 0x00000004
core   0: 3 0x80000120 (0x0017d793) x15 0x09bff400
core   0: 3 0x80000124 (0x00068463)
core   0: 3 0x8000012c (0xfe0716e3)
core   0: 3 0x80000118 (0x0017f693) x13 0x00000000
core   0: 3 0x8000011c (0xfff70713) x14 0x00000003
core   0: 3 0x80000120 (0x0017d793) x15 0x04dffa00
core   0: 3 0x80000124 (0x00068463)
core   0: 3 0x8000012c (0xfe0716e3)
core   0: 3 0x80000118 (0x0017f693) x13 0x00000000
core   0: 3 0x8000011c (0xfff70713) x14 0x00000002
core   0: 3 0x80000120 (0x0017d793) x15 0x026ffd00
core   0: 3 0x80000124 (0x00068463)
core   0: 3 0x8000012c (0xfe0716e3)
core   0: 3 0x80000118 (0x0017f693) x13 0x00000000
core   0: 3 0x8000011c (0xfff70713) x14 0x00000001
core   0: 3 0x80000120 (0x0017d793) x15 0x0137fe80
core   0: 3 0x80000124 (0x00068463)
core   0: 3 0x8000012c (0xfe0716e3)
core   0: 3 0x80000118 (0x0017f693) x13 0x00000000
core   0: 3 0x8000011c (0xfff70713) x14 0x00000000
core   0: 3 0x80000120 (0x0017d793) x15 0x009bff40
core   0: 3 0x80000124 (0x00068463)
core   0: 3 0x8000012c (0xfe0716e3)
core   0: 3 0x80000130 (0x00158593) x11 0x8000020e
core   0: 3 0x80000134 (0xfca59ce3)
core   0: 3 0x8000010c (0x0005c683) x13 0x000000c8 mem 0x8000020e
core   0: 3 0x80000110 (0x00800713) x14 0x00000008
core   0: 3 0x80000114 (0x00d7c7b3) x15 0x009bff88
core   0: 3 0x80000118 (0x0017f693) x13 0x00000000
core   0: 3 0x8000011c (0xfff70713) x14 0x00000007
core   0: 3 0x80000120 (0x0017d793) x15 0x004dffc4
core   0: 3 0x80000124 (0x00068463)
core   0: 3 0x8000012c (0xfe0716e3)
core   0: 3 0x80000118 (0x0017f693) x13 0x00000000
core   0: 3 0x8000011c (0xfff70713) x14 0x00000006
core   0: 3 0x80000120 (0x0017d793) x15 0x0026ffe2
core   0: 3 0x80000124 (0x00068463)
core   0: 3 0x8000012c (0xfe0716e3)
core   0: 3 0x80000118 (0x0017f693) x13 0x00000000
core   0: 3 0x8000011c (0xfff70713) x14 0x00000005
core   0: 3 0x80000120 (0x0017d793) x15 0x00137ff1
core   0: 3 0x80000124 (0x00068463)
core   0: 3 0x8000012c (0xfe0716e3)
core   0: 3 0x80000118 (0x0017f693) x13 0x00000001
core   0: 3 0x8000011c (0xfff70713) x14 0x00000004
core   0: 3 0x80000120 (0x0017d793) x15 0x0009bff8
core   0: 3 0x80000124 (0x00068463)
core   0: 3 0x80000128 (0x00c7c7b3) x15 0xedb13cd8
core   0: 3 0x8000012c (0xfe0716e3)
core   0: 3 0x80000118 (0x0017f693) x13 0x00000000
core   0: 3 0x8000011c (0xfff70713) x14 0x00000003
core   0: 3 0x80000120 (0x0017d793) x15 0x76d89e6c
core   0: 3 0x80000124 (0x00068463)
core   0: 3 0x8000012c (0xfe0716e3)
core   0: 3 0x80000118 (0x0017f693) x13 0x00000000
core   0: 3 0x8000011c (0xfff70713) x14 0x00000002
core   0: 3 0x80000120 (0x0017d793) x15 0x3b6c4f36
core   0: 3 0x80000124 (0x00068463)
core   0: 3 0x8000012c (0xfe0716e3)
core   0: 3 0x80000118 (0x0017f693) x13 0x00000000
core   0: 3 0x8000011c (0xfff70713) x14 0x00000001
core   0: 3 0x80000120 (0x0017d793) x15 0x1db6279b
core   0: 3 0x80000124 (0x00068463)
core   0: 3 0x8000012c (0xfe0716e3)
core   0: 3 0x80000118 (0x0017f693) x13 0x00000001
core   0: 3 0x8000011c (0xfff70713) x14 0x00000000
core   0: 3 0x80000120 (0x0017d793) x15 0x0edb13cd
core   0: 3 0x80000124 (0x00068463)
core   0: 3 0x80000128 (0x00c7c7b3) x15 0xe36390ed
core   0: 3 0x8000012c (0xfe0716e3)
core   0: 3 0x80000130 (0x00158593) x11 0x8000020f
core   0: 3 0x80000134 (0xfca59ce3)
core   0: 3 0x8000010c (0x0005c683) x13 0x0000005b mem 0x8000020f
core   0: 3 0x80000110 (0x00800713) x14 0x00000008
core   0: 3 0x80000114 (0x00d7c7b3) x15 0xe36390b6
core   0: 3 0x80000118 (0x0017f693) x13 0x00000000
core   0: 3 0x8000011c (0xfff70713) x14 0x00000007
core   0: 3 0x80000120 (0x0017d793) x15 0x71b1c85b
core   0: 3 0x80000124 (0x00068463)
core   0: 3 0x8000012c (0xfe0716e3)
core   0: 3 0x80000118 (0x0017f693) x13 0x00000001
core   0: 3 0x8000011c (0xfff70713) x14 0x00000006
core   0: 3 0x80000120 (0x0017d793) x15 0x38d8e42d
core   0: 3 0x80000124 (0x00068463)
core   0: 3 0x80000128 (0x00c7c7b3) x15 0xd560670d
core   0: 3 0x8000012c (0xfe0716e3)
core   0: 3 0x80000118 (0x0017f693) x13 0x00000001
core   0: 3 0x8000011c (0xfff70713) x14 0x00000005
core   0: 3 0x80000120 (0x0017d793) x15 0x6ab03386
core   0: 3 0x80000124 (0x00068463)
core   0: 3 0x80000128 (0x00c7c7b3) x15 0x8708b0a6
core   0: 3 0x8000012c (0xfe0716e3)
core   0: 3 0x80000118 (0x0017f693) x13 0x00000000
core   0: 3 0x8000011c (0xfff70713) x14 0x00000004
core   0: 3 0x80000120 (0x0017d793) x15 0x43845853
core   0: 3 0x80000124 (0x00068463)
core   0: 3 0x8000012c (0xfe0716e3)
core   0: 3 0x80000118 (0x0017f693) x13 0x00000001
core   0: 3 0x8000011c (0xfff70713) x14 0x00000003
core   0: 3 0x80000120 (0x0017d793) x15 0x21c22c29
core   0: 3 0x80000124 (0x00068463)
core   0: 3 0x80000128 (0x00c7c7b3) x15 0xcc7aaf09
core   0: 3 0x8000012c (0xfe0716e3)
core   0: 3 0x80000118 (0x0017f693) x13 0x00000001
core   0: 3 0x8000011c (0xfff70713) x14 0x00000002
core   0: 3 0x80000120 (0x0017d793) x15 0x663d5784
core   0: 3 0x80000124 (0x00068463)
core   0: 3 0x80000128 (0x00c7c7b3) x15 0x8b85d4a4
core   0: 3 0x8000012c (0xfe0716e3)
core   0: 3 0x80000118 (0x0017f693) x13 0x00000000
core   0: 3 0x8000011c (0xfff70713) x14 0x00000001
core   0: 3 0x80000120 (0x0017d793) x15 0x45c2ea52
core   0: 3 0x80000124 (0x00068463)
core   0: 3 0x8000012c (0xfe0716e3)
core   0: 3 0x80000118 (0x0017f693) x13 0x00000000
core   0: 3 0x8000011c (0xfff70713) x14 0x00000000
core   0: 3 0x80000120 (0x0017d793) x15 0x22e17529
core   0: 3 0x80000124 (0x00068463)
core   0: 3 0x8000012c (0xfe0716e3)
core   0: 3 0x80000130 (0x00158593) x11 0x80000210
core   0: 3 0x80000134 (0xfca59ce3)
core   0: 3 0x8000010c (0x0005c683) x13 0x00000015 mem 0x80000210
core   0: 3 0x80000110 (0x00800713) x14 0x00000008
core   0: 3 0x80000114 (0x00d7c7b3) x15 0x22e1753c
core   0: 3 0x80000118 (0x0017f693) x13 0x00000000
core   0: 3 0x8000011c (0xfff70713) x14 0x00000007
core   0: 3 0x80000120 (0x0017d793) x15 0x1170ba9e
core   0: 3 0x80000124 (0x00068463)
core   0: 3 0x8000012c (0xfe0716e3)
core   0: 3 0x80000118 (0x0017f693) x13 0x00000000
core   0: 3 0x8000011c (0xfff70713) x14 0x00000006
core   0: 3 0x80000120 (0x0017d793) x15 0x08b85d4f
core   0: 3 0x80000124 (0x00068463)
core   0: 3 0x8000012c (0xfe0716e3)
core   0: 3 0x80000118 (0x0017f693) x13 0x00000001
core   0: 3 0x8000011c (0xfff70713) x14 0x00000005
core   0: 3 0x80000120 (0x0017d793) x15 0x045c2ea7
core   0: 3 0x80000124 (0x00068463)
core   0: 3 0x80000128 (0x00c7c7b3) x15 0xe9e4ad87
core   0: 3 0x8000012c (0xfe0716e3)
core   0: 3 0x80000118 (0x0017f693) x13 0x00000001
core   0: 3 0x8000011c (0xfff70713) x14 0x00000004
core   0: 3 0x80000120 (0x0017d793) x15 0x74f256c3
core   0: 3 0x80000124 (0x00068463)
core   0: 3 0x80000128 (0x00c7c7b3) x15 0x994ad5e3
core   0: 3 0x8000012c (0xfe0716e3)
core   0: 3 0x80000118 (0x0017f693) x13 0x00000001
core   0: 3 0x8000011c (0xfff70713) x14 0x00000003
core   0: 3 0x80000120 (0x0017d793) x15 0x4ca56af1
core   0: 3 0x80000124 (0x00068463)
core   0: 3 0x80000128 (0x00c7c7b3) x15 0xa11de9d1
core   0: 3 0x8000012c (0xfe0716e3)
core   0: 3 0x80000118 (0x0017f693) x13 0x00000001
core   0: 3 0x8000011c (0xfff70713) x14 0x00000002
core   0: 3 0x80000120 (0x0017d793) x15 0x508ef4e8
core   0: 3 0x80000124 (0x00068463)
core   0: 3 0x80000128 (0x00c7c7b3) x15 0xbd3677c8
core   0: 3 0x8000012c (0xfe0716e3)
core   0: 3 0x80000118 (0x0017f693) x13 0x00000000
core   0: 3 0x8000011c (0xfff70713) x14 0x00000001
core   0: 3 0x80000120 (0x0017d793) x15 0x5e9b3be4
core   0: 3 0x80000124 (0x00068463)
core   0: 3 0x8000012c (0xfe0716e3)
core   0: 3 0x80000118 (0x0017f693) x13 0x00000000
core   0: 3 0x8000011c (0xfff70713) x14 0x00000000
core   0: 3 0x80000120 (0x0017d793) x15 0x2f4d9df2
core   0: 3 0x80000124 (0x00068463)
core   0: 3 0x8000012c (0xfe0716e3)
core   0: 3 0x80000130 (0x00158593) x11 0x80000211
core   0: 3 0x80000134 (0xfca59ce3)
core   0: 3 0x8000010c (0x0005c683) x13 0x00000024 mem 0x80000211
core   0: 3 0x80000110 (0x00800713) x14 0x00000008
core   0: 3 0x80000114 (0x00d7c7b3) x15 0x2f4d9dd6
core   0: 3 0x80000118 (0x0017f693) x13 0x00000000
core   0: 3 0x8000011c (0xfff70713) x14 0x00000007
core   0: 3 0x80000120 (0x0017d793) x15 0x17a6ceeb
core   0: 3 0x80000124 (0x00068463)
core   0: 3 0x8000012c (0xfe0716e3)
core   0: 3 0x80000118 (0x0017f693) x13 0x00000001
core   0: 3 0x8000011c (0xfff70713) x14 0x00000006
core   0: 3 0x80000120 (0x0017d793) x15 0x0bd36775
core   0: 3 0x80000124 (0x00068463)
core   0: 3 0x80000128 (0x00c7c7b3) x15 0xe66be455
core   0: 3 0x8000012c (0xfe0716e3)
core   0: 3 0x80000118 (0x0017f693) x13 0x00000001
core   0: 3 0x8000011c (0xfff70713) x14 0x00000005
core   0: 3 0x80000120 (0x0017d793) x15 0x7335f22a
core   0: 3 0x80000124 (0x00068463)
core   0: 3 0x80000128 (0x00c7c7b3) x15 0x9e8d710a
core   0: 3 0x8000012c (0xfe0716e3)
core   0: 3 0x80000118 (0x0017f693) x13 0x00000000
core   0: 3 0x8000011c (0xfff70713) x14 0x00000004
core   0: 3 0x80000120 (0x0017d793) x15 0x4f46b885
core   0: 3 0x80000124 (0x00068463)
core   0: 3 0x8000012c (0xfe0716e3)
core   0: 3 0x80000118 (0x0017f693) x13 0x00000001
core   0: 3 0x8000011c (0xfff70713) x14 0x00000003
core   0: 3 0x80000120 (0x0017d793) x15 0x27a35c42
core   0: 3 0x80000124 (0x00068463)
core   0: 3 0x80000128 (0x00c7c7b3) x15 0xca1bdf62
core   0: 3 0x8000012c (0xfe0716e3)
core   0: 3 0x80000118 (0x0017f693) x13 0x00000000
core   0: 3 0x8000011c (0xfff70713) x14 0x00000002
core   0: 3 0x80000120 (0x0017d793) x15 0x650defb1
core   0: 3 0x80000124 (0x00068463)
core   0: 3 0x8000012c (0xfe0716e3)
core   0: 3 0x80000118 (0x0017f693) x13 0x00000001
core   0: 3 0x8000011c (0xfff70713) x14 0x00000001
core   0: 3 0x80000120 (0x0017d793) x15 0x3286f7d8
core   0: 3 0x80000124 (0x00068463)
core   0: 3 0x80000128 (0x00c7c7b3) x15 0xdf3e74f8
core   0: 3 0x8000012c (0xfe0716e3)
core   0: 3 0x80000118 (0x0017f693) x13 0x00000000
core   0: 3 0x8000011c (0xfff70713) x14 0x00000000
core   0: 3 0x80000120 (0x0017d793) x15 0x6f9f3a7c
core   0: 3 0x80000124 (0x00068463)
core   0: 3 0x8000012c (0xfe0716e3)
core   0: 3 0x80000130 (0x00158593) x11 0x80000212
core   0: 3 0x80000134 (0xfca59ce3)
core   0: 3 0x8000010c (0x0005c683) x13 0x000000ac mem 0x80000212
core   0: 3 0x80000110 (0x00800713) x14 0x00000008
core   0: 3 0x80000114 (0x00d7c7b3) x15 0x6f9f3ad0
core   0: 3 0x80000118 (0x0017f693) x13 0x00000000
core   0: 3 0x8000011c (0xfff70713) x14 0x00000007
core   0: 3 0x80000120 (0x0017d793) x15 0x37cf9d68
core   0: 3 0x80000124 (0x00068463)
core   0: 3 0x8000012c (0xfe0716e3)
core   0: 3 0x80000118 (0x0017f693) x13 0x00000000
core   0: 3 0x8000011c (0xfff70713) x14 0x00000006
core   0: 3 0x80000120 (0x0017d793) x15 0x1be7ceb4
core   0: 3 0x80000124 (0x00068463)
core   0: 3 0x8000012c (0xfe0716e3)
core   0: 3 0x80000118 (0x0017f693) x13 0x00000000
core   0: 3 0x8000011c (0xfff70713) x14 0x00000005
core   0: 3 0x80000120 (0x0017d793) x15 0x0df3e75a
core   0: 3 0x80000124 (0x00068463)
core   0: 3 0x8000012c (0xfe0716e3)
core   0: 3 0x80000118 (0x0017f693) x13 0x00000000
core   0: 3 0x8000011c (0xfff70713) x14 0x00000004
core   0: 3 0x80000120 (0x0017d793) x15 0x06f9f3ad
core   0: 3 0x80000124 (0x00068463)
core   0: 3 0x8000012c (0xfe0716e3)
core   0: 3 0x80000118 (0x0017f693) x13 0x00000001
core   0: 3 0x8000011c (0xfff70713) x14 0x00000003
core   0: 3 0x80000120 (0x0017d793) x15 0x037cf9d6
core   0: 3 0x80000124 (0x00068463)
core   0: 3 0x80000128 (0x00c7c7b3) x15 0xeec47af6
core   0: 3 0x8000012c (0xfe0716e3)
core   0: 3 0x80000118 (0x0017f693) x13 0x00000000
core   0: 3 0x8000011c (0xfff70713) x14 0x00000002
core   0: 3 0x80000120 (0x0017d793) x15 0x77623d7b
core   0: 3 0x80000124 (0x00068463)
core   0: 3 0x8000012c (0xfe0716e3)
core   0: 3 0x80000118 (0x0017f693) x13 0x00000001
core   0: 3 0x8000011c (0xfff70713) x14 0x00000001
core   0: 3 0x80000120 (0x0017d793) x15 0x3bb11ebd
core   0: 3 0x80000124 (0x00068463)
core   0: 3 0x80000128 (0x00c7c7b3) x15 0xd6099d9d
core   0: 3 0x8000012c (0xfe0716e3)
core   0: 3 0x80000118 (0x0017f693) x13 0x00000001
core   0: 3 0x8000011c (0xfff70713) x14 0x00000000
core   0: 3 0x80000120 (0x0017d793) x15 0x6b04cece
core   0: 3 0x80000124 (0x00068463)
core   0: 3 0x80000128 (0x00c7c7b3) x15 0x86bc4dee
core   0: 3 0x8000012c (0xfe0716e3)
core   0: 3 0x80000130 (0x00158593) x11 0x80000213
core   0: 3 0x80000134 (0xfca59ce3)
core   0: 3 0x8000010c (0x0005c683) x13 0x00000003 mem 0x80000213
core   0: 3 0x80000110 (0x00800713) x14 0x00000008
core   0: 3 0x80000114 (0x00d7c7b3) x15 0x86bc4ded
core   0: 3 0x80000118 (0x0017f693) x13 0x00000001
core   0: 3 0x8000011c (0xfff70713) x14 0x00000007
core   0: 3 0x80000120 (0x0017d793) x15 0x435e26f6
core   0: 3 0x80000124 (0x00068463)
core   0: 3 0x80000128 (0x00c7c7b3) x15 0xaee6a5d6
core   0: 3 0x8000012c (0xfe0716e3)
core   0: 3 0x80000118 (0x0017f693) x13 0x00000000
core   0: 3 0x8000011c (0xfff70713) x14 0x00000006
core   0: 3 0x80000120 (0x0017d793) x15 0x577352eb
core   0: 3 0x80000124 (0x00068463)
core   0: 3 0x8000012c (0xfe0716e3)
core   0: 3 0x80000118 (0x0017f693) x13 0x00000001
core   0: 3 0x8000011c (0xfff70713) x14 0x00000005
core   0: 3 0x80000120 (0x0017d793) x15 0x2bb9a975
core   0: 3 0x80000124 (0x00068463)
core   0: 3 0x80000128 (0x00c7c7b3) x15 0xc6012a55
core   0: 3 0x8000012c (0xfe0716e3)
core   0: 3 0x80000118 (0x0017f693) x13 0x00000001
core   0: 3 0x8000011c (0xfff70713) x14 0x00000004
core   0: 3 0x80000120 (0x0017d793) x15 0x6300952a
core   0: 3 0x80000124 (0x00068463)
core   0: 3 0x80000128 (0x00c7c7b3) x15 0x8eb8160a
core   0: 3 0x8000012c (0xfe0716e3)
core   0: 3 0x80000118 (0x0017f693) x13 0x00000000
core   0: 3 0x8000011c (0xfff70713) x14 0x00000003
core   0: 3 0x80000120 (0x0017d793) x15 0x475c0b05
core   0: 3 0x80000124 (0x00068463)
core   0: 3 0x8000012c (0xfe0716e3)
core   0: 3 0x80000118 (0x0017f693) x13 0x00000001
core   0: 3 0x8000011c (0xfff70713) x14 0x00000002
core   0: 3 0x80000120 (0x0017d793) x15 0x23ae0582
core   0: 3 0x80000124 (0x00068463)
core   0: 3 0x80000128 (0x00c7c7b3) x15 0xce1686a2
core   0: 3 0x8000012c (0xfe0716e3)
core   0: 3 0x80000118 (0x0017f693) x13 0x00000000
core   0: 3 0x8000011c (0xfff70713) x14 0x00000001
core   0: 3 0x80000120 (0x0017d793) x15 0x670b4351
core   0: 3 0x80000124 (0x00068463)
core   0: 3 0x8000012c (0xfe0716e3)
core   0: 3 0x80000118 (0x0017f693) x13 0x00000001
core   0: 3 0x8000011c (0xfff70713) x14 0x00000000
core   0: 3 0x80000120 (0x0017d793) x15 0x3385a1a8
core   0: 3 0x80000124 (0x00068463)
core   0: 3 0x80000128 (0x00c7c7b3) x15 0xde3d2288
core   0: 3 0x8000012c (0xfe0716e3)
core   0: 3 0x80000130 (0x00158593) x11 0x80000214
core   0: 3 0x80000134 (0xfca59ce3)
core   0: 3 0x8000010c (0x0005c683) x13 0x0000007d mem 0x80000214
core   0: 3 0x80000110 (0x00800713) x14 0x00000008
core   0: 3 0x80000114 (0x00d7c7b3) x15 0xde3d22f5
core   0: 3 0x80000118 (0x0017f693) x13 0x00000001
core   0: 3 0x8000011c (0xfff70713) x14 0x00000007
core   0: 3 0x80000120 (0x0017d793) x15 0x6f1e917a
core   0: 3 0x80000124 (0x00068463)
core   0: 3 0x80000128 (0x00c7c7b3) x15 0x82a6125a
core   0: 3 0x8000012c (0xfe0716e3)
core   0: 3 0x80000118 (0x0017f693) x13 0x00000000
core   0: 3 0x8000011c (0xfff70713) x14 0x00000006
core   0: 3 0x80000120 (0x0017d793) x15 0x4153092d
core   0: 3 0x80000124 (0x00068463)
core   0: 3 0x8000012c (0xfe0716e3)
core   0: 3 0x80000118 (0x0017f693) x13 0x00000001
core   0: 3 0x8000011c (0xfff70713) x14 0x00000005
core   0: 3 0x80000120 (0x0017d793) x15 0x20a98496
core   0: 3 0x80000124 (0x00068463)
core   0: 3 0x80000128 (0x00c7c7b3) x15 0xcd1107b6
core   0: 3 0x8000012c (0xfe0716e3)
core   0: 3 0x80000118 (0x0017f693) x13 0x00000000
core   0: 3 0x8000011c (0xfff70713) x14 0x00000004
core   0: 3 0x80000120 (0x0017d793) x15 0x668883db
core   0: 3 0x80000124 (0x00068463)
core   0: 3 0x8000012c (0xfe0716e3)
core   0: 3 0x80000118 (0x0017f693) x13 0x00000001
core   0: 3 0x8000011c (0xfff70713) x14 0x00000003
core   0: 3 0x80000120 (0x0017d793) x15 0x334441ed
core   0: 3 0x80000124 (0x00068463)
core   0: 3 0x80000128 (0x00c7c7b3) x15 0xdefcc2cd
core   0: 3 0x8000012c (0xfe0716e3)
core   0: 3 0x80000118 (0x0017f693) x13 0x00000001
core   0: 3 0x8000011c (0xfff70713) x14 0x00000002
core   0: 3 0x80000120 (0x0017d793) x15 0x6f7e6166
core   0: 3 0x80000124 (0x00068463)
core   0: 3 0x80000128 (0x00c7c7b3) x15 0x82c6e246
core   0: 3 0x8000012c (0xfe0716e3)
core   0: 3 0x80000118 (0x0017f693) x13 0x00000000
core   0: 3 0x8000011c (0xfff70713) x14 0x00000001
core   0: 3 0x80000120 (0x0017d793) x15 0x41637123
core   0: 3 0x80000124 (0x00068463)
core   0: 3 0x8000012c (0xfe0716e3)
core   0: 3 0x80000118 (0x0017f693) x13 0x00000001
core   0: 3 0x8000011c (0xfff70713) x14 0x00000000
core   0: 3 0x80000120 (0x0017d793) x15 0x20b1b891
core   0: 3 0x80000124 (0x00068463)
core   0: 3 0x80000128 (0x00c7c7b3) x15 0xcd093bb1
core   0: 3 0x8000012c (0xfe0716e3)
core   0: 3 0x80000130 (0x00158593) x11 0x80000215
core   0: 3 0x80000134 (0xfca59ce3)
core   0: 3 0x8000010c (0x0005c683) x13 0x00000030 mem 0x80000215
core   0: 3 0x80000110 (0x00800713) x14 0x00000008
core   0: 3 0x80000114 (0x00d7c7b3) x15 0xcd093b81
core   0: 3 0x80000118 (0x0017f693) x13 0x00000001
core   0: 3 0x8000011c (0xfff70713) x14 0x00000007
core   0: 3 0x80000120 (0x0017d793) x15 0x66849dc0
core   0: 3 0x80000124 (0x00068463)
core   0: 3 0x80000128 (0x00c7c7b3) x15 0x8b3c1ee0
core   0: 3 0x8000012c (0xfe0716e3)
core   0: 3 0x80000118 (0x0017f693) x13 0x00000000
core   0: 3 0x8000011c (0xfff70713) x14 0x00000006
core   0: 3 0x80000120 (0x0017d793) x15 0x459e0f70
core   0: 3 0x80000124 (0x00068463)
core   0: 3 0x8000012c (0xfe0716e3)
core   0: 3 0x80000118 (0x0017f693) x13 0x00000000
core   0: 3 0x8000011c (0xfff70713) x14 0x00000005
core   0: 3 0x80000120 (0x0017d793) x15 0x22cf07b8
core   0: 3 0x80000124 (0x00068463)
core   0: 3 0x8000012c (0xfe0716e3)
core   0: 3 0x80000118 (0x0017f693) x13 0x00000000
core   0: 3 0x8000011c (0xfff70713) x14 0x00000004
core   0: 3 0x80000120 (0x0017d793) x15 0x116783dc
core   0: 3 0x80000124 (0x00068463)
core   0: 3 0x8000012c (0xfe0716e3)
core   0: 3 0x80000118 (0x0017f693) x13 0x00000000
core   0: 3 0x8000011c (0xfff70713) x14 0x00000003
core   0: 3 0x80000120 (0x0017d793) x15 0x08b3c1ee
core   0: 3 0x80000124 (0x00068463)
core   0: 3 0x8000012c (0xfe0716e3)
core   0: 3 0x80000118 (0x0017f693) x13 0x00000000
core   0: 3 0x8000011c (0xfff70713) x14 0x00000002
core   0: 3 0x80000120 (0x0017d793) x15 0x0459e0f7
core   0: 3 0x80000124 (0x00068463)
core   0: 3 0x8000012c (0xfe0716e3)
core   0: 3 0x80000118 (0x0017f693) x13 0x00000001
core   0: 3 0x8000011c (0xfff70713) x14 0x00000001
core   0: 3 0x80000120 (0x0017d793) x15 0x022cf07b
core   0: 3 0x80000124 (0x00068463)
core   0: 3 0x80000128 (0x00c7c7b3) x15 0xef94735b
core   0: 3 0x8000012c (0xfe0716e3)
core   0: 3 0x80000118 (0x0017f693) x13 0x00000001
core   0: 3 0x8000011c (0xfff70713) x14 0x00000000
core   0: 3 0x80000120 (0x0017d793) x15 0x77ca39ad
core   0: 3 0x80000124 (0x00068463)
core   0: 3 0x80000128 (0x00c7c7b3) x15 0x9a72ba8d
core   0: 3 0x8000012c (0xfe0716e3)
core   0: 3 0x80000130 (0x00158593) x11 0x80000216
core   0: 3 0x80000134 (0xfca59ce3)
core   0: 3 0x8000010c (0x0005c683) x13 0x0000001e mem 0x80000216
core   0: 3 0x80000110 (0x00800713) x14 0x00000008
core   0: 3 0x80000114 (0x00d7c7b3) x15 0x9a72ba93
core   0: 3 0x80000118 (0x0017f693) x13 0x00000001
core   0: 3 0x8000011c (0xfff70713) x14 0x00000007
core   0: 3 0x80000120 (0x0017d793) x15 0x4d395d49
core   0: 3 0x80000124 (0x00068463)
core   0: 3 0x80000128 (0x00c7c7b3) x15 0xa081de69
core   0: 3 0x8000012c (0xfe0716e3)
core   0: 3 0x80000118 (0x0017f693) x13 0x00000001
core   0: 3 0x8000011c (0xfff70713) x14 0x00000006
core   0: 3 0x80000120 (0x0017d793) x15 0x5040ef34
core   0: 3 0x80000124 (0x00068463)
core   0: 3 0x80000128 (0x00c7c7b3) x15 0xbdf86c14
core   0: 3 0x8000012c (0xfe0716e3)
core   0: 3 0x80000118 (0x0017f693) x13 0x00000000
core   0: 3 0x8000011c (0xfff70713) x14 0x00000005
core   0: 3 0x80000120 (0x0017d793) x15 0x5efc360a
core   0: 3 0x80000124 (0x00068463)
core   0: 3 0x8000012c (0xfe0716e3)
core   0: 3 0x80000118 (0x0017f693) x13 0x00000000
core   0: 3 0x8000011c (0xfff70713) x14 0x00000004
core   0: 3 0x80000120 (0x0017d793) x15 0x2f7e1b05
core   0: 3 0x80000124 (0x00068463)
core   0: 3 0x8000012c (0xfe0716e3)
core   0: 3 0x80000118 (0x0017f693) x13 0x00000001
core   0: 3 0x8000011c (0xfff70713) x14 0x00000003
core   0: 3 0x80000120 (0x0017d793) x15 0x17bf0d82
core   0: 3 0x80000124 (0x00068463)
core   0: 3 0x80000128 (0x00c7c7b3) x15 0xfa078ea2
core   0: 3 0x8000012c (0xfe0716e3)
core   0: 3 0x80000118 (0x0017f693) x13 0x00000000
core   0: 3 0x8000011c (0xfff70713) x14 0x00000002
core   0: 3 0x80000120 (0x0017d793) x15 0x7d03c751
core   0: 3 0x80000124 (0x00068463)
core   0: 3 0x8000012c (0xfe0716e3)
core   0: 3 0x80000118 (0x0017f693) x13 0x00000001
core   0: 3 0x8000011c (0xfff70713) x14 0x00000001
core   0: 3 0x80000120 (0x0017d793) x15 0x3e81e3a8
core   0: 3 0x80000124 (0x00068463)
core   0: 3 0x80000128 (0x00c7c7b3) x15 0xd3396088
core   0: 3 0x8000012c (0xfe0716e3)
core   0: 3 0x80000118 (0x0017f693) x13 0x00000000
core   0: 3 0x8000011c (0xfff70713) x14 0x00000000
core   0: 3 0x80000120 (0x0017d793) x15 0x699cb044
core   0: 3 0x80000124 (0x00068463)
core   0: 3 0x8000012c (0xfe0716e3)
core   0: 3 0x80000130 (0x00158593) x11 0x80000217
core   0: 3 0x80000134 (0xfca59ce3)
core   0: 3 0x8000010c (0x0005c683) x13 0x000000aa mem 0x80000217
core   0: 3 0x80000110 (0x00800713) x14 0x00000008
core   0: 3 0x80000114 (0x00d7c7b3) x15 0x699cb0ee
core   0: 3 0x80000118 (0x0017f693) x13 0x00000000
core   0: 3 0x8000011c (0xfff70713) x14 0x00000007
core   0: 3 0x80000120 (0x0017d793) x15 0x34ce5877
core   0: 3 0x80000124 (0x00068463)
core   0: 3 0x8000012c (0xfe0716e3)
core   0: 3 0x80000118 (0x0017f693) x13 0x00000001
core   0: 3 0x8000011c (0xfff70713) x14 0x00000006
core   0: 3 0x80000120 (0x0017d793) x15 0x1a672c3b
core   0: 3 0x80000124 (0x00068463)
core   0: 3 0x80000128 (0x00c7c7b3) x15 0xf7dfaf1b
core   0: 3 0x8000012c (0xfe0716e3)
core   0: 3 0x80000118 (0x0017f693) x13 0x00000001
core   0: 3 0x8000011c (0xfff70713) x14 0x00000005
core   0: 3 0x80000120 (0x0017d793) x15 0x7befd78d
core   0: 3 0x80000124 (0x00068463)
core   0: 3 0x80000128 (0x00c7c7b3) x15 0x965754ad
core   0: 3 0x8000012c (0xfe0716e3)
core   0: 3 0x80000118 (0x0017f693) x13 0x00000001
core   0: 3 0x8000011c (0xfff70713) x14 0x00000004
core   0: 3 0x80000120 (0x0017d793) x15 0x4b2baa56
core   0: 3 0x80000124 (0x00068463)
core   0: 3 0x80000128 (0x00c7c7b3) x15 0xa6932976
core   0: 3 0x8000012c (0xfe0716e3)
core   0: 3 0x80000118 (0x0017f693) x13 0x00000000
core   0: 3 0x8000011c (0xfff70713) x14 0x00000003
core   0: 3 0x80000120 (0x0017d793) x15 0x534994bb
core   0: 3 0x80000124 (0x00068463)
core   0: 3 0x8000012c (0xfe0716e3)
core   0: 3 0x80000118 (0x0017f693) x13 0x00000001
core   0: 3 0x8000011c (0xfff70713) x14 0x00000002
core   0: 3 0x80000120 (0x0017d793) x15 0x29a4ca5d
core   0: 3 0x80000124 (0x00068463)
core   0: 3 0x80000128 (0x00c7c7b3) x15 0xc41c497d
core   0: 3 0x8000012c (0xfe0716e3)
core   0: 3 0x80000118 (0x0017f693) x13 0x00000001
core   0: 3 0x8000011c (0xfff70713) x14 0x00000001
core   0: 3 0x80000120 (0x0017d793) x15 0x620e24be
core   0: 3 0x80000124 (0x00068463)
core   0: 3 0x80000128 (0x00c7c7b3) x15 0x8fb6a79e
core   0: 3 0x8000012c (0xfe0716e3)
core   0: 3 0x80000118 (0x0017f693) x13 0x00000000
core   0: 3 0x8000011c (0xfff70713) x14 0x00000000
core   0: 3 0x80000120 (0x0017d793) x15 0x47db53cf
core   0: 3 0x80000124 (0x00068463)
core   0: 3 0x8000012c (0xfe0716e3)
core   0: 3 0x80000130 (0x00158593) x11 0x80000218
core   0: 3 0x80000134 (0xfca59ce3)
core   0: 3 0x8000010c (0x0005c683) x13 0x000000de mem 0x80000218
core   0: 3 0x80000110 (0x00800713) x14 0x00000008
core   0: 3 0x80000114 (0x00d7c7b3) x15 0x47db5311
core   0: 3 0x80000118 (0x0017f693) x13 0x00000001
core   0: 3 0x8000011c (0xfff70713) x14 0x00000007
core   0: 3 0x80000120 (0x0017d793) x15 0x23eda988
core   0: 3 0x80000124 (0x00068463)
core   0: 3 0x80000128 (0x00c7c7b3) x15 0xce552aa8
core   0: 3 0x8000012c (0xfe0716e3)
core   0: 3 0x80000118 (0x0017f693) x13 0x00000000
core   0: 3 0x8000011c (0xfff70713) x14 0x00000006
core   0: 3 0x80000120 (0x0017d793) x15 0x672a9554
core   0: 3 0x80000124 (0x00068463)
core   0: 3 0x8000012c (0xfe0716e3)
core   0: 3 0x80000118 (0x0017f693) x13 0x00000000
core   0: 3 0x8000011c (0xfff70713) x14 0x00000005
core   0: 3 0x80000120 (0x0017d793) x15 0x33954aaa
core   0: 3 0x80000124 (0x00068463)
core   0: 3 0x8000012c (0xfe0716e3)
core   0: 3 0x80000118 (0x0017f693) x13 0x00000000
core   0: 3 0x8000011c (0xfff70713) x14 0x00000004
core   0: 3 0x80000120 (0x0017d793) x15 0x19caa555
core   0: 3 0x80000124 (0x00068463)
core   0: 3 0x8000012c (0xfe0716e3)
core   0: 3 0x80000118 (0x0017f693) x13 0x00000001
core   0: 3 0x8000011c (0xfff70713) x14 0x00000003
core   0: 3 0x80000120 (0x0017d793) x15 0x0ce552aa
core   0: 3 0x80000124 (0x00068463)
core   0: 3 0x80000128 (0x00c7c7b3) x15 0xe15dd18a
core   0: 3 0x8000012c (0xfe0716e3)
core   0: 3 0x80000118 (0x0017f693) x13 0x00000000
core   0: 3 0x8000011c (0xfff70713) x14 0x00000002
core   0: 3 0x80000120 (0x0017d793) x15 0x70aee8c5
core   0: 3 0x80000124 (0x00068463)
core   0: 3 0x8000012c (0xfe0716e3)
core   0: 3 0x80000118 (0x0017f693) x13 0x00000001
core   0: 3 0x8000011c (0xfff70713) x14 0x00000001
core   0: 3 0x80000120 (0x0017d793) x15 0x38577462
core   0: 3 0x80000124 (0x00068463)
core   0: 3 0x80000128 (0x00c7c7b3) x15 0xd5eff742
core   0: 3 0x8000012c (0xfe0716e3)
core   0: 3 0x80000118 (0x0017f693) x13 0x00000000
core   0: 3 0x8000011c (0xfff70713) x14 0x00000000
core   0: 3 0x80000120 (0x0017d793) x15 0x6af7fba1
core   0: 3 0x80000124 (0x00068463)
core   0: 3 0x8000012c (0xfe0716e3)
core   0: 3 0x80000130 (0x00158593) x11 0x80000219
core   0: 3 0x80000134 (0xfca59ce3)
core   0: 3 0x8000010c (0x0005c683) x13 0x0000004e mem 0x80000219
core   0: 3 0x80000110 (0x00800713) x14 0x00000008
core   0: 3 0x80000114 (0x00d7c7b3) x15 0x6af7fbef
core   0: 3 0x80000118 (0x0017f693) x13 0x00000001
core   0: 3 0x8000011c (0xfff70713) x14 0x00000007
core   0: 3 0x80000120 (0x0017d793) x15 0x357bfdf7
core   0: 3 0x80000124 (0x00068463)
core   0: 3 0x80000128 (0x00c7c7b3) x15 0xd8c37ed7
core   0: 3 0x8000012c (0xfe0716e3)
core   0: 3 0x80000118 (0x0017f693) x13 0x00000001
core   0: 3 0x8000011c (0xfff70713) x14 0x00000006
core   0: 3 0x80000120 (0x0017d793) x15 0x6c61bf6b
core   0: 3 0x80000124 (0x00068463)
core   0: 3 0x80000128 (0x00c7c7b3) x15 0x81d93c4b
core   0: 3 0x8000012c (0xfe0716e3)
core   0: 3 0x80000118 (0x0017f693) x13 0x00000001
core   0: 3 0x8000011c (0xfff70713) x14 0x00000005
core   0: 3 0x80000120 (0x0017d793) x15 0x40ec9e25
core   0: 3 0x80000124 (0x00068463)
core   0: 3 0x80000128 (0x00c7c7b3) x15 0xad541d05
core   0: 3 0x8000012c (0xfe0716e3)
core   0: 3 0x80000118 (0x0017f693) x13 0x00000001
core   0: 3 0x8000011c (0xfff70713) x14 0x00000004
core   0: 3 0x80000120 (0x0017d793) x15 0x56aa0e82
core   0: 3 0x80000124 (0x00068463)
core   0: 3 0x80000128 (0x00c7c7b3) x15 0xbb128da2
core   0: 3 0x8000012c (0xfe0716e3)
core   0: 3 0x80000118 (0x0017f693) x13 0x00000000
core   0: 3 0x8000011c (0xfff70713) x14 0x00000003
core   0: 3 0x80000120 (0x0017d793) x15 0x5d8946d1
core   0: 3 0x80000124 (0x00068463)
core   0: 3 0x8000012c (0xfe0716e3)
core   0: 3 0x80000118 (0x0017f693) x13 0x00000001
core   0: 3 0x8000011c (0xfff70713) x14 0x00000002
core   0: 3 0x80000120 (0x0017d793) x15 0x2ec4a368
core   0: 3 0x80000124 (0x00068463)
core   0: 3 0x80000128 (0x00c7c7b3) x15 0xc37c2048
core   0: 3 0x8000012c (0xfe0716e3)
core   0: 3 0x80000118 (0x0017f693) x13 0x00000000
core   0: 3 0x8000011c (0xfff70713) x14 0x00000001
core   0: 3 0x80000120 (0x0017d793) x15 0x61be1024
core   0: 3 0x80000124 (0x00068463)
core   0: 3 0x8000012c (0xfe0716e3)
core   0: 3 0x80000118 (0x0017f693) x13 0x00000000
core   0: 3 0x8000011c (0xfff70713) x14 0x00000000
core   0: 3 0x80000120 (0x0017d793) x15 0x30df0812
core   0: 3 0x80000124 (0x00068463)
core   0: 3 0x8000012c (0xfe0716e3)
core   0: 3 0x80000130 (0x00158593) x11 0x8000021a
core   0: 3 0x80000134 (0xfca59ce3)
core   0: 3 0x8000010c (0x0005c683) x13 0x000000a0 mem 0x8000021a
core   0: 3 0x80000110 (0x00800713) x14 0x00000008
core   0: 3 0x80000114 (0x00d7c7b3) x15 0x30df08b2
core   0: 3 0x80000118 (0x0017f693) x13 0x00000000
core   0: 3 0x8000011c (0xfff70713) x14 0x00000007
core   0: 3 0x80000120 (0x0017d793) x15 0x186f8459
core   0: 3 0x80000124 (0x00068463)
core   0: 3 0x8000012c (0xfe0716e3)
core   0: 3 0x80000118 (0x0017f693) x13 0x00000001
core   0: 3 0x8000011c (0xfff70713) x14 0x00000006
core   0: 3 0x80000120 (0x0017d793) x15 0x0c37c22c
core   0: 3 0x80000124 (0x00068463)
core   0: 3 0x80000128 (0x00c7c7b3) x15 0xe18f410c
core   0: 3 0x8000012c (0xfe0716e3)
core   0: 3 0x80000118 (0x0017f693) x13 0x00000000
core   0: 3 0x8000011c (0xfff70713) x14 0x00000005
core   0: 3 0x80000120 (0x0017d793) x15 0x70c7a086
core   0: 3 0x80000124 (0x00068463)
core   0: 3 0x8000012c (0xfe0716e3)
core   0: 3 0x80000118 (0x0017f693) x13 0x00000000
core   0: 3 0x8000011c (0xfff70713) x14 0x00000004
core   0: 3 0x80000120 (0x0017d793) x15 0x3863d043
core   0: 3 0x80000124 (0x00068463)
core   0: 3 0x8000012c (0xfe0716e3)
core   0: 3 0x80000118 (0x0017f693) x13 0x00000001
core   0: 3 0x8000011c (0xfff70713) x14 0x00000003
core   0: 3 0x80000120 (0x0017d793) x15 0x1c31e821
core   0: 3 0x80000124 (0x00068463)
core   0: 3 0x80000128 (0x00c7c7b3) x15 0xf1896b01
core   0: 3 0x8000012c (0xfe0716e3)
core   0: 3 0x80000118 (0x0017f693) x13 0x00000001
core   0: 3 0x8000011c (0xfff70713) x14 0x00000002
core   0: 3 0x80000120 (0x0017d793) x15 0x78c4b580
core   0: 3 0x80000124 (0x00068463)
core   0: 3 0x80000128 (0x00c7c7b3) x15 0x957c36a0
core   0: 3 0x8000012c (0xfe0716e3)
core   0: 3 0x80000118 (0x0017f693) x13 0x00000000
core   0: 3 0x8000011c (0xfff70713) x14 0x00000001
core   0: 3 0x80000120 (0x0017d793) x15 0x4abe1b50
core   0: 3 0x80000124 (0x00068463)
core   0: 3 0x8000012c (0xfe0716e3)
core   0: 3 0x80000118 (0x0017f693) x13 0x00000000
core   0: 3 0x8000011c (0xfff70713) x14 0x00000000
core   0: 3 0x80000120 (0x0017d793) x15 0x255f0da8
core   0: 3 0x80000124 (0x00068463)
core   0: 3 0x8000012c (0xfe0716e3)
core   0: 3 0x80000130 (0x00158593) x11 0x8000021b
core   0: 3 0x80000134 (0xfca59ce3)
core   0: 3 0x8000010c (0x0005c683) x13 0x00000016 mem 0x8000021b
core   0: 3 0x80000110 (0x00800713) x14 0x00000008
core   0: 3 0x80000114 (0x00d7c7b3) x15 0x255f0dbe
core   0: 3 0x80000118 (0x0017f693) x13 0x00000000
core   0: 3 0x8000011c (0xfff70713) x14 0x00000007
core   0: 3 0x80000120 (0x0017d793) x15 0x12af86df
core   0: 3 0x80000124 (0x00068463)
core   0: 3 0x8000012c (0xfe0716e3)
core   0: 3 0x80000118 (0x0017f693) x13 0x00000001
core   0: 3 0x8000011c (0xfff70713) x14 0x00000006
core   0: 3 0x80000120 (0x0017d793) x15 0x0957c36f
core   0: 3 0x80000124 (0x00068463)
core   0: 3 0x80000128 (0x00c7c7b3) x15 0xe4ef404f
core   0: 3 0x8000012c (0xfe0716e3)
core   0: 3 0x80000118 (0x0017f693) x13 0x00000001
core   0: 3 0x8000011c (0xfff70713) x14 0x00000005
core   0: 3 0x80000120 (0x0017d793) x15 0x7277a027
core   0: 3 0x80000124 (0x00068463)
core   0: 3 0x80000128 (0x00c7c7b3) x15 0x9fcf2307
core   0: 3 0x8000012c (0xfe0716e3)
core   0: 3 0x80000118 (0x0017f693) x13 0x00000001
core   0: 3 0x8000011c (0xfff70713) x14 0x00000004
core   0: 3 0x80000120 (0x0017d793) x15 0x4fe79183
core   0: 3 0x80000124 (0x00068463)
core   0: 3 0x80000128 (0x00c7c7b3) x15 0xa25f12a3
core   0: 3 0x8000012c (0xfe0716e3)
core   0: 3 0x80000118 (0x0017f693) x13 0x00000001
core   0: 3 0x8000011c (0xfff70713) x14 0x00000003
core   0: 3 0x80000120 (0x0017d793) x15 0x512f8951
core   0: 3 0x80000124 (0x00068463)
core   0: 3 0x80000128 (0x00c7c7b3) x15 0xbc970a71
core   0: 3 0x8000012c (0xfe0716e3)
core   0: 3 0x80000118 (0x0017f693) x13 0x00000001
core   0: 3 0x8000011c (0xfff70713) x14 0x00000002
core   0: 3 0x80000120 (0x0017d793) x15 0x5e4b8538
core   0: 3 0x80000124 (0x00068463)
core   0: 3 0x80000128 (0x00c7c7b3) x15 0xb3f30618
core   0: 3 0x8000012c (0xfe0716e3)
core   0: 3 0x80000118 (0x0017f693) x13 0x00000000
core   0: 3 0x8000011c (0xfff70713) x14 0x00000001
core   0: 3 0x80000120 (0x0017d793) x15 0x59f9830c
core   0: 3 0x80000124 (0x00068463)
core   0: 3 0x8000012c (0xfe0716e3)
core   0: 3 0x80000118 (0x0017f693) x13 0x00000000
core   0: 3 0x8000011c (0xfff70713) x14 0x00000000
core   0: 3 0x80000120 (0x0017d793) x15 0x2cfcc186
core   0: 3 0x80000124 (0x00068463)
core   0: 3 0x8000012c (0xfe0716e3)
core   0: 3 0x80000130 (0x00158593) x11 0x8000021c
core   0: 3 0x80000134 (0xfca59ce3)
core   0: 3 0x8000010c (0x0005c683) x13 0x000000b5 mem 0x8000021c
core   0: 3 0x80000110 (0x00800713) x14 0x00000008
core   0: 3 0x80000114 (0x00d7c7b3) x15 0x2cfcc133
core   0: 3 0x80000118 (0x0017f693) x13 0x00000001
core   0: 3 0x8000011c (0xfff70713) x14 0x00000007
core   0: 3 0x80000120 (0x0017d793) x15 0x167e6099
core   0: 3 0x80000124 (0x00068463)
core   0: 3 0x80000128 (0x00c7c7b3) x15 0xfbc6e3b9
core   0: 3 0x8000012c (0xfe0716e3)
core   0: 3 0x80000118 (0x0017f693) x13 0x00000001
core   0: 3 0x8000011c (0xfff70713) x14 0x00000006
core   0: 3 0x80000120 (0x0017d793) x15 0x7de371dc
core   0: 3 0x80000124 (0x00068463)
core   0: 3 0x80000128 (0x00c7c7b3) x15 0x905bf2fc
core   0: 3 0x8000012c (0xfe0716e3)
core   0: 3 0x80000118 (0x0017f693) x13 0x00000000
core   0: 3 0x8000011c (0xfff70713) x14 0x00000005
core   0: 3 0x80000120 (0x0017d793) x15 0x482df97e
core   0: 3 0x80000124 (0x00068463)
core   0: 3 0x8000012c (0xfe0716e3)
core   0: 3 0x80000118 (0x0017f693) x13 0x00000000
core   0: 3 0x8000011c (0xfff70713) x14 0x00000004
core   0: 3 0x80000120 (0x0017d793) x15 0x2416fcbf
core   0: 3 0x80000124 (0x00068463)
core   0: 3 0x8000012c (0xfe0716e3)
core   0: 3 0x80000118 (0x0017f693) x13 0x00000001
core   0: 3 0x8000011c (0xfff70713) x14 0x00000003
core   0: 3 0x80000120 (0x0017d793) x15 0x120b7e5f
core   0: 3 0x80000124 (0x00068463)
core   0: 3 0x80000128 (0x00c7c7b3) x15 0xffb3fd7f
core   0: 3 0x8000012c (0xfe0716e3)
core   0: 3 0x80000118 (0x0017f693) x13 0x00000001
core   0: 3 0x8000011c (0xfff70713) x14 0x00000002
core   0: 3 0x80000120 (0x0017d793) x15 0x7fd9febf
core   0: 3 0x80000124 (0x00068463)
core   0: 3 0x80000128 (0x00c7c7b3) x15 0x92617d9f
core   0: 3 0x8000012c (0xfe0716e3)
core   0: 3 0x80000118 (0x0017f693) x13 0x00000001
core   0: 3 0x8000011c (0xfff70713) x14 0x00000001
core   0: 3 0x80000120 (0x0017d793) x15 0x4930becf
core   0: 3 0x80000124 (0x00068463)
core   0: 3 0x80000128 (0x00c7c7b3) x15 0xa4883def
core   0: 3 0x8000012c (0xfe0716e3)
core   0: 3 0x80000118 (0x0017f693) x13 0x00000001
core   0: 3 0x8000011c (0xfff70713) x14 0x00000000
core   0: 3 0x80000120 (0x0017d793) x15 0x52441ef7
core   0: 3 0x80000124 (0x00068463)
core   0: 3 0x80000128 (0x00c7c7b3) x15 0xbffc9dd7
core   0: 3 0x8000012c (0xfe0716e3)
core   0: 3 0x80000130 (0x00158593) x11 0x8000021d
core   0: 3 0x80000134 (0xfca59ce3)
core   0: 3 0x8000010c (0x0005c683) x13 0x00000076 mem 0x8000021d
core   0: 3 0x80000110 (0x00800713) x14 0x00000008
core   0: 3 0x80000114 (0x00d7c7b3) x15 0xbffc9da1
core   0: 3 0x80000118 (0x0017f693) x13 0x00000001
core   0: 3 0x8000011c (0xfff70713) x14 0x00000007
core   0: 3 0x80000120 (0x0017d793) x15 0x5ffe4ed0
core   0: 3 0x80000124 (0x00068463)
core   0: 3 0x80000128 (0x00c7c7b3) x15 0xb246cdf0
core   0: 3 0x8000012c (0xfe0716e3)
core   0: 3 0x80000118 (0x0017f693) x13 0x00000000
core   0: 3 0x8000011c (0xfff70713) x14 0x00000006
core   0: 3 0x80000120 (0x0017d793) x15 0x592366f8
core   0: 3 0x80000124 (0x00068463)
core   0: 3 0x8000012c (0xfe0716e3)
core   0: 3 0x80000118 (0x0017f693) x13 0x00000000
core   0: 3 0x8000011c (0xfff70713) x14 0x00000005
core   0: 3 0x80000120 (0x0017d793) x15 0x2c91b37c
core   0: 3 0x80000124 (0x00068463)
core   0: 3 0x8000012c (0xfe0716e3)
core   0: 3 0x80000118 (0x0017f693) x13 0x00000000
core   0: 3 0x8000011c (0xfff70713) x14 0x00000004
core   0: 3 0x80000120 (0x0017d793) x15 0x1648d9be
core   0: 3 0x80000124 (0x00068463)
core   0: 3 0x8000012c (0xfe0716e3)
core   0: 3 0x80000118 (0x0017f693) x13 0x00000000
core   0: 3 0x8000011c (0xfff70713) x14 0x00000003
core   0: 3 0x80000120 (0x0017d793) x15 0x0b246cdf
core   0: 3 0x80000124 (0x00068463)
core   0: 3 0x8000012c (0xfe0716e3)
core   0: 3 0x80000118 (0x0017f693) x13 0x00000001
core   0: 3 0x8000011c (0xfff70713) x14 0x00000002
core   0: 3 0x80000120 (0x0017d793) x15 0x0592366f
core   0: 3 0x80000124 (0x00068463)
core   0: 3 0x80000128 (0x00c7c7b3) x15 0xe82ab54f
core   0: 3 0x8000012c (0xfe0716e3)
core   0: 3 0x80000118 (0x0017f693) x13 0x00000001
core   0: 3 0x8000011c (0xfff70713) x14 0x00000001
core   0: 3 0x80000120 (0x0017d793) x15 0x74155aa7
core   0: 3 0x80000124 (0x00068463)
core   0: 3 0x80000128 (0x00c7c7b3) x15 0x99add987
core   0: 3 0x8000012c (0xfe0716e3)
core   0: 3 0x80000118 (0x0017f693) x13 0x00000001
core   0: 3 0x8000011c (0xfff70713) x14 0x00000000
core   0: 3 0x80000120 (0x0017d793) x15 0x4cd6ecc3
core   0: 3 0x80000124 (0x00068463)
core   0: 3 0x80000128 (0x00c7c7b3) x15 0xa16e6fe3
core   0: 3 0x8000012c (0xfe0716e3)
core   0: 3 0x80000130 (0x00158593) x11 0x8000021e
core   0: 3 0x80000134 (0xfca59ce3)
core   0: 3 0x8000010c (0x0005c683) x13 0x0000007c mem 0x8000021e
core   0: 3 0x80000110 (0x00800713) x14 0x00000008
core   0: 3 0x80000114 (0x00d7c7b3) x15 0xa16e6f9f
core   0: 3 0x80000118 (0x0017f693) x13 0x00000001
core   0: 3 0x8000011c (0xfff70713) x14 0x00000007
core   0: 3 0x80000120 (0x0017d793) x15 0x50b737cf
core   0: 3 0x80000124 (0x00068463)
core   0: 3 0x80000128 (0x00c7c7b3) x15 0xbd0fb4ef
core   0: 3 0x8000012c (0xfe0716e3)
core   0: 3 0x80000118 (0x0017f693) x13 0x00000001
core   0: 3 0x8000011c (0xfff70713) x14 0x00000006
core   0: 3 0x80000120 (0x0017d793) x15 0x5e87da77
core   0: 3 0x80000124 (0x00068463)
core   0: 3 0x80000128 (0x00c7c7b3) x15 0xb33f5957
core   0: 3 0x8000012c (0xfe0716e3)
core   0: 3 0x80000118 (0x0017f693) x13 0x00000001
core   0: 3 0x8000011c (0xfff70713) x14 0x00000005
core   0: 3 0x80000120 (0x0017d793) x15 0x599facab
core   0: 3 0x80000124 (0x00068463)
core   0: 3 0x80000128 (0x00c7c7b3) x15 0xb4272f8b
core   0: 3 0x8000012c (0xfe0716e3)
core   0: 3 0x80000118 (0x0017f693) x13 0x00000001
core   0: 3 0x8000011c (0xfff70713) x14 0x00000004
core   0: 3 0x80000120 (0x0017d793) x15 0x5a1397c5
core   0: 3 0x80000124 (0x00068463)
core   0: 3 0x80000128 (0x00c7c7b3) x15 0xb7ab14e5
core   0: 3 0x8000012c (0xfe0716e3)
core   0: 3 0x80000118 (0x0017f693) x13 0x00000001
core   0: 3 0x8000011c (0xfff70713) x14 0x00000003
core   0: 3 0x80000120 (0x0017d793) x15 0x5bd58a72
core   0: 3 0x80000124 (0x00068463)
core   0: 3 0x80000128 (0x00c7c7b3) x15 0xb66d0952
core   0: 3 0x8000012c (0xfe0716e3)
core   0: 3 0x80000118 (0x0017f693) x13 0x00000000
core   0: 3 0x8000011c (0xfff70713) x14 0x00000002
core   0: 3 0x80000120 (0x0017d793) x15 0x5b3684a9
core   0: 3 0x80000124 (0x00068463)
core   0: 3 0x8000012c (0xfe0716e3)
core   0: 3 0x80000118 (0x0017f693) x13 0x00000001
core   0: 3 0x8000011c (0xfff70713) x14 0x00000001
core   0: 3 0x80000120 (0x0017d793) x15 0x2d9b4254
core   0: 3 0x80000124 (0x00068463)
core   0: 3 0x80000128 (0x00c7c7b3) x15 0xc023c174
core   0: 3 0x8000012c (0xfe0716e3)
core   0: 3 0x80000118 (0x0017f693) x13 0x00000000
core   0: 3 0x8000011c (0xfff70713) x14 0x00000000
core   0: 3 0x80000120 (0x0017d793) x15 0x6011e0ba
core   0: 3 0x80000124 (0x00068463)
core   0: 3 0x8000012c (0xfe0716e3)
core   0: 3 0x80000130 (0x00158593) x11 0x8000021f
core   0: 3 0x80000134 (0xfca59ce3)
core   0: 3 0x8000010c (0x0005c683) x13 0x000000e3 mem 0x8000021f
core   0: 3 0x80000110 (0x00800713) x14 0x00000008
core   0: 3 0x80000114 (0x00d7c7b3) x15 0x6011e059
core   0: 3 0x80000118 (0x0017f693) x13 0x00000001
core   0: 3 0x8000011c (0xfff70713) x14 0x00000007
core   0: 3 0x80000120 (0x0017d793) x15 0x3008f02c
core   0: 3 0x80000124 (0x00068463)
core   0: 3 0x80000128 (0x00c7c7b3) x15 0xddb0730c
core   0: 3 0x8000012c (0xfe0716e3)
core   0: 3 0x80000118 (0x0017f693) x13 0x00000000
core   0: 3 0x8000011c (0xfff70713) x14 0x00000006
core   0: 3 0x80000120 (0x0017d793) x15 0x6ed83986
core   0: 3 0x80000124 (0x00068463)
core   0: 3 0x8000012c (0xfe0716e3)
core   0: 3 0x80000118 (0x0017f693) x13 0x00000000
core   0: 3 0x8000011c (0xfff70713) x14 0x00000005
core   0: 3 0x80000120 (0x0017d793) x15 0x376c1cc3
core   0: 3 0x80000124 (0x00068463)
core   0: 3 0x8000012c (0xfe0716e3)
core   0: 3 0x80000118 (0x0017f693) x13 0x00000001
core   0: 3 0x8000011c (0xfff70713) x14 0x00000004
core   0: 3 0x80000120 (0x0017d793) x15 0x1bb60e61
core   0: 3 0x80000124 (0x00068463)
core   0: 3 0x80000128 (0x00c7c7b3) x15 0xf60e8d41
core   0: 3 0x8000012c (0xfe0716e3)
core   0: 3 0x80000118 (0x0017f693) x13 0x00000001
core   0: 3 0x8000011c (0xfff70713) x14 0x00000003
core   0: 3 0x80000120 (0x0017d793) x15 0x7b0746a0
core   0: 3 0x80000124 (0x00068463)
core   0: 3 0x80000128 (0x00c7c7b3) x15 0x96bfc580
core   0: 3 0x8000012c (0xfe0716e3)
core   0: 3 0x80000118 (0x0017f693) x13 0x00000000
core   0: 3 0x8000011c (0xfff70713) x14 0x00000002
core   0: 3 0x80000120 (0x0017d793) x15 0x4b5fe2c0
core   0: 3 0x80000124 (0x00068463)
core   0: 3 0x8000012c (0xfe0716e3)
core   0: 3 0x80000118 (0x0017f693) x13 0x00000000
core   0: 3 0x8000011c (0xfff70713) x14 0x00000001
core   0: 3 0x80000120 (0x0017d793) x15 0x25aff160
core   0: 3 0x80000124 (0x00068463)
core   0: 3 0x8000012c (0xfe0716e3)
core   0: 3 0x80000118 (0x0017f693) x13 0x00000000
core   0: 3 0x8000011c (0xfff70713) x14 0x00000000
core   0: 3 0x80000120 (0x0017d793) x15 0x12d7f8b0
core   0: 3 0x80000124 (0x00068463)
core   0: 3 0x8000012c (0xfe0716e3)
core   0: 3 0x80000130 (0x00158593) x11 0x80000220
core   0: 3 0x80000134 (0xfca59ce3)
core   0: 3 0x8000010c (0x0005c683) x13 0x000000d4 mem 0x80000220
core   0: 3 0x80000110 (0x00800713) x14 0x00000008
core   0: 3 0x80000114 (0x00d7c7b3) x15 0x12d7f864
core   0: 3 0x80000118 (0x0017f693) x13 0x00000000
core   0: 3 0x8000011c (0xfff70713) x14 0x00000007
core   0: 3 0x80000120 (0x0017d793) x15 0x096bfc32
core   0: 3 0x80000124 (0x00068463)
core   0: 3 0x8000012c (0xfe0716e3)
core   0: 3 0x80000118 (0x0017f693) x13 0x00000000
core   0: 3 0x8000011c (0xfff70713) x14 0x00000006
core   0: 3 0x80000120 (0x0017d793) x15 0x04b5fe19
core   0: 3 0x80000124 (0x00068463)
core   0: 3 0x8000012c (0xfe0716e3)
core   0: 3 0x80000118 (0x0017f693) x13 0x00000001
core   0: 3 0x8000011c (0xfff70713) x14 0x00000005
core   0: 3 0x80000120 (0x0017d793) x15 0x025aff0c
core   0: 3 0x80000124 (0x00068463)
core   0: 3 0x80000128 (0x00c7c7b3) x15 0xefe27c2c
core   0: 3 0x8000012c (0xfe0716e3)
core   0: 3 0x80000118 (0x0017f693) x13 0x00000000
core   0: 3 0x8000011c (0xfff70713) x14 0x00000004
core   0: 3 0x80000120 (0x0017d793) x15 0x77f13e16
core   0: 3 0x80000124 (0x00068463)
core   0: 3 0x8000012c (0xfe0716e3)
core   0: 3 0x80000118 (0x0017f693) x13 0x00000000
core   0: 3 0x8000011c (0xfff70713) x14 0x00000003
core   0: 3 0x80000120 (0x0017d793) x15 0x3bf89f0b
core   0: 3 0x80000124 (0x00068463)
core   0: 3 0x8000012c (0xfe0716e3)
core   0: 3 0x80000118 (0x0017f693) x13 0x00000001
core   0: 3 0x8000011c (0xfff70713) x14 0x00000002
core   0: 3 0x80000120 (0x0017d793) x15 0x1dfc4f85
core   0: 3 0x80000124 (0x00068463)
core   0: 3 0x80000128 (0x00c7c7b3) x15 0xf044cca5
core   0: 3 0x8000012c (0xfe0716e3)
core   0: 3 0x80000118 (0x0017f693) x13 0x00000001
core   0: 3 0x8000011c (0xfff70713) x14 0x00000001
core   0: 3 0x80000120 (0x0017d793) x15 0x78226652
core   0: 3 0x80000124 (0x00068463)
core   0: 3 0x80000128 (0x00c7c7b3) x15 0x959ae572
core   0: 3 0x8000012c (0xfe0716e3)
core   0: 3 0x80000118 (0x0017f693) x13 0x00000000
core   0: 3 0x8000011c (0xfff70713) x14 0x00000000
core   0: 3 0x80000120 (0x0017d793) x15 0x4acd72b9
core   0: 3 0x80000124 (0x00068463)
core   0: 3 0x8000012c (0xfe0716e3)
core   0: 3 0x80000130 (0x00158593) x11 0x80000221
core   0: 3 0x80000134 (0xfca59ce3)
core   0: 3 0x8000010c (0x0005c683) x13 0x0000000e mem 0x80000221
core   0: 3 0x80000110 (0x00800713) x14 0x00000008
core   0: 3 0x80000114 (0x00d7c7b3) x15 0x4acd72b7
core   0: 3 0x80000118 (0x0017f693) x13 0x00000001
core   0: 3 0x8000011c (0xfff70713) x14 0x00000007
core   0: 3 0x80000120 (0x0017d793) x15 0x2566b95b
core   0: 3 0x80000124 (0x00068463)
core   0: 3 0x80000128 (0x00c7c7b3) x15 0xc8de3a7b
core   0: 3 0x8000012c (0xfe0716e3)
core   0: 3 0x80000118 (0x0017f693) x13 0x00000001
core   0: 3 0x8000011c (0xfff70713) x14 0x00000006
core   0: 3 0x80000120 (0x0017d793) x15 0x646f1d3d
core   0: 3 0x80000124 (0x00068463)
core   0: 3 0x80000128 (0x00c7c7b3) x15 0x89d79e1d
core   0: 3 0x8000012c (0xfe0716e3)
core   0: 3 0x80000118 (0x0017f693) x13 0x00000001
core   0: 3 0x8000011c (0xfff70713) x14 0x00000005
core   0: 3 0x80000120 (0x0017d793) x15 0x44ebcf0e
core   0: 3 0x80000124 (0x00068463)
core   0: 3 0x80000128 (0x00c7c7b3) x15 0xa9534c2e
core   0: 3 0x8000012c (0xfe0716e3)
core   0: 3 0x80000118 (0x0017f693) x13 0x00000000
core   0: 3 0x8000011c (0xfff70713) x14 0x00000004
core   0: 3 0x80000120 (0x0017d793) x15 0x54a9a617
core   0: 3 0x80000124 (0x00068463)
core   0: 3 0x8000012c (0xfe0716e3)
core   0: 3 0x80000118 (0x0017f693) x13 0x00000001
core   0: 3 0x8000011c (0xfff70713) x14 0x00000003
core   0: 3 0x80000120 (0x0017d793) x15 0x2a54d30b
core   0: 3 0x80000124 (0x00068463)
core   0: 3 0x80000128 (0x00c7c7b3) x15 0xc7ec502b
core   0: 3 0x8000012c (0xfe0716e3)
core   0: 3 0x80000118 (0x0017f693) x13 0x00000001
core   0: 3 0x8000011c (0xfff70713) x14 0x00000002
core   0: 3 0x80000120 (0x0017d793) x15 0x63f62815
core   0: 3 0x80000124 (0x00068463)
core   0: 3 0x80000128 (0x00c7c7b3) x15 0x8e4eab35
core   0: 3 0x8000012c (0xfe0716e3)
core   0: 3 0x80000118 (0x0017f693) x13 0x00000001
core   0: 3 0x8000011c (0xfff70713) x14 0x00000001
core   0: 3 0x80000120 (0x0017d793) x15 0x4727559a
core   0: 3 0x80000124 (0x00068463)
core   0: 3 0x80000128 (0x00c7c7b3) x15 0xaa9fd6ba
core   0: 3 0x8000012c (0xfe0716e3)
core   0: 3 0x80000118 (0x0017f693) x13 0x00000000
core   0: 3 0x8000011c (0xfff70713) x14 0x00000000
core   0: 3 0x80000120 (0x0017d793) x15 0x554feb5d
core   0: 3 0x80000124 (0x00068463)
core   0: 3 0x8000012c (0xfe0716e3)
core   0: 3 0x80000130 (0x00158593) x11 0x80000222
core   0: 3 0x80000134 (0xfca59ce3)
core   0: 3 0x8000010c (0x0005c683) x13 0x00000002 mem 0x80000222
core   0: 3 0x80000110 (0x00800713) x14 0x00000008
core   0: 3 0x80000114 (0x00d7c7b3) x15 0x554feb5f
core   0: 3 0x80000118 (0x0017f693) x13 0x00000001
core   0: 3 0x8000011c (0xfff70713) x14 0x00000007
core   0: 3 0x80000120 (0x0017d793) x15 0x2aa7f5af
core   0: 3 0x80000124 (0x00068463)
core   0: 3 0x80000128 (0x00c7c7b3) x15 0xc71f768f
core   0: 3 0x8000012c (0xfe0716e3)
core   0: 3 0x80000118 (0x0017f693) x13 0x00000001
core   0: 3 0x8000011c (0xfff70713) x14 0x00000006
core   0: 3 0x80000120 (0x0017d793) x15 0x638fbb47
core   0: 3 0x80000124 (0x00068463)
core   0: 3 0x80000128 (0x00c7c7b3) x15 0x8e373867
core   0: 3 0x8000012c (0xfe0716e3)
core   0: 3 0x80000118 (0x0017f693) x13 0x00000001
core   0: 3 0x8000011c (0xfff70713) x14 0x00000005
core   0: 3 0x80000120 (0x0017d793) x15 0x471b9c33
core   0: 3 0x80000124 (0x00068463)
core   0: 3 0x80000128 (0x00c7c7b3) x15 0xaaa31f13
core   0: 3 0x8000012c (0xfe0716e3)
core   0: 3 0x80000118 (0x0017f693) x13 0x00000001
core   0: 3 0x8000011c (0xfff70713) x14 0x00000004
core   0: 3 0x80000120 (0x0017d793) x15 0x55518f89
core   0: 3 0x80000124 (0x00068463)
core   0: 3 0x80000128 (0x00c7c7b3) x15 0xb8e90ca9
core   0: 3 0x8000012c (0xfe0716e3)
core   0: 3 0x80000118 (0x0017f693) x13 0x00000001
core   0: 3 0x8000011c (0xfff70713) x14 0x00000003
core   0: 3 0x80000120 (0x0017d793) x15 0x5c748654
core   0: 3 0x80000124 (0x00068463)
core   0: 3 0x80000128 (0x00c7c7b3) x15 0xb1cc0574
core   0: 3 0x8000012c (0xfe0716e3)
core   0: 3 0x80000118 (0x0017f693) x13 0x00000000
core   0: 3 0x8000011c (0xfff70713) x14 0x00000002
core   0: 3 0x80000120 (0x0017d793) x15 0x58e602ba
core   0: 3 0x80000124 (0x00068463)
core   0: 3 0x8000012c (0xfe0716e3)
core   0: 3 0x80000118 (0x0017f693) x13 0x00000000
core   0: 3 0x8000011c (0xfff70713) x14 0x00000001
core   0: 3 0x80000120 (0x0017d793) x15 0x2c73015d
core   0: 3 0x80000124 (0x00068463)
core   0: 3 0x8000012c (0xfe0716e3)
core   0: 3 0x80000118 (0x0017f693) x13 0x00000001
core   0: 3 0x8000011c (0xfff70713) x14 0x00000000
core   0: 3 0x80000120 (0x0017d793) x15 0x163980ae
core   0: 3 0x80000124 (0x00068463)
core   0: 3 0x80000128 (0x00c7c7b3) x15 0xfb81038e
core   0: 3 0x8000012c (0xfe0716e3)
core   0: 3 0x80000130 (0x00158593) x11 0x80000223
core   0: 3 0x80000134 (0xfca59ce3)
core   0: 3 0x8000010c (0x0005c683) x13 0x00000006 mem 0x80000223
core   0: 3 0x80000110 (0x00800713) x14 0x00000008
core   0: 3 0x80000114 (0x00d7c7b3) x15 0xfb810388
core   0: 3 0x80000118 (0x0017f693) x13 0x00000000
core   0: 3 0x8000011c (0xfff70713) x14 0x00000007
core   0: 3 0x80000120 (0x0017d793) x15 0x7dc081c4
core   0: 3 0x80000124 (0x00068463)
core   0: 3 0x8000012c (0xfe0716e3)
core   0: 3 0x80000118 (0x0017f693) x13 0x00000000
core   0: 3 0x8000011c (0xfff70713) x14 0x00000006
core   0: 3 0x80000120 (0x0017d793) x15 0x3ee040e2
core   0: 3 0x80000124 (0x00068463)
core   0: 3 0x8000012c (0xfe0716e3)
core   0: 3 0x80000118 (0x0017f693) x13 0x00000000
core   0: 3 0x8000011c (0xfff70713) x14 0x00000005
core   0: 3 0x80000120 (0x0017d793) x15 0x1f702071
core   0: 3 0x80000124 (0x00068463)
core   0: 3 0x8000012c (0xfe0716e3)
core   0: 3 0x80000118 (0x0017f693) x13 0x00000001
core   0: 3 0x8000011c (0xfff70713) x14 0x00000004
core   0: 3 0x80000120 (0x0017d793) x15 0x0fb81038
core   0: 3 0x80000124 (0x00068463)
core   0: 3 0x80000128 (0x00c7c7b3) x15 0xe2009318
core   0: 3 0x8000012c (0xfe0716e3)
core   0: 3 0x80000118 (0x0017f693) x13 0x00000000
core   0: 3 0x8000011c (0xfff70713) x14 0x00000003
core   0: 3 0x80000120 (0x0017d793) x15 0x7100498c
core   0: 3 0x80000124 (0x00068463)
core   0: 3 0x8000012c (0xfe0716e3)
core   0: 3 0x80000118 (0x0017f693) x13 0x00000000
core   0: 3 0x8000011c (0xfff70713) x14 0x00000002
core   0: 3 0x80000120 (0x0017d793) x15 0x388024c6
core   0: 3 0x80000124 (0x00068463)
core   0: 3 0x8000012c (0xfe0716e3)
core   0: 3 0x80000118 (0x0017f693) x13 0x00000000
core   0: 3 0x8000011c (0xfff70713) x14 0x00000001
core   0: 3 0x80000120 (0x0017d793) x15 0x1c401263
core   0: 3 0x80000124 (0x00068463)
core   0: 3 0x8000012c (0xfe0716e3)
core   0: 3 0x80000118 (0x0017f693) x13 0x00000001
core   0: 3 0x8000011c (0xfff70713) x14 0x00000000
core   0: 3 0x80000120 (0x0017d793) x15 0x0e200931
core   0: 3 0x80000124 (0x00068463)
core   0: 3 0x80000128 (0x00c7c7b3) x15 0xe3988a11
core   0: 3 0x8000012c (0xfe0716e3)
core   0: 3 0x80000130 (0x00158593) x11 0x80000224
core   0: 3 0x80000134 (0xfca59ce3)
core   0: 3 0x8000010c (0x0005c683) x13 0x0000009e mem 0x80000224
core   0: 3 0x80000110 (0x00800713) x14 0x00000008
core   0: 3 0x80000114 (0x00d7c7b3) x15 0xe3988a8f
core   0: 3 0x80000118 (0x0017f693) x13 0x00000001
core   0: 3 0x8000011c (0xfff70713) x14 0x00000007
core   0: 3 0x80000120 (0x0017d793) x15 0x71cc4547
core   0: 3 0x80000124 (0x00068463)
core   0: 3 0x80000128 (0x00c7c7b3) x15 0x9c74c667
core   0: 3 0x8000012c (0xfe0716e3)
core   0: 3 0x80000118 (0x0017f693) x13 0x00000001
core   0: 3 0x8000011c (0xfff70713) x14 0x00000006
core   0: 3 0x80000120 (0x0017d793) x15 0x4e3a6333
core   0: 3 0x80000124 (0x00068463)
core   0: 3 0x80000128 (0x00c7c7b3) x15 0xa382e013
core   0: 3 0x8000012c (0xfe0716e3)
core   0: 3 0x80000118 (0x0017f693) x13 0x00000001
core   0: 3 0x8000011c (0xfff70713) x14 0x00000005
core   0: 3 0x80000120 (0x0017d793) x15 0x51c17009
core   0: 3 0x80000124 (0x00068463)
core   0: 3 0x80000128 (0x00c7c7b3) x15 0xbc79f329
core   0: 3 0x8000012c (0xfe0716e3)
core   0: 3 0x80000118 (0x0017f693) x13 0x00000001
core   0: 3 0x8000011c (0xfff70713) x14 0x00000004
core   0: 3 0x80000120 (0x0017d793) x15 0x5e3cf994
core   0: 3 0x80000124 (0x00068463)
core   0: 3 0x80000128 (0x00c7c7b3) x15 0xb3847ab4
core   0: 3 0x8000012c (0xfe0716e3)
core   0: 3 0x80000118 (0x0017f693) x13 0x00000000
core   0: 3 0x8000011c (0xfff70713) x14 0x00000003
core   0: 3 0x80000120 (0x0017d793) x15 0x59c23d5a
core   0: 3 0x80000124 (0x00068463)
core   0: 3 0x8000012c (0xfe0716e3)
core   0: 3 0x80000118 (0x0017f693) x13 0x00000000
core   0: 3 0x8000011c (0xfff70713) x14 0x00000002
core   0: 3 0x80000120 (0x0017d793) x15 0x2ce11ead
core   0: 3 0x80000124 (0x00068463)
core   0: 3 0x8000012c (0xfe0716e3)
core   0: 3 0x80000118 (0x0017f693) x13 0x00000001
core   0: 3 0x8000011c (0xfff70713) x14 0x00000001
core   0: 3 0x80000120 (0x0017d793) x15 0x16708f56
core   0: 3 0x80000124 (0x00068463)
core   0: 3 0x80000128 (0x00c7c7b3) x15 0xfbc80c76
core   0: 3 0x8000012c (0xfe0716e3)
core   0: 3 0x80000118 (0x0017f693) x13 0x00000000
core   0: 3 0x8000011c (0xfff70713) x14 0x00000000
core   0: 3 0x80000120 (0x0017d793) x15 0x7de4063b
core   0: 3 0x80000124 (0x00068463)
core   0: 3 0x8000012c (0xfe0716e3)
core   0: 3 0x80000130 (0x00158593) x11 0x80000225
core   0: 3 0x80000134 (0xfca59ce3)
core   0: 3 0x8000010c (0x0005c683) x13 0x0000004f mem 0x80000225
core   0: 3 0x80000110 (0x00800713) x14 0x00000008
core   0: 3 0x80000114 (0x00d7c7b3) x15 0x7de40674
core   0: 3 0x80000118 (0x0017f693) x13 0x00000000
core   0: 3 0x8000011c (0xfff70713) x14 0x00000007
core   0: 3 0x80000120 (0x0017d793) x15 0x3ef2033a
core   0: 3 0x80000124 (0x00068463)
core   0: 3 0x8000012c (0xfe0716e3)
core   0: 3 0x80000118 (0x0017f693) x13 0x00000000
core   0: 3 0x8000011c (0xfff70713) x14 0x00000006
core   0: 3 0x80000120 (0x0017d793) x15 0x1f79019d
core   0: 3 0x80000124 (0x00068463)
core   0: 3 0x8000012c (0xfe0716e3)
core   0: 3 0x80000118 (0x0017f693) x13 0x00000001
core   0: 3 0x8000011c (0xfff70713) x14 0x00000005
core   0: 3 0x80000120 (0x0017d793) x15 0x0fbc80ce
core   0: 3 0x80000124 (0x00068463)
core   0: 3 0x80000128 (0x00c7c7b3) x15 0xe20403ee
core   0: 3 0x8000012c (0xfe0716e3)
core   0: 3 0x80000118 (0x0017f693) x13 0x00000000
core   0: 3 0x8000011c (0xfff70713) x14 0x00000004
core   0: 3 0x80000120 (0x0017d793) x15 0x710201f7
core   0: 3 0x80000124 (0x00068463)
core   0: 3 0x8000012c (0xfe0716e3)
core   0: 3 0x80000118 (0x0017f693) x13 0x00000001
core   0: 3 0x8000011c (0xfff70713) x14 0x00000003
core   0: 3 0x80000120 (0x0017d793) x15 0x388100fb
core   0: 3 0x80000124 (0x00068463)
core   0: 3 0x80000128 (0x00c7c7b3) x15 0xd53983db
core   0: 3 0x8000012c (0xfe0716e3)
core   0: 3 0x80000118 (0x0017f693) x13 0x00000001
core   0: 3 0x8000011c (0xfff70713) x14 0x00000002
core   0: 3 0x80000120 (0x0017d793) x15 0x6a9cc1ed
core   0: 3 0x80000124 (0x00068463)
core   0: 3 0x80000128 (0x00c7c7b3) x15 0x872442cd
core   0: 3 0x8000012c (0xfe0716e3)
core   0: 3 0x80000118 (0x0017f693) x13 0x00000001
core   0: 3 0x8000011c (0xfff70713) x14 0x00000001
core   0: 3 0x80000120 (0x0017d793) x15 0x43922166
core   0: 3 0x80000124 (0x00068463)
core   0: 3 0x80000128 (0x00c7c7b3) x15 0xae2aa246
core   0: 3 0x8000012c (0xfe0716e3)
core   0: 3 0x80000118 (0x0017f693) x13 0x00000000
core   0: 3 0x8000011c (0xfff70713) x14 0x00000000
core   0: 3 0x80000120 (0x0017d793) x15 0x57155123
core   0: 3 0x80000124 (0x00068463)
core   0: 3 0x8000012c (0xfe0716e3)
core   0: 3 0x80000130 (0x00158593) x11 0x80000226
core   0: 3 0x80000134 (0xfca59ce3)
core   0: 3 0x8000010c (0x0005c683) x13 0x0000006e mem 0x80000226
core   0: 3 0x80000110 (0x00800713) x14 0x00000008
core   0: 3 0x80000114 (0x00d7c7b3) x15 0x5715514d
core   0: 3 0x80000118 (0x0017f693) x13 0x00000001
core   0: 3 0x8000011c (0xfff70713) x14 0x00000007
core   0: 3 0x80000120 (0x0017d793) x15 0x2b8aa8a6
core   0: 3 0x80000124 (0x00068463)
core   0: 3 0x80000128 (0x00c7c7b3) x15 0xc6322b86
core   0: 3 0x8000012c (0xfe0716e3)
core   0: 3 0x80000118 (0x0017f693) x13 0x00000000
core   0: 3 0x8000011c (0xfff70713) x14 0x00000006
core   0: 3 0x80000120 (0x0017d793) x15 0x631915c3
core   0: 3 0x80000124 (0x00068463)
core   0: 3 0x8000012c (0xfe0716e3)
core   0: 3 0x80000118 (0x0017f693) x13 0x00000001
core   0: 3 0x8000011c (0xfff70713) x14 0x00000005
core   0: 3 0x80000120 (0x0017d793) x15 0x318c8ae1
core   0: 3 0x80000124 (0x00068463)
core   0: 3 0x80000128 (0x00c7c7b3) x15 0xdc3409c1
core   0: 3 0x8000012c (0xfe0716e3)
core   0: 3 0x80000118 (0x0017f693) x13 0x00000001
core   0: 3 0x8000011c (0xfff70713) x14 0x00000004
core   0: 3 0x80000120 (0x0017d793) x15 0x6e1a04e0
core   0: 3 0x80000124 (0x00068463)
core   0: 3 0x80000128 (0x00c7c7b3) x15 0x83a287c0
core   0: 3 0x8000012c (0xfe0716e3)
core   0: 3 0x80000118 (0x0017f693) x13 0x00000000
core   0: 3 0x8000011c (0xfff70713) x14 0x00000003
core   0: 3 0x80000120 (0x0017d793) x15 0x41d143e0
core   0: 3 0x80000124 (0x00068463)
core   0: 3 0x8000012c (0xfe0716e3)
core   0: 3 0x80000118 (0x0017f693) x13 0x00000000
core   0: 3 0x8000011c (0xfff70713) x14 0x00000002
core   0: 3 0x80000120 (0x0017d793) x15 0x20e8a1f0
core   0: 3 0x80000124 (0x00068463)
core   0: 3 0x8000012c (0xfe0716e3)
core   0: 3 0x80000118 (0x0017f693) x13 0x00000000
core   0: 3 0x8000011c (0xfff70713) x14 0x00000001
core   0: 3 0x80000120 (0x0017d793) x15 0x107450f8
core   0: 3 0x80000124 (0x00068463)
core   0: 3 0x8000012c (0xfe0716e3)
core   0: 3 0x80000118 (0x0017f693) x13 0x00000000
core   0: 3 0x8000011c (0xfff70713) x14 0x00000000
core   0: 3 0x80000120 (0x0017d793) x15 0x083a287c
core   0: 3 0x80000124 (0x00068463)
core   0: 3 0x8000012c (0xfe0716e3)
core   0: 3 0x80000130 (0x00158593) x11 0x80000227
core   0: 3 0x80000134 (0xfca59ce3)
core   0: 3 0x8000010c (0x0005c683) x13 0x00000057 mem 0x80000227
core   0: 3 0x80000110 (0x00800713) x14 0x00000008
core   0: 3 0x80000114 (0x00d7c7b3) x15 0x083a282b
core   0: 3 0x80000118 (0x0017f693) x13 0x00000001
core   0: 3 0x8000011c (0xfff70713) x14 0x00000007
core   0: 3 0x80000120 (0x0017d793) x15 0x041d1415
core   0: 3 0x80000124 (0x00068463)
core   0: 3 0x80000128 (0x00c7c7b3) x15 0xe9a59735
core   0: 3 0x8000012c (0xfe0716e3)
core   0: 3 0x80000118 (0x0017f693) x13 0x00000001
core   0: 3 0x8000011c (0xfff70713) x14 0x00000006
core   0: 3 0x80000120 (0x0017d793) x15 0x74d2cb9a
core   0: 3 0x80000124 (0x00068463)
core   0: 3 0x80000128 (0x00c7c7b3) x15 0x996a48ba
core   0: 3 0x8000012c (0xfe0716e3)
core   0: 3 0x80000118 (0x0017f693) x13 0x00000000
core   0: 3 0x8000011c (0xfff70713) x14 0x00000005
core   0: 3 0x80000120 (0x0017d793) x15 0x4cb5245d
core   0: 3 0x80000124 (0x00068463)
core   0: 3 0x8000012c (0xfe0716e3)
core   0: 3 0x80000118 (0x0017f693) x13 0x00000001
core   0: 3 0x8000011c (0xfff70713) x14 0x00000004
core   0: 3 0x80000120 (0x0017d793) x15 0x265a922e
core   0: 3 0x80000124 (0x00068463)
core   0: 3 0x80000128 (0x00c7c7b3) x15 0xcbe2110e
core   0: 3 0x8000012c (0xfe0716e3)
core   0: 3 0x80000118 (0x0017f693) x13 0x00000000
core   0: 3 0x8000011c (0xfff70713) x14 0x00000003
core   0: 3 0x80000120 (0x0017d793) x15 0x65f10887
core   0: 3 0x80000124 (0x00068463)
core   0: 3 0x8000012c (0xfe0716e3)
core   0: 3 0x80000118 (0x0017f693) x13 0x00000001
core   0: 3 0x8000011c (0xfff70713) x14 0x00000002
core   0: 3 0x80000120 (0x0017d793) x15 0x32f88443
core   0: 3 0x80000124 (0x00068463)
core   0: 3 0x80000128 (0x00c7c7b3) x15 0xdf400763
core   0: 3 0x8000012c (0xfe0716e3)
core   0: 3 0x80000118 (0x0017f693) x13 0x00000001
core   0: 3 0x8000011c (0xfff70713) x14 0x00000001
core   0: 3 0x80000120 (0x0017d793) x15 0x6fa003b1
core   0: 3 0x80000124 (0x00068463)
core   0: 3 0x80000128 (0x00c7c7b3) x15 0x82188091
core   0: 3 0x8000012c (0xfe0716e3)
core   0: 3 0x80000118 (0x0017f693) x13 0x00000001
core   0: 3 0x8000011c (0xfff70713) x14 0x00000000
core   0: 3 0x80000120 (0x0017d793) x15 0x410c4048
core   0: 3 0x80000124 (0x00068463)
core   0: 3 0x80000128 (0x00c7c7b3) x15 0xacb4c368
core   0: 3 0x8000012c (0xfe0716e3)
core   0: 3 0x80000130 (0x00158593) x11 0x80000228
core   0: 3 0x80000134 (0xfca59ce3)
core   0: 3 0x8000010c (0x0005c683) x13 0x000000c0 mem 0x80000228
core   0: 3 0x80000110 (0x00800713) x14 0x00000008
core   0: 3 0x80000114 (0x00d7c7b3) x15 0xacb4c3a8
core   0: 3 0x80000118 (0x0017f693) x13 0x00000000
core   0: 3 0x8000011c (0xfff70713) x14 0x00000007
core   0: 3 0x80000120 (0x0017d793) x15 0x565a61d4
core   0: 3 0x80000124 (0x00068463)
core   0: 3 0x8000012c (0xfe0716e3)
core   0: 3 0x80000118 (0x0017f693) x13 0x00000000
core   0: 3 0x8000011c (0xfff70713) x14 0x00000006
core   0: 3 0x80000120 (0x0017d793) x15 0x2b2d30ea
core   0: 3 0x80000124 (0x00068463)
core   0: 3 0x8000012c (0xfe0716e3)
core   0: 3 0x80000118 (0x0017f693) x13 0x00000000
core   0: 3 0x8000011c (0xfff70713) x14 0x00000005
core   0: 3 0x80000120 (0x0017d793) x15 0x15969875
core   0: 3 0x80000124 (0x00068463)
core   0: 3 0x8000012c (0xfe0716e3)
core   0: 3 0x80000118 (0x0017f693) x13 0x00000001
core   0: 3 0x8000011c (0xfff70713) x14 0x00000004
core   0: 3 0x80000120 (0x0017d793) x15 0x0acb4c3a
core   0: 3 0x80000124 (0x00068463)
core   0: 3 0x80000128 (0x00c7c7b3) x15 0xe773cf1a
core   0: 3 0x8000012c (0xfe0716e3)
core   0: 3 0x80000118 (0x0017f693) x13 0x00000000
core   0: 3 0x8000011c (0xfff70713) x14 0x00000003
core   0: 3 0x80000120 (0x0017d793) x15 0x73b9e78d
core   0: 3 0x80000124 (0x00068463)
core   0: 3 0x8000012c (0xfe0716e3)
core   0: 3 0x80000118 (0x0017f693) x13 0x00000001
core   0: 3 0x8000011c (0xfff70713) x14 0x00000002
core   0: 3 0x80000120 (0x0017d793) x15 0x39dcf3c6
core   0: 3 0x80000124 (0x00068463)
core   0: 3 0x80000128 (0x00c7c7b3) x15 0xd46470e6
core   0: 3 0x8000012c (0xfe0716e3)
core   0: 3 0x80000118 (0x0017f693) x13 0x00000000
core   0: 3 0x8000011c (0xfff70713) x14 0x00000001
core   0: 3 0x80000120 (0x0017d793) x15 0x6a323873
core   0: 3 0x80000124 (0x00068463)
core   0: 3 0x8000012c (0xfe0716e3)
core   0: 3 0x80000118 (0x0017f693) x13 0x00000001
core   0: 3 0x8000011c (0xfff70713) x14 0x00000000
core   0: 3 0x80000120 (0x0017d793) x15 0x35191c39
core   0: 3 0x80000124 (0x00068463)
core   0: 3 0x80000128 (0x00c7c7b3) x15 0xd8a19f19
core   0: 3 0x8000012c (0xfe0716e3)
core   0: 3 0x80000130 (0x00158593) x11 0x80000229
core   0: 3 0x80000134 (0xfca59ce3)
core   0: 3 0x8000010c (0x0005c683) x13 0x00000049 mem 0x80000229
core   0: 3 0x80000110 (0x00800713) x14 0x00000008
core   0: 3 0x80000114 (0x00d7c7b3) x15 0xd8a19f50
core   0: 3 0x80000118 (0x0017f693) x13 0x00000000
core   0: 3 0x8000011c (0xfff70713) x14 0x00000007
core   0: 3 0x80000120 (0x0017d793) x15 0x6c50cfa8
core   0: 3 0x80000124 (0x00068463)
core   0: 3 0x8000012c (0xfe0716e3)
core   0: 3 0x80000118 (0x0017f693) x13 0x00000000
core   0: 3 0x8000011c (0xfff70713) x14 0x00000006
core   0: 3 0x80000120 (0x0017d793) x15 0x362867d4
core   0: 3 0x80000124 (0x00068463)
core   0: 3 0x8000012c (0xfe0716e3)
core   0: 3 0x80000118 (0x0017f693) x13 0x00000000
core   0: 3 0x8000011c (0xfff70713) x14 0x00000005
core   0: 3 0x80000120 (0x0017d793) x15 0x1b1433ea
core   0: 3 0x80000124 (0x00068463)
core   0: 3 0x8000012c (0xfe0716e3)
core   0: 3 0x80000118 (0x0017f693) x13 0x00000000
core   0: 3 0x8000011c (0xfff70713) x14 0x00000004
core   0: 3 0x80000120 (0x0017d793) x15 0x0d8a19f5
core   0: 3 0x80000124 (0x00068463)
core   0: 3 0x8000012c (0xfe0716e3)
core   0: 3 0x80000118 (0x0017f693) x13 0x00000001
core   0: 3 0x8000011c (0xfff70713) x14 0x00000003
core   0: 3 0x80000120 (0x0017d793) x15 0x06c50cfa
core   0: 3 0x80000124 (0x00068463)
core   0: 3 0x80000128 (0x00c7c7b3) x15 0xeb7d8fda
core   0: 3 0x8000012c (0xfe0716e3)
core   0: 3 0x80000118 (0x0017f693) x13 0x00000000
core   0: 3 0x8000011c (0xfff70713) x14 0x00000002
core   0: 3 0x80000120 (0x0017d793) x15 0x75bec7ed
core   0: 3 0x80000124 (0x00068463)
core   0: 3 0x8000012c (0xfe0716e3)
core   0: 3 0x80000118 (0x0017f693) x13 0x00000001
core   0: 3 0x8000011c (0xfff70713) x14 0x00000001
core   0: 3 0x80000120 (0x0017d793) x15 0x3adf63f6
core   0: 3 0x80000124 (0x00068463)
core   0: 3 0x80000128 (0x00c7c7b3) x15 0xd767e0d6
core   0: 3 0x8000012c (0xfe0716e3)
core   0: 3 0x80000118 (0x0017f693) x13 0x00000000
core   0: 3 0x8000011c (0xfff70713) x14 0x00000000
core   0: 3 0x80000120 (0x0017d793) x15 0x6bb3f06b
core   0: 3 0x80000124 (0x00068463)
core   0: 3 0x8000012c (0xfe0716e3)
core   0: 3 0x80000130 (0x00158593) x11 0x8000022a
core   0: 3 0x80000134 (0xfca59ce3)
core   0: 3 0x8000010c (0x0005c683) x13 0x0000008f mem 0x8000022a
core   0: 3 0x80000110 (0x00800713) x14 0x00000008
core   0: 3 0x80000114 (0x00d7c7b3) x15 0x6bb3f0e4
core   0: 3 0x80000118 (0x0017f693) x13 0x00000000
core   0: 3 0x8000011c (0xfff70713) x14 0x00000007
core   0: 3 0x80000120 (0x0017d793) x15 0x35d9f872
core   0: 3 0x80000124 (0x00068463)
core   0: 3 0x8000012c (0xfe0716e3)
core   0: 3 0x80000118 (0x0017f693) x13 0x00000000
core   0: 3 0x8000011c (0xfff70713) x14 0x00000006
core   0: 3 0x80000120 (0x0017d793) x15 0x1aecfc39
core   0: 3 0x80000124 (0x00068463)
core   0: 3 0x8000012c (0xfe0716e3)
core   0: 3 0x80000118 (0x0017f693) x13 0x00000001
core   0: 3 0x8000011c (0xfff70713) x14 0x00000005
core   0: 3 0x80000120 (0x0017d793) x15 0x0d767e1c
core   0: 3 0x80000124 (0x00068463)
core   0: 3 0x80000128 (0x00c7c7b3) x15 0xe0cefd3c
core   0: 3 0x8000012c (0xfe0716e3)
core   0: 3 0x80000118 (0x0017f693) x13 0x00000000
core   0: 3 0x8000011c (0xfff70713) x14 0x00000004
core   0: 3 0x80000120 (0x0017d793) x15 0x70677e9e
core   0: 3 0x80000124 (0x00068463)
core   0: 3 0x8000012c (0xfe0716e3)
core   0: 3 0x80000118 (0x0017f693) x13 0x00000000
core   0: 3 0x8000011c (0xfff70713) x14 0x00000003
core   0: 3 0x80000120 (0x0017d793) x15 0x3833bf4f
core   0: 3 0x80000124 (0x00068463)
core   0: 3 0x8000012c (0xfe0716e3)
core   0: 3 0x80000118 (0x0017f693) x13 0x00000001
core   0: 3 0x8000011c (0xfff70713) x14 0x00000002
core   0: 3 0x80000120 (0x0017d793) x15 0x1c19dfa7
core   0: 3 0x80000124 (0x00068463)
core   0: 3 0x80000128 (0x00c7c7b3) x15 0xf1a15c87
core   0: 3 0x8000012c (0xfe0716e3)
core   0: 3 0x80000118 (0x0017f693) x13 0x00000001
core   0: 3 0x8000011c (0xfff70713) x14 0x00000001
core   0: 3 0x80000120 (0x0017d793) x15 0x78d0ae43
core   0: 3 0x80000124 (0x00068463)
core   0: 3 0x80000128 (0x00c7c7b3) x15 0x95682d63
core   0: 3 0x8000012c (0xfe0716e3)
core   0: 3 0x80000118 (0x0017f693) x13 0x00000001
core   0: 3 0x8000011c (0xfff70713) x14 0x00000000
core   0: 3 0x80000120 (0x0017d793) x15 0x4ab416b1
core   0: 3 0x80000124 (0x00068463)
core   0: 3 0x80000128 (0x00c7c7b3) x15 0xa70c9591
core   0: 3 0x8000012c (0xfe0716e3)
core   0: 3 0x80000130 (0x00158593) x11 0x8000022b
core   0: 3 0x80000134 (0xfca59ce3)
core   0: 3 0x8000010c (0x0005c683) x13 0x00000004 mem 0x8000022b
core   0: 3 0x80000110 (0x00800713) x14 0x00000008
core   0: 3 0x80000114 (0x00d7c7b3) x15 0xa70c9595
core   0: 3 0x80000118 (0x0017f693) x13 0x00000001
core   0: 3 0x8000011c (0xfff70713) x14 0x00000007
core   0: 3 0x80000120 (0x0017d793) x15 0x53864aca
core   0: 3 0x80000124 (0x00068463)
core   0: 3 0x80000128 (0x00c7c7b3) x15 0xbe3ec9ea
core   0: 3 0x8000012c (0xfe0716e3)
core   0: 3 0x80000118 (0x0017f693) x13 0x00000000
core   0: 3 0x8000011c (0xfff70713) x14 0x00000006
core   0: 3 0x80000120 (0x0017d793) x15 0x5f1f64f5
core   0: 3 0x80000124 (0x00068463)
core   0: 3 0x8000012c (0xfe0716e3)
core   0: 3 0x80000118 (0x0017f693) x13 0x00000001
core   0: 3 0x8000011c (0xfff70713) x14 0x00000005
core   0: 3 0x80000120 (0x0017d793) x15 0x2f8fb27a
core   0: 3 0x80000124 (0x00068463)
core   0: 3 0x80000128 (0x00c7c7b3) x15 0xc237315a
core   0: 3 0x8000012c (0xfe0716e3)
core   0: 3 0x80000118 (0x0017f693) x13 0x00000000
core   0: 3 0x8000011c (0xfff70713) x14 0x00000004
core   0: 3 0x80000120 (0x0017d793) x15 0x611b98ad
core   0: 3 0x80000124 (0x00068463)
core   0: 3 0x8000012c (0xfe0716e3)
core   0: 3 0x80000118 (0x0017f693) x13 0x00000001
core   0: 3 0x8000011c (0xfff70713) x14 0x00000003
core   0: 3 0x80000120 (0x0017d793) x15 0x308dcc56
core   0: 3 0x80000124 (0x00068463)
core   0: 3 0x80000128 (0x00c7c7b3) x15 0xdd354f76
core   0: 3 0x8000012c (0xfe0716e3)
core   0: 3 0x80000118 (0x0017f693) x13 0x00000000
core   0: 3 0x8000011c (0xfff70713) x14 0x00000002
core   0: 3 0x80000120 (0x0017d793) x15 0x6e9aa7bb
core   0: 3 0x80000124 (0x00068463)
core   0: 3 0x8000012c (0xfe0716e3)
core   0: 3 0x80000118 (0x0017f693) x13 0x00000001
core   0: 3 0x8000011c (0xfff70713) x14 0x00000001
core   0: 3 0x80000120 (0x0017d793) x15 0x374d53dd
core   0: 3 0x80000124 (0x00068463)
core   0: 3 0x80000128 (0x00c7c7b3) x15 0xdaf5d0fd
core   0: 3 0x8000012c (0xfe0716e3)
core   0: 3 0x80000118 (0x0017f693) x13 0x00000001
core   0: 3 0x8000011c (0xfff70713) x14 0x00000000
core   0: 3 0x80000120 (0x0017d793) x15 0x6d7ae87e
core   0: 3 0x80000124 (0x00068463)
core   0: 3 0x80000128 (0x00c7c7b3) x15 0x80c26b5e
core   0: 3 0x8000012c (0xfe0716e3)
core   0: 3 0x80000130 (0x00158593) x11 0x8000022c
core   0: 3 0x80000134 (0xfca59ce3)
core   0: 3 0x8000010c (0x0005c683) x13 0x000000e4 mem 0x8000022c
core   0: 3 0x80000110 (0x00800713) x14 0x00000008
core   0: 3 0x80000114 (0x00d7c7b3) x15 0x80c26bba
core   0: 3 0x80000118 (0x0017f693) x13 0x00000000
core   0: 3 0x8000011c (0xfff70713) x14 0x00000007
core   0: 3 0x80000120 (0x0017d793) x15 0x406135dd
core   0: 3 0x80000124 (0x00068463)
core   0: 3 0x8000012c (0xfe0716e3)
core   0: 3 0x80000118 (0x0017f693) x13 0x00000001
core   0: 3 0x8000011c (0xfff70713) x14 0x00000006
core   0: 3 0x80000120 (0x0017d793) x15 0x20309aee
core   0: 3 0x80000124 (0x00068463)
core   0: 3 0x80000128 (0x00c7c7b3) x15 0xcd8819ce
core   0: 3 0x8000012c (0xfe0716e3)
core   0: 3 0x80000118 (0x0017f693) x13 0x00000000
core   0: 3 0x8000011c (0xfff70713) x14 0x00000005
core   0: 3 0x80000120 (0x0017d793) x15 0x66c40ce7
core   0: 3 0x80000124 (0x00068463)
core   0: 3 0x8000012c (0xfe0716e3)
core   0: 3 0x80000118 (0x0017f693) x13 0x00000001
core   0: 3 0x8000011c (0xfff70713) x14 0x00000004
core   0: 3 0x80000120 (0x0017d793) x15 0x33620673
core   0: 3 0x80000124 (0x00068463)
core   0: 3 0x80000128 (0x00c7c7b3) x15 0xdeda8553
core   0: 3 0x8000012c (0xfe0716e3)
core   0: 3 0x80000118 (0x0017f693) x13 0x00000001
core   0: 3 0x8000011c (0xfff70713) x14 0x00000003
core   0: 3 0x80000120 (0x0017d793) x15 0x6f6d42a9
core   0: 3 0x80000124 (0x00068463)
core   0: 3 0x80000128 (0x00c7c7b3) x15 0x82d5c189
core   0: 3 0x8000012c (0xfe0716e3)
core   0: 3 0x80000118 (0x0017f693) x13 0x00000001
core   0: 3 0x8000011c (0xfff70713) x14 0x00000002
core   0: 3 0x80000120 (0x0017d793) x15 0x416ae0c4
core   0: 3 0x80000124 (0x00068463)
core   0: 3 0x80000128 (0x00c7c7b3) x15 0xacd263e4
core   0: 3 0x8000012c (0xfe0716e3)
core   0: 3 0x80000118 (0x0017f693) x13 0x00000000
core   0: 3 0x8000011c (0xfff70713) x14 0x00000001
core   0: 3 0x80000120 (0x0017d793) x15 0x566931f2
core   0: 3 0x80000124 (0x00068463)
core   0: 3 0x8000012c (0xfe0716e3)
core   0: 3 0x80000118 (0x0017f693) x13 0x00000000
core   0: 3 0x8000011c (0xfff70713) x14 0x00000000
core   0: 3 0x80000120 (0x0017d793) x15 0x2b3498f9
core   0: 3 0x80000124 (0x00068463)
core   0: 3 0x8000012c (0xfe0716e3)
core   0: 3 0x80000130 (0x00158593) x11 0x8000022d
core   0: 3 0x80000134 (0xfca59ce3)
core   0: 3 0x8000010c (0x0005c683) x13 0x0000004b mem 0x8000022d
core   0: 3 0x80000110 (0x00800713) x14 0x00000008
core   0: 3 0x80000114 (0x00d7c7b3) x15 0x2b3498b2
core   0: 3 0x80000118 (0x0017f693) x13 0x00000000
core   0: 3 0x8000011c (0xfff70713) x14 0x00000007
core   0: 3 0x80000120 (0x0017d793) x15 0x159a4c59
core   0: 3 0x80000124 (0x00068463)
core   0: 3 0x8000012c (0xfe0716e3)
core   0: 3 0x80000118 (0x0017f693) x13 0x00000001
core   0: 3 0x8000011c (0xfff70713) x14 0x00000006
core   0: 3 0x80000120 (0x0017d793) x15 0x0acd262c
core   0: 3 0x80000124 (0x00068463)
core   0: 3 0x80000128 (0x00c7c7b3) x15 0xe775a50c
core   0: 3 0x8000012c (0xfe0716e3)
core   0: 3 0x80000118 (0x0017f693) x13 0x00000000
core   0: 3 0x8000011c (0xfff70713) x14 0x00000005
core   0: 3 0x80000120 (0x0017d793) x15 0x73bad286
core   0: 3 0x80000124 (0x00068463)
core   0: 3 0x8000012c (0xfe0716e3)
core   0: 3 0x80000118 (0x0017f693) x13 0x00000000
core   0: 3 0x8000011c (0xfff70713) x14 0x00000004
core   0: 3 0x80000120 (0x0017d793) x15 0x39dd6943
core   0: 3 0x80000124 (0x00068463)
core   0: 3 0x8000012c (0xfe0716e3)
core   0: 3 0x80000118 (0x0017f693) x13 0x00000001
core   0: 3 0x8000011c (0xfff70713) x14 0x00000003
core   0: 3 0x80000120 (0x0017d793) x15 0x1ceeb4a1
core   0: 3 0x80000124 (0x00068463)
core   0: 3 0x80000128 (0x00c7c7b3) x15 0xf1563781
core   0: 3 0x8000012c (0xfe0716e3)
core   0: 3 0x80000118 (0x0017f693) x13 0x00000001
core   0: 3 0x8000011c (0xfff70713) x14 0x00000002
core   0: 3 0x80000120 (0x0017d793) x15 0x78ab1bc0
core   0: 3 0x80000124 (0x00068463)
core   0: 3 0x80000128 (0x00c7c7b3) x15 0x951398e0
core   0: 3 0x8000012c (0xfe0716e3)
core   0: 3 0x80000118 (0x0017f693) x13 0x00000000
core   0: 3 0x8000011c (0xfff70713) x14 0x00000001
core   0: 3 0x80000120 (0x0017d793) x15 0x4a89cc70
core   0: 3 0x80000124 (0x00068463)
core   0: 3 0x8000012c (0xfe0716e3)
core   0: 3 0x80000118 (0x0017f693) x13 0x00000000
core   0: 3 0x8000011c (0xfff70713) x14 0x00000000
core   0: 3 0x80000120 (0x0017d793) x15 0x2544e638
core   0: 3 0x80000124 (0x00068463)
core   0: 3 0x8000012c (0xfe0716e3)
core   0: 3 0x80000130 (0x00158593) x11 0x8000022e
core   0: 3 0x80000134 (0xfca59ce3)
core   0: 3 0x8000010c (0x0005c683) x13 0x000000e1 mem 0x8000022e
core   0: 3 0x80000110 (0x00800713) x14 0x00000008
core   0: 3 0x80000114 (0x00d7c7b3) x15 0x2544e6d9
core   0: 3 0x80000118 (0x0017f693) x13 0x00000001
core   0: 3 0x8000011c (0xfff70713) x14 0x00000007
core   0: 3 0x80000120 (0x0017d793) x15 0x12a2736c
core   0: 3 0x80000124 (0x00068463)
core   0: 3 0x80000128 (0x00c7c7b3) x15 0xff1af04c
core   0: 3 0x8000012c (0xfe0716e3)
core   0: 3 0x80000118 (0x0017f693) x13 0x00000000
core   0: 3 0x8000011c (0xfff70713) x14 0x00000006
core   0: 3 0x80000120 (0x0017d793) x15 0x7f8d7826
core   0: 3 0x80000124 (0x00068463)
core   0: 3 0x8000012c (0xfe0716e3)
core   0: 3 0x80000118 (0x0017f693) x13 0x00000000
core   0: 3 0x8000011c (0xfff70713) x14 0x00000005
core   0: 3 0x80000120 (0x0017d793) x15 0x3fc6bc13
core   0: 3 0x80000124 (0x00068463)
core   0: 3 0x8000012c (0xfe0716e3)
core   0: 3 0x80000118 (0x0017f693) x13 0x00000001
core   0: 3 0x8000011c (0xfff70713) x14 0x00000004
core   0: 3 0x80000120 (0x0017d793) x15 0x1fe35e09
core   0: 3 0x80000124 (0x00068463)
core   0: 3 0x80000128 (0x00c7c7b3) x15 0xf25bdd29
core   0: 3 0x8000012c (0xfe0716e3)
core   0: 3 0x80000118 (0x0017f693) x13 0x00000001
core   0: 3 0x8000011c (0xfff70713) x14 0x00000003
core   0: 3 0x80000120 (0x0017d793) x15 0x792dee94
core   0: 3 0x80000124 (0x00068463)
core   0: 3 0x80000128 (0x00c7c7b3) x15 0x94956db4
core   0: 3 0x8000012c (0xfe0716e3)
core   0: 3 0x80000118 (0x0017f693) x13 0x00000000
core   0: 3 0x8000011c (0xfff70713) x14 0x00000002
core   0: 3 0x80000120 (0x0017d793) x15 0x4a4ab6da
core   0: 3 0x80000124 (0x00068463)
core   0: 3 0x8000012c (0xfe0716e3)
core   0: 3 0x80000118 (0x0017f693) x13 0x00000000
core   0: 3 0x8000011c (0xfff70713) x14 0x00000001
core   0: 3 0x80000120 (0x0017d793) x15 0x25255b6d
core   0: 3 0x80000124 (0x00068463)
core   0: 3 0x8000012c (0xfe0716e3)
core   0: 3 0x80000118 (0x0017f693) x13 0x00000001
core   0: 3 0x8000011c (0xfff70713) x14 0x00000000
core   0: 3 0x80000120 (0x0017d793) x15 0x1292adb6
core   0: 3 0x80000124 (0x00068463)
core   0: 3 0x80000128 (0x00c7c7b3) x15 0xff2a2e96
core   0: 3 0x8000012c (0xfe0716e3)
core   0: 3 0x80000130 (0x00158593) x11 0x8000022f
core   0: 3 0x80000134 (0xfca59ce3)
core   0: 3 0x8000010c (0x0005c683) x13 0x000000ff mem 0x8000022f
core   0: 3 0x80000110 (0x00800713) x14 0x00000008
core   0: 3 0x80000114 (0x00d7c7b3) x15 0xff2a2e69
core   0: 3 0x80000118 (0x0017f693) x13 0x00000001
core   0: 3 0x8000011c (0xfff70713) x14 0x00000007
core   0: 3 0x80000120 (0x0017d793) x15 0x7f951734
core   0: 3 0x80000124 (0x00068463)
core   0: 3 0x80000128 (0x00c7c7b3) x15 0x922d9414
core   0: 3 0x8000012c (0xfe0716e3)
core   0: 3 0x80000118 (0x0017f693) x13 0x00000000
core   0: 3 0x8000011c (0xfff70713) x14 0x00000006
core   0: 3 0x80000120 (0x0017d793) x15 0x4916ca0a
core   0: 3 0x80000124 (0x00068463)
core   0: 3 0x8000012c (0xfe0716e3)
core   0: 3 0x80000118 (0x0017f693) x13 0x00000000
core   0: 3 0x8000011c (0xfff70713) x14 0x00000005
core   0: 3 0x80000120 (0x0017d793) x15 0x248b6505
core   0: 3 0x80000124 (0x00068463)
core   0: 3 0x8000012c (0xfe0716e3)
core   0: 3 0x80000118 (0x0017f693) x13 0x00000001
core   0: 3 0x8000011c (0xfff70713) x14 0x00000004
core   0: 3 0x80000120 (0x0017d793) x15 0x1245b282
core   0: 3 0x80000124 (0x00068463)
core   0: 3 0x80000128 (0x00c7c7b3) x15 0xfffd31a2
core   0: 3 0x8000012c (0xfe0716e3)
core   0: 3 0x80000118 (0x0017f693) x13 0x00000000
core   0: 3 0x8000011c (0xfff70713) x14 0x00000003
core   0: 3 0x80000120 (0x0017d793) x15 0x7ffe98d1
core   0: 3 0x80000124 (0x00068463)
core   0: 3 0x8000012c (0xfe0716e3)
core   0: 3 0x80000118 (0x0017f693) x13 0x00000001
core   0: 3 0x8000011c (0xfff70713) x14 0x00000002
core   0: 3 0x80000120 (0x0017d793) x15 0x3fff4c68
core   0: 3 0x80000124 (0x00068463)
core   0: 3 0x80000128 (0x00c7c7b3) x15 0xd247cf48
core   0: 3 0x8000012c (0xfe0716e3)
core   0: 3 0x80000118 (0x0017f693) x13 0x00000000
core   0: 3 0x8000011c (0xfff70713) x14 0x00000001
core   0: 3 0x80000120 (0x0017d793) x15 0x6923e7a4
core   0: 3 0x80000124 (0x00068463)
core   0: 3 0x8000012c (0xfe0716e3)
core   0: 3 0x80000118 (0x0017f693) x13 0x00000000
core   0: 3 0x8000011c (0xfff70713) x14 0x00000000
core   0: 3 0x80000120 (0x0017d793) x15 0x3491f3d2
core   0: 3 0x80000124 (0x00068463)
core   0: 3 0x8000012c (0xfe0716e3)
core   0: 3 0x80000130 (0x00158593) x11 0x80000230
core   0: 3 0x80000134 (0xfca59ce3)
core   0: 3 0x8000010c (0x0005c683) x13 0x00000001 mem 0x80000230
core   0: 3 0x80000110 (0x00800713) x14 0x00000008
core   0: 3 0x80000114 (0x00d7c7b3) x15 0x3491f3d3
core   0: 3 0x80000118 (0x0017f693) x13 0x00000001
core   0: 3 0x8000011c (0xfff70713) x14 0x00000007
core   0: 3 0x80000120 (0x0017d793) x15 0x1a48f9e9
core   0: 3 0x80000124 (0x00068463)
core   0: 3 0x80000128 (0x00c7c7b3) x15 0xf7f07ac9
core   0: 3 0x8000012c (0xfe0716e3)
core   0: 3 0x80000118 (0x0017f693) x13 0x00000001
core   0: 3 0x8000011c (0xfff70713) x14 0x00000006
core   0: 3 0x80000120 (0x0017d793) x15 0x7bf83d64
core   0: 3 0x80000124 (0x00068463)
core   0: 3 0x80000128 (0x00c7c7b3) x15 0x9640be44
core   0: 3 0x8000012c (0xfe0716e3)
core   0: 3 0x80000118 (0x0017f693) x13 0x00000000
core   0: 3 0x8000011c (0xfff70713) x14 0x00000005
core   0: 3 0x80000120 (0x0017d793) x15 0x4b205f22
core   0: 3 0x80000124 (0x00068463)
core   0: 3 0x8000012c (0xfe0716e3)
core   0: 3 0x80000118 (0x0017f693) x13 0x00000000
core   0: 3 0x8000011c (0xfff70713) x14 0x00000004
core   0: 3 0x80000120 (0x0017d793) x15 0x25902f91
core   0: 3 0x80000124 (0x00068463)
core   0: 3 0x8000012c (0xfe0716e3)
core   0: 3 0x80000118 (0x0017f693) x13 0x00000001
core   0: 3 0x8000011c (0xfff70713) x14 0x00000003
core   0: 3 0x80000120 (0x0017d793) x15 0x12c817c8
core   0: 3 0x80000124 (0x00068463)
core   0: 3 0x80000128 (0x00c7c7b3) x15 0xff7094e8
core   0: 3 0x8000012c (0xfe0716e3)
core   0: 3 0x80000118 (0x0017f693) x13 0x00000000
core   0: 3 0x8000011c (0xfff70713) x14 0x00000002
core   0: 3 0x80000120 (0x0017d793) x15 0x7fb84a74
core   0: 3 0x80000124 (0x00068463)
core   0: 3 0x8000012c (0xfe0716e3)
core   0: 3 0x80000118 (0x0017f693) x13 0x00000000
core   0: 3 0x8000011c (0xfff70713) x14 0x00000001
core   0: 3 0x80000120 (0x0017d793) x15 0x3fdc253a
core   0: 3 0x80000124 (0x00068463)
core   0: 3 0x8000012c (0xfe0716e3)
core   0: 3 0x80000118 (0x0017f693) x13 0x00000000
core   0: 3 0x8000011c (0xfff70713) x14 0x00000000
core   0: 3 0x80000120 (0x0017d793) x15 0x1fee129d
core   0: 3 0x80000124 (0x00068463)
core   0: 3 0x8000012c (0xfe0716e3)
core   0: 3 0x80000130 (0x00158593) x11 0x80000231
core   0: 3 0x80000134 (0xfca59ce3)
core   0: 3 0x8000010c (0x0005c683) x13 0x000000a2 mem 0x80000231
core   0: 3 0x80000110 (0x00800713) x14 0x00000008
core   0: 3 0x80000114 (0x00d7c7b3) x15 0x1fee123f
core   0: 3 0x80000118 (0x0017f693) x13 0x00000001
core   0: 3 0x8000011c (0xfff70713) x14 0x00000007
core   0: 3 0x80000120 (0x0017d793) x15 0x0ff7091f
core   0: 3 0x80000124 (0x00068463)
core   0: 3 0x80000128 (0x00c7c7b3) x15 0xe24f8a3f
core   0: 3 0x8000012c (0xfe0716e3)
core   0: 3 0x80000118 (0x0017f693) x13 0x00000001
core   0: 3 0x8000011c (0xfff70713) x14 0x00000006
core   0: 3 0x80000120 (0x0017d793) x15 0x7127c51f
core   0: 3 0x80000124 (0x00068463)
core   0: 3 0x80000128 (0x00c7c7b3) x15 0x9c9f463f
core   0: 3 0x8000012c (0xfe0716e3)
core   0: 3 0x80000118 (0x0017f693) x13 0x00000001
core   0: 3 0x8000011c (0xfff70713) x14 0x00000005
core   0: 3 0x80000120 (0x0017d793) x15 0x4e4fa31f
core   0: 3 0x80000124 (0x00068463)
core   0: 3 0x80000128 (0x00c7c7b3) x15 0xa3f7203f
core   0: 3 0x8000012c (0xfe0716e3)
core   0: 3 0x80000118 (0x0017f693) x13 0x00000001
core   0: 3 0x8000011c (0xfff70713) x14 0x00000004
core   0: 3 0x80000120 (0x0017d793) x15 0x51fb901f
core   0: 3 0x80000124 (0x00068463)
core   0: 3 0x80000128 (0x00c7c7b3) x15 0xbc43133f
core   0: 3 0x8000012c (0xfe0716e3)
core   0: 3 0x80000118 (0x0017f693) x13 0x00000001
core   0: 3 0x8000011c (0xfff70713) x14 0x00000003
core   0: 3 0x80000120 (0x0017d793) x15 0x5e21899f
core   0: 3 0x80000124 (0x00068463)
core   0: 3 0x80000128 (0x00c7c7b3) x15 0xb3990abf
core   0: 3 0x8000012c (0xfe0716e3)
core   0: 3 0x80000118 (0x0017f693) x13 0x00000001
core   0: 3 0x8000011c (0xfff70713) x14 0x00000002
core   0: 3 0x80000120 (0x0017d793) x15 0x59cc855f
core   0: 3 0x80000124 (0x00068463)
core   0: 3 0x80000128 (0x00c7c7b3) x15 0xb474067f
core   0: 3 0x8000012c (0xfe0716e3)
core   0: 3 0x80000118 (0x0017f693) x13 0x00000001
core   0: 3 0x8000011c (0xfff70713) x14 0x00000001
core   0: 3 0x80000120 (0x0017d793) x15 0x5a3a033f
core   0: 3 0x80000124 (0x00068463)
core   0: 3 0x80000128 (0x00c7c7b3) x15 0xb782801f
core   0: 3 0x8000012c (0xfe0716e3)
core   0: 3 0x80000118 (0x0017f693) x13 0x00000001
core   0: 3 0x8000011c (0xfff70713) x14 0x00000000
core   0: 3 0x80000120 (0x0017d793) x15 0x5bc1400f
core   0: 3 0x80000124 (0x00068463)
core   0: 3 0x80000128 (0x00c7c7b3) x15 0xb679c32f
core   0: 3 0x8000012c (0xfe0716e3)
core   0: 3 0x80000130 (0x00158593) x11 0x80000232
core   0: 3 0x80000134 (0xfca59ce3)
core   0: 3 0x8000010c (0x0005c683) x13 0x00000050 mem 0x80000232
core   0: 3 0x80000110 (0x00800713) x14 0x00000008
core   0: 3 0x80000114 (0x00d7c7b3) x15 0xb679c37f
core   0: 3 0x80000118 (0x0017f693) x13 0x00000001
core   0: 3 0x8000011c (0xfff70713) x14 0x00000007
core   0: 3 0x80000120 (0x0017d793) x15 0x5b3ce1bf
core   0: 3 0x80000124 (0x00068463)
core   0: 3 0x80000128 (0x00c7c7b3) x15 0xb684629f
core   0: 3 0x8000012c (0xfe0716e3)
core   0: 3 0x80000118 (0x0017f693) x13 0x00000001
core   0: 3 0x8000011c (0xfff70713) x14 0x00000006
core   0: 3 0x80000120 (0x0017d793) x15 0x5b42314f
core   0: 3 0x80000124 (0x00068463)
core   0: 3 0x80000128 (0x00c7c7b3) x15 0xb6fab26f
core   0: 3 0x8000012c (0xfe0716e3)
core   0: 3 0x80000118 (0x0017f693) x13 0x00000001
core   0: 3 0x8000011c (0xfff70713) x14 0x00000005
core   0: 3 0x80000120 (0x0017d793) x15 0x5b7d5937
core   0: 3 0x80000124 (0x00068463)
core   0: 3 0x80000128 (0x00c7c7b3) x15 0xb6c5da17
core   0: 3 0x8000012c (0xfe0716e3)
core   0: 3 0x80000118 (0x0017f693) x13 0x00000001
core   0: 3 0x8000011c (0xfff70713) x14 0x00000004
core   0: 3 0x80000120 (0x0017d793) x15 0x5b62ed0b
core   0: 3 0x80000124 (0x00068463)
core   0: 3 0x80000128 (0x00c7c7b3) x15 0xb6da6e2b
core   0: 3 0x8000012c (0xfe0716e3)
core   0: 3 0x80000118 (0x0017f693) x13 0x00000001
core   0: 3 0x8000011c (0xfff70713) x14 0x00000003
core   0: 3 0x80000120 (0x0017d793) x15 0x5b6d3715
core   0: 3 0x80000124 (0x00068463)
core   0: 3 0x80000128 (0x00c7c7b3) x15 0xb6d5b435
core   0: 3 0x8000012c (0xfe0716e3)
core   0: 3 0x80000118 (0x0017f693) x13 0x00000001
core   0: 3 0x8000011c (0xfff70713) x14 0x00000002
core   0: 3 0x80000120 (0x0017d793) x15 0x5b6ada1a
core   0: 3 0x80000124 (0x00068463)
core   0: 3 0x80000128 (0x00c7c7b3) x15 0xb6d2593a
core   0: 3 0x8000012c (0xfe0716e3)
core   0: 3 0x80000118 (0x0017f693) x13 0x00000000
core   0: 3 0x8000011c (0xfff70713) x14 0x00000001
core   0: 3 0x80000120 (0x0017d793) x15 0x5b692c9d
core   0: 3 0x80000124 (0x00068463)
core   0: 3 0x8000012c (0xfe0716e3)
core   0: 3 0x80000118 (0x0017f693) x13 0x00000001
core   0: 3 0x8000011c (0xfff70713) x14 0x00000000
core   0: 3 0x80000120 (0x0017d793) x15 0x2db4964e
core   0: 3 0x80000124 (0x00068463)
core   0: 3 0x80000128 (0x00c7c7b3) x15 0xc00c156e
core   0: 3 0x8000012c (0xfe0716e3)
core   0: 3 0x80000130 (0x00158593) x11 0x80000233
core   0: 3 0x80000134 (0xfca59ce3)
core   0: 3 0x8000010c (0x0005c683) x13 0x000000dc mem 0x80000233
core   0: 3 0x80000110 (0x00800713) x14 0x00000008
core   0: 3 0x80000114 (0x00d7c7b3) x15 0xc00c15b2
core   0: 3 0x80000118 (0x0017f693) x13 0x00000000
core   0: 3 0x8000011c (0xfff70713) x14 0x00000007
core   0: 3 0x80000120 (0x0017d793) x15 0x60060ad9
core   0: 3 0x80000124 (0x00068463)
core   0: 3 0x8000012c (0xfe0716e3)
core   0: 3 0x80000118 (0x0017f693) x13 0x00000001
core   0: 3 0x8000011c (0xfff70713) x14 0x00000006
core   0: 3 0x80000120 (0x0017d793) x15 0x3003056c
core   0: 3 0x80000124 (0x00068463)
core   0: 3 0x80000128 (0x00c7c7b3) x15 0xddbb864c
core   0: 3 0x8000012c (0xfe0716e3)
core   0: 3 0x80000118 (0x0017f693) x13 0x00000000
core   0: 3 0x8000011c (0xfff70713) x14 0x00000005
core   0: 3 0x80000120 (0x0017d793) x15 0x6eddc326
core   0: 3 0x80000124 (0x00068463)
core   0: 3 0x8000012c (0xfe0716e3)
core   0: 3 0x80000118 (0x0017f693) x13 0x00000000
core   0: 3 0x8000011c (0xfff70713) x14 0x00000004
core   0: 3 0x80000120 (0x0017d793) x15 0x376ee193
core   0: 3 0x80000124 (0x00068463)
core   0: 3 0x8000012c (0xfe0716e3)
core   0: 3 0x80000118 (0x0017f693) x13 0x00000001
core   0: 3 0x8000011c (0xfff70713) x14 0x00000003
core   0: 3 0x80000120 (0x0017d793) x15 0x1bb770c9
core   0: 3 0x80000124 (0x00068463)
core   0: 3 0x80000128 (0x00c7c7b3) x15 0xf60ff3e9
core   0: 3 0x8000012c (0xfe0716e3)
core   0: 3 0x80000118 (0x0017f693) x13 0x00000001
core   0: 3 0x8000011c (0xfff70713) x14 0x00000002
core   0: 3 0x80000120 (0x0017d793) x15 0x7b07f9f4
core   0: 3 0x80000124 (0x00068463)
core   0: 3 0x80000128 (0x00c7c7b3) x15 0x96bf7ad4
core   0: 3 0x8000012c (0xfe0716e3)
core   0: 3 0x80000118 (0x0017f693) x13 0x00000000
core   0: 3 0x8000011c (0xfff70713) x14 0x00000001
core   0: 3 0x80000120 (0x0017d793) x15 0x4b5fbd6a
core   0: 3 0x80000124 (0x00068463)
core   0: 3 0x8000012c (0xfe0716e3)
core   0: 3 0x80000118 (0x0017f693) x13 0x00000000
core   0: 3 0x8000011c (0xfff70713) x14 0x00000000
core   0: 3 0x80000120 (0x0017d793) x15 0x25afdeb5
core   0: 3 0x80000124 (0x00068463)
core   0: 3 0x8000012c (0xfe0716e3)
core   0: 3 0x80000130 (0x00158593) x11 0x80000234
core   0: 3 0x80000134 (0xfca59ce3)
core   0: 3 0x8000010c (0x0005c683) x13 0x00000050 mem 0x80000234
core   0: 3 0x80000110 (0x00800713) x14 0x00000008
core   0: 3 0x80000114 (0x00d7c7b3) x15 0x25afdee5
core   0: 3 0x80000118 (0x0017f693) x13 0x00000001
core   0: 3 0x8000011c (0xfff70713) x14 0x00000007
core   0: 3 0x80000120 (0x0017d793) x15 0x12d7ef72
core   0: 3 0x80000124 (0x00068463)
core   0: 3 0x80000128 (0x00c7c7b3) x15 0xff6f6c52
core   0: 3 0x8000012c (0xfe0716e3)
core   0: 3 0x80000118 (0x0017f693) x13 0x00000000
core   0: 3 0x8000011c (0xfff70713) x14 0x00000006
core   0: 3 0x80000120 (0x0017d793) x15 0x7fb7b629
core   0: 3 0x80000124 (0x00068463)
core   0: 3 0x8000012c (0xfe0716e3)
core   0: 3 0x80000118 (0x0017f693) x13 0x00000001
core   0: 3 0x8000011c (0xfff70713) x14 0x00000005
core   0: 3 0x80000120 (0x0017d793) x15 0x3fdbdb14
core   0: 3 0x80000124 (0x00068463)
core   0: 3 0x80000128 (0x00c7c7b3) x15 0xd2635834
core   0: 3 0x8000012c (0xfe0716e3)
core   0: 3 0x80000118 (0x0017f693) x13 0x00000000
core   0: 3 0x8000011c (0xfff70713) x14 0x00000004
core   0: 3 0x80000120 (0x0017d793) x15 0x6931ac1a
core   0: 3 0x80000124 (0x00068463)
core   0: 3 0x8000012c (0xfe0716e3)
core   0: 3 0x80000118 (0x0017f693) x13 0x00000000
core   0: 3 0x8000011c (0xfff70713) x14 0x00000003
core   0: 3 0x80000120 (0x0017d793) x15 0x3498d60d
core   0: 3 0x80000124 (0x00068463)
core   0: 3 0x8000012c (0xfe0716e3)
core   0: 3 0x80000118 (0x0017f693) x13 0x00000001
core   0: 3 0x8000011c (0xfff70713) x14 0x00000002
core   0: 3 0x80000120 (0x0017d793) x15 0x1a4c6b06
core   0: 3 0x80000124 (0x00068463)
core   0: 3 0x80000128 (0x00c7c7b3) x15 0xf7f4e826
core   0: 3 0x8000012c (0xfe0716e3)
core   0: 3 0x80000118 (0x0017f693) x13 0x00000000
core   0: 3 0x8000011c (0xfff70713) x14 0x00000001
core   0: 3 0x80000120 (0x0017d793) x15 0x7bfa7413
core   0: 3 0x80000124 (0x00068463)
core   0: 3 0x8000012c (0xfe0716e3)
core   0: 3 0x80000118 (0x0017f693) x13 0x00000001
core   0: 3 0x8000011c (0xfff70713) x14 0x00000000
core   0: 3 0x80000120 (0x0017d793) x15 0x3dfd3a09
core   0: 3 0x80000124 (0x00068463)
core   0: 3 0x80000128 (0x00c7c7b3) x15 0xd045b929
core   0: 3 0x8000012c (0xfe0716e3)
core   0: 3 0x80000130 (0x00158593) x11 0x80000235
core   0: 3 0x80000134 (0xfca59ce3)
core   0: 3 0x8000010c (0x0005c683) x13 0x000000fd mem 0x80000235
core   0: 3 0x80000110 (0x00800713) x14 0x00000008
core   0: 3 0x80000114 (0x00d7c7b3) x15 0xd045b9d4
core   0: 3 0x80000118 (0x0017f693) x13 0x00000000
core   0: 3 0x8000011c (0xfff70713) x14 0x00000007
core   0: 3 0x80000120 (0x0017d793) x15 0x6822dcea
core   0: 3 0x80000124 (0x00068463)
core   0: 3 0x8000012c (0xfe0716e3)
core   0: 3 0x80000118 (0x0017f693) x13 0x00000000
core   0: 3 0x8000011c (0xfff70713) x14 0x00000006
core   0: 3 0x80000120 (0x0017d793) x15 0x34116e75
core   0: 3 0x80000124 (0x00068463)
core   0: 3 0x8000012c (0xfe0716e3)
core   0: 3 0x80000118 (0x0017f693) x13 0x00000001
core   0: 3 0x8000011c (0xfff70713) x14 0x00000005
core   0: 3 0x80000120 (0x0017d793) x15 0x1a08b73a
core   0: 3 0x80000124 (0x00068463)
core   0: 3 0x80000128 (0x00c7c7b3) x15 0xf7b0341a
core   0: 3 0x8000012c (0xfe0716e3)
core   0: 3 0x80000118 (0x0017f693) x13 0x00000000
core   0: 3 0x8000011c (0xfff70713) x14 0x00000004
core   0: 3 0x80000120 (0x0017d793) x15 0x7bd81a0d
core   0: 3 0x80000124 (0x00068463)
core   0: 3 0x8000012c (0xfe0716e3)
core   0: 3 0x80000118 (0x0017f693) x13 0x00000001
core   0: 3 0x8000011c (0xfff70713) x14 0x00000003
core   0: 3 0x80000120 (0x0017d793) x15 0x3dec0d06
core   0: 3 0x80000124 (0x00068463)
core   0: 3 0x80000128 (0x00c7c7b3) x15 0xd0548e26
core   0: 3 0x8000012c (0xfe0716e3)
core   0: 3 0x80000118 (0x0017f693) x13 0x00000000
core   0: 3 0x8000011c (0xfff70713) x14 0x00000002
core   0: 3 0x80000120 (0x0017d793) x15 0x682a4713
core   0: 3 0x80000124 (0x00068463)
core   0: 3 0x8000012c (0xfe0716e3)
core   0: 3 0x80000118 (0x0017f693) x13 0x00000001
core   0: 3 0x8000011c (0xfff70713) x14 0x00000001
core   0: 3 0x80000120 (0x0017d793) x15 0x34152389
core   0: 3 0x80000124 (0x00068463)
core   0: 3 0x80000128 (0x00c7c7b3) x15 0xd9ada0a9
core   0: 3 0x8000012c (0xfe0716e3)
core   0: 3 0x80000118 (0x0017f693) x13 0x00000001
core   0: 3 0x8000011c (0xfff70713) x14 0x00000000
core   0: 3 0x80000120 (0x0017d793) x15 0x6cd6d054
core   0: 3 0x80000124 (0x00068463)
core   0: 3 0x80000128 (0x00c7c7b3) x15 0x816e5374
core   0: 3 0x8000012c (0xfe0716e3)
core   0: 3 0x80000130 (0x00158593) x11 0x80000236
core   0: 3 0x80000134 (0xfca59ce3)
core   0: 3 0x8000010c (0x0005c683) x13 0x000000cc mem 0x80000236
core   0: 3 0x80000110 (0x00800713) x14 0x00000008
core   0: 3 0x80000114 (0x00d7c7b3) x15 0x816e53b8
core   0: 3 0x80000118 (0x0017f693) x13 0x00000000
core   0: 3 0x8000011c (0xfff70713) x14 0x00000007
core   0: 3 0x80000120 (0x0017d793) x15 0x40b729dc
core   0: 3 0x80000124 (0x00068463)
core   0: 3 0x8000012c (0xfe0716e3)
core   0: 3 0x80000118 (0x0017f693) x13 0x00000000
core   0: 3 0x8000011c (0xfff70713) x14 0x00000006
core   0: 3 0x80000120 (0x0017d793) x15 0x205b94ee
core   0: 3 0x80000124 (0x00068463)
core   0: 3 0x8000012c (0xfe0716e3)
core   0: 3 0x80000118 (0x0017f693) x13 0x00000000
core   0: 3 0x8000011c (0xfff70713) x14 0x00000005
core   0: 3 0x80000120 (0x0017d793) x15 0x102dca77
core   0: 3 0x80000124 (0x00068463)
core   0: 3 0x8000012c (0xfe0716e3)
core   0: 3 0x80000118 (0x0017f693) x13 0x00000001
core   0: 3 0x8000011c (0xfff70713) x14 0x00000004
core   0: 3 0x80000120 (0x0017d793) x15 0x0816e53b
core   0: 3 0x80000124 (0x00068463)
core   0: 3 0x80000128 (0x00c7c7b3) x15 0xe5ae661b
core   0: 3 0x8000012c (0xfe0716e3)
core   0: 3 0x80000118 (0x0017f693) x13 0x00000001
core   0: 3 0x8000011c (0xfff70713) x14 0x00000003
core   0: 3 0x80000120 (0x0017d793) x15 0x72d7330d
core   0: 3 0x80000124 (0x00068463)
core   0: 3 0x80000128 (0x00c7c7b3) x15 0x9f6fb02d
core   0: 3 0x8000012c (0xfe0716e3)
core   0: 3 0x80000118 (0x0017f693) x13 0x00000001
core   0: 3 0x8000011c (0xfff70713) x14 0x00000002
core   0: 3 0x80000120 (0x0017d793) x15 0x4fb7d816
core   0: 3 0x80000124 (0x00068463)
core   0: 3 0x80000128 (0x00c7c7b3) x15 0xa20f5b36
core   0: 3 0x8000012c (0xfe0716e3)
core   0: 3 0x80000118 (0x0017f693) x13 0x00000000
core   0: 3 0x8000011c (0xfff70713) x14 0x00000001
core   0: 3 0x80000120 (0x0017d793) x15 0x5107ad9b
core   0: 3 0x80000124 (0x00068463)
core   0: 3 0x8000012c (0xfe0716e3)
core   0: 3 0x80000118 (0x0017f693) x13 0x00000001
core   0: 3 0x8000011c (0xfff70713) x14 0x00000000
core   0: 3 0x80000120 (0x0017d793) x15 0x2883d6cd
core   0: 3 0x80000124 (0x00068463)
core   0: 3 0x80000128 (0x00c7c7b3) x15 0xc53b55ed
core   0: 3 0x8000012c (0xfe0716e3)
core   0: 3 0x80000130 (0x00158593) x11 0x80000237
core   0: 3 0x80000134 (0xfca59ce3)
core   0: 3 0x8000010c (0x0005c683) x13 0x000000cf mem 0x80000237
core   0: 3 0x80000110 (0x00800713) x14 0x00000008
core   0: 3 0x80000114 (0x00d7c7b3) x15 0xc53b5522
core   0: 3 0x80000118 (0x0017f693) x13 0x00000000
core   0: 3 0x8000011c (0xfff70713) x14 0x00000007
core   0: 3 0x80000120 (0x0017d793) x15 0x629daa91
core   0: 3 0x80000124 (0x00068463)
core   0: 3 0x8000012c (0xfe0716e3)
core   0: 3 0x80000118 (0x0017f693) x13 0x00000001
core   0: 3 0x8000011c (0xfff70713) x14 0x00000006
core   0: 3 0x80000120 (0x0017d793) x15 0x314ed548
core   0: 3 0x80000124 (0x00068463)
core   0: 3 0x80000128 (0x00c7c7b3) x15 0xdcf65668
core   0: 3 0x8000012c (0xfe0716e3)
core   0: 3 0x80000118 (0x0017f693) x13 0x00000000
core   0: 3 0x8000011c (0xfff70713) x14 0x00000005
core   0: 3 0x80000120 (0x0017d793) x15 0x6e7b2b34
core   0: 3 0x80000124 (0x00068463)
core   0: 3 0x8000012c (0xfe0716e3)
core   0: 3 0x80000118 (0x0017f693) x13 0x00000000
core   0: 3 0x8000011c (0xfff70713) x14 0x00000004
core   0: 3 0x80000120 (0x0017d793) x15 0x373d959a
core   0: 3 0x80000124 (0x00068463)
core   0: 3 0x8000012c (0xfe0716e3)
core   0: 3 0x80000118 (0x0017f693) x13 0x00000000
core   0: 3 0x8000011c (0xfff70713) x14 0x00000003
core   0: 3 0x80000120 (0x0017d793) x15 0x1b9ecacd
core   0: 3 0x80000124 (0x00068463)
core   0: 3 0x8000012c (0xfe0716e3)
core   0: 3 0x80000118 (0x0017f693) x13 0x00000001
core   0: 3 0x8000011c (0xfff70713) x14 0x00000002
core   0: 3 0x80000120 (0x0017d793) x15 0x0dcf6566
core   0: 3 0x80000124 (0x00068463)
core   0: 3 0x80000128 (0x00c7c7b3) x15 0xe077e646
core   0: 3 0x8000012c (0xfe0716e3)
core   0: 3 0x80000118 (0x0017f693) x13 0x00000000
core   0: 3 0x8000011c (0xfff70713) x14 0x00000001
core   0: 3 0x80000120 (0x0017d793) x15 0x703bf323
core   0: 3 0x80000124 (0x00068463)
core   0: 3 0x8000012c (0xfe0716e3)
core   0: 3 0x80000118 (0x0017f693) x13 0x00000001
core   0: 3 0x8000011c (0xfff70713) x14 0x00000000
core   0: 3 0x80000120 (0x0017d793) x15 0x381df991
core   0: 3 0x80000124 (0x00068463)
core   0: 3 0x80000128 (0x00c7c7b3) x15 0xd5a57ab1
core   0: 3 0x8000012c (0xfe0716e3)
core   0: 3 0x80000130 (0x00158593) x11 0x80000238
core   0: 3 0x80000134 (0xfca59ce3)
core   0: 3 0x8000010c (0x0005c683) x13 0x000000f8 mem 0x80000238
core   0: 3 0x80000110 (0x00800713) x14 0x00000008
core   0: 3 0x80000114 (0x00d7c7b3) x15 0xd5a57a49
core   0: 3 0x80000118 (0x0017f693) x13 0x00000001
core   0: 3 0x8000011c (0xfff70713) x14 0x00000007
core   0: 3 0x80000120 (0x0017d793) x15 0x6ad2bd24
core   0: 3 0x80000124 (0x00068463)
core   0: 3 0x80000128 (0x00c7c7b3) x15 0x876a3e04
core   0: 3 0x8000012c (0xfe0716e3)
core   0: 3 0x80000118 (0x0017f693) x13 0x00000000
core   0: 3 0x8000011c (0xfff70713) x14 0x00000006
core   0: 3 0x80000120 (0x0017d793) x15 0x43b51f02
core   0: 3 0x80000124 (0x00068463)
core   0: 3 0x8000012c (0xfe0716e3)
core   0: 3 0x80000118 (0x0017f693) x13 0x00000000
core   0: 3 0x8000011c (0xfff70713) x14 0x00000005
core   0: 3 0x80000120 (0x0017d793) x15 0x21da8f81
core   0: 3 0x80000124 (0x00068463)
core   0: 3 0x8000012c (0xfe0716e3)
core   0: 3 0x80000118 (0x0017f693) x13 0x00000001
core   0: 3 0x8000011c (0xfff70713) x14 0x00000004
core   0: 3 0x80000120 (0x0017d793) x15 0x10ed47c0
core   0: 3 0x80000124 (0x00068463)
core   0: 3 0x80000128 (0x00c7c7b3) x15 0xfd55c4e0
core   0: 3 0x8000012c (0xfe0716e3)
core   0: 3 0x80000118 (0x0017f693) x13 0x00000000
core   0: 3 0x8000011c (0xfff70713) x14 0x00000003
core   0: 3 0x80000120 (0x0017d793) x15 0x7eaae270
core   0: 3 0x80000124 (0x00068463)
core   0: 3 0x8000012c (0xfe0716e3)
core   0: 3 0x80000118 (0x0017f693) x13 0x00000000
core   0: 3 0x8000011c (0xfff70713) x14 0x00000002
core   0: 3 0x80000120 (0x0017d793) x15 0x3f557138
core   0: 3 0x80000124 (0x00068463)
core   0: 3 0x8000012c (0xfe0716e3)
core   0: 3 0x80000118 (0x0017f693) x13 0x00000000
core   0: 3 0x8000011c (0xfff70713) x14 0x00000001
core   0: 3 0x80000120 (0x0017d793) x15 0x1faab89c
core   0: 3 0x80000124 (0x00068463)
core   0: 3 0x8000012c (0xfe0716e3)
core   0: 3 0x80000118 (0x0017f693) x13 0x00000000
core   0: 3 0x8000011c (0xfff70713) x14 0x00000000
core   0: 3 0x80000120 (0x0017d793) x15 0x0fd55c4e
core   0: 3 0x80000124 (0x00068463)
core   0: 3 0x8000012c (0xfe0716e3)
core   0: 3 0x80000130 (0x00158593) x11 0x80000239
core   0: 3 0x80000134 (0xfca59ce3)
core   0: 3 0x8000010c (0x0005c683) x13 0x000000fd mem 0x80000239
core   0: 3 0x80000110 (0x00800713) x14 0x00000008
core   0: 3 0x80000114 (0x00d7c7b3) x15 0x0fd55cb3
core   0: 3 0x80000118 (0x0017f693) x13 0x00000001
core   0: 3 0x8000011c (0xfff70713) x14 0x00000007
core   0: 3 0x80000120 (0x0017d793) x15 0x07eaae59
core   0: 3 0x80000124 (0x00068463)
core   0: 3 0x80000128 (0x00c7c7b3) x15 0xea522d79
core   0: 3 0x8000012c (0xfe0716e3)
core   0: 3 0x80000118 (0x0017f693) x13 0x00000001
core   0: 3 0x8000011c (0xfff70713) x14 0x00000006
core   0: 3 0x80000120 (0x0017d793) x15 0x752916bc
core   0: 3 0x80000124 (0x00068463)
core   0: 3 0x80000128 (0x00c7c7b3) x15 0x9891959c
core   0: 3 0x8000012c (0xfe0716e3)
core   0: 3 0x80000118 (0x0017f693) x13 0x00000000
core   0: 3 0x8000011c (0xfff70713) x14 0x00000005
core   0: 3 0x80000120 (0x0017d793) x15 0x4c48cace
core   0: 3 0x80000124 (0x00068463)
core   0: 3 0x8000012c (0xfe0716e3)
core   0: 3 0x80000118 (0x0017f693) x13 0x00000000
core   0: 3 0x8000011c (0xfff70713) x14 0x00000004
core   0: 3 0x80000120 (0x0017d793) x15 0x26246567
core   0: 3 0x80000124 (0x00068463)
core   0: 3 0x8000012c (0xfe0716e3)
core   0: 3 0x80000118 (0x0017f693) x13 0x00000001
core   0: 3 0x8000011c (0xfff70713) x14 0x00000003
core   0: 3 0x80000120 (0x0017d793) x15 0x131232b3
core   0: 3 0x80000124 (0x00068463)
core   0: 3 0x80000128 (0x00c7c7b3) x15 0xfeaab193
core   0: 3 0x8000012c (0xfe0716e3)
core   0: 3 0x80000118 (0x0017f693) x13 0x00000001
core   0: 3 0x8000011c (0xfff70713) x14 0x00000002
core   0: 3 0x80000120 (0x0017d793) x15 0x7f5558c9
core   0: 3 0x80000124 (0x00068463)
core   0: 3 0x80000128 (0x00c7c7b3) x15 0x92eddbe9
core   0: 3 0x8000012c (0xfe0716e3)
core   0: 3 0x80000118 (0x0017f693) x13 0x00000001
core   0: 3 0x8000011c (0xfff70713) x14 0x00000001
core   0: 3 0x80000120 (0x0017d793) x15 0x4976edf4
core   0: 3 0x80000124 (0x00068463)
core   0: 3 0x80000128 (0x00c7c7b3) x15 0xa4ce6ed4
core   0: 3 0x8000012c (0xfe0716e3)
core   0: 3 0x80000118 (0x0017f693) x13 0x00000000
core   0: 3 0x8000011c (0xfff70713) x14 0x00000000
core   0: 3 0x80000120 (0x0017d793) x15 0x5267376a
core   0: 3 0x80000124 (0x00068463)
core   0: 3 0x8000012c (0xfe0716e3)
core   0: 3 0x80000130 (0x00158593) x11 0x8000023a
core   0: 3 0x80000134 (0xfca59ce3)
core   0: 3 0x8000010c (0x0005c683) x13 0x0000004e mem 0x8000023a
core   0: 3 0x80000110 (0x00800713) x14 0x00000008
core   0: 3 0x80000114 (0x00d7c7b3) x15 0x52673724
core   0: 3 0x80000118 (0x0017f693) x13 0x00000000
core   0: 3 0x8000011c (0xfff70713) x14 0x00000007
core   0: 3 0x80000120 (0x0017d793) x15 0x29339b92
core   0: 3 0x80000124 (0x00068463)
core   0: 3 0x8000012c (0xfe0716e3)
core   0: 3 0x80000118 (0x0017f693) x13 0x00000000
core   0: 3 0x8000011c (0xfff70713) x14 0x00000006
core   0: 3 0x80000120 (0x0017d793) x15 0x1499cdc9
core   0: 3 0x80000124 (0x00068463)
core   0: 3 0x8000012c (0xfe0716e3)
core   0: 3 0x80000118 (0x0017f693) x13 0x00000001
core   0: 3 0x8000011c (0xfff70713) x14 0x00000005
core   0: 3 0x80000120 (0x0017d793) x15 0x0a4ce6e4
core   0: 3 0x80000124 (0x00068463)
core   0: 3 0x80000128 (0x00c7c7b3) x15 0xe7f465c4
core   0: 3 0x8000012c (0xfe0716e3)
core   0: 3 0x80000118 (0x0017f693) x13 0x00000000
core   0: 3 0x8000011c (0xfff70713) x14 0x00000004
core   0: 3 0x80000120 (0x0017d793) x15 0x73fa32e2
core   0: 3 0x80000124 (0x00068463)
core   0: 3 0x8000012c (0xfe0716e3)
core   0: 3 0x80000118 (0x0017f693) x13 0x00000000
core   0: 3 0x8000011c (0xfff70713) x14 0x00000003
core   0: 3 0x80000120 (0x0017d793) x15 0x39fd1971
core   0: 3 0x80000124 (0x00068463)
core   0: 3 0x8000012c (0xfe0716e3)
core   0: 3 0x80000118 (0x0017f693) x13 0x00000001
core   0: 3 0x8000011c (0xfff70713) x14 0x00000002
core   0: 3 0x80000120 (0x0017d793) x15 0x1cfe8cb8
core   0: 3 0x80000124 (0x00068463)
core   0: 3 0x80000128 (0x00c7c7b3) x15 0xf1460f98
core   0: 3 0x8000012c (0xfe0716e3)
core   0: 3 0x80000118 (0x0017f693) x13 0x00000000
core   0: 3 0x8000011c (0xfff70713) x14 0x00000001
core   0: 3 0x80000120 (0x0017d793) x15 0x78a307cc
core   0: 3 0x80000124 (0x00068463)
core   0: 3 0x8000012c (0xfe0716e3)
core   0: 3 0x80000118 (0x0017f693) x13 0x00000000
core   0: 3 0x8000011c (0xfff70713) x14 0x00000000
core   0: 3 0x80000120 (0x0017d793) x15 0x3c5183e6
core   0: 3 0x80000124 (0x00068463)
core   0: 3 0x8000012c (0xfe0716e3)
core   0: 3 0x80000130 (0x00158593) x11 0x8000023b
core   0: 3 0x80000134 (0xfca59ce3)
core   0: 3 0x8000010c (0x0005c683) x13 0x000000f0 mem 0x8000023b
core   0: 3 0x80000110 (0x00800713) x14 0x00000008
core   0: 3 0x80000114 (0x00d7c7b3) x15 0x3c518316
core   0: 3 0x80000118 (0x0017f693) x13 0x00000000
core   0: 3 0x8000011c (0xfff70713) x14 0x00000007
core   0: 3 0x80000120 (0x0017d793) x15 0x1e28c18b
core   0: 3 0x80000124 (0x00068463)
core   0: 3 0x8000012c (0xfe0716e3)
core   0: 3 0x80000118 (0x0017f693) x13 0x00000001
core   0: 3 0x8000011c (0xfff70713) x14 0x00000006
core   0: 3 0x80000120 (0x0017d793) x15 0x0f1460c5
core   0: 3 0x80000124 (0x00068463)
core   0: 3 0x80000128 (0x00c7c7b3) x15 0xe2ace3e5
core   0: 3 0x8000012c (0xfe0716e3)
core   0: 3 0x80000118 (0x0017f693) x13 0x00000001
core   0: 3 0x8000011c (0xfff70713) x14 0x00000005
core   0: 3 0x80000120 (0x0017d793) x15 0x715671f2
core   0: 3 0x80000124 (0x00068463)
core   0: 3 0x80000128 (0x00c7c7b3) x15 0x9ceef2d2
core   0: 3 0x8000012c (0xfe0716e3)
core   0: 3 0x80000118 (0x0017f693) x13 0x00000000
core   0: 3 0x8000011c (0xfff70713) x14 0x00000004
core   0: 3 0x80000120 (0x0017d793) x15 0x4e777969
core   0: 3 0x80000124 (0x00068463)
core   0: 3 0x8000012c (0xfe0716e3)
core   0: 3 0x80000118 (0x0017f693) x13 0x00000001
core   0: 3 0x8000011c (0xfff70713) x14 0x00000003
core   0: 3 0x80000120 (0x0017d793) x15 0x273bbcb4
core   0: 3 0x80000124 (0x00068463)
core   0: 3 0x80000128 (0x00c7c7b3) x15 0xca833f94
core   0: 3 0x8000012c (0xfe0716e3)
core   0: 3 0x80000118 (0x0017f693) x13 0x00000000
core   0: 3 0x8000011c (0xfff70713) x14 0x00000002
core   0: 3 0x80000120 (0x0017d793) x15 0x65419fca
core   0: 3 0x80000124 (0x00068463)
core   0: 3 0x8000012c (0xfe0716e3)
core   0: 3 0x80000118 (0x0017f693) x13 0x00000000
core   0: 3 0x8000011c (0xfff70713) x14 0x00000001
core   0: 3 0x80000120 (0x0017d793) x15 0x32a0cfe5
core   0: 3 0x80000124 (0x00068463)
core   0: 3 0x8000012c (0xfe0716e3)
core   0: 3 0x80000118 (0x0017f693) x13 0x00000001
core   0: 3 0x8000011c (0xfff70713) x14 0x00000000
core   0: 3 0x80000120 (0x0017d793) x15 0x195067f2
core   0: 3 0x80000124 (0x00068463)
core   0: 3 0x80000128 (0x00c7c7b3) x15 0xf4e8e4d2
core   0: 3 0x8000012c (0xfe0716e3)
core   0: 3 0x80000130 (0x00158593) x11 0x8000023c
core   0: 3 0x80000134 (0xfca59ce3)
core   0: 3 0x8000010c (0x0005c683) x13 0x00000085 mem 0x8000023c
core   0: 3 0x80000110 (0x00800713) x14 0x00000008
core   0: 3 0x80000114 (0x00d7c7b3) x15 0xf4e8e457
core   0: 3 0x80000118 (0x0017f693) x13 0x00000001
core   0: 3 0x8000011c (0xfff70713) x14 0x00000007
core   0: 3 0x80000120 (0x0017d793) x15 0x7a74722b
core   0: 3 0x80000124 (0x00068463)
core   0: 3 0x80000128 (0x00c7c7b3) x15 0x97ccf10b
core   0: 3 0x8000012c (0xfe0716e3)
core   0: 3 0x80000118 (0x0017f693) x13 0x00000001
core   0: 3 0x8000011c (0xfff70713) x14 0x00000006
core   0: 3 0x80000120 (0x0017d793) x15 0x4be67885
core   0: 3 0x80000124 (0x00068463)
core   0: 3 0x80000128 (0x00c7c7b3) x15 0xa65efba5
core   0: 3 0x8000012c (0xfe0716e3)
core   0: 3 0x80000118 (0x0017f693) x13 0x00000001
core   0: 3 0x8000011c (0xfff70713) x14 0x00000005
core   0: 3 0x80000120 (0x0017d793) x15 0x532f7dd2
core   0: 3 0x80000124 (0x00068463)
core   0: 3 0x80000128 (0x00c7c7b3) x15 0xbe97fef2
core   0: 3 0x8000012c (0xfe0716e3)
core   0: 3 0x80000118 (0x0017f693) x13 0x00000000
core   0: 3 0x8000011c (0xfff70713) x14 0x00000004
core   0: 3 0x80000120 (0x0017d793) x15 0x5f4bff79
core   0: 3 0x80000124 (0x00068463)
core   0: 3 0x8000012c (0xfe0716e3)
core   0: 3 0x80000118 (0x0017f693) x13 0x00000001
core   0: 3 0x8000011c (0xfff70713) x14 0x00000003
core   0: 3 0x80000120 (0x0017d793) x15 0x2fa5ffbc
core   0: 3 0x80000124 (0x00068463)
core   0: 3 0x80000128 (0x00c7c7b3) x15 0xc21d7c9c
core   0: 3 0x8000012c (0xfe0716e3)
core   0: 3 0x80000118 (0x0017f693) x13 0x00000000
core   0: 3 0x8000011c (0xfff70713) x14 0x00000002
core   0: 3 0x80000120 (0x0017d793) x15 0x610ebe4e
core   0: 3 0x80000124 (0x00068463)
core   0: 3 0x8000012c (0xfe0716e3)
core   0: 3 0x80000118 (0x0017f693) x13 0x00000000
core   0: 3 0x8000011c (0xfff70713) x14 0x00000001
core   0: 3 0x80000120 (0x0017d793) x15 0x30875f27
core   0: 3 0x80000124 (0x00068463)
core   0: 3 0x8000012c (0xfe0716e3)
core   0: 3 0x80000118 (0x0017f693) x13 0x00000001
core   0: 3 0x8000011c (0xfff70713) x14 0x00000000
core   0: 3 0x80000120 (0x0017d793) x15 0x1843af93
core   0: 3 0x80000124 (0x00068463)
core   0: 3 0x80000128 (0x00c7c7b3) x15 0xf5fb2cb3
core   0: 3 0x8000012c (0xfe0716e3)
core   0: 3 0x80000130 (0x00158593) x11 0x8000023d
core   0: 3 0x80000134 (0xfca59ce3)
core   0: 3 0x8000010c (0x0005c683) x13 0x00000013 mem 0x8000023d
core   0: 3 0x80000110 (0x00800713) x14 0x00000008
core   0: 3 0x80000114 (0x00d7c7b3) x15 0xf5fb2ca0
core   0: 3 0x80000118 (0x0017f693) x13 0x00000000
core   0: 3 0x8000011c (0xfff70713) x14 0x00000007
core   0: 3 0x80000120 (0x0017d793) x15 0x7afd9650
core   0: 3 0x80000124 (0x00068463)
core   0: 3 0x8000012c (0xfe0716e3)
core   0: 3 0x80000118 (0x0017f693) x13 0x00000000
core   0: 3 0x8000011c (0xfff70713) x14 0x00000006
core   0: 3 0x80000120 (0x0017d793) x15 0x3d7ecb28
core   0: 3 0x80000124 (0x00068463)
core   0: 3 0x8000012c (0xfe0716e3)
core   0: 3 0x80000118 (0x0017f693) x13 0x00000000
core   0: 3 0x8000011c (0xfff70713) x14 0x00000005
core   0: 3 0x80000120 (0x0017d793) x15 0x1ebf6594
core   0: 3 0x80000124 (0x00068463)
core   0: 3 0x8000012c (0xfe0716e3)
core   0: 3 0x80000118 (0x0017f693) x13 0x00000000
core   0: 3 0x8000011c (0xfff70713) x14 0x00000004
core   0: 3 0x80000120 (0x0017d793) x15 0x0f5fb2ca
core   0: 3 0x80000124 (0x00068463)
core   0: 3 0x8000012c (0xfe0716e3)
core   0: 3 0x80000118 (0x0017f693) x13 0x00000000
core   0: 3 0x8000011c (0xfff70713) x14 0x00000003
core   0: 3 0x80000120 (0x0017d793) x15 0x07afd965
core   0: 3 0x80000124 (0x00068463)
core   0: 3 0x8000012c (0xfe0716e3)
core   0: 3 0x80000118 (0x0017f693) x13 0x00000001
core   0: 3 0x8000011c (0xfff70713) x14 0x00000002
core   0: 3 0x80000120 (0x0017d793) x15 0x03d7ecb2
core   0: 3 0x80000124 (0x00068463)
core   0: 3 0x80000128 (0x00c7c7b3) x15 0xee6f6f92
core   0: 3 0x8000012c (0xfe0716e3)
core   0: 3 0x80000118 (0x0017f693) x13 0x00000000
core   0: 3 0x8000011c (0xfff70713) x14 0x00000001
core   0: 3 0x80000120 (0x0017d793) x15 0x7737b7c9
core   0: 3 0x80000124 (0x00068463)
core   0: 3 0x8000012c (0xfe0716e3)
core   0: 3 0x80000118 (0x0017f693) x13 0x00000001
core   0: 3 0x8000011c (0xfff70713) x14 0x00000000
core   0: 3 0x80000120 (0x0017d793) x15 0x3b9bdbe4
core   0: 3 0x80000124 (0x00068463)
core   0: 3 0x80000128 (0x00c7c7b3) x15 0xd62358c4
core   0: 3 0x8000012c (0xfe0716e3)
core   0: 3 0x80000130 (0x00158593) x11 0x8000023e
core   0: 3 0x80000134 (0xfca59ce3)
core   0: 3 0x8000010c (0x0005c683) x13 0x000000ca mem 0x8000023e
core   0: 3 0x80000110 (0x00800713) x14 0x00000008
core   0: 3 0x80000114 (0x00d7c7b3) x15 0xd623580e
core   0: 3 0x80000118 (0x0017f693) x13 0x00000000
core   0: 3 0x8000011c (0xfff70713) x14 0x00000007
core   0: 3 0x80000120 (0x0017d793) x15 0x6b11ac07
core   0: 3 0x80000124 (0x00068463)
core   0: 3 0x8000012c (0xfe0716e3)
core   0: 3 0x80000118 (0x0017f693) x13 0x00000001
core   0: 3 0x8000011c (0xfff70713) x14 0x00000006
core   0: 3 0x80000120 (0x0017d793) x15 0x3588d603
core   0: 3 0x80000124 (0x00068463)
core   0: 3 0x80000128 (0x00c7c7b3) x15 0xd8305523
core   0: 3 0x8000012c (0xfe0716e3)
core   0: 3 0x80000118 (0x0017f693) x13 0x00000001
core   0: 3 0x8000011c (0xfff70713) x14 0x00000005
core   0: 3 0x80000120 (0x0017d793) x15 0x6c182a91
core   0: 3 0x80000124 (0x00068463)
core   0: 3 0x80000128 (0x00c7c7b3) x15 0x81a0a9b1
core   0: 3 0x8000012c (0xfe0716e3)
core   0: 3 0x80000118 (0x0017f693) x13 0x00000001
core   0: 3 0x8000011c (0xfff70713) x14 0x00000004
core   0: 3 0x80000120 (0x0017d793) x15 0x40d054d8
core   0: 3 0x80000124 (0x00068463)
core   0: 3 0x80000128 (0x00c7c7b3) x15 0xad68d7f8
core   0: 3 0x8000012c (0xfe0716e3)
core   0: 3 0x80000118 (0x0017f693) x13 0x00000000
core   0: 3 0x8000011c (0xfff70713) x14 0x00000003
core   0: 3 0x80000120 (0x0017d793) x15 0x56b46bfc
core   0: 3 0x80000124 (0x00068463)
core   0: 3 0x8000012c (0xfe0716e3)
core   0: 3 0x80000118 (0x0017f693) x13 0x00000000
core   0: 3 0x8000011c (0xfff70713) x14 0x00000002
core   0: 3 0x80000120 (0x0017d793) x15 0x2b5a35fe
core   0: 3 0x80000124 (0x00068463)
core   0: 3 0x8000012c (0xfe0716e3)
core   0: 3 0x80000118 (0x0017f693) x13 0x00000000
core   0: 3 0x8000011c (0xfff70713) x14 0x00000001
core   0: 3 0x80000120 (0x0017d793) x15 0x15ad1aff
core   0: 3 0x80000124 (0x00068463)
core   0: 3 0x8000012c (0xfe0716e3)
core   0: 3 0x80000118 (0x0017f693) x13 0x00000001
core   0: 3 0x8000011c (0xfff70713) x14 0x00000000
core   0: 3 0x80000120 (0x0017d793) x15 0x0ad68d7f
core   0: 3 0x80000124 (0x00068463)
core   0: 3 0x80000128 (0x00c7c7b3) x15 0xe76e0e5f
core   0: 3 0x8000012c (0xfe0716e3)
core   0: 3 0x80000130 (0x00158593) x11 0x8000023f
core   0: 3 0x80000134 (0xfca59ce3)
core   0: 3 0x8000010c (0x0005c683) x13 0x000000b9 mem 0x8000023f
core   0: 3 0x80000110 (0x00800713) x14 0x00000008
core   0: 3 0x80000114 (0x00d7c7b3) x15 0xe76e0ee6
core   0: 3 0x80000118 (0x0017f693) x13 0x00000000
core   0: 3 0x8000011c (0xfff70713) x14 0x00000007
core   0: 3 0x80000120 (0x0017d793) x15 0x73b70773
core   0: 3 0x80000124 (0x00068463)
core   0: 3 0x8000012c (0xfe0716e3)
core   0: 3 0x80000118 (0x0017f693) x13 0x00000001
core   0: 3 0x8000011c (0xfff70713) x14 0x00000006
core   0: 3 0x80000120 (0x0017d793) x15 0x39db83b9
core   0: 3 0x80000124 (0x00068463)
core   0: 3 0x80000128 (0x00c7c7b3) x15 0xd4630099
core   0: 3 0x8000012c (0xfe0716e3)
core   0: 3 0x80000118 (0x0017f693) x13 0x00000001
core   0: 3 0x8000011c (0xfff70713) x14 0x00000005
core   0: 3 0x80000120 (0x0017d793) x15 0x6a31804c
core   0: 3 0x80000124 (0x00068463)
core   0: 3 0x80000128 (0x00c7c7b3) x15 0x8789036c
core   0: 3 0x8000012c (0xfe0716e3)
core   0: 3 0x80000118 (0x0017f693) x13 0x00000000
core   0: 3 0x8000011c (0xfff70713) x14 0x00000004
core   0: 3 0x80000120 (0x0017d793) x15 0x43c481b6
core   0: 3 0x80000124 (0x00068463)
core   0: 3 0x8000012c (0xfe0716e3)
core   0: 3 0x80000118 (0x0017f693) x13 0x00000000
core   0: 3 0x8000011c (0xfff70713) x14 0x00000003
core   0: 3 0x80000120 (0x0017d793) x15 0x21e240db
core   0: 3 0x80000124 (0x00068463)
core   0: 3 0x8000012c (0xfe0716e3)
core   0: 3 0x80000118 (0x0017f693) x13 0x00000001
core   0: 3 0x8000011c (0xfff70713) x14 0x00000002
core   0: 3 0x80000120 (0x0017d793) x15 0x10f1206d
core   0: 3 0x80000124 (0x00068463)
core   0: 3 0x80000128 (0x00c7c7b3) x15 0xfd49a34d
core   0: 3 0x8000012c (0xfe0716e3)
core   0: 3 0x80000118 (0x0017f693) x13 0x00000001
core   0: 3 0x8000011c (0xfff70713) x14 0x00000001
core   0: 3 0x80000120 (0x0017d793) x15 0x7ea4d1a6
core   0: 3 0x80000124 (0x00068463)
core   0: 3 0x80000128 (0x00c7c7b3) x15 0x931c5286
core   0: 3 0x8000012c (0xfe0716e3)
core   0: 3 0x80000118 (0x0017f693) x13 0x00000000
core   0: 3 0x8000011c (0xfff70713) x14 0x00000000
core   0: 3 0x80000120 (0x0017d793) x15 0x498e2943
core   0: 3 0x80000124 (0x00068463)
core   0: 3 0x8000012c (0xfe0716e3)
core   0: 3 0x80000130 (0x00158593) x11 0x80000240
core   0: 3 0x80000134 (0xfca59ce3)
core   0: 3 0x8000010c (0x0005c683) x13 0x0000006e mem 0x80000240
core   0: 3 0x80000110 (0x00800713) x14 0x00000008
core   0: 3 0x80000114 (0x00d7c7b3) x15 0x498e292d
core   0: 3 0x80000118 (0x0017f693) x13 0x00000001
core   0: 3 0x8000011c (0xfff70713) x14 0x00000007
core   0: 3 0x80000120 (0x0017d793) x15 0x24c71496
core   0: 3 0x80000124 (0x00068463)
core   0: 3 0x80000128 (0x00c7c7b3) x15 0xc97f97b6
core   0: 3 0x8000012c (0xfe0716e3)
core   0: 3 0x80000118 (0x0017f693) x13 0x00000000
core   0: 3 0x8000011c (0xfff70713) x14 0x00000006
core   0: 3 0x80000120 (0x0017d793) x15 0x64bfcbdb
core   0: 3 0x80000124 (0x00068463)
core   0: 3 0x8000012c (0xfe0716e3)
core   0: 3 0x80000118 (0x0017f693) x13 0x00000001
core   0: 3 0x8000011c (0xfff70713) x14 0x00000005
core   0: 3 0x80000120 (0x0017d793) x15 0x325fe5ed
core   0: 3 0x80000124 (0x00068463)
core   0: 3 0x80000128 (0x00c7c7b3) x15 0xdfe766cd
core   0: 3 0x8000012c (0xfe0716e3)
core   0: 3 0x80000118 (0x0017f693) x13 0x00000001
core   0: 3 0x8000011c (0xfff70713) x14 0x00000004
core   0: 3 0x80000120 (0x0017d793) x15 0x6ff3b366
core   0: 3 0x80000124 (0x00068463)
core   0: 3 0x80000128 (0x00c7c7b3) x15 0x824b3046
core   0: 3 0x8000012c (0xfe0716e3)
core   0: 3 0x80000118 (0x0017f693) x13 0x00000000
core   0: 3 0x8000011c (0xfff70713) x14 0x00000003
core   0: 3 0x80000120 (0x0017d793) x15 0x41259823
core   0: 3 0x80000124 (0x00068463)
core   0: 3 0x8000012c (0xfe0716e3)
core   0: 3 0x80000118 (0x0017f693) x13 0x00000001
core   0: 3 0x8000011c (0xfff70713) x14 0x00000002
core   0: 3 0x80000120 (0x0017d793) x15 0x2092cc11
core   0: 3 0x80000124 (0x00068463)
core   0: 3 0x80000128 (0x00c7c7b3) x15 0xcd2a4f31
core   0: 3 0x8000012c (0xfe0716e3)
core   0: 3 0x80000118 (0x0017f693) x13 0x00000001
core   0: 3 0x8000011c (0xfff70713) x14 0x00000001
core   0: 3 0x80000120 (0x0017d793) x15 0x66952798
core   0: 3 0x80000124 (0x00068463)
core   0: 3 0x80000128 (0x00c7c7b3) x15 0x8b2da4b8
core   0: 3 0x8000012c (0xfe0716e3)
core   0: 3 0x80000118 (0x0017f693) x13 0x00000000
core   0: 3 0x8000011c (0xfff70713) x14 0x00000000
core   0: 3 0x80000120 (0x0017d793) x15 0x4596d25c
core   0: 3 0x80000124 (0x00068463)
core   0: 3 0x8000012c (0xfe0716e3)
core   0: 3 0x80000130 (0x00158593) x11 0x80000241
core   0: 3 0x80000134 (0xfca59ce3)
core   0: 3 0x8000010c (0x0005c683) x13 0x000000c5 mem 0x80000241
core   0: 3 0x80000110 (0x00800713) x14 0x00000008
core   0: 3 0x80000114 (0x00d7c7b3) x15 0x4596d299
core   0: 3 0x80000118 (0x0017f693) x13 0x00000001
core   0: 3 0x8000011c (0xfff70713) x14 0x00000007
core   0: 3 0x80000120 (0x0017d793) x15 0x22cb694c
core   0: 3 0x80000124 (0x00068463)
core   0: 3 0x80000128 (0x00c7c7b3) x15 0xcf73ea6c
core   0: 3 0x8000012c (0xfe0716e3)
core   0: 3 0x80000118 (0x0017f693) x13 0x00000000
core   0: 3 0x8000011c (0xfff70713) x14 0x00000006
core   0: 3 0x80000120 (0x0017d793) x15 0x67b9f536
core   0: 3 0x80000124 (0x00068463)
core   0: 3 0x8000012c (0xfe0716e3)
core   0: 3 0x80000118 (0x0017f693) x13 0x00000000
core   0: 3 0x8000011c (0xfff70713) x14 0x00000005
core   0: 3 0x80000120 (0x0017d793) x15 0x33dcfa9b
core   0: 3 0x80000124 (0x00068463)
core   0: 3 0x8000012c (0xfe0716e3)
core   0: 3 0x80000118 (0x0017f693) x13 0x00000001
core   0: 3 0x8000011c (0xfff70713) x14 0x00000004
core   0: 3 0x80000120 (0x0017d793) x15 0x19ee7d4d
core   0: 3 0x80000124 (0x00068463)
core   0: 3 0x80000128 (0x00c7c7b3) x15 0xf456fe6d
core   0: 3 0x8000012c (0xfe0716e3)
core   0: 3 0x80000118 (0x0017f693) x13 0x00000001
core   0: 3 0x8000011c (0xfff70713) x14 0x00000003
core   0: 3 0x80000120 (0x0017d793) x15 0x7a2b7f36
core   0: 3 0x80000124 (0x00068463)
core   0: 3 0x80000128 (0x00c7c7b3) x15 0x9793fc16
core   0: 3 0x8000012c (0xfe0716e3)
core   0: 3 0x80000118 (0x0017f693) x13 0x00000000
core   0: 3 0x8000011c (0xfff70713) x14 0x00000002
core   0: 3 0x80000120 (0x0017d793) x15 0x4bc9fe0b
core   0: 3 0x80000124 (0x00068463)
core   0: 3 0x8000012c (0xfe0716e3)
core   0: 3 0x80000118 (0x0017f693) x13 0x00000001
core   0: 3 0x8000011c (0xfff70713) x14 0x00000001
core   0: 3 0x80000120 (0x0017d793) x15 0x25e4ff05
core   0: 3 0x80000124 (0x00068463)
core   0: 3 0x80000128 (0x00c7c7b3) x15 0xc85c7c25
core   0: 3 0x8000012c (0xfe0716e3)
core   0: 3 0x80000118 (0x0017f693) x13 0x00000001
core   0: 3 0x8000011c (0xfff70713) x14 0x00000000
core   0: 3 0x80000120 (0x0017d793) x15 0x642e3e12
core   0: 3 0x80000124 (0x00068463)
core   0: 3 0x80000128 (0x00c7c7b3) x15 0x8996bd32
core   0: 3 0x8000012c (0xfe0716e3)
core   0: 3 0x80000130 (0x00158593) x11 0x80000242
core   0: 3 0x80000134 (0xfca59ce3)
core   0: 3 0x8000010c (0x0005c683) x13 0x00000017 mem 0x80000242
core   0: 3 0x80000110 (0x00800713) x14 0x00000008
core   0: 3 0x80000114 (0x00d7c7b3) x15 0x8996bd25
core   0: 3 0x80000118 (0x0017f693) x13 0x00000001
core   0: 3 0x8000011c (0xfff70713) x14 0x00000007
core   0: 3 0x80000120 (0x0017d793) x15 0x44cb5e92
core   0: 3 0x80000124 (0x00068463)
core   0: 3 0x80000128 (0x00c7c7b3) x15 0xa973ddb2
core   0: 3 0x8000012c (0xfe0716e3)
core   0: 3 0x80000118 (0x0017f693) x13 0x00000000
core   0: 3 0x8000011c (0xfff70713) x14 0x00000006
core   0: 3 0x80000120 (0x0017d793) x15 0x54b9eed9
core   0: 3 0x80000124 (0x00068463)
core   0: 3 0x8000012c (0xfe0716e3)
core   0: 3 0x80000118 (0x0017f693) x13 0x00000001
core   0: 3 0x8000011c (0xfff70713) x14 0x00000005
core   0: 3 0x80000120 (0x0017d793) x15 0x2a5cf76c
core   0: 3 0x80000124 (0x00068463)
core   0: 3 0x80000128 (0x00c7c7b3) x15 0xc7e4744c
core   0: 3 0x8000012c (0xfe0716e3)
core   0: 3 0x80000118 (0x0017f693) x13 0x00000000
core   0: 3 0x8000011c (0xfff70713) x14 0x00000004
core   0: 3 0x80000120 (0x0017d793) x15 0x63f23a26
core   0: 3 0x80000124 (0x00068463)
core   0: 3 0x8000012c (0xfe0716e3)
core   0: 3 0x80000118 (0x0017f693) x13 0x00000000
core   0: 3 0x8000011c (0xfff70713) x14 0x00000003
core   0: 3 0x80000120 (0x0017d793) x15 0x31f91d13
core   0: 3 0x80000124 (0x00068463)
core   0: 3 0x8000012c (0xfe0716e3)
core   0: 3 0x80000118 (0x0017f693) x13 0x00000001
core   0: 3 0x8000011c (0xfff70713) x14 0x00000002
core   0: 3 0x80000120 (0x0017d793) x15 0x18fc8e89
core   0: 3 0x80000124 (0x00068463)
core   0: 3 0x80000128 (0x00c7c7b3) x15 0xf5440da9
core   0: 3 0x8000012c (0xfe0716e3)
core   0: 3 0x80000118 (0x0017f693) x13 0x00000001
core   0: 3 0x8000011c (0xfff70713) x14 0x00000001
core   0: 3 0x80000120 (0x0017d793) x15 0x7aa206d4
core   0: 3 0x80000124 (0x00068463)
core   0: 3 0x80000128 (0x00c7c7b3) x15 0x971a85f4
core   0: 3 0x8000012c (0xfe0716e3)
core   0: 3 0x80000118 (0x0017f693) x13 0x00000000
core   0: 3 0x8000011c (0xfff70713) x14 0x00000000
core   0: 3 0x80000120 (0x0017d793) x15 0x4b8d42fa
core   0: 3 0x80000124 (0x00068463)
core   0: 3 0x8000012c (0xfe0716e3)
core   0: 3 0x80000130 (0x00158593) x11 0x80000243
core   0: 3 0x80000134 (0xfca59ce3)
core   0: 3 0x8000010c (0x0005c683) x13 0x0000000f mem 0x80000243
core   0: 3 0x80000110 (0x00800713) x14 0x00000008
core   0: 3 0x80000114 (0x00d7c7b3) x15 0x4b8d42f5
core   0: 3 0x80000118 (0x0017f693) x13 0x00000001
core   0: 3 0x8000011c (0xfff70713) x14 0x00000007
core   0: 3 0x80000120 (0x0017d793) x15 0x25c6a17a
core   0: 3 0x80000124 (0x00068463)
core   0: 3 0x80000128 (0x00c7c7b3) x15 0xc87e225a
core   0: 3 0x8000012c (0xfe0716e3)
core   0: 3 0x80000118 (0x0017f693) x13 0x00000000
core   0: 3 0x8000011c (0xfff70713) x14 0x00000006
core   0: 3 0x80000120 (0x0017d793) x15 0x643f112d
core   0: 3 0x80000124 (0x00068463)
core   0: 3 0x8000012c (0xfe0716e3)
core   0: 3 0x80000118 (0x0017f693) x13 0x00000001
core   0: 3 0x8000011c (0xfff70713) x14 0x00000005
core   0: 3 0x80000120 (0x0017d793) x15 0x321f8896
core   0: 3 0x80000124 (0x00068463)
core   0: 3 0x80000128 (0x00c7c7b3) x15 0xdfa70bb6
core   0: 3 0x8000012c (0xfe0716e3)
core   0: 3 0x80000118 (0x0017f693) x13 0x00000000
core   0: 3 0x8000011c (0xfff70713) x14 0x00000004
core   0: 3 0x80000120 (0x0017d793) x15 0x6fd385db
core   0: 3 0x80000124 (0x00068463)
core   0: 3 0x8000012c (0xfe0716e3)
core   0: 3 0x80000118 (0x0017f693) x13 0x00000001
core   0: 3 0x8000011c (0xfff70713) x14 0x00000003
core   0: 3 0x80000120 (0x0017d793) x15 0x37e9c2ed
core   0: 3 0x80000124 (0x00068463)
core   0: 3 0x80000128 (0x00c7c7b3) x15 0xda5141cd
core   0: 3 0x8000012c (0xfe0716e3)
core   0: 3 0x80000118 (0x0017f693) x13 0x00000001
core   0: 3 0x8000011c (0xfff70713) x14 0x00000002
core   0: 3 0x80000120 (0x0017d793) x15 0x6d28a0e6
core   0: 3 0x80000124 (0x00068463)
core   0: 3 0x80000128 (0x00c7c7b3) x15 0x809023c6
core   0: 3 0x8000012c (0xfe0716e3)
core   0: 3 0x80000118 (0x0017f693) x13 0x00000000
core   0: 3 0x8000011c (0xfff70713) x14 0x00000001
core   0: 3 0x80000120 (0x0017d793) x15 0x404811e3
core   0: 3 0x80000124 (0x00068463)
core   0: 3 0x8000012c (0xfe0716e3)
core   0: 3 0x80000118 (0x0017f693) x13 0x00000001
core   0: 3 0x8000011c (0xfff70713) x14 0x00000000
core   0: 3 0x80000120 (0x0017d793) x15 0x202408f1
core   0: 3 0x80000124 (0x00068463)
core   0: 3 0x80000128 (0x00c7c7b3) x15 0xcd9c8bd1
core   0: 3 0x8000012c (0xfe0716e3)
core   0: 3 0x80000130 (0x00158593) x11 0x80000244
core   0: 3 0x80000134 (0xfca59ce3)
core   0: 3 0x8000010c (0x0005c683) x13 0x0000002d mem 0x80000244
core   0: 3 0x80000110 (0x00800713) x14 0x00000008
core   0: 3 0x80000114 (0x00d7c7b3) x15 0xcd9c8bfc
core   0: 3 0x80000118 (0x0017f693) x13 0x00000000
core   0: 3 0x8000011c (0xfff70713) x14 0x00000007
core   0: 3 0x80000120 (0x0017d793) x15 0x66ce45fe
core   0: 3 0x80000124 (0x00068463)
core   0: 3 0x8000012c (0xfe0716e3)
core   0: 3 0x80000118 (0x0017f693) x13 0x00000000
core   0: 3 0x8000011c (0xfff70713) x14 0x00000006
core   0: 3 0x80000120 (0x0017d793) x15 0x336722ff
core   0: 3 0x80000124 (0x00068463)
core   0: 3 0x8000012c (0xfe0716e3)
core   0: 3 0x80000118 (0x0017f693) x13 0x00000001
core   0: 3 0x8000011c (0xfff70713) x14 0x00000005
core   0: 3 0x80000120 (0x0017d793) x15 0x19b3917f
core   0: 3 0x80000124 (0x00068463)
core   0: 3 0x80000128 (0x00c7c7b3) x15 0xf40b125f
core   0: 3 0x8000012c (0xfe0716e3)
core   0: 3 0x80000118 (0x0017f693) x13 0x00000001
core   0: 3 0x8000011c (0xfff70713) x14 0x00000004
core   0: 3 0x80000120 (0x0017d793) x15 0x7a05892f
core   0: 3 0x80000124 (0x00068463)
core   0: 3 0x80000128 (0x00c7c7b3) x15 0x97bd0a0f
core   0: 3 0x8000012c (0xfe0716e3)
core   0: 3 0x80000118 (0x0017f693) x13 0x00000001
core   0: 3 0x8000011c (0xfff70713) x14 0x00000003
core   0: 3 0x80000120 (0x0017d793) x15 0x4bde8507
core   0: 3 0x80000124 (0x00068463)
core   0: 3 0x80000128 (0x00c7c7b3) x15 0xa6660627
core   0: 3 0x8000012c (0xfe0716e3)
core   0: 3 0x80000118 (0x0017f693) x13 0x00000001
core   0: 3 0x8000011c (0xfff70713) x14 0x00000002
core   0: 3 0x80000120 (0x0017d793) x15 0x53330313
core   0: 3 0x80000124 (0x00068463)
core   0: 3 0x80000128 (0x00c7c7b3) x15 0xbe8b8033
core   0: 3 0x8000012c (0xfe0716e3)
core   0: 3 0x80000118 (0x0017f693) x13 0x00000001
core   0: 3 0x8000011c (0xfff70713) x14 0x00000001
core   0: 3 0x80000120 (0x0017d793) x15 0x5f45c019
core   0: 3 0x80000124 (0x00068463)
core   0: 3 0x80000128 (0x00c7c7b3) x15 0xb2fd4339
core   0: 3 0x8000012c (0xfe0716e3)
core   0: 3 0x80000118 (0x0017f693) x13 0x00000001
core   0: 3 0x8000011c (0xfff70713) x14 0x00000000
core   0: 3 0x80000120 (0x0017d793) x15 0x597ea19c
core   0: 3 0x80000124 (0x00068463)
core   0: 3 0x80000128 (0x00c7c7b3) x15 0xb4c622bc
core   0: 3 0x8000012c (0xfe0716e3)
core   0: 3 0x80000130 (0x00158593) x11 0x80000245
core   0: 3 0x80000134 (0xfca59ce3)
core   0: 3 0x8000010c (0x0005c683) x13 0x0000006e mem 0x80000245
core   0: 3 0x80000110 (0x00800713) x14 0x00000008
core   0: 3 0x80000114 (0x00d7c7b3) x15 0xb4c622d2
core   0: 3 0x80000118 (0x0017f693) x13 0x00000000
core   0: 3 0x8000011c (0xfff70713) x14 0x00000007
core   0: 3 0x80000120 (0x0017d793) x15 0x5a631169
core   0: 3 0x80000124 (0x00068463)
core   0: 3 0x8000012c (0xfe0716e3)
core   0: 3 0x80000118 (0x0017f693) x13 0x00000001
core   0: 3 0x8000011c (0xfff70713) x14 0x00000006
core   0: 3 0x80000120 (0x0017d793) x15 0x2d3188b4
core   0: 3 0x80000124 (0x00068463)
core   0: 3 0x80000128 (0x00c7c7b3) x15 0xc0890b94
core   0: 3 0x8000012c (0xfe0716e3)
core   0: 3 0x80000118 (0x0017f693) x13 0x00000000
core   0: 3 0x8000011c (0xfff70713) x14 0x00000005
core   0: 3 0x80000120 (0x0017d793) x15 0x604485ca
core   0: 3 0x80000124 (0x00068463)
core   0: 3 0x8000012c (0xfe0716e3)
core   0: 3 0x80000118 (0x0017f693) x13 0x00000000
core   0: 3 0x8000011c (0xfff70713) x14 0x00000004
core   0: 3 0x80000120 (0x0017d793) x15 0x302242e5
core   0: 3 0x80000124 (0x00068463)
core   0: 3 0x8000012c (0xfe0716e3)
core   0: 3 0x80000118 (0x0017f693) x13 0x00000001
core   0: 3 0x8000011c (0xfff70713) x14 0x00000003
core   0: 3 0x80000120 (0x0017d793) x15 0x18112172
core   0: 3 0x80000124 (0x00068463)
core   0: 3 0x80000128 (0x00c7c7b3) x15 0xf5a9a252
core   0: 3 0x8000012c (0xfe0716e3)
core   0: 3 0x80000118 (0x0017f693) x13 0x00000000
core   0: 3 0x8000011c (0xfff70713) x14 0x00000002
core   0: 3 0x80000120 (0x0017d793) x15 0x7ad4d129
core   0: 3 0x80000124 (0x00068463)
core   0: 3 0x8000012c (0xfe0716e3)
core   0: 3 0x80000118 (0x0017f693) x13 0x00000001
core   0: 3 0x8000011c (0xfff70713) x14 0x00000001
core   0: 3 0x80000120 (0x0017d793) x15 0x3d6a6894
core   0: 3 0x80000124 (0x00068463)
core   0: 3 0x80000128 (0x00c7c7b3) x15 0xd0d2ebb4
core   0: 3 0x8000012c (0xfe0716e3)
core   0: 3 0x80000118 (0x0017f693) x13 0x00000000
core   0: 3 0x8000011c (0xfff70713) x14 0x00000000
core   0: 3 0x80000120 (0x0017d793) x15 0x686975da
core   0: 3 0x80000124 (0x00068463)
core   0: 3 0x8000012c (0xfe0716e3)
core   0: 3 0x80000130 (0x00158593) x11 0x80000246
core   0: 3 0x80000134 (0xfca59ce3)
core   0: 3 0x8000010c (0x0005c683) x13 0x000000ac mem 0x80000246
core   0: 3 0x80000110 (0x00800713) x14 0x00000008
core   0: 3 0x80000114 (0x00d7c7b3) x15 0x68697576
core   0: 3 0x80000118 (0x0017f693) x13 0x00000000
core   0: 3 0x8000011c (0xfff70713) x14 0x00000007
core   0: 3 0x80000120 (0x0017d793) x15 0x3434babb
core   0: 3 0x80000124 (0x00068463)
core   0: 3 0x8000012c (0xfe0716e3)
core   0: 3 0x80000118 (0x0017f693) x13 0x00000001
core   0: 3 0x8000011c (0xfff70713) x14 0x00000006
core   0: 3 0x80000120 (0x0017d793) x15 0x1a1a5d5d
core   0: 3 0x80000124 (0x00068463)
core   0: 3 0x80000128 (0x00c7c7b3) x15 0xf7a2de7d
core   0: 3 0x8000012c (0xfe0716e3)
core   0: 3 0x80000118 (0x0017f693) x13 0x00000001
core   0: 3 0x8000011c (0xfff70713) x14 0x00000005
core   0: 3 0x80000120 (0x0017d793) x15 0x7bd16f3e
core   0: 3 0x80000124 (0x00068463)
core   0: 3 0x80000128 (0x00c7c7b3) x15 0x9669ec1e
core   0: 3 0x8000012c (0xfe0716e3)
core   0: 3 0x80000118 (0x0017f693) x13 0x00000000
core   0: 3 0x8000011c (0xfff70713) x14 0x00000004
core   0: 3 0x80000120 (0x0017d793) x15 0x4b34f60f
core   0: 3 0x80000124 (0x00068463)
core   0: 3 0x8000012c (0xfe0716e3)
core   0: 3 0x80000118 (0x0017f693) x13 0x00000001
core   0: 3 0x8000011c (0xfff70713) x14 0x00000003
core   0: 3 0x80000120 (0x0017d793) x15 0x259a7b07
core   0: 3 0x80000124 (0x00068463)
core   0: 3 0x80000128 (0x00c7c7b3) x15 0xc822f827
core   0: 3 0x8000012c (0xfe0716e3)
core   0: 3 0x80000118 (0x0017f693) x13 0x00000001
core   0: 3 0x8000011c (0xfff70713) x14 0x00000002
core   0: 3 0x80000120 (0x0017d793) x15 0x64117c13
core   0: 3 0x80000124 (0x00068463)
core   0: 3 0x80000128 (0x00c7c7b3) x15 0x89a9ff33
core   0: 3 0x8000012c (0xfe0716e3)
core   0: 3 0x80000118 (0x0017f693) x13 0x00000001
core   0: 3 0x8000011c (0xfff70713) x14 0x00000001
core   0: 3 0x80000120 (0x0017d793) x15 0x44d4ff99
core   0: 3 0x80000124 (0x00068463)
core   0: 3 0x80000128 (0x00c7c7b3) x15 0xa96c7cb9
core   0: 3 0x8000012c (0xfe0716e3)
core   0: 3 0x80000118 (0x0017f693) x13 0x00000001
core   0: 3 0x8000011c (0xfff70713) x14 0x00000000
core   0: 3 0x80000120 (0x0017d793) x15 0x54b63e5c
core   0: 3 0x80000124 (0x00068463)
core   0: 3 0x80000128 (0x00c7c7b3) x15 0xb90ebd7c
core   0: 3 0x8000012c (0xfe0716e3)
core   0: 3 0x80000130 (0x00158593) x11 0x80000247
core   0: 3 0x80000134 (0xfca59ce3)
core   0: 3 0x8000010c (0x0005c683) x13 0x00000012 mem 0x80000247
core   0: 3 0x80000110 (0x00800713) x14 0x00000008
core   0: 3 0x80000114 (0x00d7c7b3) x15 0xb90ebd6e
core   0: 3 0x80000118 (0x0017f693) x13 0x00000000
core   0: 3 0x8000011c (0xfff70713) x14 0x00000007
core   0: 3 0x80000120 (0x0017d793) x15 0x5c875eb7
core   0: 3 0x80000124 (0x00068463)
core   0: 3 0x8000012c (0xfe0716e3)
core   0: 3 0x80000118 (0x0017f693) x13 0x00000001
core   0: 3 0x8000011c (0xfff70713) x14 0x00000006
core   0: 3 0x80000120 (0x0017d793) x15 0x2e43af5b
core   0: 3 0x80000124 (0x00068463)
core   0: 3 0x80000128 (0x00c7c7b3) x15 0xc3fb2c7b
core   0: 3 0x8000012c (0xfe0716e3)
core   0: 3 0x80000118 (0x0017f693) x13 0x00000001
core   0: 3 0x8000011c (0xfff70713) x14 0x00000005
core   0: 3 0x80000120 (0x0017d793) x15 0x61fd963d
core   0: 3 0x80000124 (0x00068463)
core   0: 3 0x80000128 (0x00c7c7b3) x15 0x8c45151d
core   0: 3 0x8000012c (0xfe0716e3)
core   0: 3 0x80000118 (0x0017f693) x13 0x00000001
core   0: 3 0x8000011c (0xfff70713) x14 0x00000004
core   0: 3 0x80000120 (0x0017d793) x15 0x46228a8e
core   0: 3 0x80000124 (0x00068463)
core   0: 3 0x80000128 (0x00c7c7b3) x15 0xab9a09ae
core   0: 3 0x8000012c (0xfe0716e3)
core   0: 3 0x80000118 (0x0017f693) x13 0x00000000
core   0: 3 0x8000011c (0xfff70713) x14 0x00000003
core   0: 3 0x80000120 (0x0017d793) x15 0x55cd04d7
core   0: 3 0x80000124 (0x00068463)
core   0: 3 0x8000012c (0xfe0716e3)
core   0: 3 0x80000118 (0x0017f693) x13 0x00000001
core   0: 3 0x8000011c (0xfff70713) x14 0x00000002
core   0: 3 0x80000120 (0x0017d793) x15 0x2ae6826b
core   0: 3 0x80000124 (0x00068463)
core   0: 3 0x80000128 (0x00c7c7b3) x15 0xc75e014b
core   0: 3 0x8000012c (0xfe0716e3)
core   0: 3 0x80000118 (0x0017f693) x13 0x00000001
core   0: 3 0x8000011c (0xfff70713) x14 0x00000001
core   0: 3 0x80000120 (0x0017d793) x15 0x63af00a5
core   0: 3 0x80000124 (0x00068463)
core   0: 3 0x80000128 (0x00c7c7b3) x15 0x8e178385
core   0: 3 0x8000012c (0xfe0716e3)
core   0: 3 0x80000118 (0x0017f693) x13 0x00000001
core   0: 3 0x8000011c (0xfff70713) x14 0x00000000
core   0: 3 0x80000120 (0x0017d793) x15 0x470bc1c2
core   0: 3 0x80000124 (0x00068463)
core   0: 3 0x80000128 (0x00c7c7b3) x15 0xaab342e2
core   0: 3 0x8000012c (0xfe0716e3)
core   0: 3 0x80000130 (0x00158593) x11 0x80000248
core   0: 3 0x80000134 (0xfca59ce3)
core   0: 3 0x8000010c (0x0005c683) x13 0x00000055 mem 0x80000248
core   0: 3 0x80000110 (0x00800713) x14 0x00000008
core   0: 3 0x80000114 (0x00d7c7b3) x15 0xaab342b7
core   0: 3 0x80000118 (0x0017f693) x13 0x00000001
core   0: 3 0x8000011c (0xfff70713) x14 0x00000007
core   0: 3 0x80000120 (0x0017d793) x15 0x5559a15b
core   0: 3 0x80000124 (0x00068463)
core   0: 3 0x80000128 (0x00c7c7b3) x15 0xb8e1227b
core   0: 3 0x8000012c (0xfe0716e3)
core   0: 3 0x80000118 (0x0017f693) x13 0x00000001
core   0: 3 0x8000011c (0xfff70713) x14 0x00000006
core   0: 3 0x80000120 (0x0017d793) x15 0x5c70913d
core   0: 3 0x80000124 (0x00068463)
core   0: 3 0x80000128 (0x00c7c7b3) x15 0xb1c8121d
core   0: 3 0x8000012c (0xfe0716e3)
core   0: 3 0x80000118 (0x0017f693) x13 0x00000001
core   0: 3 0x8000011c (0xfff70713) x14 0x00000005
core   0: 3 0x80000120 (0x0017d793) x15 0x58e4090e
core   0: 3 0x80000124 (0x00068463)
core   0: 3 0x80000128 (0x00c7c7b3) x15 0xb55c8a2e
core   0: 3 0x8000012c (0xfe0716e3)
core   0: 3 0x80000118 (0x0017f693) x13 0x00000000
core   0: 3 0x8000011c (0xfff70713) x14 0x00000004
core   0: 3 0x80000120 (0x0017d793) x15 0x5aae4517
core   0: 3 0x80000124 (0x00068463)
core   0: 3 0x8000012c (0xfe0716e3)
core   0: 3 0x80000118 (0x0017f693) x13 0x00000001
core   0: 3 0x8000011c (0xfff70713) x14 0x00000003
core   0: 3 0x80000120 (0x0017d793) x15 0x2d57228b
core   0: 3 0x80000124 (0x00068463)
core   0: 3 0x80000128 (0x00c7c7b3) x15 0xc0efa1ab
core   0: 3 0x8000012c (0xfe0716e3)
core   0: 3 0x80000118 (0x0017f693) x13 0x00000001
core   0: 3 0x8000011c (0xfff70713) x14 0x00000002
core   0: 3 0x80000120 (0x0017d793) x15 0x6077d0d5
core   0: 3 0x80000124 (0x00068463)
core   0: 3 0x80000128 (0x00c7c7b3) x15 0x8dcf53f5
core   0: 3 0x8000012c (0xfe0716e3)
core   0: 3 0x80000118 (0x0017f693) x13 0x00000001
core   0: 3 0x8000011c (0xfff70713) x14 0x00000001
core   0: 3 0x80000120 (0x0017d793) x15 0x46e7a9fa
core   0: 3 0x80000124 (0x00068463)
core   0: 3 0x80000128 (0x00c7c7b3) x15 0xab5f2ada
core   0: 3 0x8000012c (0xfe0716e3)
core   0: 3 0x80000118 (0x0017f693) x13 0x00000000
core   0: 3 0x8000011c (0xfff70713) x14 0x00000000
core   0: 3 0x80000120 (0x0017d793) x15 0x55af956d
core   0: 3 0x80000124 (0x00068463)
core   0: 3 0x8000012c (0xfe0716e3)
core   0: 3 0x80000130 (0x00158593) x11 0x80000249
core   0: 3 0x80000134 (0xfca59ce3)
core   0: 3 0x8000010c (0x0005c683) x13 0x00000033 mem 0x80000249
core   0: 3 0x80000110 (0x00800713) x14 0x00000008
core   0: 3 0x80000114 (0x00d7c7b3) x15 0x55af955e
core   0: 3 0x80000118 (0x0017f693) x13 0x00000000
core   0: 3 0x8000011c (0xfff70713) x14 0x00000007
core   0: 3 0x80000120 (0x0017d793) x15 0x2ad7caaf
core   0: 3 0x80000124 (0x00068463)
core   0: 3 0x8000012c (0xfe0716e3)
core   0: 3 0x80000118 (0x0017f693) x13 0x00000001
core   0: 3 0x8000011c (0xfff70713) x14 0x00000006
core   0: 3 0x80000120 (0x0017d793) x15 0x156be557
core   0: 3 0x80000124 (0x00068463)
core   0: 3 0x80000128 (0x00c7c7b3) x15 0xf8d36677
core   0: 3 0x8000012c (0xfe0716e3)
core   0: 3 0x80000118 (0x0017f693) x13 0x00000001
core   0: 3 0x8000011c (0xfff70713) x14 0x00000005
core   0: 3 0x80000120 (0x0017d793) x15 0x7c69b33b
core   0: 3 0x80000124 (0x00068463)
core   0: 3 0x80000128 (0x00c7c7b3) x15 0x91d1301b
core   0: 3 0x8000012c (0xfe0716e3)
core   0: 3 0x80000118 (0x0017f693) x13 0x00000001
core   0: 3 0x8000011c (0xfff70713) x14 0x00000004
core   0: 3 0x80000120 (0x0017d793) x15 0x48e8980d
core   0: 3 0x80000124 (0x00068463)
core   0: 3 0x80000128 (0x00c7c7b3) x15 0xa5501b2d
core   0: 3 0x8000012c (0xfe0716e3)
core   0: 3 0x80000118 (0x0017f693) x13 0x00000001
core   0: 3 0x8000011c (0xfff70713) x14 0x00000003
core   0: 3 0x80000120 (0x0017d793) x15 0x52a80d96
core   0: 3 0x80000124 (0x00068463)
core   0: 3 0x80000128 (0x00c7c7b3) x15 0xbf108eb6
core   0: 3 0x8000012c (0xfe0716e3)
core   0: 3 0x80000118 (0x0017f693) x13 0x00000000
core   0: 3 0x8000011c (0xfff70713) x14 0x00000002
core   0: 3 0x80000120 (0x0017d793) x15 0x5f88475b
core   0: 3 0x80000124 (0x00068463)
core   0: 3 0x8000012c (0xfe0716e3)
core   0: 3 0x80000118 (0x0017f693) x13 0x00000001
core   0: 3 0x8000011c (0xfff70713) x14 0x00000001
core   0: 3 0x80000120 (0x0017d793) x15 0x2fc423ad
core   0: 3 0x80000124 (0x00068463)
core   0: 3 0x80000128 (0x00c7c7b3) x15 0xc27ca08d
core   0: 3 0x8000012c (0xfe0716e3)
core   0: 3 0x80000118 (0x0017f693) x13 0x00000001
core   0: 3 0x8000011c (0xfff70713) x14 0x00000000
core   0: 3 0x80000120 (0x0017d793) x15 0x613e5046
core   0: 3 0x80000124 (0x00068463)
core   0: 3 0x80000128 (0x00c7c7b3) x15 0x8c86d366
core   0: 3 0x8000012c (0xfe0716e3)
core   0: 3 0x80000130 (0x00158593) x11 0x8000024a
core   0: 3 0x80000134 (0xfca59ce3)
core   0: 3 0x8000010c (0x0005c683) x13 0x00000042 mem 0x8000024a
core   0: 3 0x80000110 (0x00800713) x14 0x00000008
core   0: 3 0x80000114 (0x00d7c7b3) x15 0x8c86d324
core   0: 3 0x80000118 (0x0017f693) x13 0x00000000
core   0: 3 0x8000011c (0xfff70713) x14 0x00000007
core   0: 3 0x80000120 (0x0017d793) x15 0x46436992
core   0: 3 0x80000124 (0x00068463)
core   0: 3 0x8000012c (0xfe0716e3)
core   0: 3 0x80000118 (0x0017f693) x13 0x00000000
core   0: 3 0x8000011c (0xfff70713) x14 0x00000006
core   0: 3 0x80000120 (0x0017d793) x15 0x2321b4c9
core   0: 3 0x80000124 (0x00068463)
core   0: 3 0x8000012c (0xfe0716e3)
core   0: 3 0x80000118 (0x0017f693) x13 0x00000001
core   0: 3 0x8000011c (0xfff70713) x14 0x00000005
core   0: 3 0x80000120 (0x0017d793) x15 0x1190da64
core   0: 3 0x80000124 (0x00068463)
core   0: 3 0x80000128 (0x00c7c7b3) x15 0xfc285944
core   0: 3 0x8000012c (0xfe0716e3)
core   0: 3 0x80000118 (0x0017f693) x13 0x00000000
core   0: 3 0x8000011c (0xfff70713) x14 0x00000004
core   0: 3 0x80000120 (0x0017d793) x15 0x7e142ca2
core   0: 3 0x80000124 (0x00068463)
core   0: 3 0x8000012c (0xfe0716e3)
core   0: 3 0x80000118 (0x0017f693) x13 0x00000000
core   0: 3 0x8000011c (0xfff70713) x14 0x00000003
core   0: 3 0x80000120 (0x0017d793) x15 0x3f0a1651
core   0: 3 0x80000124 (0x00068463)
core   0: 3 0x8000012c (0xfe0716e3)
core   0: 3 0x80000118 (0x0017f693) x13 0x00000001
core   0: 3 0x8000011c (0xfff70713) x14 0x00000002
core   0: 3 0x80000120 (0x0017d793) x15 0x1f850b28
core   0: 3 0x80000124 (0x00068463)
core   0: 3 0x80000128 (0x00c7c7b3) x15 0xf23d8808
core   0: 3 0x8000012c (0xfe0716e3)
core   0: 3 0x80000118 (0x0017f693) x13 0x00000000
core   0: 3 0x8000011c (0xfff70713) x14 0x00000001
core   0: 3 0x80000120 (0x0017d793) x15 0x791ec404
core   0: 3 0x80000124 (0x00068463)
core   0: 3 0x8000012c (0xfe0716e3)
core   0: 3 0x80000118 (0x0017f693) x13 0x00000000
core   0: 3 0x8000011c (0xfff70713) x14 0x00000000
core   0: 3 0x80000120 (0x0017d793) x15 0x3c8f6202
core   0: 3 0x80000124 (0x00068463)
core   0: 3 0x8000012c (0xfe0716e3)
core   0: 3 0x80000130 (0x00158593) x11 0x8000024b
core   0: 3 0x80000134 (0xfca59ce3)
core   0: 3 0x8000010c (0x0005c683) x13 0x000000ce mem 0x8000024b
core   0: 3 0x80000110 (0x00800713) x14 0x00000008
core   0: 3 0x80000114 (0x00d7c7b3) x15 0x3c8f62cc
core   0: 3 0x80000118 (0x0017f693) x13 0x00000000
core   0: 3 0x8000011c (0xfff70713) x14 0x00000007
core   0: 3 0x80000120 (0x0017d793) x15 0x1e47b166
core   0: 3 0x80000124 (0x00068463)
core   0: 3 0x8000012c (0xfe0716e3)
core   0: 3 0x80000118 (0x0017f693) x13 0x00000000
core   0: 3 0x8000011c (0xfff70713) x14 0x00000006
core   0: 3 0x80000120 (0x0017d793) x15 0x0f23d8b3
core   0: 3 0x80000124 (0x00068463)
core   0: 3 0x8000012c (0xfe0716e3)
core   0: 3 0x80000118 (0x0017f693) x13 0x00000001
core   0: 3 0x8000011c (0xfff70713) x14 0x00000005
core   0: 3 0x80000120 (0x0017d793) x15 0x0791ec59
core   0: 3 0x80000124 (0x00068463)
core   0: 3 0x80000128 (0x00c7c7b3) x15 0xea296f79
core   0: 3 0x8000012c (0xfe0716e3)
core   0: 3 0x80000118 (0x0017f693) x13 0x00000001
core   0: 3 0x8000011c (0xfff70713) x14 0x00000004
core   0: 3 0x80000120 (0x0017d793) x15 0x7514b7bc
core   0: 3 0x80000124 (0x00068463)
core   0: 3 0x80000128 (0x00c7c7b3) x15 0x98ac349c
core   0: 3 0x8000012c (0xfe0716e3)
core   0: 3 0x80000118 (0x0017f693) x13 0x00000000
core   0: 3 0x8000011c (0xfff70713) x14 0x00000003
core   0: 3 0x80000120 (0x0017d793) x15 0x4c561a4e
core   0: 3 0x80000124 (0x00068463)
core   0: 3 0x8000012c (0xfe0716e3)
core   0: 3 0x80000118 (0x0017f693) x13 0x00000000
core   0: 3 0x8000011c (0xfff70713) x14 0x00000002
core   0: 3 0x80000120 (0x0017d793) x15 0x262b0d27
core   0: 3 0x80000124 (0x00068463)
core   0: 3 0x8000012c (0xfe0716e3)
core   0: 3 0x80000118 (0x0017f693) x13 0x00000001
core   0: 3 0x8000011c (0xfff70713) x14 0x00000001
core   0: 3 0x80000120 (0x0017d793) x15 0x13158693
core   0: 3 0x80000124 (0x00068463)
core   0: 3 0x80000128 (0x00c7c7b3) x15 0xfead05b3
core   0: 3 0x8000012c (0xfe0716e3)
core   0: 3 0x80000118 (0x0017f693) x13 0x00000001
core   0: 3 0x8000011c (0xfff70713) x14 0x00000000
core   0: 3 0x80000120 (0x0017d793) x15 0x7f5682d9
core   0: 3 0x80000124 (0x00068463)
core   0: 3 0x80000128 (0x00c7c7b3) x15 0x92ee01f9
core   0: 3 0x8000012c (0xfe0716e3)
core   0: 3 0x80000130 (0x00158593) x11 0x8000024c
core   0: 3 0x80000134 (0xfca59ce3)
core   0: 3 0x8000010c (0x0005c683) x13 0x0000003c mem 0x8000024c
core   0: 3 0x80000110 (0x00800713) x14 0x00000008
core   0: 3 0x80000114 (0x00d7c7b3) x15 0x92ee01c5
core   0: 3 0x80000118 (0x0017f693) x13 0x00000001
core   0: 3 0x8000011c (0xfff70713) x14 0x00000007
core   0: 3 0x80000120 (0x0017d793) x15 0x497700e2
core   0: 3 0x80000124 (0x00068463)
core   0: 3 0x80000128 (0x00c7c7b3) x15 0xa4cf83c2
core   0: 3 0x8000012c (0xfe0716e3)
core   0: 3 0x80000118 (0x0017f693) x13 0x00000000
core   0: 3 0x8000011c (0xfff70713) x14 0x00000006
core   0: 3 0x80000120 (0x0017d793) x15 0x5267c1e1
core   0: 3 0x80000124 (0x00068463)
core   0: 3 0x8000012c (0xfe0716e3)
core   0: 3 0x80000118 (0x0017f693) x13 0x00000001
core   0: 3 0x8000011c (0xfff70713) x14 0x00000005
core   0: 3 0x80000120 (0x0017d793) x15 0x2933e0f0
core   0: 3 0x80000124 (0x00068463)
core   0: 3 0x80000128 (0x00c7c7b3) x15 0xc48b63d0
core   0: 3 0x8000012c (0xfe0716e3)
core   0: 3 0x80000118 (0x0017f693) x13 0x00000000
core   0: 3 0x8000011c (0xfff70713) x14 0x00000004
core   0: 3 0x80000120 (0x0017d793) x15 0x6245b1e8
core   0: 3 0x80000124 (0x00068463)
core   0: 3 0x8000012c (0xfe0716e3)
core   0: 3 0x80000118 (0x0017f693) x13 0x00000000
core   0: 3 0x8000011c (0xfff70713) x14 0x00000003
core   0: 3 0x80000120 (0x0017d793) x15 0x3122d8f4
core   0: 3 0x80000124 (0x00068463)
core   0: 3 0x8000012c (0xfe0716e3)
core   0: 3 0x80000118 (0x0017f693) x13 0x00000000
core   0: 3 0x8000011c (0xfff70713) x14 0x00000002
core   0: 3 0x80000120 (0x0017d793) x15 0x18916c7a
core   0: 3 0x80000124 (0x00068463)
core   0: 3 0x8000012c (0xfe0716e3)
core   0: 3 0x80000118 (0x0017f693) x13 0x00000000
core   0: 3 0x8000011c (0xfff70713) x14 0x00000001
core   0: 3 0x80000120 (0x0017d793) x15 0x0c48b63d
core   0: 3 0x80000124 (0x00068463)
core   0: 3 0x8000012c (0xfe0716e3)
core   0: 3 0x80000118 (0x0017f693) x13 0x00000001
core   0: 3 0x8000011c (0xfff70713) x14 0x00000000
core   0: 3 0x80000120 (0x0017d793) x15 0x06245b1e
core   0: 3 0x80000124 (0x00068463)
core   0: 3 0x80000128 (0x00c7c7b3) x15 0xeb9cd83e
core   0: 3 0x8000012c (0xfe0716e3)
core   0: 3 0x80000130 (0x00158593) x11 0x8000024d
core   0: 3 0x80000134 (0xfca59ce3)
core   0: 3 0x8000010c (0x0005c683) x13 0x000000e1 mem 0x8000024d
core   0: 3 0x80000110 (0x00800713) x14 0x00000008
core   0: 3 0x80000114 (0x00d7c7b3) x15 0xeb9cd8df
core   0: 3 0x80000118 (0x0017f693) x13 0x00000001
core   0: 3 0x8000011c (0xfff70713) x14 0x00000007
core   0: 3 0x80000120 (0x0017d793) x15 0x75ce6c6f
core   0: 3 0x80000124 (0x00068463)
core   0: 3 0x80000128 (0x00c7c7b3) x15 0x9876ef4f
core   0: 3 0x8000012c (0xfe0716e3)
core   0: 3 0x80000118 (0x0017f693) x13 0x00000001
core   0: 3 0x8000011c (0xfff70713) x14 0x00000006
core   0: 3 0x80000120 (0x0017d793) x15 0x4c3b77a7
core   0: 3 0x80000124 (0x00068463)
core   0: 3 0x80000128 (0x00c7c7b3) x15 0xa183f487
core   0: 3 0x8000012c (0xfe0716e3)
core   0: 3 0x80000118 (0x0017f693) x13 0x00000001
core   0: 3 0x8000011c (0xfff70713) x14 0x00000005
core   0: 3 0x80000120 (0x0017d793) x15 0x50c1fa43
core   0: 3 0x80000124 (0x00068463)
core   0: 3 0x80000128 (0x00c7c7b3) x15 0xbd797963
core   0: 3 0x8000012c (0xfe0716e3)
core   0: 3 0x80000118 (0x0017f693) x13 0x00000001
core   0: 3 0x8000011c (0xfff70713) x14 0x00000004
core   0: 3 0x80000120 (0x0017d793) x15 0x5ebcbcb1
core   0: 3 0x80000124 (0x00068463)
core   0: 3 0x80000128 (0x00c7c7b3) x15 0xb3043f91
core   0: 3 0x8000012c (0xfe0716e3)
core   0: 3 0x80000118 (0x0017f693) x13 0x00000001
core   0: 3 0x8000011c (0xfff70713) x14 0x00000003
core   0: 3 0x80000120 (0x0017d793) x15 0x59821fc8
core   0: 3 0x80000124 (0x00068463)
core   0: 3 0x80000128 (0x00c7c7b3) x15 0xb43a9ce8
core   0: 3 0x8000012c (0xfe0716e3)
core   0: 3 0x80000118 (0x0017f693) x13 0x00000000
core   0: 3 0x8000011c (0xfff70713) x14 0x00000002
core   0: 3 0x80000120 (0x0017d793) x15 0x5a1d4e74
core   0: 3 0x80000124 (0x00068463)
core   0: 3 0x8000012c (0xfe0716e3)
core   0: 3 0x80000118 (0x0017f693) x13 0x00000000
core   0: 3 0x8000011c (0xfff70713) x14 0x00000001
core   0: 3 0x80000120 (0x0017d793) x15 0x2d0ea73a
core   0: 3 0x80000124 (0x00068463)
core   0: 3 0x8000012c (0xfe0716e3)
core   0: 3 0x80000118 (0x0017f693) x13 0x00000000
core   0: 3 0x8000011c (0xfff70713) x14 0x00000000
core   0: 3 0x80000120 (0x0017d793) x15 0x1687539d
core   0: 3 0x80000124 (0x00068463)
core   0: 3 0x8000012c (0xfe0716e3)
core   0: 3 0x80000130 (0x00158593) x11 0x8000024e
core   0: 3 0x80000134 (0xfca59ce3)
core   0: 3 0x8000010c (0x0005c683) x13 0x000000e2 mem 0x8000024e
core   0: 3 0x80000110 (0x00800713) x14 0x00000008
core   0: 3 0x80000114 (0x00d7c7b3) x15 0x1687537f
core   0: 3 0x80000118 (0x0017f693) x13 0x00000001
core   0: 3 0x8000011c (0xfff70713) x14 0x00000007
core   0: 3 0x80000120 (0x0017d793) x15 0x0b43a9bf
core   0: 3 0x80000124 (0x00068463)
core   0: 3 0x80000128 (0x00c7c7b3) x15 0xe6fb2a9f
core   0: 3 0x8000012c (0xfe0716e3)
core   0: 3 0x80000118 (0x0017f693) x13 0x00000001
core   0: 3 0x8000011c (0xfff70713) x14 0x00000006
core   0: 3 0x80000120 (0x0017d793) x15 0x737d954f
core   0: 3 0x80000124 (0x00068463)
core   0: 3 0x80000128 (0x00c7c7b3) x15 0x9ec5166f
core   0: 3 0x8000012c (0xfe0716e3)
core   0: 3 0x80000118 (0x0017f693) x13 0x00000001
core   0: 3 0x8000011c (0xfff70713) x14 0x00000005
core   0: 3 0x80000120 (0x0017d793) x15 0x4f628b37
core   0: 3 0x80000124 (0x00068463)
core   0: 3 0x80000128 (0x00c7c7b3) x15 0xa2da0817
core   0: 3 0x8000012c (0xfe0716e3)
core   0: 3 0x80000118 (0x0017f693) x13 0x00000001
core   0: 3 0x8000011c (0xfff70713) x14 0x00000004
core   0: 3 0x80000120 (0x0017d793) x15 0x516d040b
core   0: 3 0x80000124 (0x00068463)
core   0: 3 0x80000128 (0x00c7c7b3) x15 0xbcd5872b
core   0: 3 0x8000012c (0xfe0716e3)
core   0: 3 0x80000118 (0x0017f693) x13 0x00000001
core   0: 3 0x8000011c (0xfff70713) x14 0x00000003
core   0: 3 0x80000120 (0x0017d793) x15 0x5e6ac395
core   0: 3 0x80000124 (0x00068463)
core   0: 3 0x80000128 (0x00c7c7b3) x15 0xb3d240b5
core   0: 3 0x8000012c (0xfe0716e3)
core   0: 3 0x80000118 (0x0017f693) x13 0x00000001
core   0: 3 0x8000011c (0xfff70713) x14 0x00000002
core   0: 3 0x80000120 (0x0017d793) x15 0x59e9205a
core   0: 3 0x80000124 (0x00068463)
core   0: 3 0x80000128 (0x00c7c7b3) x15 0xb451a37a
core   0: 3 0x8000012c (0xfe0716e3)
core   0: 3 0x80000118 (0x0017f693) x13 0x00000000
core   0: 3 0x8000011c (0xfff70713) x14 0x00000001
core   0: 3 0x80000120 (0x0017d793) x15 0x5a28d1bd
core   0: 3 0x80000124 (0x00068463)
core   0: 3 0x8000012c (0xfe0716e3)
core   0: 3 0x80000118 (0x0017f693) x13 0x00000001
core   0: 3 0x8000011c (0xfff70713) x14 0x00000000
core   0: 3 0x80000120 (0x0017d793) x15 0x2d1468de
core   0: 3 0x80000124 (0x00068463)
core   0: 3 0x80000128 (0x00c7c7b3) x15 0xc0acebfe
core   0: 3 0x8000012c (0xfe0716e3)
core   0: 3 0x80000130 (0x00158593) x11 0x8000024f
core   0: 3 0x80000134 (0xfca59ce3)
core   0: 3 0x8000010c (0x0005c683) x13 0x000000bd mem 0x8000024f
core   0: 3 0x80000110 (0x00800713) x14 0x00000008
core   0: 3 0x80000114 (0x00d7c7b3) x15 0xc0aceb43
core   0: 3 0x80000118 (0x0017f693) x13 0x00000001
core   0: 3 0x8000011c (0xfff70713) x14 0x00000007
core   0: 3 0x80000120 (0x0017d793) x15 0x605675a1
core   0: 3 0x80000124 (0x00068463)
core   0: 3 0x80000128 (0x00c7c7b3) x15 0x8deef681
core   0: 3 0x8000012c (0xfe0716e3)
core   0: 3 0x80000118 (0x0017f693) x13 0x00000001
core   0: 3 0x8000011c (0xfff70713) x14 0x00000006
core   0: 3 0x80000120 (0x0017d793) x15 0x46f77b40
core   0: 3 0x80000124 (0x00068463)
core   0: 3 0x80000128 (0x00c7c7b3) x15 0xab4ff860
core   0: 3 0x8000012c (0xfe0716e3)
core   0: 3 0x80000118 (0x0017f693) x13 0x00000000
core   0: 3 0x8000011c (0xfff70713) x14 0x00000005
core   0: 3 0x80000120 (0x0017d793) x15 0x55a7fc30
core   0: 3 0x80000124 (0x00068463)
core   0: 3 0x8000012c (0xfe0716e3)
core   0: 3 0x80000118 (0x0017f693) x13 0x00000000
core   0: 3 0x8000011c (0xfff70713) x14 0x00000004
core   0: 3 0x80000120 (0x0017d793) x15 0x2ad3fe18
core   0: 3 0x80000124 (0x00068463)
core   0: 3 0x8000012c (0xfe0716e3)
core   0: 3 0x80000118 (0x0017f693) x13 0x00000000
core   0: 3 0x8000011c (0xfff70713) x14 0x00000003
core   0: 3 0x80000120 (0x0017d793) x15 0x1569ff0c
core   0: 3 0x80000124 (0x00068463)
core   0: 3 0x8000012c (0xfe0716e3)
core   0: 3 0x80000118 (0x0017f693) x13 0x00000000
core   0: 3 0x8000011c (0xfff70713) x14 0x00000002
core   0: 3 0x80000120 (0x0017d793) x15 0x0ab4ff86
core   0: 3 0x80000124 (0x00068463)
core   0: 3 0x8000012c (0xfe0716e3)
core   0: 3 0x80000118 (0x0017f693) x13 0x00000000
core   0: 3 0x8000011c (0xfff70713) x14 0x00000001
core   0: 3 0x80000120 (0x0017d793) x15 0x055a7fc3
core   0: 3 0x80000124 (0x00068463)
core   0: 3 0x8000012c (0xfe0716e3)
core   0: 3 0x80000118 (0x0017f693) x13 0x00000001
core   0: 3 0x8000011c (0xfff70713) x14 0x00000000
core   0: 3 0x80000120 (0x0017d793) x15 0x02ad3fe1
core   0: 3 0x80000124 (0x00068463)
core   0: 3 0x80000128 (0x00c7c7b3) x15 0xef15bcc1
core   0: 3 0x8000012c (0xfe0716e3)
core   0: 3 0x80000130 (0x00158593) x11 0x80000250
core   0: 3 0x80000134 (0xfca59ce3)
core   0: 3 0x8000010c (0x0005c683) x13 0x000000dd mem 0x80000250
core   0: 3 0x80000110 (0x00800713) x14 0x00000008
core   0: 3 0x80000114 (0x00d7c7b3) x15 0xef15bc1c
core   0: 3 0x80000118 (0x0017f693) x13 0x00000000
core   0: 3 0x8000011c (0xfff70713) x14 0x00000007
core   0: 3 0x80000120 (0x0017d793) x15 0x778ade0e
core   0: 3 0x80000124 (0x00068463)
core   0: 3 0x8000012c (0xfe0716e3)
core   0: 3 0x80000118 (0x0017f693) x13 0x00000000
core   0: 3 0x8000011c (0xfff70713) x14 0x00000006
core   0: 3 0x80000120 (0x0017d793) x15 0x3bc56f07
core   0: 3 0x80000124 (0x00068463)
core   0: 3 0x8000012c (0xfe0716e3)
core   0: 3 0x80000118 (0x0017f693) x13 0x00000001
core   0: 3 0x8000011c (0xfff70713) x14 0x00000005
core   0: 3 0x80000120 (0x0017d793) x15 0x1de2b783
core   0: 3 0x80000124 (0x00068463)
core   0: 3 0x80000128 (0x00c7c7b3) x15 0xf05a34a3
core   0: 3 0x8000012c (0xfe0716e3)
core   0: 3 0x80000118 (0x0017f693) x13 0x00000001
core   0: 3 0x8000011c (0xfff70713) x14 0x00000004
core   0: 3 0x80000120 (0x0017d793) x15 0x782d1a51
core   0: 3 0x80000124 (0x00068463)
core   0: 3 0x80000128 (0x00c7c7b3) x15 0x95959971
core   0: 3 0x8000012c (0xfe0716e3)
core   0: 3 0x80000118 (0x0017f693) x13 0x00000001
core   0: 3 0x8000011c (0xfff70713) x14 0x00000003
core   0: 3 0x80000120 (0x0017d793) x15 0x4acaccb8
core   0: 3 0x80000124 (0x00068463)
core   0: 3 0x80000128 (0x00c7c7b3) x15 0xa7724f98
core   0: 3 0x8000012c (0xfe0716e3)
core   0: 3 0x80000118 (0x0017f693) x13 0x00000000
core   0: 3 0x8000011c (0xfff70713) x14 0x00000002
core   0: 3 0x80000120 (0x0017d793) x15 0x53b927cc
core   0: 3 0x80000124 (0x00068463)
core   0: 3 0x8000012c (0xfe0716e3)
core   0: 3 0x80000118 (0x0017f693) x13 0x00000000
core   0: 3 0x8000011c (0xfff70713) x14 0x00000001
core   0: 3 0x80000120 (0x0017d793) x15 0x29dc93e6
core   0: 3 0x80000124 (0x00068463)
core   0: 3 0x8000012c (0xfe0716e3)
core   0: 3 0x80000118 (0x0017f693) x13 0x00000000
core   0: 3 0x8000011c (0xfff70713) x14 0x00000000
core   0: 3 0x80000120 (0x0017d793) x15 0x14ee49f3
core   0: 3 0x80000124 (0x00068463)
core   0: 3 0x8000012c (0xfe0716e3)
core   0: 3 0x80000130 (0x00158593) x11 0x80000251
core   0: 3 0x80000134 (0xfca59ce3)
core   0: 3 0x8000010c (0x0005c683) x13 0x00000003 mem 0x80000251
core   0: 3 0x80000110 (0x00800713) x14 0x00000008
core   0: 3 0x80000114 (0x00d7c7b3) x15 0x14ee49f0
core   0: 3 0x80000118 (0x0017f693) x13 0x00000000
core   0: 3 0x8000011c (0xfff70713) x14 0x00000007
core   0: 3 0x80000120 (0x0017d793) x15 0x0a7724f8
core   0: 3 0x80000124 (0x00068463)
core   0: 3 0x8000012c (0xfe0716e3)
core   0: 3 0x80000118 (0x0017f693) x13 0x00000000
core   0: 3 0x8000011c (0xfff70713) x14 0x00000006
core   0: 3 0x80000120 (0x0017d793) x15 0x053b927c
core   0: 3 0x80000124 (0x00068463)
core   0: 3 0x8000012c (0xfe0716e3)
core   0: 3 0x80000118 (0x0017f693) x13 0x00000000
core   0: 3 0x8000011c (0xfff70713) x14 0x00000005
core   0: 3 0x80000120 (0x0017d793) x15 0x029dc93e
core   0: 3 0x80000124 (0x00068463)
core   0: 3 0x8000012c (0xfe0716e3)
core   0: 3 0x80000118 (0x0017f693) x13 0x00000000
core   0: 3 0x8000011c (0xfff70713) x14 0x00000004
core   0: 3 0x80000120 (0x0017d793) x15 0x014ee49f
core   0: 3 0x80000124 (0x00068463)
core   0: 3 0x8000012c (0xfe0716e3)
core   0: 3 0x80000118 (0x0017f693) x13 0x00000001
core   0: 3 0x8000011c (0xfff70713) x14 0x00000003
core   0: 3 0x80000120 (0x0017d793) x15 0x00a7724f
core   0: 3 0x80000124 (0x00068463)
core   0: 3 0x80000128 (0x00c7c7b3) x15 0xed1ff16f
core   0: 3 0x8000012c (0xfe0716e3)
core   0: 3 0x80000118 (0x0017f693) x13 0x00000001
core   0: 3 0x8000011c (0xfff70713) x14 0x00000002
core   0: 3 0x80000120 (0x0017d793) x15 0x768ff8b7
core   0: 3 0x80000124 (0x00068463)
core   0: 3 0x80000128 (0x00c7c7b3) x15 0x9b377b97
core   0: 3 0x8000012c (0xfe0716e3)
core   0: 3 0x80000118 (0x0017f693) x13 0x00000001
core   0: 3 0x8000011c (0xfff70713) x14 0x00000001
core   0: 3 0x80000120 (0x0017d793) x15 0x4d9bbdcb
core   0: 3 0x80000124 (0x00068463)
core   0: 3 0x80000128 (0x00c7c7b3) x15 0xa0233eeb
core   0: 3 0x8000012c (0xfe0716e3)
core   0: 3 0x80000118 (0x0017f693) x13 0x00000001
core   0: 3 0x8000011c (0xfff70713) x14 0x00000000
core   0: 3 0x80000120 (0x0017d793) x15 0x50119f75
core   0: 3 0x80000124 (0x00068463)
core   0: 3 0x80000128 (0x00c7c7b3) x15 0xbda91c55
core   0: 3 0x8000012c (0xfe0716e3)
core   0: 3 0x80000130 (0x00158593) x11 0x80000252
core   0: 3 0x80000134 (0xfca59ce3)
core   0: 3 0x8000010c (0x0005c683) x13 0x00000001 mem 0x80000252
core   0: 3 0x80000110 (0x00800713) x14 0x00000008
core   0: 3 0x80000114 (0x00d7c7b3) x15 0xbda91c54
core   0: 3 0x80000118 (0x0017f693) x13 0x00000000
core   0: 3 0x8000011c (0xfff70713) x14 0x00000007
core   0: 3 0x80000120 (0x0017d793) x15 0x5ed48e2a
core   0: 3 0x80000124 (0x00068463)
core   0: 3 0x8000012c (0xfe0716e3)
core   0: 3 0x80000118 (0x0017f693) x13 0x00000000
core   0: 3 0x8000011c (0xfff70713) x14 0x00000006
core   0: 3 0x80000120 (0x0017d793) x15 0x2f6a4715
core   0: 3 0x80000124 (0x00068463)
core   0: 3 0x8000012c (0xfe0716e3)
core   0: 3 0x80000118 (0x0017f693) x13 0x00000001
core   0: 3 0x8000011c (0xfff70713) x14 0x00000005
core   0: 3 0x80000120 (0x0017d793) x15 0x17b5238a
core   0: 3 0x80000124 (0x00068463)
core   0: 3 0x80000128 (0x00c7c7b3) x15 0xfa0da0aa
core   0: 3 0x8000012c (0xfe0716e3)
core   0: 3 0x80000118 (0x0017f693) x13 0x00000000
core   0: 3 0x8000011c (0xfff70713) x14 0x00000004
core   0: 3 0x80000120 (0x0017d793) x15 0x7d06d055
core   0: 3 0x80000124 (0x00068463)
core   0: 3 0x8000012c (0xfe0716e3)
core   0: 3 0x80000118 (0x0017f693) x13 0x00000001
core   0: 3 0x8000011c (0xfff70713) x14 0x00000003
core   0: 3 0x80000120 (0x0017d793) x15 0x3e83682a
core   0: 3 0x80000124 (0x00068463)
core   0: 3 0x80000128 (0x00c7c7b3) x15 0xd33beb0a
core   0: 3 0x8000012c (0xfe0716e3)
core   0: 3 0x80000118 (0x0017f693) x13 0x00000000
core   0: 3 0x8000011c (0xfff70713) x14 0x00000002
core   0: 3 0x80000120 (0x0017d793) x15 0x699df585
core   0: 3 0x80000124 (0x00068463)
core   0: 3 0x8000012c (0xfe0716e3)
core   0: 3 0x80000118 (0x0017f693) x13 0x00000001
core   0: 3 0x8000011c (0xfff70713) x14 0x00000001
core   0: 3 0x80000120 (0x0017d793) x15 0x34cefac2
core   0: 3 0x80000124 (0x00068463)
core   0: 3 0x80000128 (0x00c7c7b3) x15 0xd97679e2
core   0: 3 0x8000012c (0xfe0716e3)
core   0: 3 0x80000118 (0x0017f693) x13 0x00000000
core   0: 3 0x8000011c (0xfff70713) x14 0x00000000
core   0: 3 0x80000120 (0x0017d793) x15 0x6cbb3cf1
core   0: 3 0x80000124 (0x00068463)
core   0: 3 0x8000012c (0xfe0716e3)
core   0: 3 0x80000130 (0x00158593) x11 0x80000253
core   0: 3 0x80000134 (0xfca59ce3)
core   0: 3 0x8000010c (0x0005c683) x13 0x000000de mem 0x80000253
core   0: 3 0x80000110 (0x00800713) x14 0x00000008
core   0: 3 0x80000114 (0x00d7c7b3) x15 0x6cbb3c2f
core   0: 3 0x80000118 (0x0017f693) x13 0x00000001
core   0: 3 0x8000011c (0xfff70713) x14 0x00000007
core   0: 3 0x80000120 (0x0017d793) x15 0x365d9e17
core   0: 3 0x80000124 (0x00068463)
core   0: 3 0x80000128 (0x00c7c7b3) x15 0xdbe51d37
core   0: 3 0x8000012c (0xfe0716e3)
core   0: 3 0x80000118 (0x0017f693) x13 0x00000001
core   0: 3 0x8000011c (0xfff70713) x14 0x00000006
core   0: 3 0x80000120 (0x0017d793) x15 0x6df28e9b
core   0: 3 0x80000124 (0x00068463)
core   0: 3 0x80000128 (0x00c7c7b3) x15 0x804a0dbb
core   0: 3 0x8000012c (0xfe0716e3)
core   0: 3 0x80000118 (0x0017f693) x13 0x00000001
core   0: 3 0x8000011c (0xfff70713) x14 0x00000005
core   0: 3 0x80000120 (0x0017d793) x15 0x402506dd
core   0: 3 0x80000124 (0x00068463)
core   0: 3 0x80000128 (0x00c7c7b3) x15 0xad9d85fd
core   0: 3 0x8000012c (0xfe0716e3)
core   0: 3 0x80000118 (0x0017f693) x13 0x00000001
core   0: 3 0x8000011c (0xfff70713) x14 0x00000004
core   0: 3 0x80000120 (0x0017d793) x15 0x56cec2fe
core   0: 3 0x80000124 (0x00068463)
core   0: 3 0x80000128 (0x00c7c7b3) x15 0xbb7641de
core   0: 3 0x8000012c (0xfe0716e3)
core   0: 3 0x80000118 (0x0017f693) x13 0x00000000
core   0: 3 0x8000011c (0xfff70713) x14 0x00000003
core   0: 3 0x80000120 (0x0017d793) x15 0x5dbb20ef
core   0: 3 0x80000124 (0x00068463)
core   0: 3 0x8000012c (0xfe0716e3)
core   0: 3 0x80000118 (0x0017f693) x13 0x00000001
core   0: 3 0x8000011c (0xfff70713) x14 0x00000002
core   0: 3 0x80000120 (0x0017d793) x15 0x2edd9077
core   0: 3 0x80000124 (0x00068463)
core   0: 3 0x80000128 (0x00c7c7b3) x15 0xc3651357
core   0: 3 0x8000012c (0xfe0716e3)
core   0: 3 0x80000118 (0x0017f693) x13 0x00000001
core   0: 3 0x8000011c (0xfff70713) x14 0x00000001
core   0: 3 0x80000120 (0x0017d793) x15 0x61b289ab
core   0: 3 0x80000124 (0x00068463)
core   0: 3 0x80000128 (0x00c7c7b3) x15 0x8c0a0a8b
core   0: 3 0x8000012c (0xfe0716e3)
core   0: 3 0x80000118 (0x0017f693) x13 0x00000001
core   0: 3 0x8000011c (0xfff70713) x14 0x00000000
core   0: 3 0x80000120 (0x0017d793) x15 0x46050545
core   0: 3 0x80000124 (0x00068463)
core   0: 3 0x80000128 (0x00c7c7b3) x15 0xabbd8665
core   0: 3 0x8000012c (0xfe0716e3)
core   0: 3 0x80000130 (0x00158593) x11 0x80000254
core   0: 3 0x80000134 (0xfca59ce3)
core   0: 3 0x8000010c (0x0005c683) x13 0x000000a3 mem 0x80000254
core   0: 3 0x80000110 (0x00800713) x14 0x00000008
core   0: 3 0x80000114 (0x00d7c7b3) x15 0xabbd86c6
core   0: 3 0x80000118 (0x0017f693) x13 0x00000000
core   0: 3 0x8000011c (0xfff70713) x14 0x00000007
core   0: 3 0x80000120 (0x0017d793) x15 0x55dec363
core   0: 3 0x80000124 (0x00068463)
core   0: 3 0x8000012c (0xfe0716e3)
core   0: 3 0x80000118 (0x0017f693) x13 0x00000001
core   0: 3 0x8000011c (0xfff70713) x14 0x00000006
core   0: 3 0x80000120 (0x0017d793) x15 0x2aef61b1
core   0: 3 0x80000124 (0x00068463)
core   0: 3 0x80000128 (0x00c7c7b3) x15 0xc757e291
core   0: 3 0x8000012c (0xfe0716e3)
core   0: 3 0x80000118 (0x0017f693) x13 0x00000001
core   0: 3 0x8000011c (0xfff70713) x14 0x00000005
core   0: 3 0x80000120 (0x0017d793) x15 0x63abf148
core   0: 3 0x80000124 (0x00068463)
core   0: 3 0x80000128 (0x00c7c7b3) x15 0x8e137268
core   0: 3 0x8000012c (0xfe0716e3)
core   0: 3 0x80000118 (0x0017f693) x13 0x00000000
core   0: 3 0x8000011c (0xfff70713) x14 0x00000004
core   0: 3 0x80000120 (0x0017d793) x15 0x4709b934
core   0: 3 0x80000124 (0x00068463)
core   0: 3 0x8000012c (0xfe0716e3)
core   0: 3 0x80000118 (0x0017f693) x13 0x00000000
core   0: 3 0x8000011c (0xfff70713) x14 0x00000003
core   0: 3 0x80000120 (0x0017d793) x15 0x2384dc9a
core   0: 3 0x80000124 (0x00068463)
core   0: 3 0x8000012c (0xfe0716e3)
core   0: 3 0x80000118 (0x0017f693) x13 0x00000000
core   0: 3 0x8000011c (0xfff70713) x14 0x00000002
core   0: 3 0x80000120 (0x0017d793) x15 0x11c26e4d
core   0: 3 0x80000124 (0x00068463)
core   0: 3 0x8000012c (0xfe0716e3)
core   0: 3 0x80000118 (0x0017f693) x13 0x00000001
core   0: 3 0x8000011c (0xfff70713) x14 0x00000001
core   0: 3 0x80000120 (0x0017d793) x15 0x08e13726
core   0: 3 0x80000124 (0x00068463)
core   0: 3 0x80000128 (0x00c7c7b3) x15 0xe559b406
core   0: 3 0x8000012c (0xfe0716e3)
core   0: 3 0x80000118 (0x0017f693) x13 0x00000000
core   0: 3 0x8000011c (0xfff70713) x14 0x00000000
core   0: 3 0x80000120 (0x0017d793) x15 0x72acda03
core   0: 3 0x80000124 (0x00068463)
core   0: 3 0x8000012c (0xfe0716e3)
core   0: 3 0x80000130 (0x00158593) x11 0x80000255
core   0: 3 0x80000134 (0xfca59ce3)
core   0: 3 0x8000010c (0x0005c683) x13 0x0000007f mem 0x80000255
core   0: 3 0x80000110 (0x00800713) x14 0x00000008
core   0: 3 0x80000114 (0x00d7c7b3) x15 0x72acda7c
core   0: 3 0x80000118 (0x0017f693) x13 0x00000000
core   0: 3 0x8000011c (0xfff70713) x14 0x00000007
core   0: 3 0x80000120 (0x0017d793) x15 0x39566d3e
core   0: 3 0x80000124 (0x00068463)
core   0: 3 0x8000012c (0xfe0716e3)
core   0: 3 0x80000118 (0x0017f693) x13 0x00000000
core   0: 3 0x8000011c (0xfff70713) x14 0x00000006
core   0: 3 0x80000120 (0x0017d793) x15 0x1cab369f
core   0: 3 0x80000124 (0x00068463)
core   0: 3 0x8000012c (0xfe0716e3)
core   0: 3 0x80000118 (0x0017f693) x13 0x00000001
core   0: 3 0x8000011c (0xfff70713) x14 0x00000005
core   0: 3 0x80000120 (0x0017d793) x15 0x0e559b4f
core   0: 3 0x80000124 (0x00068463)
core   0: 3 0x80000128 (0x00c7c7b3) x15 0xe3ed186f
core   0: 3 0x8000012c (0xfe0716e3)
core   0: 3 0x80000118 (0x0017f693) x13 0x00000001
core   0: 3 0x8000011c (0xfff70713) x14 0x00000004
core   0: 3 0x80000120 (0x0017d793) x15 0x71f68c37
core   0: 3 0x80000124 (0x00068463)
core   0: 3 0x80000128 (0x00c7c7b3) x15 0x9c4e0f17
core   0: 3 0x8000012c (0xfe0716e3)
core   0: 3 0x80000118 (0x0017f693) x13 0x00000001
core   0: 3 0x8000011c (0xfff70713) x14 0x00000003
core   0: 3 0x80000120 (0x0017d793) x15 0x4e27078b
core   0: 3 0x80000124 (0x00068463)
core   0: 3 0x80000128 (0x00c7c7b3) x15 0xa39f84ab
core   0: 3 0x8000012c (0xfe0716e3)
core   0: 3 0x80000118 (0x0017f693) x13 0x00000001
core   0: 3 0x8000011c (0xfff70713) x14 0x00000002
core   0: 3 0x80000120 (0x0017d793) x15 0x51cfc255
core   0: 3 0x80000124 (0x00068463)
core   0: 3 0x80000128 (0x00c7c7b3) x15 0xbc774175
core   0: 3 0x8000012c (0xfe0716e3)
core   0: 3 0x80000118 (0x0017f693) x13 0x00000001
core   0: 3 0x8000011c (0xfff70713) x14 0x00000001
core   0: 3 0x80000120 (0x0017d793) x15 0x5e3ba0ba
core   0: 3 0x80000124 (0x00068463)
core   0: 3 0x80000128 (0x00c7c7b3) x15 0xb383239a
core   0: 3 0x8000012c (0xfe0716e3)
core   0: 3 0x80000118 (0x0017f693) x13 0x00000000
core   0: 3 0x8000011c (0xfff70713) x14 0x00000000
core   0: 3 0x80000120 (0x0017d793) x15 0x59c191cd
core   0: 3 0x80000124 (0x00068463)
core   0: 3 0x8000012c (0xfe0716e3)
core   0: 3 0x80000130 (0x00158593) x11 0x80000256
core   0: 3 0x80000134 (0xfca59ce3)
core   0: 3 0x8000010c (0x0005c683) x13 0x0000004b mem 0x80000256
core   0: 3 0x80000110 (0x00800713) x14 0x00000008
core   0: 3 0x80000114 (0x00d7c7b3) x15 0x59c19186
core   0: 3 0x80000118 (0x0017f693) x13 0x00000000
core   0: 3 0x8000011c (0xfff70713) x14 0x00000007
core   0: 3 0x80000120 (0x0017d793) x15 0x2ce0c8c3
core   0: 3 0x80000124 (0x00068463)
core   0: 3 0x8000012c (0xfe0716e3)
core   0: 3 0x80000118 (0x0017f693) x13 0x00000001
core   0: 3 0x8000011c (0xfff70713) x14 0x00000006
core   0: 3 0x80000120 (0x0017d793) x15 0x16706461
core   0: 3 0x80000124 (0x00068463)
core   0: 3 0x80000128 (0x00c7c7b3) x15 0xfbc8e741
core   0: 3 0x8000012c (0xfe0716e3)
core   0: 3 0x80000118 (0x0017f693) x13 0x00000001
core   0: 3 0x8000011c (0xfff70713) x14 0x00000005
core   0: 3 0x80000120 (0x0017d793) x15 0x7de473a0
core   0: 3 0x80000124 (0x00068463)
core   0: 3 0x80000128 (0x00c7c7b3) x15 0x905cf080
core   0: 3 0x8000012c (0xfe0716e3)
core   0: 3 0x80000118 (0x0017f693) x13 0x00000000
core   0: 3 0x8000011c (0xfff70713) x14 0x00000004
core   0: 3 0x80000120 (0x0017d793) x15 0x482e7840
core   0: 3 0x80000124 (0x00068463)
core   0: 3 0x8000012c (0xfe0716e3)
core   0: 3 0x80000118 (0x0017f693) x13 0x00000000
core   0: 3 0x8000011c (0xfff70713) x14 0x00000003
core   0: 3 0x80000120 (0x0017d793) x15 0x24173c20
core   0: 3 0x80000124 (0x00068463)
core   0: 3 0x8000012c (0xfe0716e3)
core   0: 3 0x80000118 (0x0017f693) x13 0x00000000
core   0: 3 0x8000011c (0xfff70713) x14 0x00000002
core   0: 3 0x80000120 (0x0017d793) x15 0x120b9e10
core   0: 3 0x80000124 (0x00068463)
core   0: 3 0x8000012c (0xfe0716e3)
core   0: 3 0x80000118 (0x0017f693) x13 0x00000000
core   0: 3 0x8000011c (0xfff70713) x14 0x00000001
core   0: 3 0x80000120 (0x0017d793) x15 0x0905cf08
core   0: 3 0x80000124 (0x00068463)
core   0: 3 0x8000012c (0xfe0716e3)
core   0: 3 0x80000118 (0x0017f693) x13 0x00000000
core   0: 3 0x8000011c (0xfff70713) x14 0x00000000
core   0: 3 0x80000120 (0x0017d793) x15 0x0482e784
core   0: 3 0x80000124 (0x00068463)
core   0: 3 0x8000012c (0xfe0716e3)
core   0: 3 0x80000130 (0x00158593) x11 0x80000257
core   0: 3 0x80000134 (0xfca59ce3)
core   0: 3 0x8000010c (0x0005c683) x13 0x000000a6 mem 0x80000257
core   0: 3 0x80000110 (0x00800713) x14 0x00000008
core   0: 3 0x80000114 (0x00d7c7b3) x15 0x0482e722
core   0: 3 0x80000118 (0x0017f693) x13 0x00000000
core   0: 3 0x8000011c (0xfff70713) x14 0x00000007
core   0: 3 0x80000120 (0x0017d793) x15 0x02417391
core   0: 3 0x80000124 (0x00068463)
core   0: 3 0x8000012c (0xfe0716e3)
core   0: 3 0x80000118 (0x0017f693) x13 0x00000001
core   0: 3 0x8000011c (0xfff70713) x14 0x00000006
core   0: 3 0x80000120 (0x0017d793) x15 0x0120b9c8
core   0: 3 0x80000124 (0x00068463)
core   0: 3 0x80000128 (0x00c7c7b3) x15 0xec983ae8
core   0: 3 0x8000012c (0xfe0716e3)
core   0: 3 0x80000118 (0x0017f693) x13 0x00000000
core   0: 3 0x8000011c (0xfff70713) x14 0x00000005
core   0: 3 0x80000120 (0x0017d793) x15 0x764c1d74
core   0: 3 0x80000124 (0x00068463)
core   0: 3 0x8000012c (0xfe0716e3)
core   0: 3 0x80000118 (0x0017f693) x13 0x00000000
core   0: 3 0x8000011c (0xfff70713) x14 0x00000004
core   0: 3 0x80000120 (0x0017d793) x15 0x3b260eba
core   0: 3 0x80000124 (0x00068463)
core   0: 3 0x8000012c (0xfe0716e3)
core   0: 3 0x80000118 (0x0017f693) x13 0x00000000
core   0: 3 0x8000011c (0xfff70713) x14 0x00000003
core   0: 3 0x80000120 (0x0017d793) x15 0x1d93075d
core   0: 3 0x80000124 (0x00068463)
core   0: 3 0x8000012c (0xfe0716e3)
core   0: 3 0x80000118 (0x0017f693) x13 0x00000001
core   0: 3 0x8000011c (0xfff70713) x14 0x00000002
core   0: 3 0x80000120 (0x0017d793) x15 0x0ec983ae
core   0: 3 0x80000124 (0x00068463)
core   0: 3 0x80000128 (0x00c7c7b3) x15 0xe371008e
core   0: 3 0x8000012c (0xfe0716e3)
core   0: 3 0x80000118 (0x0017f693) x13 0x00000000
core   0: 3 0x8000011c (0xfff70713) x14 0x00000001
core   0: 3 0x80000120 (0x0017d793) x15 0x71b88047
core   0: 3 0x80000124 (0x00068463)
core   0: 3 0x8000012c (0xfe0716e3)
core   0: 3 0x80000118 (0x0017f693) x13 0x00000001
core   0: 3 0x8000011c (0xfff70713) x14 0x00000000
core   0: 3 0x80000120 (0x0017d793) x15 0x38dc4023
core   0: 3 0x80000124 (0x00068463)
core   0: 3 0x80000128 (0x00c7c7b3) x15 0xd564c303
core   0: 3 0x8000012c (0xfe0716e3)
core   0: 3 0x80000130 (0x00158593) x11 0x80000258
core   0: 3 0x80000134 (0xfca59ce3)
core   0: 3 0x8000010c (0x0005c683) x13 0x0000002b mem 0x80000258
core   0: 3 0x80000110 (0x00800713) x14 0x00000008
core   0: 3 0x80000114 (0x00d7c7b3) x15 0xd564c328
core   0: 3 0x80000118 (0x0017f693) x13 0x00000000
core   0: 3 0x8000011c (0xfff70713) x14 0x00000007
core   0: 3 0x80000120 (0x0017d793) x15 0x6ab26194
core   0: 3 0x80000124 (0x00068463)
core   0: 3 0x8000012c (0xfe0716e3)
core   0: 3 0x80000118 (0x0017f693) x13 0x00000000
core   0: 3 0x8000011c (0xfff70713) x14 0x00000006
core   0: 3 0x80000120 (0x0017d793) x15 0x355930ca
core   0: 3 0x80000124 (0x00068463)
core   0: 3 0x8000012c (0xfe0716e3)
core   0: 3 0x80000118 (0x0017f693) x13 0x00000000
core   0: 3 0x8000011c (0xfff70713) x14 0x00000005
core   0: 3 0x80000120 (0x0017d793) x15 0x1aac9865
core   0: 3 0x80000124 (0x00068463)
core   0: 3 0x8000012c (0xfe0716e3)
core   0: 3 0x80000118 (0x0017f693) x13 0x00000001
core   0: 3 0x8000011c (0xfff70713) x14 0x00000004
core   0: 3 0x80000120 (0x0017d793) x15 0x0d564c32
core   0: 3 0x80000124 (0x00068463)
core   0: 3 0x80000128 (0x00c7c7b3) x15 0xe0eecf12
core   0: 3 0x8000012c (0xfe0716e3)
core   0: 3 0x80000118 (0x0017f693) x13 0x00000000
core   0: 3 0x8000011c (0xfff70713) x14 0x00000003
core   0: 3 0x80000120 (0x0017d793) x15 0x70776789
core   0: 3 0x80000124 (0x00068463)
core   0: 3 0x8000012c (0xfe0716e3)
core   0: 3 0x80000118 (0x0017f693) x13 0x00000001
core   0: 3 0x8000011c (0xfff70713) x14 0x00000002
core   0: 3 0x80000120 (0x0017d793) x15 0x383bb3c4
core   0: 3 0x80000124 (0x00068463)
core   0: 3 0x80000128 (0x00c7c7b3) x15 0xd58330e4
core   0: 3 0x8000012c (0xfe0716e3)
core   0: 3 0x80000118 (0x0017f693) x13 0x00000000
core   0: 3 0x8000011c (0xfff70713) x14 0x00000001
core   0: 3 0x80000120 (0x0017d793) x15 0x6ac19872
core   0: 3 0x80000124 (0x00068463)
core   0: 3 0x8000012c (0xfe0716e3)
core   0: 3 0x80000118 (0x0017f693) x13 0x00000000
core   0: 3 0x8000011c (0xfff70713) x14 0x00000000
core   0: 3 0x80000120 (0x0017d793) x15 0x3560cc39
core   0: 3 0x80000124 (0x00068463)
core   0: 3 0x8000012c (0xfe0716e3)
core   0: 3 0x80000130 (0x00158593) x11 0x80000259
core   0: 3 0x80000134 (0xfca59ce3)
core   0: 3 0x8000010c (0x0005c683) x13 0x000000a7 mem 0x80000259
core   0: 3 0x80000110 (0x00800713) x14 0x00000008
core   0: 3 0x80000114 (0x00d7c7b3) x15 0x3560cc9e
core   0: 3 0x80000118 (0x0017f693) x13 0x00000000
core   0: 3 0x8000011c (0xfff70713) x14 0x00000007
core   0: 3 0x80000120 (0x0017d793) x15 0x1ab0664f
core   0: 3 0x80000124 (0x00068463)
core   0: 3 0x8000012c (0xfe0716e3)
core   0: 3 0x80000118 (0x0017f693) x13 0x00000001
core   0: 3 0x8000011c (0xfff70713) x14 0x00000006
core   0: 3 0x80000120 (0x0017d793) x15 0x0d583327
core   0: 3 0x80000124 (0x00068463)
core   0: 3 0x80000128 (0x00c7c7b3) x15 0xe0e0b007
core   0: 3 0x8000012c (0xfe0716e3)
core   0: 3 0x80000118 (0x0017f693) x13 0x00000001
core   0: 3 0x8000011c (0xfff70713) x14 0x00000005
core   0: 3 0x80000120 (0x0017d793) x15 0x70705803
core   0: 3 0x80000124 (0x00068463)
core   0: 3 0x80000128 (0x00c7c7b3) x15 0x9dc8db23
core   0: 3 0x8000012c (0xfe0716e3)
core   0: 3 0x80000118 (0x0017f693) x13 0x00000001
core   0: 3 0x8000011c (0xfff70713) x14 0x00000004
core   0: 3 0x80000120 (0x0017d793) x15 0x4ee46d91
core   0: 3 0x80000124 (0x00068463)
core   0: 3 0x80000128 (0x00c7c7b3) x15 0xa35ceeb1
core   0: 3 0x8000012c (0xfe0716e3)
core   0: 3 0x80000118 (0x0017f693) x13 0x00000001
core   0: 3 0x8000011c (0xfff70713) x14 0x00000003
core   0: 3 0x80000120 (0x0017d793) x15 0x51ae7758
core   0: 3 0x80000124 (0x00068463)
core   0: 3 0x80000128 (0x00c7c7b3) x15 0xbc16f478
core   0: 3 0x8000012c (0xfe0716e3)
core   0: 3 0x80000118 (0x0017f693) x13 0x00000000
core   0: 3 0x8000011c (0xfff70713) x14 0x00000002
core   0: 3 0x80000120 (0x0017d793) x15 0x5e0b7a3c
core   0: 3 0x80000124 (0x00068463)
core   0: 3 0x8000012c (0xfe0716e3)
core   0: 3 0x80000118 (0x0017f693) x13 0x00000000
core   0: 3 0x8000011c (0xfff70713) x14 0x00000001
core   0: 3 0x80000120 (0x0017d793) x15 0x2f05bd1e
core   0: 3 0x80000124 (0x00068463)
core   0: 3 0x8000012c (0xfe0716e3)
core   0: 3 0x80000118 (0x0017f693) x13 0x00000000
core   0: 3 0x8000011c (0xfff70713) x14 0x00000000
core   0: 3 0x80000120 (0x0017d793) x15 0x1782de8f
core   0: 3 0x80000124 (0x00068463)
core   0: 3 0x8000012c (0xfe0716e3)
core   0: 3 0x80000130 (0x00158593) x11 0x8000025a
core   0: 3 0x80000134 (0xfca59ce3)
core   0: 3 0x8000010c (0x0005c683) x13 0x00000005 mem 0x8000025a
core   0: 3 0x80000110 (0x00800713) x14 0x00000008
core   0: 3 0x80000114 (0x00d7c7b3) x15 0x1782de8a
core   0: 3 0x80000118 (0x0017f693) x13 0x00000000
core   0: 3 0x8000011c (0xfff70713) x14 0x00000007
core   0: 3 0x80000120 (0x0017d793) x15 0x0bc16f45
core   0: 3 0x80000124 (0x00068463)
core   0: 3 0x8000012c (0xfe0716e3)
core   0: 3 0x80000118 (0x0017f693) x13 0x00000001
core   0: 3 0x8000011c (0xfff70713) x14 0x00000006
core   0: 3 0x80000120 (0x0017d793) x15 0x05e0b7a2
core   0: 3 0x80000124 (0x00068463)
core   0: 3 0x80000128 (0x00c7c7b3) x15 0xe8583482
core   0: 3 0x8000012c (0xfe0716e3)
core   0: 3 0x80000118 (0x0017f693) x13 0x00000000
core   0: 3 0x8000011c (0xfff70713) x14 0x00000005
core   0: 3 0x80000120 (0x0017d793) x15 0x742c1a41
core   0: 3 0x80000124 (0x00068463)
core   0: 3 0x8000012c (0xfe0716e3)
core   0: 3 0x80000118 (0x0017f693) x13 0x00000001
core   0: 3 0x8000011c (0xfff70713) x14 0x00000004
core   0: 3 0x80000120 (0x0017d793) x15 0x3a160d20
core   0: 3 0x80000124 (0x00068463)
core   0: 3 0x80000128 (0x00c7c7b3) x15 0xd7ae8e00
core   0: 3 0x8000012c (0xfe0716e3)
core   0: 3 0x80000118 (0x0017f693) x13 0x00000000
core   0: 3 0x8000011c (0xfff70713) x14 0x00000003
core   0: 3 0x80000120 (0x0017d793) x15 0x6bd74700
core   0: 3 0x80000124 (0x00068463)
core   0: 3 0x8000012c (0xfe0716e3)
core   0: 3 0x80000118 (0x0017f693) x13 0x00000000
core   0: 3 0x8000011c (0xfff70713) x14 0x00000002
core   0: 3 0x80000120 (0x0017d793) x15 0x35eba380
core   0: 3 0x80000124 (0x00068463)
core   0: 3 0x8000012c (0xfe0716e3)
core   0: 3 0x80000118 (0x0017f693) x13 0x00000000
core   0: 3 0x8000011c (0xfff70713) x14 0x00000001
core   0: 3 0x80000120 (0x0017d793) x15 0x1af5d1c0
core   0: 3 0x80000124 (0x00068463)
core   0: 3 0x8000012c (0xfe0716e3)
core   0: 3 0x80000118 (0x0017f693) x13 0x00000000
core   0: 3 0x8000011c (0xfff70713) x14 0x00000000
core   0: 3 0x80000120 (0x0017d793) x15 0x0d7ae8e0
core   0: 3 0x80000124 (0x00068463)
core   0: 3 0x8000012c (0xfe0716e3)
core   0: 3 0x80000130 (0x00158593) x11 0x8000025b
core   0: 3 0x80000134 (0xfca59ce3)
core   0: 3 0x8000010c (0x0005c683) x13 0x00000036 mem 0x8000025b
core   0: 3 0x80000110 (0x00800713) x14 0x00000008
core   0: 3 0x80000114 (0x00d7c7b3) x15 0x0d7ae8d6
core   0: 3 0x80000118 (0x0017f693) x13 0x00000000
core   0: 3 0x8000011c (0xfff70713) x14 0x00000007
core   0: 3 0x80000120 (0x0017d793) x15 0x06bd746b
core   0: 3 0x80000124 (0x00068463)
core   0: 3 0x8000012c (0xfe0716e3)
core   0: 3 0x80000118 (0x0017f693) x13 0x00000001
core   0: 3 0x8000011c (0xfff70713) x14 0x00000006
core   0: 3 0x80000120 (0x0017d793) x15 0x035eba35
core   0: 3 0x80000124 (0x00068463)
core   0: 3 0x80000128 (0x00c7c7b3) x15 0xeee63915
core   0: 3 0x8000012c (0xfe0716e3)
core   0: 3 0x80000118 (0x0017f693) x13 0x00000001
core   0: 3 0x8000011c (0xfff70713) x14 0x00000005
core   0: 3 0x80000120 (0x0017d793) x15 0x77731c8a
core   0: 3 0x80000124 (0x00068463)
core   0: 3 0x80000128 (0x00c7c7b3) x15 0x9acb9faa
core   0: 3 0x8000012c (0xfe0716e3)
core   0: 3 0x80000118 (0x0017f693) x13 0x00000000
core   0: 3 0x8000011c (0xfff70713) x14 0x00000004
core   0: 3 0x80000120 (0x0017d793) x15 0x4d65cfd5
core   0: 3 0x80000124 (0x00068463)
core   0: 3 0x8000012c (0xfe0716e3)
core   0: 3 0x80000118 (0x0017f693) x13 0x00000001
core   0: 3 0x8000011c (0xfff70713) x14 0x00000003
core   0: 3 0x80000120 (0x0017d793) x15 0x26b2e7ea
core   0: 3 0x80000124 (0x00068463)
core   0: 3 0x80000128 (0x00c7c7b3) x15 0xcb0a64ca
core   0: 3 0x8000012c (0xfe0716e3)
core   0: 3 0x80000118 (0x0017f693) x13 0x00000000
core   0: 3 0x8000011c (0xfff70713) x14 0x00000002
core   0: 3 0x80000120 (0x0017d793) x15 0x65853265
core   0: 3 0x80000124 (0x00068463)
core   0: 3 0x8000012c (0xfe0716e3)
core   0: 3 0x80000118 (0x0017f693) x13 0x00000001
core   0: 3 0x8000011c (0xfff70713) x14 0x00000001
core   0: 3 0x80000120 (0x0017d793) x15 0x32c29932
core   0: 3 0x80000124 (0x00068463)
core   0: 3 0x80000128 (0x00c7c7b3) x15 0xdf7a1a12
core   0: 3 0x8000012c (0xfe0716e3)
core   0: 3 0x80000118 (0x0017f693) x13 0x00000000
core   0: 3 0x8000011c (0xfff70713) x14 0x00000000
core   0: 3 0x80000120 (0x0017d793) x15 0x6fbd0d09
core   0: 3 0x80000124 (0x00068463)
core   0: 3 0x8000012c (0xfe0716e3)
core   0: 3 0x80000130 (0x00158593) x11 0x8000025c
core   0: 3 0x80000134 (0xfca59ce3)
core   0: 3 0x8000010c (0x0005c683) x13 0x00000010 mem 0x8000025c
core   0: 3 0x80000110 (0x00800713) x14 0x00000008
core   0: 3 0x80000114 (0x00d7c7b3) x15 0x6fbd0d19
core   0: 3 0x80000118 (0x0017f693) x13 0x00000001
core   0: 3 0x8000011c (0xfff70713) x14 0x00000007
core   0: 3 0x80000120 (0x0017d793) x15 0x37de868c
core   0: 3 0x80000124 (0x00068463)
core   0: 3 0x80000128 (0x00c7c7b3) x15 0xda6605ac
core   0: 3 0x8000012c (0xfe0716e3)
core   0: 3 0x80000118 (0x0017f693) x13 0x00000000
core   0: 3 0x8000011c (0xfff70713) x14 0x00000006
core   0: 3 0x80000120 (0x0017d793) x15 0x6d3302d6
core   0: 3 0x80000124 (0x00068463)
core   0: 3 0x8000012c (0xfe0716e3)
core   0: 3 0x80000118 (0x0017f693) x13 0x00000000
core   0: 3 0x8000011c (0xfff70713) x14 0x00000005
core   0: 3 0x80000120 (0x0017d793) x15 0x3699816b
core   0: 3 0x80000124 (0x00068463)
core   0: 3 0x8000012c (0xfe0716e3)
core   0: 3 0x80000118 (0x0017f693) x13 0x00000001
core   0: 3 0x8000011c (0xfff70713) x14 0x00000004
core   0: 3 0x80000120 (0x0017d793) x15 0x1b4cc0b5
core   0: 3 0x80000124 (0x00068463)
core   0: 3 0x80000128 (0x00c7c7b3) x15 0xf6f44395
core   0: 3 0x8000012c (0xfe0716e3)
core   0: 3 0x80000118 (0x0017f693) x13 0x00000001
core   0: 3 0x8000011c (0xfff70713) x14 0x00000003
core   0: 3 0x80000120 (0x0017d793) x15 0x7b7a21ca
core   0: 3 0x80000124 (0x00068463)
core   0: 3 0x80000128 (0x00c7c7b3) x15 0x96c2a2ea
core   0: 3 0x8000012c (0xfe0716e3)
core   0: 3 0x80000118 (0x0017f693) x13 0x00000000
core   0: 3 0x8000011c (0xfff70713) x14 0x00000002
core   0: 3 0x80000120 (0x0017d793) x15 0x4b615175
core   0: 3 0x80000124 (0x00068463)
core   0: 3 0x8000012c (0xfe0716e3)
core   0: 3 0x80000118 (0x0017f693) x13 0x00000001
core   0: 3 0x8000011c (0xfff70713) x14 0x00000001
core   0: 3 0x80000120 (0x0017d793) x15 0x25b0a8ba
core   0: 3 0x80000124 (0x00068463)
core   0: 3 0x80000128 (0x00c7c7b3) x15 0xc8082b9a
core   0: 3 0x8000012c (0xfe0716e3)
core   0: 3 0x80000118 (0x0017f693) x13 0x00000000
core   0: 3 0x8000011c (0xfff70713) x14 0x00000000
core   0: 3 0x80000120 (0x0017d793) x15 0x640415cd
core   0: 3 0x80000124 (0x00068463)
core   0: 3 0x8000012c (0xfe0716e3)
core   0: 3 0x80000130 (0x00158593) x11 0x8000025d
core   0: 3 0x80000134 (0xfca59ce3)
core   0: 3 0x8000010c (0x0005c683) x13 0x000000c2 mem 0x8000025d
core   0: 3 0x80000110 (0x00800713) x14 0x00000008
core   0: 3 0x80000114 (0x00d7c7b3) x15 0x6404150f
core   0: 3 0x80000118 (0x0017f693) x13 0x00000001
core   0: 3 0x8000011c (0xfff70713) x14 0x00000007
core   0: 3 0x80000120 (0x0017d793) x15 0x32020a87
core   0: 3 0x80000124 (0x00068463)
core   0: 3 0x80000128 (0x00c7c7b3) x15 0xdfba89a7
core   0: 3 0x8000012c (0xfe0716e3)
core   0: 3 0x80000118 (0x0017f693) x13 0x00000001
core   0: 3 0x8000011c (0xfff70713) x14 0x00000006
core   0: 3 0x80000120 (0x0017d793) x15 0x6fdd44d3
core   0: 3 0x80000124 (0x00068463)
core   0: 3 0x80000128 (0x00c7c7b3) x15 0x8265c7f3
core   0: 3 0x8000012c (0xfe0716e3)
core   0: 3 0x80000118 (0x0017f693) x13 0x00000001
core   0: 3 0x8000011c (0xfff70713) x14 0x00000005
core   0: 3 0x80000120 (0x0017d793) x15 0x4132e3f9
core   0: 3 0x80000124 (0x00068463)
core   0: 3 0x80000128 (0x00c7c7b3) x15 0xac8a60d9
core   0: 3 0x8000012c (0xfe0716e3)
core   0: 3 0x80000118 (0x0017f693) x13 0x00000001
core   0: 3 0x8000011c (0xfff70713) x14 0x00000004
core   0: 3 0x80000120 (0x0017d793) x15 0x5645306c
core   0: 3 0x80000124 (0x00068463)
core   0: 3 0x80000128 (0x00c7c7b3) x15 0xbbfdb34c
core   0: 3 0x8000012c (0xfe0716e3)
core   0: 3 0x80000118 (0x0017f693) x13 0x00000000
core   0: 3 0x8000011c (0xfff70713) x14 0x00000003
core   0: 3 0x80000120 (0x0017d793) x15 0x5dfed9a6
core   0: 3 0x80000124 (0x00068463)
core   0: 3 0x8000012c (0xfe0716e3)
core   0: 3 0x80000118 (0x0017f693) x13 0x00000000
core   0: 3 0x8000011c (0xfff70713) x14 0x00000002
core   0: 3 0x80000120 (0x0017d793) x15 0x2eff6cd3
core   0: 3 0x80000124 (0x00068463)
core   0: 3 0x8000012c (0xfe0716e3)
core   0: 3 0x80000118 (0x0017f693) x13 0x00000001
core   0: 3 0x8000011c (0xfff70713) x14 0x00000001
core   0: 3 0x80000120 (0x0017d793) x15 0x177fb669
core   0: 3 0x80000124 (0x00068463)
core   0: 3 0x80000128 (0x00c7c7b3) x15 0xfac73549
core   0: 3 0x8000012c (0xfe0716e3)
core   0: 3 0x80000118 (0x0017f693) x13 0x00000001
core   0: 3 0x8000011c (0xfff70713) x14 0x00000000
core   0: 3 0x80000120 (0x0017d793) x15 0x7d639aa4
core   0: 3 0x80000124 (0x00068463)
core   0: 3 0x80000128 (0x00c7c7b3) x15 0x90db1984
core   0: 3 0x8000012c (0xfe0716e3)
core   0: 3 0x80000130 (0x00158593) x11 0x8000025e
core   0: 3 0x80000134 (0xfca59ce3)
core   0: 3 0x8000010c (0x0005c683) x13 0x00000094 mem 0x8000025e
core   0: 3 0x80000110 (0x00800713) x14 0x00000008
core   0: 3 0x80000114 (0x00d7c7b3) x15 0x90db1910
core   0: 3 0x80000118 (0x0017f693) x13 0x00000000
core   0: 3 0x8000011c (0xfff70713) x14 0x00000007
core   0: 3 0x80000120 (0x0017d793) x15 0x486d8c88
core   0: 3 0x80000124 (0x00068463)
core   0: 3 0x8000012c (0xfe0716e3)
core   0: 3 0x80000118 (0x0017f693) x13 0x00000000
core   0: 3 0x8000011c (0xfff70713) x14 0x00000006
core   0: 3 0x80000120 (0x0017d793) x15 0x2436c644
core   0: 3 0x80000124 (0x00068463)
core   0: 3 0x8000012c (0xfe0716e3)
core   0: 3 0x80000118 (0x0017f693) x13 0x00000000
core   0: 3 0x8000011c (0xfff70713) x14 0x00000005
core   0: 3 0x80000120 (0x0017d793) x15 0x121b6322
core   0: 3 0x80000124 (0x00068463)
core   0: 3 0x8000012c (0xfe0716e3)
core   0: 3 0x80000118 (0x0017f693) x13 0x00000000
core   0: 3 0x8000011c (0xfff70713) x14 0x00000004
core   0: 3 0x80000120 (0x0017d793) x15 0x090db191
core   0: 3 0x80000124 (0x00068463)
core   0: 3 0x8000012c (0xfe0716e3)
core   0: 3 0x80000118 (0x0017f693) x13 0x00000001
core   0: 3 0x8000011c (0xfff70713) x14 0x00000003
core   0: 3 0x80000120 (0x0017d793) x15 0x0486d8c8
core   0: 3 0x80000124 (0x00068463)
core   0: 3 0x80000128 (0x00c7c7b3) x15 0xe93e5be8
core   0: 3 0x8000012c (0xfe0716e3)
core   0: 3 0x80000118 (0x0017f693) x13 0x00000000
core   0: 3 0x8000011c (0xfff70713) x14 0x00000002
core   0: 3 0x80000120 (0x0017d793) x15 0x749f2df4
core   0: 3 0x80000124 (0x00068463)
core   0: 3 0x8000012c (0xfe0716e3)
core   0: 3 0x80000118 (0x0017f693) x13 0x00000000
core   0: 3 0x8000011c (0xfff70713) x14 0x00000001
core   0: 3 0x80000120 (0x0017d793) x15 0x3a4f96fa
core   0: 3 0x80000124 (0x00068463)
core   0: 3 0x8000012c (0xfe0716e3)
core   0: 3 0x80000118 (0x0017f693) x13 0x00000000
core   0: 3 0x8000011c (0xfff70713) x14 0x00000000
core   0: 3 0x80000120 (0x0017d793) x15 0x1d27cb7d
core   0: 3 0x80000124 (0x00068463)
core   0: 3 0x8000012c (0xfe0716e3)
core   0: 3 0x80000130 (0x00158593) x11 0x8000025f
core   0: 3 0x80000134 (0xfca59ce3)
core   0: 3 0x8000010c (0x0005c683) x13 0x00000023 mem 0x8000025f
core   0: 3 0x80000110 (0x00800713) x14 0x00000008
core   0: 3 0x80000114 (0x00d7c7b3) x15 0x1d27cb5e
core   0: 3 0x80000118 (0x0017f693) x13 0x00000000
core   0: 3 0x8000011c (0xfff70713) x14 0x00000007
core   0: 3 0x80000120 (0x0017d793) x15 0x0e93e5af
core   0: 3 0x80000124 (0x00068463)
core   0: 3 0x8000012c (0xfe0716e3)
core   0: 3 0x80000118 (0x0017f693) x13 0x00000001
core   0: 3 0x8000011c (0xfff70713) x14 0x00000006
core   0: 3 0x80000120 (0x0017d793) x15 0x0749f2d7
core   0: 3 0x80000124 (0x00068463)
core   0: 3 0x80000128 (0x00c7c7b3) x15 0xeaf171f7
core   0: 3 0x8000012c (0xfe0716e3)
core   0: 3 0x80000118 (0x0017f693) x13 0x00000001
core   0: 3 0x8000011c (0xfff70713) x14 0x00000005
core   0: 3 0x80000120 (0x0017d793) x15 0x7578b8fb
core   0: 3 0x80000124 (0x00068463)
core   0: 3 0x80000128 (0x00c7c7b3) x15 0x98c03bdb
core   0: 3 0x8000012c (0xfe0716e3)
core   0: 3 0x80000118 (0x0017f693) x13 0x00000001
core   0: 3 0x8000011c (0xfff70713) x14 0x00000004
core   0: 3 0x80000120 (0x0017d793) x15 0x4c601ded
core   0: 3 0x80000124 (0x00068463)
core   0: 3 0x80000128 (0x00c7c7b3) x15 0xa1d89ecd
core   0: 3 0x8000012c (0xfe0716e3)
core   0: 3 0x80000118 (0x0017f693) x13 0x00000001
core   0: 3 0x8000011c (0xfff70713) x14 0x00000003
core   0: 3 0x80000120 (0x0017d793) x15 0x50ec4f66
core   0: 3 0x80000124 (0x00068463)
core   0: 3 0x80000128 (0x00c7c7b3) x15 0xbd54cc46
core   0: 3 0x8000012c (0xfe0716e3)
core   0: 3 0x80000118 (0x0017f693) x13 0x00000000
core   0: 3 0x8000011c (0xfff70713) x14 0x00000002
core   0: 3 0x80000120 (0x0017d793) x15 0x5eaa6623
core   0: 3 0x80000124 (0x00068463)
core   0: 3 0x8000012c (0xfe0716e3)
core   0: 3 0x80000118 (0x0017f693) x13 0x00000001
core   0: 3 0x8000011c (0xfff70713) x14 0x00000001
core   0: 3 0x80000120 (0x0017d793) x15 0x2f553311
core   0: 3 0x80000124 (0x00068463)
core   0: 3 0x80000128 (0x00c7c7b3) x15 0xc2edb031
core   0: 3 0x8000012c (0xfe0716e3)
core   0: 3 0x80000118 (0x0017f693) x13 0x00000001
core   0: 3 0x8000011c (0xfff70713) x14 0x00000000
core   0: 3 0x80000120 (0x0017d793) x15 0x6176d818
core   0: 3 0x80000124 (0x00068463)
core   0: 3 0x80000128 (0x00c7c7b3) x15 0x8cce5b38
core   0: 3 0x8000012c (0xfe0716e3)
core   0: 3 0x80000130 (0x00158593) x11 0x80000260
core   0: 3 0x80000134 (0xfca59ce3)
core   0: 3 0x8000010c (0x0005c683) x13 0x000000ae mem 0x80000260
core   0: 3 0x80000110 (0x00800713) x14 0x00000008
core   0: 3 0x80000114 (0x00d7c7b3) x15 0x8cce5b96
core   0: 3 0x80000118 (0x0017f693) x13 0x00000000
core   0: 3 0x8000011c (0xfff70713) x14 0x00000007
core   0: 3 0x80000120 (0x0017d793) x15 0x46672dcb
core   0: 3 0x80000124 (0x00068463)
core   0: 3 0x8000012c (0xfe0716e3)
core   0: 3 0x80000118 (0x0017f693) x13 0x00000001
core   0: 3 0x8000011c (0xfff70713) x14 0x00000006
core   0: 3 0x80000120 (0x0017d793) x15 0x233396e5
core   0: 3 0x80000124 (0x00068463)
core   0: 3 0x80000128 (0x00c7c7b3) x15 0xce8b15c5
core   0: 3 0x8000012c (0xfe0716e3)
core   0: 3 0x80000118 (0x0017f693) x13 0x00000001
core   0: 3 0x8000011c (0xfff70713) x14 0x00000005
core   0: 3 0x80000120 (0x0017d793) x15 0x67458ae2
core   0: 3 0x80000124 (0x00068463)
core   0: 3 0x80000128 (0x00c7c7b3) x15 0x8afd09c2
core   0: 3 0x8000012c (0xfe0716e3)
core   0: 3 0x80000118 (0x0017f693) x13 0x00000000
core   0: 3 0x8000011c (0xfff70713) x14 0x00000004
core   0: 3 0x80000120 (0x0017d793) x15 0x457e84e1
core   0: 3 0x80000124 (0x00068463)
core   0: 3 0x8000012c (0xfe0716e3)
core   0: 3 0x80000118 (0x0017f693) x13 0x00000001
core   0: 3 0x8000011c (0xfff70713) x14 0x00000003
core   0: 3 0x80000120 (0x0017d793) x15 0x22bf4270
core   0: 3 0x80000124 (0x00068463)
core   0: 3 0x80000128 (0x00c7c7b3) x15 0xcf07c150
core   0: 3 0x8000012c (0xfe0716e3)
core   0: 3 0x80000118 (0x0017f693) x13 0x00000000
core   0: 3 0x8000011c (0xfff70713) x14 0x00000002
core   0: 3 0x80000120 (0x0017d793) x15 0x6783e0a8
core   0: 3 0x80000124 (0x00068463)
core   0: 3 0x8000012c (0xfe0716e3)
core   0: 3 0x80000118 (0x0017f693) x13 0x00000000
core   0: 3 0x8000011c (0xfff70713) x14 0x00000001
core   0: 3 0x80000120 (0x0017d793) x15 0x33c1f054
core   0: 3 0x80000124 (0x00068463)
core   0: 3 0x8000012c (0xfe0716e3)
core   0: 3 0x80000118 (0x0017f693) x13 0x00000000
core   0: 3 0x8000011c (0xfff70713) x14 0x00000000
core   0: 3 0x80000120 (0x0017d793) x15 0x19e0f82a
core   0: 3 0x80000124 (0x00068463)
core   0: 3 0x8000012c (0xfe0716e3)
core   0: 3 0x80000130 (0x00158593) x11 0x80000261
core   0: 3 0x80000134 (0xfca59ce3)
core   0: 3 0x8000010c (0x0005c683) x13 0x000000bd mem 0x80000261
core   0: 3 0x80000110 (0x00800713) x14 0x00000008
core   0: 3 0x80000114 (0x00d7c7b3) x15 0x19e0f897
core   0: 3 0x80000118 (0x0017f693) x13 0x00000001
core   0: 3 0x8000011c (0xfff70713) x14 0x00000007
core   0: 3 0x80000120 (0x0017d793) x15 0x0cf07c4b
core   0: 3 0x80000124 (0x00068463)
core   0: 3 0x80000128 (0x00c7c7b3) x15 0xe148ff6b
core   0: 3 0x8000012c (0xfe0716e3)
core   0: 3 0x80000118 (0x0017f693) x13 0x00000001
core   0: 3 0x8000011c (0xfff70713) x14 0x00000006
core   0: 3 0x80000120 (0x0017d793) x15 0x70a47fb5
core   0: 3 0x80000124 (0x00068463)
core   0: 3 0x80000128 (0x00c7c7b3) x15 0x9d1cfc95
core   0: 3 0x8000012c (0xfe0716e3)
core   0: 3 0x80000118 (0x0017f693) x13 0x00000001
core   0: 3 0x8000011c (0xfff70713) x14 0x00000005
core   0: 3 0x80000120 (0x0017d793) x15 0x4e8e7e4a
core   0: 3 0x80000124 (0x00068463)
core   0: 3 0x80000128 (0x00c7c7b3) x15 0xa336fd6a
core   0: 3 0x8000012c (0xfe0716e3)
core   0: 3 0x80000118 (0x0017f693) x13 0x00000000
core   0: 3 0x8000011c (0xfff70713) x14 0x00000004
core   0: 3 0x80000120 (0x0017d793) x15 0x519b7eb5
core   0: 3 0x80000124 (0x00068463)
core   0: 3 0x8000012c (0xfe0716e3)
core   0: 3 0x80000118 (0x0017f693) x13 0x00000001
core   0: 3 0x8000011c (0xfff70713) x14 0x00000003
core   0: 3 0x80000120 (0x0017d793) x15 0x28cdbf5a
core   0: 3 0x80000124 (0x00068463)
core   0: 3 0x80000128 (0x00c7c7b3) x15 0xc5753c7a
core   0: 3 0x8000012c (0xfe0716e3)
core   0: 3 0x80000118 (0x0017f693) x13 0x00000000
core   0: 3 0x8000011c (0xfff70713) x14 0x00000002
core   0: 3 0x80000120 (0x0017d793) x15 0x62ba9e3d
core   0: 3 0x80000124 (0x00068463)
core   0: 3 0x8000012c (0xfe0716e3)
core   0: 3 0x80000118 (0x0017f693) x13 0x00000001
core   0: 3 0x8000011c (0xfff70713) x14 0x00000001
core   0: 3 0x80000120 (0x0017d793) x15 0x315d4f1e
core   0: 3 0x80000124 (0x00068463)
core   0: 3 0x80000128 (0x00c7c7b3) x15 0xdce5cc3e
core   0: 3 0x8000012c (0xfe0716e3)
core   0: 3 0x80000118 (0x0017f693) x13 0x00000000
core   0: 3 0x8000011c (0xfff70713) x14 0x00000000
core   0: 3 0x80000120 (0x0017d793) x15 0x6e72e61f
core   0: 3 0x80000124 (0x00068463)
core   0: 3 0x8000012c (0xfe0716e3)
core   0: 3 0x80000130 (0x00158593) x11 0x80000262
core   0: 3 0x80000134 (0xfca59ce3)
core   0: 3 0x8000010c (0x0005c683) x13 0x000000bd mem 0x80000262
core   0: 3 0x80000110 (0x00800713) x14 0x00000008
core   0: 3 0x80000114 (0x00d7c7b3) x15 0x6e72e6a2
core   0: 3 0x80000118 (0x0017f693) x13 0x00000000
core   0: 3 0x8000011c (0xfff70713) x14 0x00000007
core   0: 3 0x80000120 (0x0017d793) x15 0x37397351
core   0: 3 0x80000124 (0x00068463)
core   0: 3 0x8000012c (0xfe0716e3)
core   0: 3 0x80000118 (0x0017f693) x13 0x00000001
core   0: 3 0x8000011c (0xfff70713) x14 0x00000006
core   0: 3 0x80000120 (0x0017d793) x15 0x1b9cb9a8
core   0: 3 0x80000124 (0x00068463)
core   0: 3 0x80000128 (0x00c7c7b3) x15 0xf6243a88
core   0: 3 0x8000012c (0xfe0716e3)
core   0: 3 0x80000118 (0x0017f693) x13 0x00000000
core   0: 3 0x8000011c (0xfff70713) x14 0x00000005
core   0: 3 0x80000120 (0x0017d793) x15 0x7b121d44
core   0: 3 0x80000124 (0x00068463)
core   0: 3 0x8000012c (0xfe0716e3)
core   0: 3 0x80000118 (0x0017f693) x13 0x00000000
core   0: 3 0x8000011c (0xfff70713) x14 0x00000004
core   0: 3 0x80000120 (0x0017d793) x15 0x3d890ea2
core   0: 3 0x80000124 (0x00068463)
core   0: 3 0x8000012c (0xfe0716e3)
core   0: 3 0x80000118 (0x0017f693) x13 0x00000000
core   0: 3 0x8000011c (0xfff70713) x14 0x00000003
core   0: 3 0x80000120 (0x0017d793) x15 0x1ec48751
core   0: 3 0x80000124 (0x00068463)
core   0: 3 0x8000012c (0xfe0716e3)
core   0: 3 0x80000118 (0x0017f693) x13 0x00000001
core   0: 3 0x8000011c (0xfff70713) x14 0x00000002
core   0: 3 0x80000120 (0x0017d793) x15 0x0f6243a8
core   0: 3 0x80000124 (0x00068463)
core   0: 3 0x80000128 (0x00c7c7b3) x15 0xe2dac088
core   0: 3 0x8000012c (0xfe0716e3)
core   0: 3 0x80000118 (0x0017f693) x13 0x00000000
core   0: 3 0x8000011c (0xfff70713) x14 0x00000001
core   0: 3 0x80000120 (0x0017d793) x15 0x716d6044
core   0: 3 0x80000124 (0x00068463)
core   0: 3 0x8000012c (0xfe0716e3)
core   0: 3 0x80000118 (0x0017f693) x13 0x00000000
core   0: 3 0x8000011c (0xfff70713) x14 0x00000000
core   0: 3 0x80000120 (0x0017d793) x15 0x38b6b022
core   0: 3 0x80000124 (0x00068463)
core   0: 3 0x8000012c (0xfe0716e3)
core   0: 3 0x80000130 (0x00158593) x11 0x80000263
core   0: 3 0x80000134 (0xfca59ce3)
core   0: 3 0x8000010c (0x0005c683) x13 0x00000018 mem 0x80000263
core   0: 3 0x80000110 (0x00800713) x14 0x00000008
core   0: 3 0x80000114 (0x00d7c7b3) x15 0x38b6b03a
core   0: 3 0x80000118 (0x0017f693) x13 0x00000000
core   0: 3 0x8000011c (0xfff70713) x14 0x00000007
core   0: 3 0x80000120 (0x0017d793) x15 0x1c5b581d
core   0: 3 0x80000124 (0x00068463)
core   0: 3 0x8000012c (0xfe0716e3)
core   0: 3 0x80000118 (0x0017f693) x13 0x00000001
core   0: 3 0x8000011c (0xfff70713) x14 0x00000006
core   0: 3 0x80000120 (0x0017d793) x15 0x0e2dac0e
core   0: 3 0x80000124 (0x00068463)
core   0: 3 0x80000128 (0x00c7c7b3) x15 0xe3952f2e
core   0: 3 0x8000012c (0xfe0716e3)
core   0: 3 0x80000118 (0x0017f693) x13 0x00000000
core   0: 3 0x8000011c (0xfff70713) x14 0x00000005
core   0: 3 0x80000120 (0x0017d793) x15 0x71ca9797
core   0: 3 0x80000124 (0x00068463)
core   0: 3 0x8000012c (0xfe0716e3)
core   0: 3 0x80000118 (0x0017f693) x13 0x00000001
core   0: 3 0x8000011c (0xfff70713) x14 0x00000004
core   0: 3 0x80000120 (0x0017d793) x15 0x38e54bcb
core   0: 3 0x80000124 (0x00068463)
core   0: 3 0x80000128 (0x00c7c7b3) x15 0xd55dc8eb
core   0: 3 0x8000012c (0xfe0716e3)
core   0: 3 0x80000118 (0x0017f693) x13 0x00000001
core   0: 3 0x8000011c (0xfff70713) x14 0x00000003
core   0: 3 0x80000120 (0x0017d793) x15 0x6aaee475
core   0: 3 0x80000124 (0x00068463)
core   0: 3 0x80000128 (0x00c7c7b3) x15 0x87166755
core   0: 3 0x8000012c (0xfe0716e3)
core   0: 3 0x80000118 (0x0017f693) x13 0x00000001
core   0: 3 0x8000011c (0xfff70713) x14 0x00000002
core   0: 3 0x80000120 (0x0017d793) x15 0x438b33aa
core   0: 3 0x80000124 (0x00068463)
core   0: 3 0x80000128 (0x00c7c7b3) x15 0xae33b08a
core   0: 3 0x8000012c (0xfe0716e3)
core   0: 3 0x80000118 (0x0017f693) x13 0x00000000
core   0: 3 0x8000011c (0xfff70713) x14 0x00000001
core   0: 3 0x80000120 (0x0017d793) x15 0x5719d845
core   0: 3 0x80000124 (0x00068463)
core   0: 3 0x8000012c (0xfe0716e3)
core   0: 3 0x80000118 (0x0017f693) x13 0x00000001
core   0: 3 0x8000011c (0xfff70713) x14 0x00000000
core   0: 3 0x80000120 (0x0017d793) x15 0x2b8cec22
core   0: 3 0x80000124 (0x00068463)
core   0: 3 0x80000128 (0x00c7c7b3) x15 0xc6346f02
core   0: 3 0x8000012c (0xfe0716e3)
core   0: 3 0x80000130 (0x00158593) x11 0x80000264
core   0: 3 0x80000134 (0xfca59ce3)
core   0: 3 0x8000010c (0x0005c683) x13 0x0000004f mem 0x80000264
core   0: 3 0x80000110 (0x00800713) x14 0x00000008
core   0: 3 0x80000114 (0x00d7c7b3) x15 0xc6346f4d
core   0: 3 0x80000118 (0x0017f693) x13 0x00000001
core   0: 3 0x8000011c (0xfff70713) x14 0x00000007
core   0: 3 0x80000120 (0x0017d793) x15 0x631a37a6
core   0: 3 0x80000124 (0x00068463)
core   0: 3 0x80000128 (0x00c7c7b3) x15 0x8ea2b486
core   0: 3 0x8000012c (0xfe0716e3)
core   0: 3 0x80000118 (0x0017f693) x13 0x00000000
core   0: 3 0x8000011c (0xfff70713) x14 0x00000006
core   0: 3 0x80000120 (0x0017d793) x15 0x47515a43
core   0: 3 0x80000124 (0x00068463)
core   0: 3 0x8000012c (0xfe0716e3)
core   0: 3 0x80000118 (0x0017f693) x13 0x00000001
core   0: 3 0x8000011c (0xfff70713) x14 0x00000005
core   0: 3 0x80000120 (0x0017d793) x15 0x23a8ad21
core   0: 3 0x80000124 (0x00068463)
core   0: 3 0x80000128 (0x00c7c7b3) x15 0xce102e01
core   0: 3 0x8000012c (0xfe0716e3)
core   0: 3 0x80000118 (0x0017f693) x13 0x00000001
core   0: 3 0x8000011c (0xfff70713) x14 0x00000004
core   0: 3 0x80000120 (0x0017d793) x15 0x67081700
core   0: 3 0x80000124 (0x00068463)
core   0: 3 0x80000128 (0x00c7c7b3) x15 0x8ab09420
core   0: 3 0x8000012c (0xfe0716e3)
core   0: 3 0x80000118 (0x0017f693) x13 0x00000000
core   0: 3 0x8000011c (0xfff70713) x14 0x00000003
core   0: 3 0x80000120 (0x0017d793) x15 0x45584a10
core   0: 3 0x80000124 (0x00068463)
core   0: 3 0x8000012c (0xfe0716e3)
core   0: 3 0x80000118 (0x0017f693) x13 0x00000000
core   0: 3 0x8000011c (0xfff70713) x14 0x00000002
core   0: 3 0x80000120 (0x0017d793) x15 0x22ac2508
core   0: 3 0x80000124 (0x00068463)
core   0: 3 0x8000012c (0xfe0716e3)
core   0: 3 0x80000118 (0x0017f693) x13 0x00000000
core   0: 3 0x8000011c (0xfff70713) x14 0x00000001
core   0: 3 0x80000120 (0x0017d793) x15 0x11561284
core   0: 3 0x80000124 (0x00068463)
core   0: 3 0x8000012c (0xfe0716e3)
core   0: 3 0x80000118 (0x0017f693) x13 0x00000000
core   0: 3 0x8000011c (0xfff70713) x14 0x00000000
core   0: 3 0x80000120 (0x0017d793) x15 0x08ab0942
core   0: 3 0x80000124 (0x00068463)
core   0: 3 0x8000012c (0xfe0716e3)
core   0: 3 0x80000130 (0x00158593) x11 0x80000265
core   0: 3 0x80000134 (0xfca59ce3)
core   0: 3 0x8000010c (0x0005c683) x13 0x0000005b mem 0x80000265
core   0: 3 0x80000110 (0x00800713) x14 0x00000008
core   0: 3 0x80000114 (0x00d7c7b3) x15 0x08ab0919
core   0: 3 0x80000118 (0x0017f693) x13 0x00000001
core   0: 3 0x8000011c (0xfff70713) x14 0x00000007
core   0: 3 0x80000120 (0x0017d793) x15 0x0455848c
core   0: 3 0x80000124 (0x00068463)
core   0: 3 0x80000128 (0x00c7c7b3) x15 0xe9ed07ac
core   0: 3 0x8000012c (0xfe0716e3)
core   0: 3 0x80000118 (0x0017f693) x13 0x00000000
core   0: 3 0x8000011c (0xfff70713) x14 0x00000006
core   0: 3 0x80000120 (0x0017d793) x15 0x74f683d6
core   0: 3 0x80000124 (0x00068463)
core   0: 3 0x8000012c (0xfe0716e3)
core   0: 3 0x80000118 (0x0017f693) x13 0x00000000
core   0: 3 0x8000011c (0xfff70713) x14 0x00000005
core   0: 3 0x80000120 (0x0017d793) x15 0x3a7b41eb
core   0: 3 0x80000124 (0x00068463)
core   0: 3 0x8000012c (0xfe0716e3)
core   0: 3 0x80000118 (0x0017f693) x13 0x00000001
core   0: 3 0x8000011c (0xfff70713) x14 0x00000004
core   0: 3 0x80000120 (0x0017d793) x15 0x1d3da0f5
core   0: 3 0x80000124 (0x00068463)
core   0: 3 0x80000128 (0x00c7c7b3) x15 0xf08523d5
core   0: 3 0x8000012c (0xfe0716e3)
core   0: 3 0x80000118 (0x0017f693) x13 0x00000001
core   0: 3 0x8000011c (0xfff70713) x14 0x00000003
core   0: 3 0x80000120 (0x0017d793) x15 0x784291ea
core   0: 3 0x80000124 (0x00068463)
core   0: 3 0x80000128 (0x00c7c7b3) x15 0x95fa12ca
core   0: 3 0x8000012c (0xfe0716e3)
core   0: 3 0x80000118 (0x0017f693) x13 0x00000000
core   0: 3 0x8000011c (0xfff70713) x14 0x00000002
core   0: 3 0x80000120 (0x0017d793) x15 0x4afd0965
core   0: 3 0x80000124 (0x00068463)
core   0: 3 0x8000012c (0xfe0716e3)
core   0: 3 0x80000118 (0x0017f693) x13 0x00000001
core   0: 3 0x8000011c (0xfff70713) x14 0x00000001
core   0: 3 0x80000120 (0x0017d793) x15 0x257e84b2
core   0: 3 0x80000124 (0x00068463)
core   0: 3 0x80000128 (0x00c7c7b3) x15 0xc8c60792
core   0: 3 0x8000012c (0xfe0716e3)
core   0: 3 0x80000118 (0x0017f693) x13 0x00000000
core   0: 3 0x8000011c (0xfff70713) x14 0x00000000
core   0: 3 0x80000120 (0x0017d793) x15 0x646303c9
core   0: 3 0x80000124 (0x00068463)
core   0: 3 0x8000012c (0xfe0716e3)
core   0: 3 0x80000130 (0x00158593) x11 0x80000266
core   0: 3 0x80000134 (0xfca59ce3)
core   0: 3 0x8000010c (0x0005c683) x13 0x000000e8 mem 0x80000266
core   0: 3 0x80000110 (0x00800713) x14 0x00000008
core   0: 3 0x80000114 (0x00d7c7b3) x15 0x64630321
core   0: 3 0x80000118 (0x0017f693) x13 0x00000001
core   0: 3 0x8000011c (0xfff70713) x14 0x00000007
core   0: 3 0x80000120 (0x0017d793) x15 0x32318190
core   0: 3 0x80000124 (0x00068463)
core   0: 3 0x80000128 (0x00c7c7b3) x15 0xdf8902b0
core   0: 3 0x8000012c (0xfe0716e3)
core   0: 3 0x80000118 (0x0017f693) x13 0x00000000
core   0: 3 0x8000011c (0xfff70713) x14 0x00000006
core   0: 3 0x80000120 (0x0017d793) x15 0x6fc48158
core   0: 3 0x80000124 (0x00068463)
core   0: 3 0x8000012c (0xfe0716e3)
core   0: 3 0x80000118 (0x0017f693) x13 0x00000000
core   0: 3 0x8000011c (0xfff70713) x14 0x00000005
core   0: 3 0x80000120 (0x0017d793) x15 0x37e240ac
core   0: 3 0x80000124 (0x00068463)
core   0: 3 0x8000012c (0xfe0716e3)
core   0: 3 0x80000118 (0x0017f693) x13 0x00000000
core   0: 3 0x8000011c (0xfff70713) x14 0x00000004
core   0: 3 0x80000120 (0x0017d793) x15 0x1bf12056
core   0: 3 0x80000124 (0x00068463)
core   0: 3 0x8000012c (0xfe0716e3)
core   0: 3 0x80000118 (0x0017f693) x13 0x00000000
core   0: 3 0x8000011c (0xfff70713) x14 0x00000003
core   0: 3 0x80000120 (0x0017d793) x15 0x0df8902b
core   0: 3 0x80000124 (0x00068463)
core   0: 3 0x8000012c (0xfe0716e3)
core   0: 3 0x80000118 (0x0017f693) x13 0x00000001
core   0: 3 0x8000011c (0xfff70713) x14 0x00000002
core   0: 3 0x80000120 (0x0017d793) x15 0x06fc4815
core   0: 3 0x80000124 (0x00068463)
core   0: 3 0x80000128 (0x00c7c7b3) x15 0xeb44cb35
core   0: 3 0x8000012c (0xfe0716e3)
core   0: 3 0x80000118 (0x0017f693) x13 0x00000001
core   0: 3 0x8000011c (0xfff70713) x14 0x00000001
core   0: 3 0x80000120 (0x0017d793) x15 0x75a2659a
core   0: 3 0x80000124 (0x00068463)
core   0: 3 0x80000128 (0x00c7c7b3) x15 0x981ae6ba
core   0: 3 0x8000012c (0xfe0716e3)
core   0: 3 0x80000118 (0x0017f693) x13 0x00000000
core   0: 3 0x8000011c (0xfff70713) x14 0x00000000
core   0: 3 0x80000120 (0x0017d793) x15 0x4c0d735d
core   0: 3 0x80000124 (0x00068463)
core   0: 3 0x8000012c (0xfe0716e3)
core   0: 3 0x80000130 (0x00158593) x11 0x80000267
core   0: 3 0x80000134 (0xfca59ce3)
core   0: 3 0x8000010c (0x0005c683) x13 0x000000b5 mem 0x80000267
core   0: 3 0x80000110 (0x00800713) x14 0x00000008
core   0: 3 0x80000114 (0x00d7c7b3) x15 0x4c0d73e8
core   0: 3 0x80000118 (0x0017f693) x13 0x00000000
core   0: 3 0x8000011c (0xfff70713) x14 0x00000007
core   0: 3 0x80000120 (0x0017d793) x15 0x2606b9f4
core   0: 3 0x80000124 (0x00068463)
core   0: 3 0x8000012c (0xfe0716e3)
core   0: 3 0x80000118 (0x0017f693) x13 0x00000000
core   0: 3 0x8000011c (0xfff70713) x14 0x00000006
core   0: 3 0x80000120 (0x0017d793) x15 0x13035cfa
core   0: 3 0x80000124 (0x00068463)
core   0: 3 0x8000012c (0xfe0716e3)
core   0: 3 0x80000118 (0x0017f693) x13 0x00000000
core   0: 3 0x8000011c (0xfff70713) x14 0x00000005
core   0: 3 0x80000120 (0x0017d793) x15 0x0981ae7d
core   0: 3 0x80000124 (0x00068463)
core   0: 3 0x8000012c (0xfe0716e3)
core   0: 3 0x80000118 (0x0017f693) x13 0x00000001
core   0: 3 0x8000011c (0xfff70713) x14 0x00000004
core   0: 3 0x80000120 (0x0017d793) x15 0x04c0d73e
core   0: 3 0x80000124 (0x00068463)
core   0: 3 0x80000128 (0x00c7c7b3) x15 0xe978541e
core   0: 3 0x8000012c (0xfe0716e3)
core   0: 3 0x80000118 (0x0017f693) x13 0x00000000
core   0: 3 0x8000011c (0xfff70713) x14 0x00000003
core   0: 3 0x80000120 (0x0017d793) x15 0x74bc2a0f
core   0: 3 0x80000124 (0x00068463)
core   0: 3 0x8000012c (0xfe0716e3)
core   0: 3 0x80000118 (0x0017f693) x13 0x00000001
core   0: 3 0x8000011c (0xfff70713) x14 0x00000002
core   0: 3 0x80000120 (0x0017d793) x15 0x3a5e1507
core   0: 3 0x80000124 (0x00068463)
core   0: 3 0x80000128 (0x00c7c7b3) x15 0xd7e69627
core   0: 3 0x8000012c (0xfe0716e3)
core   0: 3 0x80000118 (0x0017f693) x13 0x00000001
core   0: 3 0x8000011c (0xfff70713) x14 0x00000001
core   0: 3 0x80000120 (0x0017d793) x15 0x6bf34b13
core   0: 3 0x80000124 (0x00068463)
core   0: 3 0x80000128 (0x00c7c7b3) x15 0x864bc833
core   0: 3 0x8000012c (0xfe0716e3)
core   0: 3 0x80000118 (0x0017f693) x13 0x00000001
core   0: 3 0x8000011c (0xfff70713) x14 0x00000000
core   0: 3 0x80000120 (0x0017d793) x15 0x4325e419
core   0: 3 0x80000124 (0x00068463)
core   0: 3 0x80000128 (0x00c7c7b3) x15 0xae9d6739
core   0: 3 0x8000012c (0xfe0716e3)
core   0: 3 0x80000130 (0x00158593) x11 0x80000268
core   0: 3 0x80000134 (0xfca59ce3)
core   0: 3 0x8000010c (0x0005c683) x13 0x0000001f mem 0x80000268
core   0: 3 0x80000110 (0x00800713) x14 0x00000008
core   0: 3 0x80000114 (0x00d7c7b3) x15 0xae9d6726
core   0: 3 0x80000118 (0x0017f693) x13 0x00000000
core   0: 3 0x8000011c (0xfff70713) x14 0x00000007
core   0: 3 0x80000120 (0x0017d793) x15 0x574eb393
core   0: 3 0x80000124 (0x00068463)
core   0: 3 0x8000012c (0xfe0716e3)
core   0: 3 0x80000118 (0x0017f693) x13 0x00000001
core   0: 3 0x8000011c (0xfff70713) x14 0x00000006
core   0: 3 0x80000120 (0x0017d793) x15 0x2ba759c9
core   0: 3 0x80000124 (0x00068463)
core   0: 3 0x80000128 (0x00c7c7b3) x15 0xc61fdae9
core   0: 3 0x8000012c (0xfe0716e3)
core   0: 3 0x80000118 (0x0017f693) x13 0x00000001
core   0: 3 0x8000011c (0xfff70713) x14 0x00000005
core   0: 3 0x80000120 (0x0017d793) x15 0x630fed74
core   0: 3 0x80000124 (0x00068463)
core   0: 3 0x80000128 (0x00c7c7b3) x15 0x8eb76e54
core   0: 3 0x8000012c (0xfe0716e3)
core   0: 3 0x80000118 (0x0017f693) x13 0x00000000
core   0: 3 0x8000011c (0xfff70713) x14 0x00000004
core   0: 3 0x80000120 (0x0017d793) x15 0x475bb72a
core   0: 3 0x80000124 (0x00068463)
core   0: 3 0x8000012c (0xfe0716e3)
core   0: 3 0x80000118 (0x0017f693) x13 0x00000000
core   0: 3 0x8000011c (0xfff70713) x14 0x00000003
core   0: 3 0x80000120 (0x0017d793) x15 0x23addb95
core   0: 3 0x80000124 (0x00068463)
core   0: 3 0x8000012c (0xfe0716e3)
core   0: 3 0x80000118 (0x0017f693) x13 0x00000001
core   0: 3 0x8000011c (0xfff70713) x14 0x00000002
core   0: 3 0x80000120 (0x0017d793) x15 0x11d6edca
core   0: 3 0x80000124 (0x00068463)
core   0: 3 0x80000128 (0x00c7c7b3) x15 0xfc6e6eea
core   0: 3 0x8000012c (0xfe0716e3)
core   0: 3 0x80000118 (0x0017f693) x13 0x00000000
core   0: 3 0x8000011c (0xfff70713) x14 0x00000001
core   0: 3 0x80000120 (0x0017d793) x15 0x7e373775
core   0: 3 0x80000124 (0x00068463)
core   0: 3 0x8000012c (0xfe0716e3)
core   0: 3 0x80000118 (0x0017f693) x13 0x00000001
core   0: 3 0x8000011c (0xfff70713) x14 0x00000000
core   0: 3 0x80000120 (0x0017d793) x15 0x3f1b9bba
core   0: 3 0x80000124 (0x00068463)
core   0: 3 0x80000128 (0x00c7c7b3) x15 0xd2a3189a
core   0: 3 0x8000012c (0xfe0716e3)
core   0: 3 0x80000130 (0x00158593) x11 0x80000269
core   0: 3 0x80000134 (0xfca59ce3)
core   0: 3 0x8000010c (0x0005c683) x13 0x00000077 mem 0x80000269
core   0: 3 0x80000110 (0x00800713) x14 0x00000008
core   0: 3 0x80000114 (0x00d7c7b3) x15 0xd2a318ed
core   0: 3 0x80000118 (0x0017f693) x13 0x00000001
core   0: 3 0x8000011c (0xfff70713) x14 0x00000007
core   0: 3 0x80000120 (0x0017d793) x15 0x69518c76
core   0: 3 0x80000124 (0x00068463)
core   0: 3 0x80000128 (0x00c7c7b3) x15 0x84e90f56
core   0: 3 0x8000012c (0xfe0716e3)
core   0: 3 0x80000118 (0x0017f693) x13 0x00000000
core   0: 3 0x8000011c (0xfff70713) x14 0x00000006
core   0: 3 0x80000120 (0x0017d793) x15 0x427487ab
core   0: 3 0x80000124 (0x00068463)
core   0: 3 0x8000012c (0xfe0716e3)
core   0: 3 0x80000118 (0x0017f693) x13 0x00000001
core   0: 3 0x8000011c (0xfff70713) x14 0x00000005
core   0: 3 0x80000120 (0x0017d793) x15 0x213a43d5
core   0: 3 0x80000124 (0x00068463)
core   0: 3 0x80000128 (0x00c7c7b3) x15 0xcc82c0f5
core   0: 3 0x8000012c (0xfe0716e3)
core   0: 3 0x80000118 (0x0017f693) x13 0x00000001
core   0: 3 0x8000011c (0xfff70713) x14 0x00000004
core   0: 3 0x80000120 (0x0017d793) x15 0x6641607a
core   0: 3 0x80000124 (0x00068463)
core   0: 3 0x80000128 (0x00c7c7b3) x15 0x8bf9e35a
core   0: 3 0x8000012c (0xfe0716e3)
core   0: 3 0x80000118 (0x0017f693) x13 0x00000000
core   0: 3 0x8000011c (0xfff70713) x14 0x00000003
core   0: 3 0x80000120 (0x0017d793) x15 0x45fcf1ad
core   0: 3 0x80000124 (0x00068463)
core   0: 3 0x8000012c (0xfe0716e3)
core   0: 3 0x80000118 (0x0017f693) x13 0x00000001
core   0: 3 0x8000011c (0xfff70713) x14 0x00000002
core   0: 3 0x80000120 (0x0017d793) x15 0x22fe78d6
core   0: 3 0x80000124 (0x00068463)
core   0: 3 0x80000128 (0x00c7c7b3) x15 0xcf46fbf6
core   0: 3 0x8000012c (0xfe0716e3)
core   0: 3 0x80000118 (0x0017f693) x13 0x00000000
core   0: 3 0x8000011c (0xfff70713) x14 0x00000001
core   0: 3 0x80000120 (0x0017d793) x15 0x67a37dfb
core   0: 3 0x80000124 (0x00068463)
core   0: 3 0x8000012c (0xfe0716e3)
core   0: 3 0x80000118 (0x0017f693) x13 0x00000001
core   0: 3 0x8000011c (0xfff70713) x14 0x00000000
core   0: 3 0x80000120 (0x0017d793) x15 0x33d1befd
core   0: 3 0x80000124 (0x00068463)
core   0: 3 0x80000128 (0x00c7c7b3) x15 0xde693ddd
core   0: 3 0x8000012c (0xfe0716e3)
core   0: 3 0x80000130 (0x00158593) x11 0x8000026a
core   0: 3 0x80000134 (0xfca59ce3)
core   0: 3 0x8000010c (0x0005c683) x13 0x0000009e mem 0x8000026a
core   0: 3 0x80000110 (0x00800713) x14 0x00000008
core   0: 3 0x80000114 (0x00d7c7b3) x15 0xde693d43
core   0: 3 0x80000118 (0x0017f693) x13 0x00000001
core   0: 3 0x8000011c (0xfff70713) x14 0x00000007
core   0: 3 0x80000120 (0x0017d793) x15 0x6f349ea1
core   0: 3 0x80000124 (0x00068463)
core   0: 3 0x80000128 (0x00c7c7b3) x15 0x828c1d81
core   0: 3 0x8000012c (0xfe0716e3)
core   0: 3 0x80000118 (0x0017f693) x13 0x00000001
core   0: 3 0x8000011c (0xfff70713) x14 0x00000006
core   0: 3 0x80000120 (0x0017d793) x15 0x41460ec0
core   0: 3 0x80000124 (0x00068463)
core   0: 3 0x80000128 (0x00c7c7b3) x15 0xacfe8de0
core   0: 3 0x8000012c (0xfe0716e3)
core   0: 3 0x80000118 (0x0017f693) x13 0x00000000
core   0: 3 0x8000011c (0xfff70713) x14 0x00000005
core   0: 3 0x80000120 (0x0017d793) x15 0x567f46f0
core   0: 3 0x80000124 (0x00068463)
core   0: 3 0x8000012c (0xfe0716e3)
core   0: 3 0x80000118 (0x0017f693) x13 0x00000000
core   0: 3 0x8000011c (0xfff70713) x14 0x00000004
core   0: 3 0x80000120 (0x0017d793) x15 0x2b3fa378
core   0: 3 0x80000124 (0x00068463)
core   0: 3 0x8000012c (0xfe0716e3)
core   0: 3 0x80000118 (0x0017f693) x13 0x00000000
core   0: 3 0x8000011c (0xfff70713) x14 0x00000003
core   0: 3 0x80000120 (0x0017d793) x15 0x159fd1bc
core   0: 3 0x80000124 (0x00068463)
core   0: 3 0x8000012c (0xfe0716e3)
core   0: 3 0x80000118 (0x0017f693) x13 0x00000000
core   0: 3 0x8000011c (0xfff70713) x14 0x00000002
core   0: 3 0x80000120 (0x0017d793) x15 0x0acfe8de
core   0: 3 0x80000124 (0x00068463)
core   0: 3 0x8000012c (0xfe0716e3)
core   0: 3 0x80000118 (0x0017f693) x13 0x00000000
core   0: 3 0x8000011c (0xfff70713) x14 0x00000001
core   0: 3 0x80000120 (0x0017d793) x15 0x0567f46f
core   0: 3 0x80000124 (0x00068463)
core   0: 3 0x8000012c (0xfe0716e3)
core   0: 3 0x80000118 (0x0017f693) x13 0x00000001
core   0: 3 0x8000011c (0xfff70713) x14 0x00000000
core   0: 3 0x80000120 (0x0017d793) x15 0x02b3fa37
core   0: 3 0x80000124 (0x00068463)
core   0: 3 0x80000128 (0x00c7c7b3) x15 0xef0b7917
core   0: 3 0x8000012c (0xfe0716e3)
core   0: 3 0x80000130 (0x00158593) x11 0x8000026b
core   0: 3 0x80000134 (0xfca59ce3)
core   0: 3 0x8000010c (0x0005c683) x13 0x00000007 mem 0x8000026b
core   0: 3 0x80000110 (0x00800713) x14 0x00000008
core   0: 3 0x80000114 (0x00d7c7b3) x15 0xef0b7910
core   0: 3 0x80000118 (0x0017f693) x13 0x00000000
core   0: 3 0x8000011c (0xfff70713) x14 0x00000007
core   0: 3 0x80000120 (0x0017d793) x15 0x7785bc88
core   0: 3 0x80000124 (0x00068463)
core   0: 3 0x8000012c (0xfe0716e3)
core   0: 3 0x80000118 (0x0017f693) x13 0x00000000
core   0: 3 0x8000011c (0xfff70713) x14 0x00000006
core   0: 3 0x80000120 (0x0017d793) x15 0x3bc2de44
core   0: 3 0x80000124 (0x00068463)
core   0: 3 0x8000012c (0xfe0716e3)
core   0: 3 0x80000118 (0x0017f693) x13 0x00000000
core   0: 3 0x8000011c (0xfff70713) x14 0x00000005
core   0: 3 0x80000120 (0x0017d793) x15 0x1de16f22
core   0: 3 0x80000124 (0x00068463)
core   0: 3 0x8000012c (0xfe0716e3)
core   0: 3 0x80000118 (0x0017f693) x13 0x00000000
core   0: 3 0x8000011c (0xfff70713) x14 0x00000004
core   0: 3 0x80000120 (0x0017d793) x15 0x0ef0b791
core   0: 3 0x80000124 (0x00068463)
core   0: 3 0x8000012c (0xfe0716e3)
core   0: 3 0x80000118 (0x0017f693) x13 0x00000001
core   0: 3 0x8000011c (0xfff70713) x14 0x00000003
core   0: 3 0x80000120 (0x0017d793) x15 0x07785bc8
core   0: 3 0x80000124 (0x00068463)
core   0: 3 0x80000128 (0x00c7c7b3) x15 0xeac0d8e8
core   0: 3 0x8000012c (0xfe0716e3)
core   0: 3 0x80000118 (0x0017f693) x13 0x00000000
core   0: 3 0x8000011c (0xfff70713) x14 0x00000002
core   0: 3 0x80000120 (0x0017d793) x15 0x75606c74
core   0: 3 0x80000124 (0x00068463)
core   0: 3 0x8000012c (0xfe0716e3)
core   0: 3 0x80000118 (0x0017f693) x13 0x00000000
core   0: 3 0x8000011c (0xfff70713) x14 0x00000001
core   0: 3 0x80000120 (0x0017d793) x15 0x3ab0363a
core   0: 3 0x80000124 (0x00068463)
core   0: 3 0x8000012c (0xfe0716e3)
core   0: 3 0x80000118 (0x0017f693) x13 0x00000000
core   0: 3 0x8000011c (0xfff70713) x14 0x00000000
core   0: 3 0x80000120 (0x0017d793) x15 0x1d581b1d
core   0: 3 0x80000124 (0x00068463)
core   0: 3 0x8000012c (0xfe0716e3)
core   0: 3 0x80000130 (0x00158593) x11 0x8000026c
core   0: 3 0x80000134 (0xfca59ce3)
core   0: 3 0x8000010c (0x0005c683) x13 0x00000017 mem 0x8000026c
core   0: 3 0x80000110 (0x00800713) x14 0x00000008
core   0: 3 0x80000114 (0x00d7c7b3) x15 0x1d581b0a
core   0: 3 0x80000118 (0x0017f693) x13 0x00000000
core   0: 3 0x8000011c (0xfff70713) x14 0x00000007
core   0: 3 0x80000120 (0x0017d793) x15 0x0eac0d85
core   0: 3 0x80000124 (0x00068463)
core   0: 3 0x8000012c (0xfe0716e3)
core   0: 3 0x80000118 (0x0017f693) x13 0x00000001
core   0: 3 0x8000011c (0xfff70713) x14 0x00000006
core   0: 3 0x80000120 (0x0017d793) x15 0x075606c2
core   0: 3 0x80000124 (0x00068463)
core   0: 3 0x80000128 (0x00c7c7b3) x15 0xeaee85e2
core   0: 3 0x8000012c (0xfe0716e3)
core   0: 3 0x80000118 (0x0017f693) x13 0x00000000
core   0: 3 0x8000011c (0xfff70713) x14 0x00000005
core   0: 3 0x80000120 (0x0017d793) x15 0x757742f1
core   0: 3 0x80000124 (0x00068463)
core   0: 3 0x8000012c (0xfe0716e3)
core   0: 3 0x80000118 (0x0017f693) x13 0x00000001
core   0: 3 0x8000011c (0xfff70713) x14 0x00000004
core   0: 3 0x80000120 (0x0017d793) x15 0x3abba178
core   0: 3 0x80000124 (0x00068463)
core   0: 3 0x80000128 (0x00c7c7b3) x15 0xd7032258
core   0: 3 0x8000012c (0xfe0716e3)
core   0: 3 0x80000118 (0x0017f693) x13 0x00000000
core   0: 3 0x8000011c (0xfff70713) x14 0x00000003
core   0: 3 0x80000120 (0x0017d793) x15 0x6b81912c
core   0: 3 0x80000124 (0x00068463)
core   0: 3 0x8000012c (0xfe0716e3)
core   0: 3 0x80000118 (0x0017f693) x13 0x00000000
core   0: 3 0x8000011c (0xfff70713) x14 0x00000002
core   0: 3 0x80000120 (0x0017d793) x15 0x35c0c896
core   0: 3 0x80000124 (0x00068463)
core   0: 3 0x8000012c (0xfe0716e3)
core   0: 3 0x80000118 (0x0017f693) x13 0x00000000
core   0: 3 0x8000011c (0xfff70713) x14 0x00000001
core   0: 3 0x80000120 (0x0017d793) x15 0x1ae0644b
core   0: 3 0x80000124 (0x00068463)
core   0: 3 0x8000012c (0xfe0716e3)
core   0: 3 0x80000118 (0x0017f693) x13 0x00000001
core   0: 3 0x8000011c (0xfff70713) x14 0x00000000
core   0: 3 0x80000120 (0x0017d793) x15 0x0d703225
core   0: 3 0x80000124 (0x00068463)
core   0: 3 0x80000128 (0x00c7c7b3) x15 0xe0c8b105
core   0: 3 0x8000012c (0xfe0716e3)
core   0: 3 0x80000130 (0x00158593) x11 0x8000026d
core   0: 3 0x80000134 (0xfca59ce3)
core   0: 3 0x8000010c (0x0005c683) x13 0x0000004b mem 0x8000026d
core   0: 3 0x80000110 (0x00800713) x14 0x00000008
core   0: 3 0x80000114 (0x00d7c7b3) x15 0xe0c8b14e
core   0: 3 0x80000118 (0x0017f693) x13 0x00000000
core   0: 3 0x8000011c (0xfff70713) x14 0x00000007
core   0: 3 0x80000120 (0x0017d793) x15 0x706458a7
core   0: 3 0x80000124 (0x00068463)
core   0: 3 0x8000012c (0xfe0716e3)
core   0: 3 0x80000118 (0x0017f693) x13 0x00000001
core   0: 3 0x8000011c (0xfff70713) x14 0x00000006
core   0: 3 0x80000120 (0x0017d793) x15 0x38322c53
core   0: 3 0x80000124 (0x00068463)
core   0: 3 0x80000128 (0x00c7c7b3) x15 0xd58aaf73
core   0: 3 0x8000012c (0xfe0716e3)
core   0: 3 0x80000118 (0x0017f693) x13 0x00000001
core   0: 3 0x8000011c (0xfff70713) x14 0x00000005
core   0: 3 0x80000120 (0x0017d793) x15 0x6ac557b9
core   0: 3 0x80000124 (0x00068463)
core   0: 3 0x80000128 (0x00c7c7b3) x15 0x877dd499
core   0: 3 0x8000012c (0xfe0716e3)
core   0: 3 0x80000118 (0x0017f693) x13 0x00000001
core   0: 3 0x8000011c (0xfff70713) x14 0x00000004
core   0: 3 0x80000120 (0x0017d793) x15 0x43beea4c
core   0: 3 0x80000124 (0x00068463)
core   0: 3 0x80000128 (0x00c7c7b3) x15 0xae06696c
core   0: 3 0x8000012c (0xfe0716e3)
core   0: 3 0x80000118 (0x0017f693) x13 0x00000000
core   0: 3 0x8000011c (0xfff70713) x14 0x00000003
core   0: 3 0x80000120 (0x0017d793) x15 0x570334b6
core   0: 3 0x80000124 (0x00068463)
core   0: 3 0x8000012c (0xfe0716e3)
core   0: 3 0x80000118 (0x0017f693) x13 0x00000000
core   0: 3 0x8000011c (0xfff70713) x14 0x00000002
core   0: 3 0x80000120 (0x0017d793) x15 0x2b819a5b
core   0: 3 0x80000124 (0x00068463)
core   0: 3 0x8000012c (0xfe0716e3)
core   0: 3 0x80000118 (0x0017f693) x13 0x00000001
core   0: 3 0x8000011c (0xfff70713) x14 0x00000001
core   0: 3 0x80000120 (0x0017d793) x15 0x15c0cd2d
core   0: 3 0x80000124 (0x00068463)
core   0: 3 0x80000128 (0x00c7c7b3) x15 0xf8784e0d
core   0: 3 0x8000012c (0xfe0716e3)
core   0: 3 0x80000118 (0x0017f693) x13 0x00000001
core   0: 3 0x8000011c (0xfff70713) x14 0x00000000
core   0: 3 0x80000120 (0x0017d793) x15 0x7c3c2706
core   0: 3 0x80000124 (0x00068463)
core   0: 3 0x80000128 (0x00c7c7b3) x15 0x9184a426
core   0: 3 0x8000012c (0xfe0716e3)
core   0: 3 0x80000130 (0x00158593) x11 0x8000026e
core   0: 3 0x80000134 (0xfca59ce3)
core   0: 3 0x8000010c (0x0005c683) x13 0x000000a0 mem 0x8000026e
core   0: 3 0x80000110 (0x00800713) x14 0x00000008
core   0: 3 0x80000114 (0x00d7c7b3) x15 0x9184a486
core   0: 3 0x80000118 (0x0017f693) x13 0x00000000
core   0: 3 0x8000011c (0xfff70713) x14 0x00000007
core   0: 3 0x80000120 (0x0017d793) x15 0x48c25243
core   0: 3 0x80000124 (0x00068463)
core   0: 3 0x8000012c (0xfe0716e3)
core   0: 3 0x80000118 (0x0017f693) x13 0x00000001
core   0: 3 0x8000011c (0xfff70713) x14 0x00000006
core   0: 3 0x80000120 (0x0017d793) x15 0x24612921
core   0: 3 0x80000124 (0x00068463)
core   0: 3 0x80000128 (0x00c7c7b3) x15 0xc9d9aa01
core   0: 3 0x8000012c (0xfe0716e3)
core   0: 3 0x80000118 (0x0017f693) x13 0x00000001
core   0: 3 0x8000011c (0xfff70713) x14 0x00000005
core   0: 3 0x80000120 (0x0017d793) x15 0x64ecd500
core   0: 3 0x80000124 (0x00068463)
core   0: 3 0x80000128 (0x00c7c7b3) x15 0x89545620
core   0: 3 0x8000012c (0xfe0716e3)
core   0: 3 0x80000118 (0x0017f693) x13 0x00000000
core   0: 3 0x8000011c (0xfff70713) x14 0x00000004
core   0: 3 0x80000120 (0x0017d793) x15 0x44aa2b10
core   0: 3 0x80000124 (0x00068463)
core   0: 3 0x8000012c (0xfe0716e3)
core   0: 3 0x80000118 (0x0017f693) x13 0x00000000
core   0: 3 0x8000011c (0xfff70713) x14 0x00000003
core   0: 3 0x80000120 (0x0017d793) x15 0x22551588
core   0: 3 0x80000124 (0x00068463)
core   0: 3 0x8000012c (0xfe0716e3)
core   0: 3 0x80000118 (0x0017f693) x13 0x00000000
core   0: 3 0x8000011c (0xfff70713) x14 0x00000002
core   0: 3 0x80000120 (0x0017d793) x15 0x112a8ac4
core   0: 3 0x80000124 (0x00068463)
core   0: 3 0x8000012c (0xfe0716e3)
core   0: 3 0x80000118 (0x0017f693) x13 0x00000000
core   0: 3 0x8000011c (0xfff70713) x14 0x00000001
core   0: 3 0x80000120 (0x0017d793) x15 0x08954562
core   0: 3 0x80000124 (0x00068463)
core   0: 3 0x8000012c (0xfe0716e3)
core   0: 3 0x80000118 (0x0017f693) x13 0x00000000
core   0: 3 0x8000011c (0xfff70713) x14 0x00000000
core   0: 3 0x80000120 (0x0017d793) x15 0x044aa2b1
core   0: 3 0x80000124 (0x00068463)
core   0: 3 0x8000012c (0xfe0716e3)
core   0: 3 0x80000130 (0x00158593) x11 0x8000026f
core   0: 3 0x80000134 (0xfca59ce3)
core   0: 3 0x8000010c (0x0005c683) x13 0x00000046 mem 0x8000026f
core   0: 3 0x80000110 (0x00800713) x14 0x00000008
core   0: 3 0x80000114 (0x00d7c7b3) x15 0x044aa2f7
core   0: 3 0x80000118 (0x0017f693) x13 0x00000001
core   0: 3 0x8000011c (0xfff70713) x14 0x00000007
core   0: 3 0x80000120 (0x0017d793) x15 0x0225517b
core   0: 3 0x80000124 (0x00068463)
core   0: 3 0x80000128 (0x00c7c7b3) x15 0xef9dd25b
core   0: 3 0x8000012c (0xfe0716e3)
core   0: 3 0x80000118 (0x0017f693) x13 0x00000001
core   0: 3 0x8000011c (0xfff70713) x14 0x00000006
core   0: 3 0x80000120 (0x0017d793) x15 0x77cee92d
core   0: 3 0x80000124 (0x00068463)
core   0: 3 0x80000128 (0x00c7c7b3) x15 0x9a766a0d
core   0: 3 0x8000012c (0xfe0716e3)
core   0: 3 0x80000118 (0x0017f693) x13 0x00000001
core   0: 3 0x8000011c (0xfff70713) x14 0x00000005
core   0: 3 0x80000120 (0x0017d793) x15 0x4d3b3506
core   0: 3 0x80000124 (0x00068463)
core   0: 3 0x80000128 (0x00c7c7b3) x15 0xa083b626
core   0: 3 0x8000012c (0xfe0716e3)
core   0: 3 0x80000118 (0x0017f693) x13 0x00000000
core   0: 3 0x8000011c (0xfff70713) x14 0x00000004
core   0: 3 0x80000120 (0x0017d793) x15 0x5041db13
core   0: 3 0x80000124 (0x00068463)
core   0: 3 0x8000012c (0xfe0716e3)
core   0: 3 0x80000118 (0x0017f693) x13 0x00000001
core   0: 3 0x8000011c (0xfff70713) x14 0x00000003
core   0: 3 0x80000120 (0x0017d793) x15 0x2820ed89
core   0: 3 0x80000124 (0x00068463)
core   0: 3 0x80000128 (0x00c7c7b3) x15 0xc5986ea9
core   0: 3 0x8000012c (0xfe0716e3)
core   0: 3 0x80000118 (0x0017f693) x13 0x00000001
core   0: 3 0x8000011c (0xfff70713) x14 0x00000002
core   0: 3 0x80000120 (0x0017d793) x15 0x62cc3754
core   0: 3 0x80000124 (0x00068463)
core   0: 3 0x80000128 (0x00c7c7b3) x15 0x8f74b474
core   0: 3 0x8000012c (0xfe0716e3)
core   0: 3 0x80000118 (0x0017f693) x13 0x00000000
core   0: 3 0x8000011c (0xfff70713) x14 0x00000001
core   0: 3 0x80000120 (0x0017d793) x15 0x47ba5a3a
core   0: 3 0x80000124 (0x00068463)
core   0: 3 0x8000012c (0xfe0716e3)
core   0: 3 0x80000118 (0x0017f693) x13 0x00000000
core   0: 3 0x8000011c (0xfff70713) x14 0x00000000
core   0: 3 0x80000120 (0x0017d793) x15 0x23dd2d1d
core   0: 3 0x80000124 (0x00068463)
core   0: 3 0x8000012c (0xfe0716e3)
core   0: 3 0x80000130 (0x00158593) x11 0x80000270
core   0: 3 0x80000134 (0xfca59ce3)
core   0: 3 0x8000010c (0x0005c683) x13 0x0000008a mem 0x80000270
core   0: 3 0x80000110 (0x00800713) x14 0x00000008
core   0: 3 0x80000114 (0x00d7c7b3) x15 0x23dd2d97
core   0: 3 0x80000118 (0x0017f693) x13 0x00000001
core   0: 3 0x8000011c (0xfff70713) x14 0x00000007
core   0: 3 0x80000120 (0x0017d793) x15 0x11ee96cb
core   0: 3 0x80000124 (0x00068463)
core   0: 3 0x80000128 (0x00c7c7b3) x15 0xfc5615eb
core   0: 3 0x8000012c (0xfe0716e3)
core   0: 3 0x80000118 (0x0017f693) x13 0x00000001
core   0: 3 0x8000011c (0xfff70713) x14 0x00000006
core   0: 3 0x80000120 (0x0017d793) x15 0x7e2b0af5
core   0: 3 0x80000124 (0x00068463)
core   0: 3 0x80000128 (0x00c7c7b3) x15 0x939389d5
core   0: 3 0x8000012c (0xfe0716e3)
core   0: 3 0x80000118 (0x0017f693) x13 0x00000001
core   0: 3 0x8000011c (0xfff70713) x14 0x00000005
core   0: 3 0x80000120 (0x0017d793) x15 0x49c9c4ea
core   0: 3 0x80000124 (0x00068463)
core   0: 3 0x80000128 (0x00c7c7b3) x15 0xa47147ca
core   0: 3 0x8000012c (0xfe0716e3)
core   0: 3 0x80000118 (0x0017f693) x13 0x00000000
core   0: 3 0x8000011c (0xfff70713) x14 0x00000004
core   0: 3 0x80000120 (0x0017d793) x15 0x5238a3e5
core   0: 3 0x80000124 (0x00068463)
core   0: 3 0x8000012c (0xfe0716e3)
core   0: 3 0x80000118 (0x0017f693) x13 0x00000001
core   0: 3 0x8000011c (0xfff70713) x14 0x00000003
core   0: 3 0x80000120 (0x0017d793) x15 0x291c51f2
core   0: 3 0x80000124 (0x00068463)
core   0: 3 0x80000128 (0x00c7c7b3) x15 0xc4a4d2d2
core   0: 3 0x8000012c (0xfe0716e3)
core   0: 3 0x80000118 (0x0017f693) x13 0x00000000
core   0: 3 0x8000011c (0xfff70713) x14 0x00000002
core   0: 3 0x80000120 (0x0017d793) x15 0x62526969
core   0: 3 0x80000124 (0x00068463)
core   0: 3 0x8000012c (0xfe0716e3)
core   0: 3 0x80000118 (0x0017f693) x13 0x00000001
core   0: 3 0x8000011c (0xfff70713) x14 0x00000001
core   0: 3 0x80000120 (0x0017d793) x15 0x312934b4
core   0: 3 0x80000124 (0x00068463)
core   0: 3 0x80000128 (0x00c7c7b3) x15 0xdc91b794
core   0: 3 0x8000012c (0xfe0716e3)
core   0: 3 0x80000118 (0x0017f693) x13 0x00000000
core   0: 3 0x8000011c (0xfff70713) x14 0x00000000
core   0: 3 0x80000120 (0x0017d793) x15 0x6e48dbca
core   0: 3 0x80000124 (0x00068463)
core   0: 3 0x8000012c (0xfe0716e3)
core   0: 3 0x80000130 (0x00158593) x11 0x80000271
core   0: 3 0x80000134 (0xfca59ce3)
core   0: 3 0x8000010c (0x0005c683) x13 0x00000074 mem 0x80000271
core   0: 3 0x80000110 (0x00800713) x14 0x00000008
core   0: 3 0x80000114 (0x00d7c7b3) x15 0x6e48dbbe
core   0: 3 0x80000118 (0x0017f693) x13 0x00000000
core   0: 3 0x8000011c (0xfff70713) x14 0x00000007
core   0: 3 0x80000120 (0x0017d793) x15 0x37246ddf
core   0: 3 0x80000124 (0x00068463)
core   0: 3 0x8000012c (0xfe0716e3)
core   0: 3 0x80000118 (0x0017f693) x13 0x00000001
core   0: 3 0x8000011c (0xfff70713) x14 0x00000006
core   0: 3 0x80000120 (0x0017d793) x15 0x1b9236ef
core   0: 3 0x80000124 (0x00068463)
core   0: 3 0x80000128 (0x00c7c7b3) x15 0xf62ab5cf
core   0: 3 0x8000012c (0xfe0716e3)
core   0: 3 0x80000118 (0x0017f693) x13 0x00000001
core   0: 3 0x8000011c (0xfff70713) x14 0x00000005
core   0: 3 0x80000120 (0x0017d793) x15 0x7b155ae7
core   0: 3 0x80000124 (0x00068463)
core   0: 3 0x80000128 (0x00c7c7b3) x15 0x96add9c7
core   0: 3 0x8000012c (0xfe0716e3)
core   0: 3 0x80000118 (0x0017f693) x13 0x00000001
core   0: 3 0x8000011c (0xfff70713) x14 0x00000004
core   0: 3 0x80000120 (0x0017d793) x15 0x4b56ece3
core   0: 3 0x80000124 (0x00068463)
core   0: 3 0x80000128 (0x00c7c7b3) x15 0xa6ee6fc3
core   0: 3 0x8000012c (0xfe0716e3)
core   0: 3 0x80000118 (0x0017f693) x13 0x00000001
core   0: 3 0x8000011c (0xfff70713) x14 0x00000003
core   0: 3 0x80000120 (0x0017d793) x15 0x537737e1
core   0: 3 0x80000124 (0x00068463)
core   0: 3 0x80000128 (0x00c7c7b3) x15 0xbecfb4c1
core   0: 3 0x8000012c (0xfe0716e3)
core   0: 3 0x80000118 (0x0017f693) x13 0x00000001
core   0: 3 0x8000011c (0xfff70713) x14 0x00000002
core   0: 3 0x80000120 (0x0017d793) x15 0x5f67da60
core   0: 3 0x80000124 (0x00068463)
core   0: 3 0x80000128 (0x00c7c7b3) x15 0xb2df5940
core   0: 3 0x8000012c (0xfe0716e3)
core   0: 3 0x80000118 (0x0017f693) x13 0x00000000
core   0: 3 0x8000011c (0xfff70713) x14 0x00000001
core   0: 3 0x80000120 (0x0017d793) x15 0x596faca0
core   0: 3 0x80000124 (0x00068463)
core   0: 3 0x8000012c (0xfe0716e3)
core   0: 3 0x80000118 (0x0017f693) x13 0x00000000
core   0: 3 0x8000011c (0xfff70713) x14 0x00000000
core   0: 3 0x80000120 (0x0017d793) x15 0x2cb7d650
core   0: 3 0x80000124 (0x00068463)
core   0: 3 0x8000012c (0xfe0716e3)
core   0: 3 0x80000130 (0x00158593) x11 0x80000272
core   0: 3 0x80000134 (0xfca59ce3)
core   0: 3 0x8000010c (0x0005c683) x13 0x0000005e mem 0x80000272
core   0: 3 0x80000110 (0x00800713) x14 0x00000008
core   0: 3 0x80000114 (0x00d7c7b3) x15 0x2cb7d60e
core   0: 3 0x80000118 (0x0017f693) x13 0x00000000
core   0: 3 0x8000011c (0xfff70713) x14 0x00000007
core   0: 3 0x80000120 (0x0017d793) x15 0x165beb07
core   0: 3 0x80000124 (0x00068463)
core   0: 3 0x8000012c (0xfe0716e3)
core   0: 3 0x80000118 (0x0017f693) x13 0x00000001
core   0: 3 0x8000011c (0xfff70713) x14 0x00000006
core   0: 3 0x80000120 (0x0017d793) x15 0x0b2df583
core   0: 3 0x80000124 (0x00068463)
core   0: 3 0x80000128 (0x00c7c7b3) x15 0xe69576a3
core   0: 3 0x8000012c (0xfe0716e3)
core   0: 3 0x80000118 (0x0017f693) x13 0x00000001
core   0: 3 0x8000011c (0xfff70713) x14 0x00000005
core   0: 3 0x80000120 (0x0017d793) x15 0x734abb51
core   0: 3 0x80000124 (0x00068463)
core   0: 3 0x80000128 (0x00c7c7b3) x15 0x9ef23871
core   0: 3 0x8000012c (0xfe0716e3)
core   0: 3 0x80000118 (0x0017f693) x13 0x00000001
core   0: 3 0x8000011c (0xfff70713) x14 0x00000004
core   0: 3 0x80000120 (0x0017d793) x15 0x4f791c38
core   0: 3 0x80000124 (0x00068463)
core   0: 3 0x80000128 (0x00c7c7b3) x15 0xa2c19f18
core   0: 3 0x8000012c (0xfe0716e3)
core   0: 3 0x80000118 (0x0017f693) x13 0x00000000
core   0: 3 0x8000011c (0xfff70713) x14 0x00000003
core   0: 3 0x80000120 (0x0017d793) x15 0x5160cf8c
core   0: 3 0x80000124 (0x00068463)
core   0: 3 0x8000012c (0xfe0716e3)
core   0: 3 0x80000118 (0x0017f693) x13 0x00000000
core   0: 3 0x8000011c (0xfff70713) x14 0x00000002
core   0: 3 0x80000120 (0x0017d793) x15 0x28b067c6
core   0: 3 0x80000124 (0x00068463)
core   0: 3 0x8000012c (0xfe0716e3)
core   0: 3 0x80000118 (0x0017f693) x13 0x00000000
core   0: 3 0x8000011c (0xfff70713) x14 0x00000001
core   0: 3 0x80000120 (0x0017d793) x15 0x145833e3
core   0: 3 0x80000124 (0x00068463)
core   0: 3 0x8000012c (0xfe0716e3)
core   0: 3 0x80000118 (0x0017f693) x13 0x00000001
core   0: 3 0x8000011c (0xfff70713) x14 0x00000000
core   0: 3 0x80000120 (0x0017d793) x15 0x0a2c19f1
core   0: 3 0x80000124 (0x00068463)
core   0: 3 0x80000128 (0x00c7c7b3) x15 0xe7949ad1
core   0: 3 0x8000012c (0xfe0716e3)
core   0: 3 0x80000130 (0x00158593) x11 0x80000273
core   0: 3 0x80000134 (0xfca59ce3)
core   0: 3 0x8000010c (0x0005c683) x13 0x0000003f mem 0x80000273
core   0: 3 0x80000110 (0x00800713) x14 0x00000008
core   0: 3 0x80000114 (0x00d7c7b3) x15 0xe7949aee
core   0: 3 0x80000118 (0x0017f693) x13 0x00000000
core   0: 3 0x8000011c (0xfff70713) x14 0x00000007
core   0: 3 0x80000120 (0x0017d793) x15 0x73ca4d77
core   0: 3 0x80000124 (0x00068463)
core   0: 3 0x8000012c (0xfe0716e3)
core   0: 3 0x80000118 (0x0017f693) x13 0x00000001
core   0: 3 0x8000011c (0xfff70713) x14 0x00000006
core   0: 3 0x80000120 (0x0017d793) x15 0x39e526bb
core   0: 3 0x80000124 (0x00068463)
core   0: 3 0x80000128 (0x00c7c7b3) x15 0xd45da59b
core   0: 3 0x8000012c (0xfe0716e3)
core   0: 3 0x80000118 (0x0017f693) x13 0x00000001
core   0: 3 0x8000011c (0xfff70713) x14 0x00000005
core   0: 3 0x80000120 (0x0017d793) x15 0x6a2ed2cd
core   0: 3 0x80000124 (0x00068463)
core   0: 3 0x80000128 (0x00c7c7b3) x15 0x879651ed
core   0: 3 0x8000012c (0xfe0716e3)
core   0: 3 0x80000118 (0x0017f693) x13 0x00000001
core   0: 3 0x8000011c (0xfff70713) x14 0x00000004
core   0: 3 0x80000120 (0x0017d793) x15 0x43cb28f6
core   0: 3 0x80000124 (0x00068463)
core   0: 3 0x80000128 (0x00c7c7b3) x15 0xae73abd6
core   0: 3 0x8000012c (0xfe0716e3)
core   0: 3 0x80000118 (0x0017f693) x13 0x00000000
core   0: 3 0x8000011c (0xfff70713) x14 0x00000003
core   0: 3 0x80000120 (0x0017d793) x15 0x5739d5eb
core   0: 3 0x80000124 (0x00068463)
core   0: 3 0x8000012c (0xfe0716e3)
core   0: 3 0x80000118 (0x0017f693) x13 0x00000001
core   0: 3 0x8000011c (0xfff70713) x14 0x00000002
core   0: 3 0x80000120 (0x0017d793) x15 0x2b9ceaf5
core   0: 3 0x80000124 (0x00068463)
core   0: 3 0x80000128 (0x00c7c7b3) x15 0xc62469d5
core   0: 3 0x8000012c (0xfe0716e3)
core   0: 3 0x80000118 (0x0017f693) x13 0x00000001
core   0: 3 0x8000011c (0xfff70713) x14 0x00000001
core   0: 3 0x80000120 (0x0017d793) x15 0x631234ea
core   0: 3 0x80000124 (0x00068463)
core   0: 3 0x80000128 (0x00c7c7b3) x15 0x8eaab7ca
core   0: 3 0x8000012c (0xfe0716e3)
core   0: 3 0x80000118 (0x0017f693) x13 0x00000000
core   0: 3 0x8000011c (0xfff70713) x14 0x00000000
core   0: 3 0x80000120 (0x0017d793) x15 0x47555be5
core   0: 3 0x80000124 (0x00068463)
core   0: 3 0x8000012c (0xfe0716e3)
core   0: 3 0x80000130 (0x00158593) x11 0x80000274
core   0: 3 0x80000134 (0xfca59ce3)
core   0: 3 0x8000010c (0x0005c683) x13 0x000000af mem 0x80000274
core   0: 3 0x80000110 (0x00800713) x14 0x00000008
core   0: 3 0x80000114 (0x00d7c7b3) x15 0x47555b4a
core   0: 3 0x80000118 (0x0017f693) x13 0x00000000
core   0: 3 0x8000011c (0xfff70713) x14 0x00000007
core   0: 3 0x80000120 (0x0017d793) x15 0x23aaada5
core   0: 3 0x80000124 (0x00068463)
core   0: 3 0x8000012c (0xfe0716e3)
core   0: 3 0x80000118 (0x0017f693) x13 0x00000001
core   0: 3 0x8000011c (0xfff70713) x14 0x00000006
core   0: 3 0x80000120 (0x0017d793) x15 0x11d556d2
core   0: 3 0x80000124 (0x00068463)
core   0: 3 0x80000128 (0x00c7c7b3) x15 0xfc6dd5f2
core   0: 3 0x8000012c (0xfe0716e3)
core   0: 3 0x80000118 (0x0017f693) x13 0x00000000
core   0: 3 0x8000011c (0xfff70713) x14 0x00000005
core   0: 3 0x80000120 (0x0017d793) x15 0x7e36eaf9
core   0: 3 0x80000124 (0x00068463)
core   0: 3 0x8000012c (0xfe0716e3)
core   0: 3 0x80000118 (0x0017f693) x13 0x00000001
core   0: 3 0x8000011c (0xfff70713) x14 0x00000004
core   0: 3 0x80000120 (0x0017d793) x15 0x3f1b757c
core   0: 3 0x80000124 (0x00068463)
core   0: 3 0x80000128 (0x00c7c7b3) x15 0xd2a3f65c
core   0: 3 0x8000012c (0xfe0716e3)
core   0: 3 0x80000118 (0x0017f693) x13 0x00000000
core   0: 3 0x8000011c (0xfff70713) x14 0x00000003
core   0: 3 0x80000120 (0x0017d793) x15 0x6951fb2e
core   0: 3 0x80000124 (0x00068463)
core   0: 3 0x8000012c (0xfe0716e3)
core   0: 3 0x80000118 (0x0017f693) x13 0x00000000
core   0: 3 0x8000011c (0xfff70713) x14 0x00000002
core   0: 3 0x80000120 (0x0017d793) x15 0x34a8fd97
core   0: 3 0x80000124 (0x00068463)
core   0: 3 0x8000012c (0xfe0716e3)
core   0: 3 0x80000118 (0x0017f693) x13 0x00000001
core   0: 3 0x8000011c (0xfff70713) x14 0x00000001
core   0: 3 0x80000120 (0x0017d793) x15 0x1a547ecb
core   0: 3 0x80000124 (0x00068463)
core   0: 3 0x80000128 (0x00c7c7b3) x15 0xf7ecfdeb
core   0: 3 0x8000012c (0xfe0716e3)
core   0: 3 0x80000118 (0x0017f693) x13 0x00000001
core   0: 3 0x8000011c (0xfff70713) x14 0x00000000
core   0: 3 0x80000120 (0x0017d793) x15 0x7bf67ef5
core   0: 3 0x80000124 (0x00068463)
core   0: 3 0x80000128 (0x00c7c7b3) x15 0x964efdd5
core   0: 3 0x8000012c (0xfe0716e3)
core   0: 3 0x80000130 (0x00158593) x11 0x80000275
core   0: 3 0x80000134 (0xfca59ce3)
core   0: 3 0x8000010c (0x0005c683) x13 0x00000021 mem 0x80000275
core   0: 3 0x80000110 (0x00800713) x14 0x00000008
core   0: 3 0x80000114 (0x00d7c7b3) x15 0x964efdf4
core   0: 3 0x80000118 (0x0017f693) x13 0x00000000
core   0: 3 0x8000011c (0xfff70713) x14 0x00000007
core   0: 3 0x80000120 (0x0017d793) x15 0x4b277efa
core   0: 3 0x80000124 (0x00068463)
core   0: 3 0x8000012c (0xfe0716e3)
core   0: 3 0x80000118 (0x0017f693) x13 0x00000000
core   0: 3 0x8000011c (0xfff70713) x14 0x00000006
core   0: 3 0x80000120 (0x0017d793) x15 0x2593bf7d
core   0: 3 0x80000124 (0x00068463)
core   0: 3 0x8000012c (0xfe0716e3)
core   0: 3 0x80000118 (0x0017f693) x13 0x00000001
core   0: 3 0x8000011c (0xfff70713) x14 0x00000005
core   0: 3 0x80000120 (0x0017d793) x15 0x12c9dfbe
core   0: 3 0x80000124 (0x00068463)
core   0: 3 0x80000128 (0x00c7c7b3) x15 0xff715c9e
core   0: 3 0x8000012c (0xfe0716e3)
core   0: 3 0x80000118 (0x0017f693) x13 0x00000000
core   0: 3 0x8000011c (0xfff70713) x14 0x00000004
core   0: 3 0x80000120 (0x0017d793) x15 0x7fb8ae4f
core   0: 3 0x80000124 (0x00068463)
core   0: 3 0x8000012c (0xfe0716e3)
core   0: 3 0x80000118 (0x0017f693) x13 0x00000001
core   0: 3 0x8000011c (0xfff70713) x14 0x00000003
core   0: 3 0x80000120 (0x0017d793) x15 0x3fdc5727
core   0: 3 0x80000124 (0x00068463)
core   0: 3 0x80000128 (0x00c7c7b3) x15 0xd264d407
core   0: 3 0x8000012c (0xfe0716e3)
core   0: 3 0x80000118 (0x0017f693) x13 0x00000001
core   0: 3 0x8000011c (0xfff70713) x14 0x00000002
core   0: 3 0x80000120 (0x0017d793) x15 0x69326a03
core   0: 3 0x80000124 (0x00068463)
core   0: 3 0x80000128 (0x00c7c7b3) x15 0x848ae923
core   0: 3 0x8000012c (0xfe0716e3)
core   0: 3 0x80000118 (0x0017f693) x13 0x00000001
core   0: 3 0x8000011c (0xfff70713) x14 0x00000001
core   0: 3 0x80000120 (0x0017d793) x15 0x42457491
core   0: 3 0x80000124 (0x00068463)
core   0: 3 0x80000128 (0x00c7c7b3) x15 0xaffdf7b1
core   0: 3 0x8000012c (0xfe0716e3)
core   0: 3 0x80000118 (0x0017f693) x13 0x00000001
core   0: 3 0x8000011c (0xfff70713) x14 0x00000000
core   0: 3 0x80000120 (0x0017d793) x15 0x57fefbd8
core   0: 3 0x80000124 (0x00068463)
core   0: 3 0x80000128 (0x00c7c7b3) x15 0xba4678f8
core   0: 3 0x8000012c (0xfe0716e3)
core   0: 3 0x80000130 (0x00158593) x11 0x80000276
core   0: 3 0x80000134 (0xfca59ce3)
core   0: 3 0x8000010c (0x0005c683) x13 0x00000028 mem 0x80000276
core   0: 3 0x80000110 (0x00800713) x14 0x00000008
core   0: 3 0x80000114 (0x00d7c7b3) x15 0xba4678d0
core   0: 3 0x80000118 (0x0017f693) x13 0x00000000
core   0: 3 0x8000011c (0xfff70713) x14 0x00000007
core   0: 3 0x80000120 (0x0017d793) x15 0x5d233c68
core   0: 3 0x80000124 (0x00068463)
core   0: 3 0x8000012c (0xfe0716e3)
core   0: 3 0x80000118 (0x0017f693) x13 0x00000000
core   0: 3 0x8000011c (0xfff70713) x14 0x00000006
core   0: 3 0x80000120 (0x0017d793) x15 0x2e919e34
core   0: 3 0x80000124 (0x00068463)
core   0: 3 0x8000012c (0xfe0716e3)
core   0: 3 0x80000118 (0x0017f693) x13 0x00000000
core   0: 3 0x8000011c (0xfff70713) x14 0x00000005
core   0: 3 0x80000120 (0x0017d793) x15 0x1748cf1a
core   0: 3 0x80000124 (0x00068463)
core   0: 3 0x8000012c (0xfe0716e3)
core   0: 3 0x80000118 (0x0017f693) x13 0x00000000
core   0: 3 0x8000011c (0xfff70713) x14 0x00000004
core   0: 3 0x80000120 (0x0017d793) x15 0x0ba4678d
core   0: 3 0x80000124 (0x00068463)
core   0: 3 0x8000012c (0xfe0716e3)
core   0: 3 0x80000118 (0x0017f693) x13 0x00000001
core   0: 3 0x8000011c (0xfff70713) x14 0x00000003
core   0: 3 0x80000120 (0x0017d793) x15 0x05d233c6
core   0: 3 0x80000124 (0x00068463)
core   0: 3 0x80000128 (0x00c7c7b3) x15 0xe86ab0e6
core   0: 3 0x8000012c (0xfe0716e3)
core   0: 3 0x80000118 (0x0017f693) x13 0x00000000
core   0: 3 0x8000011c (0xfff70713) x14 0x00000002
core   0: 3 0x80000120 (0x0017d793) x15 0x74355873
core   0: 3 0x80000124 (0x00068463)
core   0: 3 0x8000012c (0xfe0716e3)
core   0: 3 0x80000118 (0x0017f693) x13 0x00000001
core   0: 3 0x8000011c (0xfff70713) x14 0x00000001
core   0: 3 0x80000120 (0x0017d793) x15 0x3a1aac39
core   0: 3 0x80000124 (0x00068463)
core   0: 3 0x80000128 (0x00c7c7b3) x15 0xd7a22f19
core   0: 3 0x8000012c (0xfe0716e3)
core   0: 3 0x80000118 (0x0017f693) x13 0x00000001
core   0: 3 0x8000011c (0xfff70713) x14 0x00000000
core   0: 3 0x80000120 (0x0017d793) x15 0x6bd1178c
core   0: 3 0x80000124 (0x00068463)
core   0: 3 0x80000128 (0x00c7c7b3) x15 0x866994ac
core   0: 3 0x8000012c (0xfe0716e3)
core   0: 3 0x80000130 (0x00158593) x11 0x80000277
core   0: 3 0x80000134 (0xfca59ce3)
core   0: 3 0x8000010c (0x0005c683) x13 0x0000009f mem 0x80000277
core   0: 3 0x80000110 (0x00800713) x14 0x00000008
core   0: 3 0x80000114 (0x00d7c7b3) x15 0x86699433
core   0: 3 0x80000118 (0x0017f693) x13 0x00000001
core   0: 3 0x8000011c (0xfff70713) x14 0x00000007
core   0: 3 0x80000120 (0x0017d793) x15 0x4334ca19
core   0: 3 0x80000124 (0x00068463)
core   0: 3 0x80000128 (0x00c7c7b3) x15 0xae8c4939
core   0: 3 0x8000012c (0xfe0716e3)
core   0: 3 0x80000118 (0x0017f693) x13 0x00000001
core   0: 3 0x8000011c (0xfff70713) x14 0x00000006
core   0: 3 0x80000120 (0x0017d793) x15 0x5746249c
core   0: 3 0x80000124 (0x00068463)
core   0: 3 0x80000128 (0x00c7c7b3) x15 0xbafea7bc
core   0: 3 0x8000012c (0xfe0716e3)
core   0: 3 0x80000118 (0x0017f693) x13 0x00000000
core   0: 3 0x8000011c (0xfff70713) x14 0x00000005
core   0: 3 0x80000120 (0x0017d793) x15 0x5d7f53de
core   0: 3 0x80000124 (0x00068463)
core   0: 3 0x8000012c (0xfe0716e3)
core   0: 3 0x80000118 (0x0017f693) x13 0x00000000
core   0: 3 0x8000011c (0xfff70713) x14 0x00000004
core   0: 3 0x80000120 (0x0017d793) x15 0x2ebfa9ef
core   0: 3 0x80000124 (0x00068463)
core   0: 3 0x8000012c (0xfe0716e3)
core   0: 3 0x80000118 (0x0017f693) x13 0x00000001
core   0: 3 0x8000011c (0xfff70713) x14 0x00000003
core   0: 3 0x80000120 (0x0017d793) x15 0x175fd4f7
core   0: 3 0x80000124 (0x00068463)
core   0: 3 0x80000128 (0x00c7c7b3) x15 0xfae757d7
core   0: 3 0x8000012c (0xfe0716e3)
core   0: 3 0x80000118 (0x0017f693) x13 0x00000001
core   0: 3 0x8000011c (0xfff70713) x14 0x00000002
core   0: 3 0x80000120 (0x0017d793) x15 0x7d73abeb
core   0: 3 0x80000124 (0x00068463)
core   0: 3 0x80000128 (0x00c7c7b3) x15 0x90cb28cb
core   0: 3 0x8000012c (0xfe0716e3)
core   0: 3 0x80000118 (0x0017f693) x13 0x00000001
core   0: 3 0x8000011c (0xfff70713) x14 0x00000001
core   0: 3 0x80000120 (0x0017d793) x15 0x48659465
core   0: 3 0x80000124 (0x00068463)
core   0: 3 0x80000128 (0x00c7c7b3) x15 0xa5dd1745
core   0: 3 0x8000012c (0xfe0716e3)
core   0: 3 0x80000118 (0x0017f693) x13 0x00000001
core   0: 3 0x8000011c (0xfff70713) x14 0x00000000
core   0: 3 0x80000120 (0x0017d793) x15 0x52ee8ba2
core   0: 3 0x80000124 (0x00068463)
core   0: 3 0x80000128 (0x00c7c7b3) x15 0xbf560882
core   0: 3 0x8000012c (0xfe0716e3)
core   0: 3 0x80000130 (0x00158593) x11 0x80000278
core   0: 3 0x80000134 (0xfca59ce3)
core   0: 3 0x8000010c (0x0005c683) x13 0x000000ed mem 0x80000278
core   0: 3 0x80000110 (0x00800713) x14 0x00000008
core   0: 3 0x80000114 (0x00d7c7b3) x15 0xbf56086f
core   0: 3 0x80000118 (0x0017f693) x13 0x00000001
core   0: 3 0x8000011c (0xfff70713) x14 0x00000007
core   0: 3 0x80000120 (0x0017d793) x15 0x5fab0437
core   0: 3 0x80000124 (0x00068463)
core   0: 3 0x80000128 (0x00c7c7b3) x15 0xb2138717
core   0: 3 0x8000012c (0xfe0716e3)
core   0: 3 0x80000118 (0x0017f693) x13 0x00000001
core   0: 3 0x8000011c (0xfff70713) x14 0x00000006
core   0: 3 0x80000120 (0x0017d793) x15 0x5909c38b
core   0: 3 0x80000124 (0x00068463)
core   0: 3 0x80000128 (0x00c7c7b3) x15 0xb4b140ab
core   0: 3 0x8000012c (0xfe0716e3)
core   0: 3 0x80000118 (0x0017f693) x13 0x00000001
core   0: 3 0x8000011c (0xfff70713) x14 0x00000005
core   0: 3 0x80000120 (0x0017d793) x15 0x5a58a055
core   0: 3 0x80000124 (0x00068463)
core   0: 3 0x80000128 (0x00c7c7b3) x15 0xb7e02375
core   0: 3 0x8000012c (0xfe0716e3)
core   0: 3 0x80000118 (0x0017f693) x13 0x00000001
core   0: 3 0x8000011c (0xfff70713) x14 0x00000004
core   0: 3 0x80000120 (0x0017d793) x15 0x5bf011ba
core   0: 3 0x80000124 (0x00068463)
core   0: 3 0x80000128 (0x00c7c7b3) x15 0xb648929a
core   0: 3 0x8000012c (0xfe0716e3)
core   0: 3 0x80000118 (0x0017f693) x13 0x00000000
core   0: 3 0x8000011c (0xfff70713) x14 0x00000003
core   0: 3 0x80000120 (0x0017d793) x15 0x5b24494d
core   0: 3 0x80000124 (0x00068463)
core   0: 3 0x8000012c (0xfe0716e3)
core   0: 3 0x80000118 (0x0017f693) x13 0x00000001
core   0: 3 0x8000011c (0xfff70713) x14 0x00000002
core   0: 3 0x80000120 (0x0017d793) x15 0x2d9224a6
core   0: 3 0x80000124 (0x00068463)
core   0: 3 0x80000128 (0x00c7c7b3) x15 0xc02aa786
core   0: 3 0x8000012c (0xfe0716e3)
core   0: 3 0x80000118 (0x0017f693) x13 0x00000000
core   0: 3 0x8000011c (0xfff70713) x14 0x00000001
core   0: 3 0x80000120 (0x0017d793) x15 0x601553c3
core   0: 3 0x80000124 (0x00068463)
core   0: 3 0x8000012c (0xfe0716e3)
core   0: 3 0x80000118 (0x0017f693) x13 0x00000001
core   0: 3 0x8000011c (0xfff70713) x14 0x00000000
core   0: 3 0x80000120 (0x0017d793) x15 0x300aa9e1
core   0: 3 0x80000124 (0x00068463)
core   0: 3 0x80000128 (0x00c7c7b3) x15 0xddb22ac1
core   0: 3 0x8000012c (0xfe0716e3)
core   0: 3 0x80000130 (0x00158593) x11 0x80000279
core   0: 3 0x80000134 (0xfca59ce3)
core   0: 3 0x8000010c (0x0005c683) x13 0x000000f6 mem 0x80000279
core   0: 3 0x80000110 (0x00800713) x14 0x00000008
core   0: 3 0x80000114 (0x00d7c7b3) x15 0xddb22a37
core   0: 3 0x80000118 (0x0017f693) x13 0x00000001
core   0: 3 0x8000011c (0xfff70713) x14 0x00000007
core   0: 3 0x80000120 (0x0017d793) x15 0x6ed9151b
core   0: 3 0x80000124 (0x00068463)
core   0: 3 0x80000128 (0x00c7c7b3) x15 0x8361963b
core   0: 3 0x8000012c (0xfe0716e3)
core   0: 3 0x80000118 (0x0017f693) x13 0x00000001
core   0: 3 0x8000011c (0xfff70713) x14 0x00000006
core   0: 3 0x80000120 (0x0017d793) x15 0x41b0cb1d
core   0: 3 0x80000124 (0x00068463)
core   0: 3 0x80000128 (0x00c7c7b3) x15 0xac08483d
core   0: 3 0x8000012c (0xfe0716e3)
core   0: 3 0x80000118 (0x0017f693) x13 0x00000001
core   0: 3 0x8000011c (0xfff70713) x14 0x00000005
core   0: 3 0x80000120 (0x0017d793) x15 0x5604241e
core   0: 3 0x80000124 (0x00068463)
core   0: 3 0x80000128 (0x00c7c7b3) x15 0xbbbca73e
core   0: 3 0x8000012c (0xfe0716e3)
core   0: 3 0x80000118 (0x0017f693) x13 0x00000000
core   0: 3 0x8000011c (0xfff70713) x14 0x00000004
core   0: 3 0x80000120 (0x0017d793) x15 0x5dde539f
core   0: 3 0x80000124 (0x00068463)
core   0: 3 0x8000012c (0xfe0716e3)
core   0: 3 0x80000118 (0x0017f693) x13 0x00000001
core   0: 3 0x8000011c (0xfff70713) x14 0x00000003
core   0: 3 0x80000120 (0x0017d793) x15 0x2eef29cf
core   0: 3 0x80000124 (0x00068463)
core   0: 3 0x80000128 (0x00c7c7b3) x15 0xc357aaef
core   0: 3 0x8000012c (0xfe0716e3)
core   0: 3 0x80000118 (0x0017f693) x13 0x00000001
core   0: 3 0x8000011c (0xfff70713) x14 0x00000002
core   0: 3 0x80000120 (0x0017d793) x15 0x61abd577
core   0: 3 0x80000124 (0x00068463)
core   0: 3 0x80000128 (0x00c7c7b3) x15 0x8c135657
core   0: 3 0x8000012c (0xfe0716e3)
core   0: 3 0x80000118 (0x0017f693) x13 0x00000001
core   0: 3 0x8000011c (0xfff70713) x14 0x00000001
core   0: 3 0x80000120 (0x0017d793) x15 0x4609ab2b
core   0: 3 0x80000124 (0x00068463)
core   0: 3 0x80000128 (0x00c7c7b3) x15 0xabb1280b
core   0: 3 0x8000012c (0xfe0716e3)
core   0: 3 0x80000118 (0x0017f693) x13 0x00000001
core   0: 3 0x8000011c (0xfff70713) x14 0x00000000
core   0: 3 0x80000120 (0x0017d793) x15 0x55d89405
core   0: 3 0x80000124 (0x00068463)
core   0: 3 0x80000128 (0x00c7c7b3) x15 0xb8601725
core   0: 3 0x8000012c (0xfe0716e3)
core   0: 3 0x80000130 (0x00158593) x11 0x8000027a
core   0: 3 0x80000134 (0xfca59ce3)
core   0: 3 0x8000010c (0x0005c683) x13 0x00000066 mem 0x8000027a
core   0: 3 0x80000110 (0x00800713) x14 0x00000008
core   0: 3 0x80000114 (0x00d7c7b3) x15 0xb8601743
core   0: 3 0x80000118 (0x0017f693) x13 0x00000001
core   0: 3 0x8000011c (0xfff70713) x14 0x00000007
core   0: 3 0x80000120 (0x0017d793) x15 0x5c300ba1
core   0: 3 0x80000124 (0x00068463)
core   0: 3 0x80000128 (0x00c7c7b3) x15 0xb1888881
core   0: 3 0x8000012c (0xfe0716e3)
core   0: 3 0x80000118 (0x0017f693) x13 0x00000001
core   0: 3 0x8000011c (0xfff70713) x14 0x00000006
core   0: 3 0x80000120 (0x0017d793) x15 0x58c44440
core   0: 3 0x80000124 (0x00068463)
core   0: 3 0x80000128 (0x00c7c7b3) x15 0xb57cc760
core   0: 3 0x8000012c (0xfe0716e3)
core   0: 3 0x80000118 (0x0017f693) x13 0x00000000
core   0: 3 0x8000011c (0xfff70713) x14 0x00000005
core   0: 3 0x80000120 (0x0017d793) x15 0x5abe63b0
core   0: 3 0x80000124 (0x00068463)
core   0: 3 0x8000012c (0xfe0716e3)
core   0: 3 0x80000118 (0x0017f693) x13 0x00000000
core   0: 3 0x8000011c (0xfff70713) x14 0x00000004
core   0: 3 0x80000120 (0x0017d793) x15 0x2d5f31d8
core   0: 3 0x80000124 (0x00068463)
core   0: 3 0x8000012c (0xfe0716e3)
core   0: 3 0x80000118 (0x0017f693) x13 0x00000000
core   0: 3 0x8000011c (0xfff70713) x14 0x00000003
core   0: 3 0x80000120 (0x0017d793) x15 0x16af98ec
core   0: 3 0x80000124 (0x00068463)
core   0: 3 0x8000012c (0xfe0716e3)
core   0: 3 0x80000118 (0x0017f693) x13 0x00000000
core   0: 3 0x8000011c (0xfff70713) x14 0x00000002
core   0: 3 0x80000120 (0x0017d793) x15 0x0b57cc76
core   0: 3 0x80000124 (0x00068463)
core   0: 3 0x8000012c (0xfe0716e3)
core   0: 3 0x80000118 (0x0017f693) x13 0x00000000
core   0: 3 0x8000011c (0xfff70713) x14 0x00000001
core   0: 3 0x80000120 (0x0017d793) x15 0x05abe63b
core   0: 3 0x80000124 (0x00068463)
core   0: 3 0x8000012c (0xfe0716e3)
core   0: 3 0x80000118 (0x0017f693) x13 0x00000001
core   0: 3 0x8000011c (0xfff70713) x14 0x00000000
core   0: 3 0x80000120 (0x0017d793) x15 0x02d5f31d
core   0: 3 0x80000124 (0x00068463)
core   0: 3 0x80000128 (0x00c7c7b3) x15 0xef6d703d
core   0: 3 0x8000012c (0xfe0716e3)
core   0: 3 0x80000130 (0x00158593) x11 0x8000027b
core   0: 3 0x80000134 (0xfca59ce3)
core   0: 3 0x8000010c (0x0005c683) x13 0x0000001d mem 0x8000027b
core   0: 3 0x80000110 (0x00800713) x14 0x00000008
core   0: 3 0x80000114 (0x00d7c7b3) x15 0xef6d7020
core   0: 3 0x80000118 (0x0017f693) x13 0x00000000
core   0: 3 0x8000011c (0xfff70713) x14 0x00000007
core   0: 3 0x80000120 (0x0017d793) x15 0x77b6b810
core   0: 3 0x80000124 (0x00068463)
core   0: 3 0x8000012c (0xfe0716e3)
core   0: 3 0x80000118 (0x0017f693) x13 0x00000000
core   0: 3 0x8000011c (0xfff70713) x14 0x00000006
core   0: 3 0x80000120 (0x0017d793) x15 0x3bdb5c08
core   0: 3 0x80000124 (0x00068463)
core   0: 3 0x8000012c (0xfe0716e3)
core   0: 3 0x80000118 (0x0017f693) x13 0x00000000
core   0: 3 0x8000011c (0xfff70713) x14 0x00000005
core   0: 3 0x80000120 (0x0017d793) x15 0x1dedae04
core   0: 3 0x80000124 (0x00068463)
core   0: 3 0x8000012c (0xfe0716e3)
core   0: 3 0x80000118 (0x0017f693) x13 0x00000000
core   0: 3 0x8000011c (0xfff70713) x14 0x00000004
core   0: 3 0x80000120 (0x0017d793) x15 0x0ef6d702
core   0: 3 0x80000124 (0x00068463)
core   0: 3 0x8000012c (0xfe0716e3)
core   0: 3 0x80000118 (0x0017f693) x13 0x00000000
core   0: 3 0x8000011c (0xfff70713) x14 0x00000003
core   0: 3 0x80000120 (0x0017d793) x15 0x077b6b81
core   0: 3 0x80000124 (0x00068463)
core   0: 3 0x8000012c (0xfe0716e3)
core   0: 3 0x80000118 (0x0017f693) x13 0x00000001
core   0: 3 0x8000011c (0xfff70713) x14 0x00000002
core   0: 3 0x80000120 (0x0017d793) x15 0x03bdb5c0
core   0: 3 0x80000124 (0x00068463)
core   0: 3 0x80000128 (0x00c7c7b3) x15 0xee0536e0
core   0: 3 0x8000012c (0xfe0716e3)
core   0: 3 0x80000118 (0x0017f693) x13 0x00000000
core   0: 3 0x8000011c (0xfff70713) x14 0x00000001
core   0: 3 0x80000120 (0x0017d793) x15 0x77029b70
core   0: 3 0x80000124 (0x00068463)
core   0: 3 0x8000012c (0xfe0716e3)
core   0: 3 0x80000118 (0x0017f693) x13 0x00000000
core   0: 3 0x8000011c (0xfff70713) x14 0x00000000
core   0: 3 0x80000120 (0x0017d793) x15 0x3b814db8
core   0: 3 0x80000124 (0x00068463)
core   0: 3 0x8000012c (0xfe0716e3)
core   0: 3 0x80000130 (0x00158593) x11 0x8000027c
core   0: 3 0x80000134 (0xfca59ce3)
core   0: 3 0x8000010c (0x0005c683) x13 0x0000003c mem 0x8000027c
core   0: 3 0x80000110 (0x00800713) x14 0x00000008
core   0: 3 0x80000114 (0x00d7c7b3) x15 0x3b814d84
core   0: 3 0x80000118 (0x0017f693) x13 0x00000000
core   0: 3 0x8000011c (0xfff70713) x14 0x00000007
core   0: 3 0x80000120 (0x0017d793) x15 0x1dc0a6c2
core   0: 3 0x80000124 (0x00068463)
core   0: 3 0x8000012c (0xfe0716e3)
core   0: 3 0x80000118 (0x0017f693) x13 0x00000000
core   0: 3 0x8000011c (0xfff70713) x14 0x00000006
core   0: 3 0x80000120 (0x0017d793) x15 0x0ee05361
core   0: 3 0x80000124 (0x00068463)
core   0: 3 0x8000012c (0xfe0716e3)
core   0: 3 0x80000118 (0x0017f693) x13 0x00000001
core   0: 3 0x8000011c (0xfff70713) x14 0x00000005
core   0: 3 0x80000120 (0x0017d793) x15 0x077029b0
core   0: 3 0x80000124 (0x00068463)
core   0: 3 0x80000128 (0x00c7c7b3) x15 0xeac8aa90
core   0: 3 0x8000012c (0xfe0716e3)
core   0: 3 0x80000118 (0x0017f693) x13 0x00000000
core   0: 3 0x8000011c (0xfff70713) x14 0x00000004
core   0: 3 0x80000120 (0x0017d793) x15 0x75645548
core   0: 3 0x80000124 (0x00068463)
core   0: 3 0x8000012c (0xfe0716e3)
core   0: 3 0x80000118 (0x0017f693) x13 0x00000000
core   0: 3 0x8000011c (0xfff70713) x14 0x00000003
core   0: 3 0x80000120 (0x0017d793) x15 0x3ab22aa4
core   0: 3 0x80000124 (0x00068463)
core   0: 3 0x8000012c (0xfe0716e3)
core   0: 3 0x80000118 (0x0017f693) x13 0x00000000
core   0: 3 0x8000011c (0xfff70713) x14 0x00000002
core   0: 3 0x80000120 (0x0017d793) x15 0x1d591552
core   0: 3 0x80000124 (0x00068463)
core   0: 3 0x8000012c (0xfe0716e3)
core   0: 3 0x80000118 (0x0017f693) x13 0x00000000
core   0: 3 0x8000011c (0xfff70713) x14 0x00000001
core   0: 3 0x80000120 (0x0017d793) x15 0x0eac8aa9
core   0: 3 0x80000124 (0x00068463)
core   0: 3 0x8000012c (0xfe0716e3)
core   0: 3 0x80000118 (0x0017f693) x13 0x00000001
core   0: 3 0x8000011c (0xfff70713) x14 0x00000000
core   0: 3 0x80000120 (0x0017d793) x15 0x07564554
core   0: 3 0x80000124 (0x00068463)
core   0: 3 0x80000128 (0x00c7c7b3) x15 0xeaeec674
core   0: 3 0x8000012c (0xfe0716e3)
core   0: 3 0x80000130 (0x00158593) x11 0x8000027d
core   0: 3 0x80000134 (0xfca59ce3)
core   0: 3 0x8000010c (0x0005c683) x13 0x00000064 mem 0x8000027d
core   0: 3 0x80000110 (0x00800713) x14 0x00000008
core   0: 3 0x80000114 (0x00d7c7b3) x15 0xeaeec610
core   0: 3 0x80000118 (0x0017f693) x13 0x00000000
core   0: 3 0x8000011c (0xfff70713) x14 0x00000007
core   0: 3 0x80000120 (0x0017d793) x15 0x75776308
core   0: 3 0x80000124 (0x00068463)
core   0: 3 0x8000012c (0xfe0716e3)
core   0: 3 0x80000118 (0x0017f693) x13 0x00000000
core   0: 3 0x8000011c (0xfff70713) x14 0x00000006
core   0: 3 0x80000120 (0x0017d793) x15 0x3abbb184
core   0: 3 0x80000124 (0x00068463)
core   0: 3 0x8000012c (0xfe0716e3)
core   0: 3 0x80000118 (0x0017f693) x13 0x00000000
core   0: 3 0x8000011c (0xfff70713) x14 0x00000005
core   0: 3 0x80000120 (0x0017d793) x15 0x1d5dd8c2
core   0: 3 0x80000124 (0x00068463)
core   0: 3 0x8000012c (0xfe0716e3)
core   0: 3 0x80000118 (0x0017f693) x13 0x00000000
core   0: 3 0x8000011c (0xfff70713) x14 0x00000004
core   0: 3 0x80000120 (0x0017d793) x15 0x0eaeec61
core   0: 3 0x80000124 (0x00068463)
core   0: 3 0x8000012c (0xfe0716e3)
core   0: 3 0x80000118 (0x0017f693) x13 0x00000001
core   0: 3 0x8000011c (0xfff70713) x14 0x00000003
core   0: 3 0x80000120 (0x0017d793) x15 0x07577630
core   0: 3 0x80000124 (0x00068463)
core   0: 3 0x80000128 (0x00c7c7b3) x15 0xeaeff510
core   0: 3 0x8000012c (0xfe0716e3)
core   0: 3 0x80000118 (0x0017f693) x13 0x00000000
core   0: 3 0x8000011c (0xfff70713) x14 0x00000002
core   0: 3 0x80000120 (0x0017d793) x15 0x7577fa88
core   0: 3 0x80000124 (0x00068463)
core   0: 3 0x8000012c (0xfe0716e3)
core   0: 3 0x80000118 (0x0017f693) x13 0x00000000
core   0: 3 0x8000011c (0xfff70713) x14 0x00000001
core   0: 3 0x80000120 (0x0017d793) x15 0x3abbfd44
core   0: 3 0x80000124 (0x00068463)
core   0: 3 0x8000012c (0xfe0716e3)
core   0: 3 0x80000118 (0x0017f693) x13 0x00000000
core   0: 3 0x8000011c (0xfff70713) x14 0x00000000
core   0: 3 0x80000120 (0x0017d793) x15 0x1d5dfea2
core   0: 3 0x80000124 (0x00068463)
core   0: 3 0x8000012c (0xfe0716e3)
core   0: 3 0x80000130 (0x00158593) x11 0x8000027e
core   0: 3 0x80000134 (0xfca59ce3)
core   0: 3 0x8000010c (0x0005c683) x13 0x000000eb mem 0x8000027e
core   0: 3 0x80000110 (0x00800713) x14 0x00000008
core   0: 3 0x80000114 (0x00d7c7b3) x15 0x1d5dfe49
core   0: 3 0x80000118 (0x0017f693) x13 0x00000001
core   0: 3 0x8000011c (0xfff70713) x14 0x00000007
core   0: 3 0x80000120 (0x0017d793) x15 0x0eaeff24
core   0: 3 0x80000124 (0x00068463)
core   0: 3 0x80000128 (0x00c7c7b3) x15 0xe3167c04
core   0: 3 0x8000012c (0xfe0716e3)
core   0: 3 0x80000118 (0x0017f693) x13 0x00000000
core   0: 3 0x8000011c (0xfff70713) x14 0x00000006
core   0: 3 0x80000120 (0x0017d793) x15 0x718b3e02
core   0: 3 0x80000124 (0x00068463)
core   0: 3 0x8000012c (0xfe0716e3)
core   0: 3 0x80000118 (0x0017f693) x13 0x00000000
core   0: 3 0x8000011c (0xfff70713) x14 0x00000005
core   0: 3 0x80000120 (0x0017d793) x15 0x38c59f01
core   0: 3 0x80000124 (0x00068463)
core   0: 3 0x8000012c (0xfe0716e3)
core   0: 3 0x80000118 (0x0017f693) x13 0x00000001
core   0: 3 0x8000011c (0xfff70713) x14 0x00000004
core   0: 3 0x80000120 (0x0017d793) x15 0x1c62cf80
core   0: 3 0x80000124 (0x00068463)
core   0: 3 0x80000128 (0x00c7c7b3) x15 0xf1da4ca0
core   0: 3 0x8000012c (0xfe0716e3)
core   0: 3 0x80000118 (0x0017f693) x13 0x00000000
core   0: 3 0x8000011c (0xfff70713) x14 0x00000003
core   0: 3 0x80000120 (0x0017d793) x15 0x78ed2650
core   0: 3 0x80000124 (0x00068463)
core   0: 3 0x8000012c (0xfe0716e3)
core   0: 3 0x80000118 (0x0017f693) x13 0x00000000
core   0: 3 0x8000011c (0xfff70713) x14 0x00000002
core   0: 3 0x80000120 (0x0017d793) x15 0x3c769328
core   0: 3 0x80000124 (0x00068463)
core   0: 3 0x8000012c (0xfe0716e3)
core   0: 3 0x80000118 (0x0017f693) x13 0x00000000
core   0: 3 0x8000011c (0xfff70713) x14 0x00000001
core   0: 3 0x80000120 (0x0017d793) x15 0x1e3b4994
core   0: 3 0x80000124 (0x00068463)
core   0: 3 0x8000012c (0xfe0716e3)
core   0: 3 0x80000118 (0x0017f693) x13 0x00000000
core   0: 3 0x8000011c (0xfff70713) x14 0x00000000
core   0: 3 0x80000120 (0x0017d793) x15 0x0f1da4ca
core   0: 3 0x80000124 (0x00068463)
core   0: 3 0x8000012c (0xfe0716e3)
core   0: 3 0x80000130 (0x00158593) x11 0x8000027f
core   0: 3 0x80000134 (0xfca59ce3)
core   0: 3 0x8000010c (0x0005c683) x13 0x000000bc mem 0x8000027f
core   0: 3 0x80000110 (0x00800713) x14 0x00000008
core   0: 3 0x80000114 (0x00d7c7b3) x15 0x0f1da476
core   0: 3 0x80000118 (0x0017f693) x13 0x00000000
core   0: 3 0x8000011c (0xfff70713) x14 0x00000007
core   0: 3 0x80000120 (0x0017d793) x15 0x078ed23b
core   0: 3 0x80000124 (0x00068463)
core   0: 3 0x8000012c (0xfe0716e3)
core   0: 3 0x80000118 (0x0017f693) x13 0x00000001
core   0: 3 0x8000011c (0xfff70713) x14 0x00000006
core   0: 3 0x80000120 (0x0017d793) x15 0x03c7691d
core   0: 3 0x80000124 (0x00068463)
core   0: 3 0x80000128 (0x00c7c7b3) x15 0xee7fea3d
core   0: 3 0x8000012c (0xfe0716e3)
core   0: 3 0x80000118 (0x0017f693) x13 0x00000001
core   0: 3 0x8000011c (0xfff70713) x14 0x00000005
core   0: 3 0x80000120 (0x0017d793) x15 0x773ff51e
core   0: 3 0x80000124 (0x00068463)
core   0: 3 0x80000128 (0x00c7c7b3) x15 0x9a87763e
core   0: 3 0x8000012c (0xfe0716e3)
core   0: 3 0x80000118 (0x0017f693) x13 0x00000000
core   0: 3 0x8000011c (0xfff70713) x14 0x00000004
core   0: 3 0x80000120 (0x0017d793) x15 0x4d43bb1f
core   0: 3 0x80000124 (0x00068463)
core   0: 3 0x8000012c (0xfe0716e3)
core   0: 3 0x80000118 (0x0017f693) x13 0x00000001
core   0: 3 0x8000011c (0xfff70713) x14 0x00000003
core   0: 3 0x80000120 (0x0017d793) x15 0x26a1dd8f
core   0: 3 0x80000124 (0x00068463)
core   0: 3 0x80000128 (0x00c7c7b3) x15 0xcb195eaf
core   0: 3 0x8000012c (0xfe0716e3)
core   0: 3 0x80000118 (0x0017f693) x13 0x00000001
core   0: 3 0x8000011c (0xfff70713) x14 0x00000002
core   0: 3 0x80000120 (0x0017d793) x15 0x658caf57
core   0: 3 0x80000124 (0x00068463)
core   0: 3 0x80000128 (0x00c7c7b3) x15 0x88342c77
core   0: 3 0x8000012c (0xfe0716e3)
core   0: 3 0x80000118 (0x0017f693) x13 0x00000001
core   0: 3 0x8000011c (0xfff70713) x14 0x00000001
core   0: 3 0x80000120 (0x0017d793) x15 0x441a163b
core   0: 3 0x80000124 (0x00068463)
core   0: 3 0x80000128 (0x00c7c7b3) x15 0xa9a2951b
core   0: 3 0x8000012c (0xfe0716e3)
core   0: 3 0x80000118 (0x0017f693) x13 0x00000001
core   0: 3 0x8000011c (0xfff70713) x14 0x00000000
core   0: 3 0x80000120 (0x0017d793) x15 0x54d14a8d
core   0: 3 0x80000124 (0x00068463)
core   0: 3 0x80000128 (0x00c7c7b3) x15 0xb969c9ad
core   0: 3 0x8000012c (0xfe0716e3)
core   0: 3 0x80000130 (0x00158593) x11 0x80000280
core   0: 3 0x80000134 (0xfca59ce3)
core   0: 3 0x8000010c (0x0005c683) x13 0x0000004c mem 0x80000280
core   0: 3 0x80000110 (0x00800713) x14 0x00000008
core   0: 3 0x80000114 (0x00d7c7b3) x15 0xb969c9e1
core   0: 3 0x80000118 (0x0017f693) x13 0x00000001
core   0: 3 0x8000011c (0xfff70713) x14 0x00000007
core   0: 3 0x80000120 (0x0017d793) x15 0x5cb4e4f0
core   0: 3 0x80000124 (0x00068463)
core   0: 3 0x80000128 (0x00c7c7b3) x15 0xb10c67d0
core   0: 3 0x8000012c (0xfe0716e3)
core   0: 3 0x80000118 (0x0017f693) x13 0x00000000
core   0: 3 0x8000011c (0xfff70713) x14 0x00000006
core   0: 3 0x80000120 (0x0017d793) x15 0x588633e8
core   0: 3 0x80000124 (0x00068463)
core   0: 3 0x8000012c (0xfe0716e3)
core   0: 3 0x80000118 (0x0017f693) x13 0x00000000
core   0: 3 0x8000011c (0xfff70713) x14 0x00000005
core   0: 3 0x80000120 (0x0017d793) x15 0x2c4319f4
core   0: 3 0x80000124 (0x00068463)
core   0: 3 0x8000012c (0xfe0716e3)
core   0: 3 0x80000118 (0x0017f693) x13 0x00000000
core   0: 3 0x8000011c (0xfff70713) x14 0x00000004
core   0: 3 0x80000120 (0x0017d793) x15 0x16218cfa
core   0: 3 0x80000124 (0x00068463)
core   0: 3 0x8000012c (0xfe0716e3)
core   0: 3 0x80000118 (0x0017f693) x13 0x00000000
core   0: 3 0x8000011c (0xfff70713) x14 0x00000003
core   0: 3 0x80000120 (0x0017d793) x15 0x0b10c67d
core   0: 3 0x80000124 (0x00068463)
core   0: 3 0x8000012c (0xfe0716e3)
core   0: 3 0x80000118 (0x0017f693) x13 0x00000001
core   0: 3 0x8000011c (0xfff70713) x14 0x00000002
core   0: 3 0x80000120 (0x0017d793) x15 0x0588633e
core   0: 3 0x80000124 (0x00068463)
core   0: 3 0x80000128 (0x00c7c7b3) x15 0xe830e01e
core   0: 3 0x8000012c (0xfe0716e3)
core   0: 3 0x80000118 (0x0017f693) x13 0x00000000
core   0: 3 0x8000011c (0xfff70713) x14 0x00000001
core   0: 3 0x80000120 (0x0017d793) x15 0x7418700f
core   0: 3 0x80000124 (0x00068463)
core   0: 3 0x8000012c (0xfe0716e3)
core   0: 3 0x80000118 (0x0017f693) x13 0x00000001
core   0: 3 0x8000011c (0xfff70713) x14 0x00000000
core   0: 3 0x80000120 (0x0017d793) x15 0x3a0c3807
core   0: 3 0x80000124 (0x00068463)
core   0: 3 0x80000128 (0x00c7c7b3) x15 0xd7b4bb27
core   0: 3 0x8000012c (0xfe0716e3)
core   0: 3 0x80000130 (0x00158593) x11 0x80000281
core   0: 3 0x80000134 (0xfca59ce3)
core   0: 3 0x8000010c (0x0005c683) x13 0x0000009d mem 0x80000281
core   0: 3 0x80000110 (0x00800713) x14 0x00000008
core   0: 3 0x80000114 (0x00d7c7b3) x15 0xd7b4bbba
core   0: 3 0x80000118 (0x0017f693) x13 0x00000000
core   0: 3 0x8000011c (0xfff70713) x14 0x00000007
core   0: 3 0x80000120 (0x0017d793) x15 0x6bda5ddd
core   0: 3 0x80000124 (0x00068463)
core   0: 3 0x8000012c (0xfe0716e3)
core   0: 3 0x80000118 (0x0017f693) x13 0x00000001
core   0: 3 0x8000011c (0xfff70713) x14 0x00000006
core   0: 3 0x80000120 (0x0017d793) x15 0x35ed2eee
core   0: 3 0x80000124 (0x00068463)
core   0: 3 0x80000128 (0x00c7c7b3) x15 0xd855adce
core   0: 3 0x8000012c (0xfe0716e3)
core   0: 3 0x80000118 (0x0017f693) x13 0x00000000
core   0: 3 0x8000011c (0xfff70713) x14 0x00000005
core   0: 3 0x80000120 (0x0017d793) x15 0x6c2ad6e7
core   0: 3 0x80000124 (0x00068463)
core   0: 3 0x8000012c (0xfe0716e3)
core   0: 3 0x80000118 (0x0017f693) x13 0x00000001
core   0: 3 0x8000011c (0xfff70713) x14 0x00000004
core   0: 3 0x80000120 (0x0017d793) x15 0x36156b73
core   0: 3 0x80000124 (0x00068463)
core   0: 3 0x80000128 (0x00c7c7b3) x15 0xdbade853
core   0: 3 0x8000012c (0xfe0716e3)
core   0: 3 0x80000118 (0x0017f693) x13 0x00000001
core   0: 3 0x8000011c (0xfff70713) x14 0x00000003
core   0: 3 0x80000120 (0x0017d793) x15 0x6dd6f429
core   0: 3 0x80000124 (0x00068463)
core   0: 3 0x80000128 (0x00c7c7b3) x15 0x806e7709
core   0: 3 0x8000012c (0xfe0716e3)
core   0: 3 0x80000118 (0x0017f693) x13 0x00000001
core   0: 3 0x8000011c (0xfff70713) x14 0x00000002
core   0: 3 0x80000120 (0x0017d793) x15 0x40373b84
core   0: 3 0x80000124 (0x00068463)
core   0: 3 0x80000128 (0x00c7c7b3) x15 0xad8fb8a4
core   0: 3 0x8000012c (0xfe0716e3)
core   0: 3 0x80000118 (0x0017f693) x13 0x00000000
core   0: 3 0x8000011c (0xfff70713) x14 0x00000001
core   0: 3 0x80000120 (0x0017d793) x15 0x56c7dc52
core   0: 3 0x80000124 (0x00068463)
core   0: 3 0x8000012c (0xfe0716e3)
core   0: 3 0x80000118 (0x0017f693) x13 0x00000000
core   0: 3 0x8000011c (0xfff70713) x14 0x00000000
core   0: 3 0x80000120 (0x0017d793) x15 0x2b63ee29
core   0: 3 0x80000124 (0x00068463)
core   0: 3 0x8000012c (0xfe0716e3)
core   0: 3 0x80000130 (0x00158593) x11 0x80000282
core   0: 3 0x80000134 (0xfca59ce3)
core   0: 3 0x8000010c (0x0005c683) x13 0x0000005d mem 0x80000282
core   0: 3 0x80000110 (0x00800713) x14 0x00000008
core   0: 3 0x80000114 (0x00d7c7b3) x15 0x2b63ee74
core   0: 3 0x80000118 (0x0017f693) x13 0x00000000
core   0: 3 0x8000011c (0xfff70713) x14 0x00000007
core   0: 3 0x80000120 (0x0017d793) x15 0x15b1f73a
core   0: 3 0x80000124 (0x00068463)
core   0: 3 0x8000012c (0xfe0716e3)
core   0: 3 0x80000118 (0x0017f693) x13 0x00000000
core   0: 3 0x8000011c (0xfff70713) x14 0x00000006
core   0: 3 0x80000120 (0x0017d793) x15 0x0ad8fb9d
core   0: 3 0x80000124 (0x00068463)
core   0: 3 0x8000012c (0xfe0716e3)
core   0: 3 0x80000118 (0x0017f693) x13 0x00000001
core   0: 3 0x8000011c (0xfff70713) x14 0x00000005
core   0: 3 0x80000120 (0x0017d793) x15 0x056c7dce
core   0: 3 0x80000124 (0x00068463)
core   0: 3 0x80000128 (0x00c7c7b3) x15 0xe8d4feee
core   0: 3 0x8000012c (0xfe0716e3)
core   0: 3 0x80000118 (0x0017f693) x13 0x00000000
core   0: 3 0x8000011c (0xfff70713) x14 0x00000004
core   0: 3 0x80000120 (0x0017d793) x15 0x746a7f77
core   0: 3 0x80000124 (0x00068463)
core   0: 3 0x8000012c (0xfe0716e3)
core   0: 3 0x80000118 (0x0017f693) x13 0x00000001
core   0: 3 0x8000011c (0xfff70713) x14 0x00000003
core   0: 3 0x80000120 (0x0017d793) x15 0x3a353fbb
core   0: 3 0x80000124 (0x00068463)
core   0: 3 0x80000128 (0x00c7c7b3) x15 0xd78dbc9b
core   0: 3 0x8000012c (0xfe0716e3)
core   0: 3 0x80000118 (0x0017f693) x13 0x00000001
core   0: 3 0x8000011c (0xfff70713) x14 0x00000002
core   0: 3 0x80000120 (0x0017d793) x15 0x6bc6de4d
core   0: 3 0x80000124 (0x00068463)
core   0: 3 0x80000128 (0x00c7c7b3) x15 0x867e5d6d
core   0: 3 0x8000012c (0xfe0716e3)
core   0: 3 0x80000118 (0x0017f693) x13 0x00000001
core   0: 3 0x8000011c (0xfff70713) x14 0x00000001
core   0: 3 0x80000120 (0x0017d793) x15 0x433f2eb6
core   0: 3 0x80000124 (0x00068463)
core   0: 3 0x80000128 (0x00c7c7b3) x15 0xae87ad96
core   0: 3 0x8000012c (0xfe0716e3)
core   0: 3 0x80000118 (0x0017f693) x13 0x00000000
core   0: 3 0x8000011c (0xfff70713) x14 0x00000000
core   0: 3 0x80000120 (0x0017d793) x15 0x5743d6cb
core   0: 3 0x80000124 (0x00068463)
core   0: 3 0x8000012c (0xfe0716e3)
core   0: 3 0x80000130 (0x00158593) x11 0x80000283
core   0: 3 0x80000134 (0xfca59ce3)
core   0: 3 0x8000010c (0x0005c683) x13 0x00000086 mem 0x80000283
core   0: 3 0x80000110 (0x00800713) x14 0x00000008
core   0: 3 0x80000114 (0x00d7c7b3) x15 0x5743d64d
core   0: 3 0x80000118 (0x0017f693) x13 0x00000001
core   0: 3 0x8000011c (0xfff70713) x14 0x00000007
core   0: 3 0x80000120 (0x0017d793) x15 0x2ba1eb26
core   0: 3 0x80000124 (0x00068463)
core   0: 3 0x80000128 (0x00c7c7b3) x15 0xc6196806
core   0: 3 0x8000012c (0xfe0716e3)
core   0: 3 0x80000118 (0x0017f693) x13 0x00000000
core   0: 3 0x8000011c (0xfff70713) x14 0x00000006
core   0: 3 0x80000120 (0x0017d793) x15 0x630cb403
core   0: 3 0x80000124 (0x00068463)
core   0: 3 0x8000012c (0xfe0716e3)
core   0: 3 0x80000118 (0x0017f693) x13 0x00000001
core   0: 3 0x8000011c (0xfff70713) x14 0x00000005
core   0: 3 0x80000120 (0x0017d793) x15 0x31865a01
core   0: 3 0x80000124 (0x00068463)
core   0: 3 0x80000128 (0x00c7c7b3) x15 0xdc3ed921
core   0: 3 0x8000012c (0xfe0716e3)
core   0: 3 0x80000118 (0x0017f693) x13 0x00000001
core   0: 3 0x8000011c (0xfff70713) x14 0x00000004
core   0: 3 0x80000120 (0x0017d793) x15 0x6e1f6c90
core   0: 3 0x80000124 (0x00068463)
core   0: 3 0x80000128 (0x00c7c7b3) x15 0x83a7efb0
core   0: 3 0x8000012c (0xfe0716e3)
core   0: 3 0x80000118 (0x0017f693) x13 0x00000000
core   0: 3 0x8000011c (0xfff70713) x14 0x00000003
core   0: 3 0x80000120 (0x0017d793) x15 0x41d3f7d8
core   0: 3 0x80000124 (0x00068463)
core   0: 3 0x8000012c (0xfe0716e3)
core   0: 3 0x80000118 (0x0017f693) x13 0x00000000
core   0: 3 0x8000011c (0xfff70713) x14 0x00000002
core   0: 3 0x80000120 (0x0017d793) x15 0x20e9fbec
core   0: 3 0x80000124 (0x00068463)
core   0: 3 0x8000012c (0xfe0716e3)
core   0: 3 0x80000118 (0x0017f693) x13 0x00000000
core   0: 3 0x8000011c (0xfff70713) x14 0x00000001
core   0: 3 0x80000120 (0x0017d793) x15 0x1074fdf6
core   0: 3 0x80000124 (0x00068463)
core   0: 3 0x8000012c (0xfe0716e3)
core   0: 3 0x80000118 (0x0017f693) x13 0x00000000
core   0: 3 0x8000011c (0xfff70713) x14 0x00000000
core   0: 3 0x80000120 (0x0017d793) x15 0x083a7efb
core   0: 3 0x80000124 (0x00068463)
core   0: 3 0x8000012c (0xfe0716e3)
core   0: 3 0x80000130 (0x00158593) x11 0x80000284
core   0: 3 0x80000134 (0xfca59ce3)
core   0: 3 0x8000010c (0x0005c683) x13 0x00000076 mem 0x80000284
core   0: 3 0x80000110 (0x00800713) x14 0x00000008
core   0: 3 0x80000114 (0x00d7c7b3) x15 0x083a7e8d
core   0: 3 0x80000118 (0x0017f693) x13 0x00000001
core   0: 3 0x8000011c (0xfff70713) x14 0x00000007
core   0: 3 0x80000120 (0x0017d793) x15 0x041d3f46
core   0: 3 0x80000124 (0x00068463)
core   0: 3 0x80000128 (0x00c7c7b3) x15 0xe9a5bc66
core   0: 3 0x8000012c (0xfe0716e3)
core   0: 3 0x80000118 (0x0017f693) x13 0x00000000
core   0: 3 0x8000011c (0xfff70713) x14 0x00000006
core   0: 3 0x80000120 (0x0017d793) x15 0x74d2de33
core   0: 3 0x80000124 (0x00068463)
core   0: 3 0x8000012c (0xfe0716e3)
core   0: 3 0x80000118 (0x0017f693) x13 0x00000001
core   0: 3 0x8000011c (0xfff70713) x14 0x00000005
core   0: 3 0x80000120 (0x0017d793) x15 0x3a696f19
core   0: 3 0x80000124 (0x00068463)
core   0: 3 0x80000128 (0x00c7c7b3) x15 0xd7d1ec39
core   0: 3 0x8000012c (0xfe0716e3)
core   0: 3 0x80000118 (0x0017f693) x13 0x00000001
core   0: 3 0x8000011c (0xfff70713) x14 0x00000004
core   0: 3 0x80000120 (0x0017d793) x15 0x6be8f61c
core   0: 3 0x80000124 (0x00068463)
core   0: 3 0x80000128 (0x00c7c7b3) x15 0x8650753c
core   0: 3 0x8000012c (0xfe0716e3)
core   0: 3 0x80000118 (0x0017f693) x13 0x00000000
core   0: 3 0x8000011c (0xfff70713) x14 0x00000003
core   0: 3 0x80000120 (0x0017d793) x15 0x43283a9e
core   0: 3 0x80000124 (0x00068463)
core   0: 3 0x8000012c (0xfe0716e3)
core   0: 3 0x80000118 (0x0017f693) x13 0x00000000
core   0: 3 0x8000011c (0xfff70713) x14 0x00000002
core   0: 3 0x80000120 (0x0017d793) x15 0x21941d4f
core   0: 3 0x80000124 (0x00068463)
core   0: 3 0x8000012c (0xfe0716e3)
core   0: 3 0x80000118 (0x0017f693) x13 0x00000001
core   0: 3 0x8000011c (0xfff70713) x14 0x00000001
core   0: 3 0x80000120 (0x0017d793) x15 0x10ca0ea7
core   0: 3 0x80000124 (0x00068463)
core   0: 3 0x80000128 (0x00c7c7b3) x15 0xfd728d87
core   0: 3 0x8000012c (0xfe0716e3)
core   0: 3 0x80000118 (0x0017f693) x13 0x00000001
core   0: 3 0x8000011c (0xfff70713) x14 0x00000000
core   0: 3 0x80000120 (0x0017d793) x15 0x7eb946c3
core   0: 3 0x80000124 (0x00068463)
core   0: 3 0x80000128 (0x00c7c7b3) x15 0x9301c5e3
core   0: 3 0x8000012c (0xfe0716e3)
core   0: 3 0x80000130 (0x00158593) x11 0x80000285
core   0: 3 0x80000134 (0xfca59ce3)
core   0: 3 0x8000010c (0x0005c683) x13 0x000000a6 mem 0x80000285
core   0: 3 0x80000110 (0x00800713) x14 0x00000008
core   0: 3 0x80000114 (0x00d7c7b3) x15 0x9301c545
core   0: 3 0x80000118 (0x0017f693) x13 0x00000001
core   0: 3 0x8000011c (0xfff70713) x14 0x00000007
core   0: 3 0x80000120 (0x0017d793) x15 0x4980e2a2
core   0: 3 0x80000124 (0x00068463)
core   0: 3 0x80000128 (0x00c7c7b3) x15 0xa4386182
core   0: 3 0x8000012c (0xfe0716e3)
core   0: 3 0x80000118 (0x0017f693) x13 0x00000000
core   0: 3 0x8000011c (0xfff70713) x14 0x00000006
core   0: 3 0x80000120 (0x0017d793) x15 0x521c30c1
core   0: 3 0x80000124 (0x00068463)
core   0: 3 0x8000012c (0xfe0716e3)
core   0: 3 0x80000118 (0x0017f693) x13 0x00000001
core   0: 3 0x8000011c (0xfff70713) x14 0x00000005
core   0: 3 0x80000120 (0x0017d793) x15 0x290e1860
core   0: 3 0x80000124 (0x00068463)
core   0: 3 0x80000128 (0x00c7c7b3) x15 0xc4b69b40
core   0: 3 0x8000012c (0xfe0716e3)
core   0: 3 0x80000118 (0x0017f693) x13 0x00000000
core   0: 3 0x8000011c (0xfff70713) x14 0x00000004
core   0: 3 0x80000120 (0x0017d793) x15 0x625b4da0
core   0: 3 0x80000124 (0x00068463)
core   0: 3 0x8000012c (0xfe0716e3)
core   0: 3 0x80000118 (0x0017f693) x13 0x00000000
core   0: 3 0x8000011c (0xfff70713) x14 0x00000003
core   0: 3 0x80000120 (0x0017d793) x15 0x312da6d0
core   0: 3 0x80000124 (0x00068463)
core   0: 3 0x8000012c (0xfe0716e3)
core   0: 3 0x80000118 (0x0017f693) x13 0x00000000
core   0: 3 0x8000011c (0xfff70713) x14 0x00000002
core   0: 3 0x80000120 (0x0017d793) x15 0x1896d368
core   0: 3 0x80000124 (0x00068463)
core   0: 3 0x8000012c (0xfe0716e3)
core   0: 3 0x80000118 (0x0017f693) x13 0x00000000
core   0: 3 0x8000011c (0xfff70713) x14 0x00000001
core   0: 3 0x80000120 (0x0017d793) x15 0x0c4b69b4
core   0: 3 0x80000124 (0x00068463)
core   0: 3 0x8000012c (0xfe0716e3)
core   0: 3 0x80000118 (0x0017f693) x13 0x00000000
core   0: 3 0x8000011c (0xfff70713) x14 0x00000000
core   0: 3 0x80000120 (0x0017d793) x15 0x0625b4da
core   0: 3 0x80000124 (0x00068463)
core   0: 3 0x8000012c (0xfe0716e3)
core   0: 3 0x80000130 (0x00158593) x11 0x80000286
core   0: 3 0x80000134 (0xfca59ce3)
core   0: 3 0x8000010c (0x0005c683) x13 0x000000c8 mem 0x80000286
core   0: 3 0x80000110 (0x00800713) x14 0x00000008
core   0: 3 0x80000114 (0x00d7c7b3) x15 0x0625b412
core   0: 3 0x80000118 (0x0017f693) x13 0x00000000
core   0: 3 0x8000011c (0xfff70713) x14 0x00000007
core   0: 3 0x80000120 (0x0017d793) x15 0x0312da09
core   0: 3 0x80000124 (0x00068463)
core   0: 3 0x8000012c (0xfe0716e3)
core   0: 3 0x80000118 (0x0017f693) x13 0x00000001
core   0: 3 0x8000011c (0xfff70713) x14 0x00000006
core   0: 3 0x80000120 (0x0017d793) x15 0x01896d04
core   0: 3 0x80000124 (0x00068463)
core   0: 3 0x80000128 (0x00c7c7b3) x15 0xec31ee24
core   0: 3 0x8000012c (0xfe0716e3)
core   0: 3 0x80000118 (0x0017f693) x13 0x00000000
core   0: 3 0x8000011c (0xfff70713) x14 0x00000005
core   0: 3 0x80000120 (0x0017d793) x15 0x7618f712
core   0: 3 0x80000124 (0x00068463)
core   0: 3 0x8000012c (0xfe0716e3)
core   0: 3 0x80000118 (0x0017f693) x13 0x00000000
core   0: 3 0x8000011c (0xfff70713) x14 0x00000004
core   0: 3 0x80000120 (0x0017d793) x15 0x3b0c7b89
core   0: 3 0x80000124 (0x00068463)
core   0: 3 0x8000012c (0xfe0716e3)
core   0: 3 0x80000118 (0x0017f693) x13 0x00000001
core   0: 3 0x8000011c (0xfff70713) x14 0x00000003
core   0: 3 0x80000120 (0x0017d793) x15 0x1d863dc4
core   0: 3 0x80000124 (0x00068463)
core   0: 3 0x80000128 (0x00c7c7b3) x15 0xf03ebee4
core   0: 3 0x8000012c (0xfe0716e3)
core   0: 3 0x80000118 (0x0017f693) x13 0x00000000
core   0: 3 0x8000011c (0xfff70713) x14 0x00000002
core   0: 3 0x80000120 (0x0017d793) x15 0x781f5f72
core   0: 3 0x80000124 (0x00068463)
core   0: 3 0x8000012c (0xfe0716e3)
core   0: 3 0x80000118 (0x0017f693) x13 0x00000000
core   0: 3 0x8000011c (0xfff70713) x14 0x00000001
core   0: 3 0x80000120 (0x0017d793) x15 0x3c0fafb9
core   0: 3 0x80000124 (0x00068463)
core   0: 3 0x8000012c (0xfe0716e3)
core   0: 3 0x80000118 (0x0017f693) x13 0x00000001
core   0: 3 0x8000011c (0xfff70713) x14 0x00000000
core   0: 3 0x80000120 (0x0017d793) x15 0x1e07d7dc
core   0: 3 0x80000124 (0x00068463)
core   0: 3 0x80000128 (0x00c7c7b3) x15 0xf3bf54fc
core   0: 3 0x8000012c (0xfe0716e3)
core   0: 3 0x80000130 (0x00158593) x11 0x80000287
core   0: 3 0x80000134 (0xfca59ce3)
core   0: 3 0x8000010c (0x0005c683) x13 0x00000021 mem 0x80000287
core   0: 3 0x80000110 (0x00800713) x14 0x00000008
core   0: 3 0x80000114 (0x00d7c7b3) x15 0xf3bf54dd
core   0: 3 0x80000118 (0x0017f693) x13 0x00000001
core   0: 3 0x8000011c (0xfff70713) x14 0x00000007
core   0: 3 0x80000120 (0x0017d793) x15 0x79dfaa6e
core   0: 3 0x80000124 (0x00068463)
core   0: 3 0x80000128 (0x00c7c7b3) x15 0x9467294e
core   0: 3 0x8000012c (0xfe0716e3)
core   0: 3 0x80000118 (0x0017f693) x13 0x00000000
core   0: 3 0x8000011c (0xfff70713) x14 0x00000006
core   0: 3 0x80000120 (0x0017d793) x15 0x4a3394a7
core   0: 3 0x80000124 (0x00068463)
core   0: 3 0x8000012c (0xfe0716e3)
core   0: 3 0x80000118 (0x0017f693) x13 0x00000001
core   0: 3 0x8000011c (0xfff70713) x14 0x00000005
core   0: 3 0x80000120 (0x0017d793) x15 0x2519ca53
core   0: 3 0x80000124 (0x00068463)
core   0: 3 0x80000128 (0x00c7c7b3) x15 0xc8a14973
core   0: 3 0x8000012c (0xfe0716e3)
core   0: 3 0x80000118 (0x0017f693) x13 0x00000001
core   0: 3 0x8000011c (0xfff70713) x14 0x00000004
core   0: 3 0x80000120 (0x0017d793) x15 0x6450a4b9
core   0: 3 0x80000124 (0x00068463)
core   0: 3 0x80000128 (0x00c7c7b3) x15 0x89e82799
core   0: 3 0x8000012c (0xfe0716e3)
core   0: 3 0x80000118 (0x0017f693) x13 0x00000001
core   0: 3 0x8000011c (0xfff70713) x14 0x00000003
core   0: 3 0x80000120 (0x0017d793) x15 0x44f413cc
core   0: 3 0x80000124 (0x00068463)
core   0: 3 0x80000128 (0x00c7c7b3) x15 0xa94c90ec
core   0: 3 0x8000012c (0xfe0716e3)
core   0: 3 0x80000118 (0x0017f693) x13 0x00000000
core   0: 3 0x8000011c (0xfff70713) x14 0x00000002
core   0: 3 0x80000120 (0x0017d793) x15 0x54a64876
core   0: 3 0x80000124 (0x00068463)
core   0: 3 0x8000012c (0xfe0716e3)
core   0: 3 0x80000118 (0x0017f693) x13 0x00000000
core   0: 3 0x8000011c (0xfff70713) x14 0x00000001
core   0: 3 0x80000120 (0x0017d793) x15 0x2a53243b
core   0: 3 0x80000124 (0x00068463)
core   0: 3 0x8000012c (0xfe0716e3)
core   0: 3 0x80000118 (0x0017f693) x13 0x00000001
core   0: 3 0x8000011c (0xfff70713) x14 0x00000000
core   0: 3 0x80000120 (0x0017d793) x15 0x1529921d
core   0: 3 0x80000124 (0x00068463)
core   0: 3 0x80000128 (0x00c7c7b3) x15 0xf891113d
core   0: 3 0x8000012c (0xfe0716e3)
core   0: 3 0x80000130 (0x00158593) x11 0x80000288
core   0: 3 0x80000134 (0xfca59ce3)
core   0: 3 0x8000010c (0x0005c683) x13 0x000000a9 mem 0x80000288
core   0: 3 0x80000110 (0x00800713) x14 0x00000008
core   0: 3 0x80000114 (0x00d7c7b3) x15 0xf8911194
core   0: 3 0x80000118 (0x0017f693) x13 0x00000000
core   0: 3 0x8000011c (0xfff70713) x14 0x00000007
core   0: 3 0x80000120 (0x0017d793) x15 0x7c4888ca
core   0: 3 0x80000124 (0x00068463)
core   0: 3 0x8000012c (0xfe0716e3)
core   0: 3 0x80000118 (0x0017f693) x13 0x00000000
core   0: 3 0x8000011c (0xfff70713) x14 0x00000006
core   0: 3 0x80000120 (0x0017d793) x15 0x3e244465
core   0: 3 0x80000124 (0x00068463)
core   0: 3 0x8000012c (0xfe0716e3)
core   0: 3 0x80000118 (0x0017f693) x13 0x00000001
core   0: 3 0x8000011c (0xfff70713) x14 0x00000005
core   0: 3 0x80000120 (0x0017d793) x15 0x1f122232
core   0: 3 0x80000124 (0x00068463)
core   0: 3 0x80000128 (0x00c7c7b3) x15 0xf2aaa112
core   0: 3 0x8000012c (0xfe0716e3)
core   0: 3 0x80000118 (0x0017f693) x13 0x00000000
core   0: 3 0x8000011c (0xfff70713) x14 0x00000004
core   0: 3 0x80000120 (0x0017d793) x15 0x79555089
core   0: 3 0x80000124 (0x00068463)
core   0: 3 0x8000012c (0xfe0716e3)
core   0: 3 0x80000118 (0x0017f693) x13 0x00000001
core   0: 3 0x8000011c (0xfff70713) x14 0x00000003
core   0: 3 0x80000120 (0x0017d793) x15 0x3caaa844
core   0: 3 0x80000124 (0x00068463)
core   0: 3 0x80000128 (0x00c7c7b3) x15 0xd1122b64
core   0: 3 0x8000012c (0xfe0716e3)
core   0: 3 0x80000118 (0x0017f693) x13 0x00000000
core   0: 3 0x8000011c (0xfff70713) x14 0x00000002
core   0: 3 0x80000120 (0x0017d793) x15 0x688915b2
core   0: 3 0x80000124 (0x00068463)
core   0: 3 0x8000012c (0xfe0716e3)
core   0: 3 0x80000118 (0x0017f693) x13 0x00000000
core   0: 3 0x8000011c (0xfff70713) x14 0x00000001
core   0: 3 0x80000120 (0x0017d793) x15 0x34448ad9
core   0: 3 0x80000124 (0x00068463)
core   0: 3 0x8000012c (0xfe0716e3)
core   0: 3 0x80000118 (0x0017f693) x13 0x00000001
core   0: 3 0x8000011c (0xfff70713) x14 0x00000000
core   0: 3 0x80000120 (0x0017d793) x15 0x1a22456c
core   0: 3 0x80000124 (0x00068463)
core   0: 3 0x80000128 (0x00c7c7b3) x15 0xf79ac64c
core   0: 3 0x8000012c (0xfe0716e3)
core   0: 3 0x80000130 (0x00158593) x11 0x80000289
core   0: 3 0x80000134 (0xfca59ce3)
core   0: 3 0x8000010c (0x0005c683) x13 0x000000d5 mem 0x80000289
core   0: 3 0x80000110 (0x00800713) x14 0x00000008
core   0: 3 0x80000114 (0x00d7c7b3) x15 0xf79ac699
core   0: 3 0x80000118 (0x0017f693) x13 0x00000001
core   0: 3 0x8000011c (0xfff70713) x14 0x00000007
core   0: 3 0x80000120 (0x0017d793) x15 0x7bcd634c
core   0: 3 0x80000124 (0x00068463)
core   0: 3 0x80000128 (0x00c7c7b3) x15 0x9675e06c
core   0: 3 0x8000012c (0xfe0716e3)
core   0: 3 0x80000118 (0x0017f693) x13 0x00000000
core   0: 3 0x8000011c (0xfff70713) x14 0x00000006
core   0: 3 0x80000120 (0x0017d793) x15 0x4b3af036
core   0: 3 0x80000124 (0x00068463)
core   0: 3 0x8000012c (0xfe0716e3)
core   0: 3 0x80000118 (0x0017f693) x13 0x00000000
core   0: 3 0x8000011c (0xfff70713) x14 0x00000005
core   0: 3 0x80000120 (0x0017d793) x15 0x259d781b
core   0: 3 0x80000124 (0x00068463)
core   0: 3 0x8000012c (0xfe0716e3)
core   0: 3 0x80000118 (0x0017f693) x13 0x00000001
core   0: 3 0x8000011c (0xfff70713) x14 0x00000004
core   0: 3 0x80000120 (0x0017d793) x15 0x12cebc0d
core   0: 3 0x80000124 (0x00068463)
core   0: 3 0x80000128 (0x00c7c7b3) x15 0xff763f2d
core   0: 3 0x8000012c (0xfe0716e3)
core   0: 3 0x80000118 (0x0017f693) x13 0x00000001
core   0: 3 0x8000011c (0xfff70713) x14 0x00000003
core   0: 3 0x80000120 (0x0017d793) x15 0x7fbb1f96
core   0: 3 0x80000124 (0x00068463)
core   0: 3 0x80000128 (0x00c7c7b3) x15 0x92039cb6
core   0: 3 0x8000012c (0xfe0716e3)
core   0: 3 0x80000118 (0x0017f693) x13 0x00000000
core   0: 3 0x8000011c (0xfff70713) x14 0x00000002
core   0: 3 0x80000120 (0x0017d793) x15 0x4901ce5b
core   0: 3 0x80000124 (0x00068463)
core   0: 3 0x8000012c (0xfe0716e3)
core   0: 3 0x80000118 (0x0017f693) x13 0x00000001
core   0: 3 0x8000011c (0xfff70713) x14 0x00000001
core   0: 3 0x80000120 (0x0017d793) x15 0x2480e72d
core   0: 3 0x80000124 (0x00068463)
core   0: 3 0x80000128 (0x00c7c7b3) x15 0xc938640d
core   0: 3 0x8000012c (0xfe0716e3)
core   0: 3 0x80000118 (0x0017f693) x13 0x00000001
core   0: 3 0x8000011c (0xfff70713) x14 0x00000000
core   0: 3 0x80000120 (0x0017d793) x15 0x649c3206
core   0: 3 0x80000124 (0x00068463)
core   0: 3 0x80000128 (0x00c7c7b3) x15 0x8924b126
core   0: 3 0x8000012c (0xfe0716e3)
core   0: 3 0x80000130 (0x00158593) x11 0x8000028a
core   0: 3 0x80000134 (0xfca59ce3)
core   0: 3 0x8000010c (0x0005c683) x13 0x00000022 mem 0x8000028a
core   0: 3 0x80000110 (0x00800713) x14 0x00000008
core   0: 3 0x80000114 (0x00d7c7b3) x15 0x8924b104
core   0: 3 0x80000118 (0x0017f693) x13 0x00000000
core   0: 3 0x8000011c (0xfff70713) x14 0x00000007
core   0: 3 0x80000120 (0x0017d793) x15 0x44925882
core   0: 3 0x80000124 (0x00068463)
core   0: 3 0x8000012c (0xfe0716e3)
core   0: 3 0x80000118 (0x0017f693) x13 0x00000000
core   0: 3 0x8000011c (0xfff70713) x14 0x00000006
core   0: 3 0x80000120 (0x0017d793) x15 0x22492c41
core   0: 3 0x80000124 (0x00068463)
core   0: 3 0x8000012c (0xfe0716e3)
core   0: 3 0x80000118 (0x0017f693) x13 0x00000001
core   0: 3 0x8000011c (0xfff70713) x14 0x00000005
core   0: 3 0x80000120 (0x0017d793) x15 0x11249620
core   0: 3 0x80000124 (0x00068463)
core   0: 3 0x80000128 (0x00c7c7b3) x15 0xfc9c1500
core   0: 3 0x8000012c (0xfe0716e3)
core   0: 3 0x80000118 (0x0017f693) x13 0x00000000
core   0: 3 0x8000011c (0xfff70713) x14 0x00000004
core   0: 3 0x80000120 (0x0017d793) x15 0x7e4e0a80
core   0: 3 0x80000124 (0x00068463)
core   0: 3 0x8000012c (0xfe0716e3)
core   0: 3 0x80000118 (0x0017f693) x13 0x00000000
core   0: 3 0x8000011c (0xfff70713) x14 0x00000003
core   0: 3 0x80000120 (0x0017d793) x15 0x3f270540
core   0: 3 0x80000124 (0x00068463)
core   0: 3 0x8000012c (0xfe0716e3)
core   0: 3 0x80000118 (0x0017f693) x13 0x00000000
core   0: 3 0x8000011c (0xfff70713) x14 0x00000002
core   0: 3 0x80000120 (0x0017d793) x15 0x1f9382a0
core   0: 3 0x80000124 (0x00068463)
core   0: 3 0x8000012c (0xfe0716e3)
core   0: 3 0x80000118 (0x0017f693) x13 0x00000000
core   0: 3 0x8000011c (0xfff70713) x14 0x00000001
core   0: 3 0x80000120 (0x0017d793) x15 0x0fc9c150
core   0: 3 0x80000124 (0x00068463)
core   0: 3 0x8000012c (0xfe0716e3)
core   0: 3 0x80000118 (0x0017f693) x13 0x00000000
core   0: 3 0x8000011c (0xfff70713) x14 0x00000000
core   0: 3 0x80000120 (0x0017d793) x15 0x07e4e0a8
core   0: 3 0x80000124 (0x00068463)
core   0: 3 0x8000012c (0xfe0716e3)
core   0: 3 0x80000130 (0x00158593) x11 0x8000028b
core   0: 3 0x80000134 (0xfca59ce3)
core   0: 3 0x8000010c (0x0005c683) x13 0x0000000f mem 0x8000028b
core   0: 3 0x80000110 (0x00800713) x14 0x00000008
core   0: 3 0x80000114 (0x00d7c7b3) x15 0x07e4e0a7
core   0: 3 0x80000118 (0x0017f693) x13 0x00000001
core   0: 3 0x8000011c (0xfff70713) x14 0x00000007
core   0: 3 0x80000120 (0x0017d793) x15 0x03f27053
core   0: 3 0x80000124 (0x00068463)
core   0: 3 0x80000128 (0x00c7c7b3) x15 0xee4af373
core   0: 3 0x8000012c (0xfe0716e3)
core   0: 3 0x80000118 (0x0017f693) x13 0x00000001
core   0: 3 0x8000011c (0xfff70713) x14 0x00000006
core   0: 3 0x80000120 (0x0017d793) x15 0x772579b9
core   0: 3 0x80000124 (0x00068463)
core   0: 3 0x80000128 (0x00c7c7b3) x15 0x9a9dfa99
core   0: 3 0x8000012c (0xfe0716e3)
core   0: 3 0x80000118 (0x0017f693) x13 0x00000001
core   0: 3 0x8000011c (0xfff70713) x14 0x00000005
core   0: 3 0x80000120 (0x0017d793) x15 0x4d4efd4c
core   0: 3 0x80000124 (0x00068463)
core   0: 3 0x80000128 (0x00c7c7b3) x15 0xa0f67e6c
core   0: 3 0x8000012c (0xfe0716e3)
core   0: 3 0x80000118 (0x0017f693) x13 0x00000000
core   0: 3 0x8000011c (0xfff70713) x14 0x00000004
core   0: 3 0x80000120 (0x0017d793) x15 0x507b3f36
core   0: 3 0x80000124 (0x00068463)
core   0: 3 0x8000012c (0xfe0716e3)
core   0: 3 0x80000118 (0x0017f693) x13 0x00000000
core   0: 3 0x8000011c (0xfff70713) x14 0x00000003
core   0: 3 0x80000120 (0x0017d793) x15 0x283d9f9b
core   0: 3 0x80000124 (0x00068463)
core   0: 3 0x8000012c (0xfe0716e3)
core   0: 3 0x80000118 (0x0017f693) x13 0x00000001
core   0: 3 0x8000011c (0xfff70713) x14 0x00000002
core   0: 3 0x80000120 (0x0017d793) x15 0x141ecfcd
core   0: 3 0x80000124 (0x00068463)
core   0: 3 0x80000128 (0x00c7c7b3) x15 0xf9a64ced
core   0: 3 0x8000012c (0xfe0716e3)
core   0: 3 0x80000118 (0x0017f693) x13 0x00000001
core   0: 3 0x8000011c (0xfff70713) x14 0x00000001
core   0: 3 0x80000120 (0x0017d793) x15 0x7cd32676
core   0: 3 0x80000124 (0x00068463)
core   0: 3 0x80000128 (0x00c7c7b3) x15 0x916ba556
core   0: 3 0x8000012c (0xfe0716e3)
core   0: 3 0x80000118 (0x0017f693) x13 0x00000000
core   0: 3 0x8000011c (0xfff70713) x14 0x00000000
core   0: 3 0x80000120 (0x0017d793) x15 0x48b5d2ab
core   0: 3 0x80000124 (0x00068463)
core   0: 3 0x8000012c (0xfe0716e3)
core   0: 3 0x80000130 (0x00158593) x11 0x8000028c
core   0: 3 0x80000134 (0xfca59ce3)
core   0: 3 0x8000010c (0x0005c683) x13 0x000000f1 mem 0x8000028c
core   0: 3 0x80000110 (0x00800713) x14 0x00000008
core   0: 3 0x80000114 (0x00d7c7b3) x15 0x48b5d25a
core   0: 3 0x80000118 (0x0017f693) x13 0x00000000
core   0: 3 0x8000011c (0xfff70713) x14 0x00000007
core   0: 3 0x80000120 (0x0017d793) x15 0x245ae92d
core   0: 3 0x80000124 (0x00068463)
core   0: 3 0x8000012c (0xfe0716e3)
core   0: 3 0x80000118 (0x0017f693) x13 0x00000001
core   0: 3 0x8000011c (0xfff70713) x14 0x00000006
core   0: 3 0x80000120 (0x0017d793) x15 0x122d7496
core   0: 3 0x80000124 (0x00068463)
core   0: 3 0x80000128 (0x00c7c7b3) x15 0xff95f7b6
core   0: 3 0x8000012c (0xfe0716e3)
core   0: 3 0x80000118 (0x0017f693) x13 0x00000000
core   0: 3 0x8000011c (0xfff70713) x14 0x00000005
core   0: 3 0x80000120 (0x0017d793) x15 0x7fcafbdb
core   0: 3 0x80000124 (0x00068463)
core   0: 3 0x8000012c (0xfe0716e3)
core   0: 3 0x80000118 (0x0017f693) x13 0x00000001
core   0: 3 0x8000011c (0xfff70713) x14 0x00000004
core   0: 3 0x80000120 (0x0017d793) x15 0x3fe57ded
core   0: 3 0x80000124 (0x00068463)
core   0: 3 0x80000128 (0x00c7c7b3) x15 0xd25dfecd
core   0: 3 0x8000012c (0xfe0716e3)
core   0: 3 0x80000118 (0x0017f693) x13 0x00000001
core   0: 3 0x8000011c (0xfff70713) x14 0x00000003
core   0: 3 0x80000120 (0x0017d793) x15 0x692eff66
core   0: 3 0x80000124 (0x00068463)
core   0: 3 0x80000128 (0x00c7c7b3) x15 0x84967c46
core   0: 3 0x8000012c (0xfe0716e3)
core   0: 3 0x80000118 (0x0017f693) x13 0x00000000
core   0: 3 0x8000011c (0xfff70713) x14 0x00000002
core   0: 3 0x80000120 (0x0017d793) x15 0x424b3e23
core   0: 3 0x80000124 (0x00068463)
core   0: 3 0x8000012c (0xfe0716e3)
core   0: 3 0x80000118 (0x0017f693) x13 0x00000001
core   0: 3 0x8000011c (0xfff70713) x14 0x00000001
core   0: 3 0x80000120 (0x0017d793) x15 0x21259f11
core   0: 3 0x80000124 (0x00068463)
core   0: 3 0x80000128 (0x00c7c7b3) x15 0xcc9d1c31
core   0: 3 0x8000012c (0xfe0716e3)
core   0: 3 0x80000118 (0x0017f693) x13 0x00000001
core   0: 3 0x8000011c (0xfff70713) x14 0x00000000
core   0: 3 0x80000120 (0x0017d793) x15 0x664e8e18
core   0: 3 0x80000124 (0x00068463)
core   0: 3 0x80000128 (0x00c7c7b3) x15 0x8bf60d38
core   0: 3 0x8000012c (0xfe0716e3)
core   0: 3 0x80000130 (0x00158593) x11 0x8000028d
core   0: 3 0x80000134 (0xfca59ce3)
core   0: 3 0x8000010c (0x0005c683) x13 0x000000a6 mem 0x8000028d
core   0: 3 0x80000110 (0x00800713) x14 0x00000008
core   0: 3 0x80000114 (0x00d7c7b3) x15 0x8bf60d9e
core   0: 3 0x80000118 (0x0017f693) x13 0x00000000
core   0: 3 0x8000011c (0xfff70713) x14 0x00000007
core   0: 3 0x80000120 (0x0017d793) x15 0x45fb06cf
core   0: 3 0x80000124 (0x00068463)
core   0: 3 0x8000012c (0xfe0716e3)
core   0: 3 0x80000118 (0x0017f693) x13 0x00000001
core   0: 3 0x8000011c (0xfff70713) x14 0x00000006
core   0: 3 0x80000120 (0x0017d793) x15 0x22fd8367
core   0: 3 0x80000124 (0x00068463)
core   0: 3 0x80000128 (0x00c7c7b3) x15 0xcf450047
core   0: 3 0x8000012c (0xfe0716e3)
core   0: 3 0x80000118 (0x0017f693) x13 0x00000001
core   0: 3 0x8000011c (0xfff70713) x14 0x00000005
core   0: 3 0x80000120 (0x0017d793) x15 0x67a28023
core   0: 3 0x80000124 (0x00068463)
core   0: 3 0x80000128 (0x00c7c7b3) x15 0x8a1a0303
core   0: 3 0x8000012c (0xfe0716e3)
core   0: 3 0x80000118 (0x0017f693) x13 0x00000001
core   0: 3 0x8000011c (0xfff70713) x14 0x00000004
core   0: 3 0x80000120 (0x0017d793) x15 0x450d0181
core   0: 3 0x80000124 (0x00068463)
core   0: 3 0x80000128 (0x00c7c7b3) x15 0xa8b582a1
core   0: 3 0x8000012c (0xfe0716e3)
core   0: 3 0x80000118 (0x0017f693) x13 0x00000001
core   0: 3 0x8000011c (0xfff70713) x14 0x00000003
core   0: 3 0x80000120 (0x0017d793) x15 0x545ac150
core   0: 3 0x80000124 (0x00068463)
core   0: 3 0x80000128 (0x00c7c7b3) x15 0xb9e24270
core   0: 3 0x8000012c (0xfe0716e3)
core   0: 3 0x80000118 (0x0017f693) x13 0x00000000
core   0: 3 0x8000011c (0xfff70713) x14 0x00000002
core   0: 3 0x80000120 (0x0017d793) x15 0x5cf12138
core   0: 3 0x80000124 (0x00068463)
core   0: 3 0x8000012c (0xfe0716e3)
core   0: 3 0x80000118 (0x0017f693) x13 0x00000000
core   0: 3 0x8000011c (0xfff70713) x14 0x00000001
core   0: 3 0x80000120 (0x0017d793) x15 0x2e78909c
core   0: 3 0x80000124 (0x00068463)
core   0: 3 0x8000012c (0xfe0716e3)
core   0: 3 0x80000118 (0x0017f693) x13 0x00000000
core   0: 3 0x8000011c (0xfff70713) x14 0x00000000
core   0: 3 0x80000120 (0x0017d793) x15 0x173c484e
core   0: 3 0x80000124 (0x00068463)
core   0: 3 0x8000012c (0xfe0716e3)
core   0: 3 0x80000130 (0x00158593) x11 0x8000028e
core   0: 3 0x80000134 (0xfca59ce3)
core   0: 3 0x8000010c (0x0005c683) x13 0x0000007e mem 0x8000028e
core   0: 3 0x80000110 (0x00800713) x14 0x00000008
core   0: 3 0x80000114 (0x00d7c7b3) x15 0x173c4830
core   0: 3 0x80000118 (0x0017f693) x13 0x00000000
core   0: 3 0x8000011c (0xfff70713) x14 0x00000007
core   0: 3 0x80000120 (0x0017d793) x15 0x0b9e2418
core   0: 3 0x80000124 (0x00068463)
core   0: 3 0x8000012c (0xfe0716e3)
core   0: 3 0x80000118 (0x0017f693) x13 0x00000000
core   0: 3 0x8000011c (0xfff70713) x14 0x00000006
core   0: 3 0x80000120 (0x0017d793) x15 0x05cf120c
core   0: 3 0x80000124 (0x00068463)
core   0: 3 0x8000012c (0xfe0716e3)
core   0: 3 0x80000118 (0x0017f693) x13 0x00000000
core   0: 3 0x8000011c (0xfff70713) x14 0x00000005
core   0: 3 0x80000120 (0x0017d793) x15 0x02e78906
core   0: 3 0x80000124 (0x00068463)
core   0: 3 0x8000012c (0xfe0716e3)
core   0: 3 0x80000118 (0x0017f693) x13 0x00000000
core   0: 3 0x8000011c (0xfff70713) x14 0x00000004
core   0: 3 0x80000120 (0x0017d793) x15 0x0173c483
core   0: 3 0x80000124 (0x00068463)
core   0: 3 0x8000012c (0xfe0716e3)
core   0: 3 0x80000118 (0x0017f693) x13 0x00000001
core   0: 3 0x8000011c (0xfff70713) x14 0x00000003
core   0: 3 0x80000120 (0x0017d793) x15 0x00b9e241
core   0: 3 0x80000124 (0x00068463)
core   0: 3 0x80000128 (0x00c7c7b3) x15 0xed016161
core   0: 3 0x8000012c (0xfe0716e3)
core   0: 3 0x80000118 (0x0017f693) x13 0x00000001
core   0: 3 0x8000011c (0xfff70713) x14 0x00000002
core   0: 3 0x80000120 (0x0017d793) x15 0x7680b0b0
core   0: 3 0x80000124 (0x00068463)
core   0: 3 0x80000128 (0x00c7c7b3) x15 0x9b383390
core   0: 3 0x8000012c (0xfe0716e3)
core   0: 3 0x80000118 (0x0017f693) x13 0x00000000
core   0: 3 0x8000011c (0xfff70713) x14 0x00000001
core   0: 3 0x80000120 (0x0017d793) x15 0x4d9c19c8
core   0: 3 0x80000124 (0x00068463)
core   0: 3 0x8000012c (0xfe0716e3)
core   0: 3 0x80000118 (0x0017f693) x13 0x00000000
core   0: 3 0x8000011c (0xfff70713) x14 0x00000000
core   0: 3 0x80000120 (0x0017d793) x15 0x26ce0ce4
core   0: 3 0x80000124 (0x00068463)
core   0: 3 0x8000012c (0xfe0716e3)
core   0: 3 0x80000130 (0x00158593) x11 0x8000028f
core   0: 3 0x80000134 (0xfca59ce3)
core   0: 3 0x8000010c (0x0005c683) x13 0x00000079 mem 0x8000028f
core   0: 3 0x80000110 (0x00800713) x14 0x00000008
core   0: 3 0x80000114 (0x00d7c7b3) x15 0x26ce0c9d
core   0: 3 0x80000118 (0x0017f693) x13 0x00000001
core   0: 3 0x8000011c (0xfff70713) x14 0x00000007
core   0: 3 0x80000120 (0x0017d793) x15 0x1367064e
core   0: 3 0x80000124 (0x00068463)
core   0: 3 0x80000128 (0x00c7c7b3) x15 0xfedf856e
core   0: 3 0x8000012c (0xfe0716e3)
core   0: 3 0x80000118 (0x0017f693) x13 0x00000000
core   0: 3 0x8000011c (0xfff70713) x14 0x00000006
core   0: 3 0x80000120 (0x0017d793) x15 0x7f6fc2b7
core   0: 3 0x80000124 (0x00068463)
core   0: 3 0x8000012c (0xfe0716e3)
core   0: 3 0x80000118 (0x0017f693) x13 0x00000001
core   0: 3 0x8000011c (0xfff70713) x14 0x00000005
core   0: 3 0x80000120 (0x0017d793) x15 0x3fb7e15b
core   0: 3 0x80000124 (0x00068463)
core   0: 3 0x80000128 (0x00c7c7b3) x15 0xd20f627b
core   0: 3 0x8000012c (0xfe0716e3)
core   0: 3 0x80000118 (0x0017f693) x13 0x00000001
core   0: 3 0x8000011c (0xfff70713) x14 0x00000004
core   0: 3 0x80000120 (0x0017d793) x15 0x6907b13d
core   0: 3 0x80000124 (0x00068463)
core   0: 3 0x80000128 (0x00c7c7b3) x15 0x84bf321d
core   0: 3 0x8000012c (0xfe0716e3)
core   0: 3 0x80000118 (0x0017f693) x13 0x00000001
core   0: 3 0x8000011c (0xfff70713) x14 0x00000003
core   0: 3 0x80000120 (0x0017d793) x15 0x425f990e
core   0: 3 0x80000124 (0x00068463)
core   0: 3 0x80000128 (0x00c7c7b3) x15 0xafe71a2e
core   0: 3 0x8000012c (0xfe0716e3)
core   0: 3 0x80000118 (0x0017f693) x13 0x00000000
core   0: 3 0x8000011c (0xfff70713) x14 0x00000002
core   0: 3 0x80000120 (0x0017d793) x15 0x57f38d17
core   0: 3 0x80000124 (0x00068463)
core   0: 3 0x8000012c (0xfe0716e3)
core   0: 3 0x80000118 (0x0017f693) x13 0x00000001
core   0: 3 0x8000011c (0xfff70713) x14 0x00000001
core   0: 3 0x80000120 (0x0017d793) x15 0x2bf9c68b
core   0: 3 0x80000124 (0x00068463)
core   0: 3 0x80000128 (0x00c7c7b3) x15 0xc64145ab
core   0: 3 0x8000012c (0xfe0716e3)
core   0: 3 0x80000118 (0x0017f693) x13 0x00000001
core   0: 3 0x8000011c (0xfff70713) x14 0x00000000
core   0: 3 0x80000120 (0x0017d793) x15 0x6320a2d5
core   0: 3 0x80000124 (0x00068463)
core   0: 3 0x80000128 (0x00c7c7b3) x15 0x8e9821f5
core   0: 3 0x8000012c (0xfe0716e3)
core   0: 3 0x80000130 (0x00158593) x11 0x80000290
core   0: 3 0x80000134 (0xfca59ce3)
core   0: 3 0x8000010c (0x0005c683) x13 0x00000095 mem 0x80000290
core   0: 3 0x80000110 (0x00800713) x14 0x00000008
core   0: 3 0x80000114 (0x00d7c7b3) x15 0x8e982160
core   0: 3 0x80000118 (0x0017f693) x13 0x00000000
core   0: 3 0x8000011c (0xfff70713) x14 0x00000007
core   0: 3 0x80000120 (0x0017d793) x15 0x474c10b0
core   0: 3 0x80000124 (0x00068463)
core   0: 3 0x8000012c (0xfe0716e3)
core   0: 3 0x80000118 (0x0017f693) x13 0x00000000
core   0: 3 0x8000011c (0xfff70713) x14 0x00000006
core   0: 3 0x80000120 (0x0017d793) x15 0x23a60858
core   0: 3 0x80000124 (0x00068463)
core   0: 3 0x8000012c (0xfe0716e3)
core   0: 3 0x80000118 (0x0017f693) x13 0x00000000
core   0: 3 0x8000011c (0xfff70713) x14 0x00000005
core   0: 3 0x80000120 (0x0017d793) x15 0x11d3042c
core   0: 3 0x80000124 (0x00068463)
core   0: 3 0x8000012c (0xfe0716e3)
core   0: 3 0x80000118 (0x0017f693) x13 0x00000000
core   0: 3 0x8000011c (0xfff70713) x14 0x00000004
core   0: 3 0x80000120 (0x0017d793) x15 0x08e98216
core   0: 3 0x80000124 (0x00068463)
core   0: 3 0x8000012c (0xfe0716e3)
core   0: 3 0x80000118 (0x0017f693) x13 0x00000000
core   0: 3 0x8000011c (0xfff70713) x14 0x00000003
core   0: 3 0x80000120 (0x0017d793) x15 0x0474c10b
core   0: 3 0x80000124 (0x00068463)
core   0: 3 0x8000012c (0xfe0716e3)
core   0: 3 0x80000118 (0x0017f693) x13 0x00000001
core   0: 3 0x8000011c (0xfff70713) x14 0x00000002
core   0: 3 0x80000120 (0x0017d793) x15 0x023a6085
core   0: 3 0x80000124 (0x00068463)
core   0: 3 0x80000128 (0x00c7c7b3) x15 0xef82e3a5
core   0: 3 0x8000012c (0xfe0716e3)
core   0: 3 0x80000118 (0x0017f693) x13 0x00000001
core   0: 3 0x8000011c (0xfff70713) x14 0x00000001
core   0: 3 0x80000120 (0x0017d793) x15 0x77c171d2
core   0: 3 0x80000124 (0x00068463)
core   0: 3 0x80000128 (0x00c7c7b3) x15 0x9a79f2f2
core   0: 3 0x8000012c (0xfe0716e3)
core   0: 3 0x80000118 (0x0017f693) x13 0x00000000
core   0: 3 0x8000011c (0xfff70713) x14 0x00000000
core   0: 3 0x80000120 (0x0017d793) x15 0x4d3cf979
core   0: 3 0x80000124 (0x00068463)
core   0: 3 0x8000012c (0xfe0716e3)
core   0: 3 0x80000130 (0x00158593) x11 0x80000291
core   0: 3 0x80000134 (0xfca59ce3)
core   0: 3 0x8000010c (0x0005c683) x13 0x000000be mem 0x80000291
core   0: 3 0x80000110 (0x00800713) x14 0x00000008
core   0: 3 0x80000114 (0x00d7c7b3) x15 0x4d3cf9c7
core   0: 3 0x80000118 (0x0017f693) x13 0x00000001
core   0: 3 0x8000011c (0xfff70713) x14 0x00000007
core   0: 3 0x80000120 (0x0017d793) x15 0x269e7ce3
core   0: 3 0x80000124 (0x00068463)
core   0: 3 0x80000128 (0x00c7c7b3) x15 0xcb26ffc3
core   0: 3 0x8000012c (0xfe0716e3)
core   0: 3 0x80000118 (0x0017f693) x13 0x00000001
core   0: 3 0x8000011c (0xfff70713) x14 0x00000006
core   0: 3 0x80000120 (0x0017d793) x15 0x65937fe1
core   0: 3 0x80000124 (0x00068463)
core   0: 3 0x80000128 (0x00c7c7b3) x15 0x882bfcc1
core   0: 3 0x8000012c (0xfe0716e3)
core   0: 3 0x80000118 (0x0017f693) x13 0x00000001
core   0: 3 0x8000011c (0xfff70713) x14 0x00000005
core   0: 3 0x80000120 (0x0017d793) x15 0x4415fe60
core   0: 3 0x80000124 (0x00068463)
core   0: 3 0x80000128 (0x00c7c7b3) x15 0xa9ad7d40
core   0: 3 0x8000012c (0xfe0716e3)
core   0: 3 0x80000118 (0x0017f693) x13 0x00000000
core   0: 3 0x8000011c (0xfff70713) x14 0x00000004
core   0: 3 0x80000120 (0x0017d793) x15 0x54d6bea0
core   0: 3 0x80000124 (0x00068463)
core   0: 3 0x8000012c (0xfe0716e3)
core   0: 3 0x80000118 (0x0017f693) x13 0x00000000
core   0: 3 0x8000011c (0xfff70713) x14 0x00000003
core   0: 3 0x80000120 (0x0017d793) x15 0x2a6b5f50
core   0: 3 0x80000124 (0x00068463)
core   0: 3 0x8000012c (0xfe0716e3)
core   0: 3 0x80000118 (0x0017f693) x13 0x00000000
core   0: 3 0x8000011c (0xfff70713) x14 0x00000002
core   0: 3 0x80000120 (0x0017d793) x15 0x1535afa8
core   0: 3 0x80000124 (0x00068463)
core   0: 3 0x8000012c (0xfe0716e3)
core   0: 3 0x80000118 (0x0017f693) x13 0x00000000
core   0: 3 0x8000011c (0xfff70713) x14 0x00000001
core   0: 3 0x80000120 (0x0017d793) x15 0x0a9ad7d4
core   0: 3 0x80000124 (0x00068463)
core   0: 3 0x8000012c (0xfe0716e3)
core   0: 3 0x80000118 (0x0017f693) x13 0x00000000
core   0: 3 0x8000011c (0xfff70713) x14 0x00000000
core   0: 3 0x80000120 (0x0017d793) x15 0x054d6bea
core   0: 3 0x80000124 (0x00068463)
core   0: 3 0x8000012c (0xfe0716e3)
core   0: 3 0x80000130 (0x00158593) x11 0x80000292
core   0: 3 0x80000134 (0xfca59ce3)
core   0: 3 0x8000010c (0x0005c683) x13 0x000000c0 mem 0x80000292
core   0: 3 0x80000110 (0x00800713) x14 0x00000008
core   0: 3 0x80000114 (0x00d7c7b3) x15 0x054d6b2a
core   0: 3 0x80000118 (0x0017f693) x13 0x00000000
core   0: 3 0x8000011c (0xfff70713) x14 0x00000007
core   0: 3 0x80000120 (0x0017d793) x15 0x02a6b595
core   0: 3 0x80000124 (0x00068463)
core   0: 3 0x8000012c (0xfe0716e3)
core   0: 3 0x80000118 (0x0017f693) x13 0x00000001
core   0: 3 0x8000011c (0xfff70713) x14 0x00000006
core   0: 3 0x80000120 (0x0017d793) x15 0x01535aca
core   0: 3 0x80000124 (0x00068463)
core   0: 3 0x80000128 (0x00c7c7b3) x15 0xecebd9ea
core   0: 3 0x8000012c (0xfe0716e3)
core   0: 3 0x80000118 (0x0017f693) x13 0x00000000
core   0: 3 0x8000011c (0xfff70713) x14 0x00000005
core   0: 3 0x80000120 (0x0017d793) x15 0x7675ecf5
core   0: 3 0x80000124 (0x00068463)
core   0: 3 0x8000012c (0xfe0716e3)
core   0: 3 0x80000118 (0x0017f693) x13 0x00000001
core   0: 3 0x8000011c (0xfff70713) x14 0x00000004
core   0: 3 0x80000120 (0x0017d793) x15 0x3b3af67a
core   0: 3 0x80000124 (0x00068463)
core   0: 3 0x80000128 (0x00c7c7b3) x15 0xd682755a
core   0: 3 0x8000012c (0xfe0716e3)
core   0: 3 0x80000118 (0x0017f693) x13 0x00000000
core   0: 3 0x8000011c (0xfff70713) x14 0x00000003
core   0: 3 0x80000120 (0x0017d793) x15 0x6b413aad
core   0: 3 0x80000124 (0x00068463)
core   0: 3 0x8000012c (0xfe0716e3)
core   0: 3 0x80000118 (0x0017f693) x13 0x00000001
core   0: 3 0x8000011c (0xfff70713) x14 0x00000002
core   0: 3 0x80000120 (0x0017d793) x15 0x35a09d56
core   0: 3 0x80000124 (0x00068463)
core   0: 3 0x80000128 (0x00c7c7b3) x15 0xd8181e76
core   0: 3 0x8000012c (0xfe0716e3)
core   0: 3 0x80000118 (0x0017f693) x13 0x00000000
core   0: 3 0x8000011c (0xfff70713) x14 0x00000001
core   0: 3 0x80000120 (0x0017d793) x15 0x6c0c0f3b
core   0: 3 0x80000124 (0x00068463)
core   0: 3 0x8000012c (0xfe0716e3)
core   0: 3 0x80000118 (0x0017f693) x13 0x00000001
core   0: 3 0x8000011c (0xfff70713) x14 0x00000000
core   0: 3 0x80000120 (0x0017d793) x15 0x3606079d
core   0: 3 0x80000124 (0x00068463)
core   0: 3 0x80000128 (0x00c7c7b3) x15 0xdbbe84bd
core   0: 3 0x8000012c (0xfe0716e3)
core   0: 3 0x80000130 (0x00158593) x11 0x80000293
core   0: 3 0x80000134 (0xfca59ce3)
core   0: 3 0x8000010c (0x0005c683) x13 0x000000a5 mem 0x80000293
core   0: 3 0x80000110 (0x00800713) x14 0x00000008
core   0: 3 0x80000114 (0x00d7c7b3) x15 0xdbbe8418
core   0: 3 0x80000118 (0x0017f693) x13 0x00000000
core   0: 3 0x8000011c (0xfff70713) x14 0x00000007
core   0: 3 0x80000120 (0x0017d793) x15 0x6ddf420c
core   0: 3 0x80000124 (0x00068463)
core   0: 3 0x8000012c (0xfe0716e3)
core   0: 3 0x80000118 (0x0017f693) x13 0x00000000
core   0: 3 0x8000011c (0xfff70713) x14 0x00000006
core   0: 3 0x80000120 (0x0017d793) x15 0x36efa106
core   0: 3 0x80000124 (0x00068463)
core   0: 3 0x8000012c (0xfe0716e3)
core   0: 3 0x80000118 (0x0017f693) x13 0x00000000
core   0: 3 0x8000011c (0xfff70713) x14 0x00000005
core   0: 3 0x80000120 (0x0017d793) x15 0x1b77d083
core   0: 3 0x80000124 (0x00068463)
core   0: 3 0x8000012c (0xfe0716e3)
core   0: 3 0x80000118 (0x0017f693) x13 0x00000001
core   0: 3 0x8000011c (0xfff70713) x14 0x00000004
core   0: 3 0x80000120 (0x0017d793) x15 0x0dbbe841
core   0: 3 0x80000124 (0x00068463)
core   0: 3 0x80000128 (0x00c7c7b3) x15 0xe0036b61
core   0: 3 0x8000012c (0xfe0716e3)
core   0: 3 0x80000118 (0x0017f693) x13 0x00000001
core   0: 3 0x8000011c (0xfff70713) x14 0x00000003
core   0: 3 0x80000120 (0x0017d793) x15 0x7001b5b0
core   0: 3 0x80000124 (0x00068463)
core   0: 3 0x80000128 (0x00c7c7b3) x15 0x9db93690
core   0: 3 0x8000012c (0xfe0716e3)
core   0: 3 0x80000118 (0x0017f693) x13 0x00000000
core   0: 3 0x8000011c (0xfff70713) x14 0x00000002
core   0: 3 0x80000120 (0x0017d793) x15 0x4edc9b48
core   0: 3 0x80000124 (0x00068463)
core   0: 3 0x8000012c (0xfe0716e3)
core   0: 3 0x80000118 (0x0017f693) x13 0x00000000
core   0: 3 0x8000011c (0xfff70713) x14 0x00000001
core   0: 3 0x80000120 (0x0017d793) x15 0x276e4da4
core   0: 3 0x80000124 (0x00068463)
core   0: 3 0x8000012c (0xfe0716e3)
core   0: 3 0x80000118 (0x0017f693) x13 0x00000000
core   0: 3 0x8000011c (0xfff70713) x14 0x00000000
core   0: 3 0x80000120 (0x0017d793) x15 0x13b726d2
core   0: 3 0x80000124 (0x00068463)
core   0: 3 0x8000012c (0xfe0716e3)
core   0: 3 0x80000130 (0x00158593) x11 0x80000294
core   0: 3 0x80000134 (0xfca59ce3)
core   0: 3 0x8000010c (0x0005c683) x13 0x00000045 mem 0x80000294
core   0: 3 0x80000110 (0x00800713) x14 0x00000008
core   0: 3 0x80000114 (0x00d7c7b3) x15 0x13b72697
core   0: 3 0x80000118 (0x0017f693) x13 0x00000001
core   0: 3 0x8000011c (0xfff70713) x14 0x00000007
core   0: 3 0x80000120 (0x0017d793) x15 0x09db934b
core   0: 3 0x80000124 (0x00068463)
core   0: 3 0x80000128 (0x00c7c7b3) x15 0xe463106b
core   0: 3 0x8000012c (0xfe0716e3)
core   0: 3 0x80000118 (0x0017f693) x13 0x00000001
core   0: 3 0x8000011c (0xfff70713) x14 0x00000006
core   0: 3 0x80000120 (0x0017d793) x15 0x72318835
core   0: 3 0x80000124 (0x00068463)
core   0: 3 0x80000128 (0x00c7c7b3) x15 0x9f890b15
core   0: 3 0x8000012c (0xfe0716e3)
core   0: 3 0x80000118 (0x0017f693) x13 0x00000001
core   0: 3 0x8000011c (0xfff70713) x14 0x00000005
core   0: 3 0x80000120 (0x0017d793) x15 0x4fc4858a
core   0: 3 0x80000124 (0x00068463)
core   0: 3 0x80000128 (0x00c7c7b3) x15 0xa27c06aa
core   0: 3 0x8000012c (0xfe0716e3)
core   0: 3 0x80000118 (0x0017f693) x13 0x00000000
core   0: 3 0x8000011c (0xfff70713) x14 0x00000004
core   0: 3 0x80000120 (0x0017d793) x15 0x513e0355
core   0: 3 0x80000124 (0x00068463)
core   0: 3 0x8000012c (0xfe0716e3)
core   0: 3 0x80000118 (0x0017f693) x13 0x00000001
core   0: 3 0x8000011c (0xfff70713) x14 0x00000003
core   0: 3 0x80000120 (0x0017d793) x15 0x289f01aa
core   0: 3 0x80000124 (0x00068463)
core   0: 3 0x80000128 (0x00c7c7b3) x15 0xc527828a
core   0: 3 0x8000012c (0xfe0716e3)
core   0: 3 0x80000118 (0x0017f693) x13 0x00000000
core   0: 3 0x8000011c (0xfff70713) x14 0x00000002
core   0: 3 0x80000120 (0x0017d793) x15 0x6293c145
core   0: 3 0x80000124 (0x00068463)
core   0: 3 0x8000012c (0xfe0716e3)
core   0: 3 0x80000118 (0x0017f693) x13 0x00000001
core   0: 3 0x8000011c (0xfff70713) x14 0x00000001
core   0: 3 0x80000120 (0x0017d793) x15 0x3149e0a2
core   0: 3 0x80000124 (0x00068463)
core   0: 3 0x80000128 (0x00c7c7b3) x15 0xdcf16382
core   0: 3 0x8000012c (0xfe0716e3)
core   0: 3 0x80000118 (0x0017f693) x13 0x00000000
core   0: 3 0x8000011c (0xfff70713) x14 0x00000000
core   0: 3 0x80000120 (0x0017d793) x15 0x6e78b1c1
core   0: 3 0x80000124 (0x00068463)
core   0: 3 0x8000012c (0xfe0716e3)
core   0: 3 0x80000130 (0x00158593) x11 0x80000295
core   0: 3 0x80000134 (0xfca59ce3)
core   0: 3 0x8000010c (0x0005c683) x13 0x00000090 mem 0x80000295
core   0: 3 0x80000110 (0x00800713) x14 0x00000008
core   0: 3 0x80000114 (0x00d7c7b3) x15 0x6e78b151
core   0: 3 0x80000118 (0x0017f693) x13 0x00000001
core   0: 3 0x8000011c (0xfff70713) x14 0x00000007
core   0: 3 0x80000120 (0x0017d793) x15 0x373c58a8
core   0: 3 0x80000124 (0x00068463)
core   0: 3 0x80000128 (0x00c7c7b3) x15 0xda84db88
core   0: 3 0x8000012c (0xfe0716e3)
core   0: 3 0x80000118 (0x0017f693) x13 0x00000000
core   0: 3 0x8000011c (0xfff70713) x14 0x00000006
core   0: 3 0x80000120 (0x0017d793) x15 0x6d426dc4
core   0: 3 0x80000124 (0x00068463)
core   0: 3 0x8000012c (0xfe0716e3)
core   0: 3 0x80000118 (0x0017f693) x13 0x00000000
core   0: 3 0x8000011c (0xfff70713) x14 0x00000005
core   0: 3 0x80000120 (0x0017d793) x15 0x36a136e2
core   0: 3 0x80000124 (0x00068463)
core   0: 3 0x8000012c (0xfe0716e3)
core   0: 3 0x80000118 (0x0017f693) x13 0x00000000
core   0: 3 0x8000011c (0xfff70713) x14 0x00000004
core   0: 3 0x80000120 (0x0017d793) x15 0x1b509b71
core   0: 3 0x80000124 (0x00068463)
core   0: 3 0x8000012c (0xfe0716e3)
core   0: 3 0x80000118 (0x0017f693) x13 0x00000001
core   0: 3 0x8000011c (0xfff70713) x14 0x00000003
core   0: 3 0x80000120 (0x0017d793) x15 0x0da84db8
core   0: 3 0x80000124 (0x00068463)
core   0: 3 0x80000128 (0x00c7c7b3) x15 0xe010ce98
core   0: 3 0x8000012c (0xfe0716e3)
core   0: 3 0x80000118 (0x0017f693) x13 0x00000000
core   0: 3 0x8000011c (0xfff70713) x14 0x00000002
core   0: 3 0x80000120 (0x0017d793) x15 0x7008674c
core   0: 3 0x80000124 (0x00068463)
core   0: 3 0x8000012c (0xfe0716e3)
core   0: 3 0x80000118 (0x0017f693) x13 0x00000000
core   0: 3 0x8000011c (0xfff70713) x14 0x00000001
core   0: 3 0x80000120 (0x0017d793) x15 0x380433a6
core   0: 3 0x80000124 (0x00068463)
core   0: 3 0x8000012c (0xfe0716e3)
core   0: 3 0x80000118 (0x0017f693) x13 0x00000000
core   0: 3 0x8000011c (0xfff70713) x14 0x00000000
core   0: 3 0x80000120 (0x0017d793) x15 0x1c0219d3
core   0: 3 0x80000124 (0x00068463)
core   0: 3 0x8000012c (0xfe0716e3)
core   0: 3 0x80000130 (0x00158593) x11 0x80000296
core   0: 3 0x80000134 (0xfca59ce3)
core   0: 3 0x8000010c (0x0005c683) x13 0x00000008 mem 0x80000296
core   0: 3 0x80000110 (0x00800713) x14 0x00000008
core   0: 3 0x80000114 (0x00d7c7b3) x15 0x1c0219db
core   0: 3 0x80000118 (0x0017f693) x13 0x00000001
core   0: 3 0x8000011c (0xfff70713) x14 0x00000007
core   0: 3 0x80000120 (0x0017d793) x15 0x0e010ced
core   0: 3 0x80000124 (0x00068463)
core   0: 3 0x80000128 (0x00c7c7b3) x15 0xe3b98fcd
core   0: 3 0x8000012c (0xfe0716e3)
core   0: 3 0x80000118 (0x0017f693) x13 0x00000001
core   0: 3 0x8000011c (0xfff70713) x14 0x00000006
core   0: 3 0x80000120 (0x0017d793) x15 0x71dcc7e6
core   0: 3 0x80000124 (0x00068463)
core   0: 3 0x80000128 (0x00c7c7b3) x15 0x9c6444c6
core   0: 3 0x8000012c (0xfe0716e3)
core   0: 3 0x80000118 (0x0017f693) x13 0x00000000
core   0: 3 0x8000011c (0xfff70713) x14 0x00000005
core   0: 3 0x80000120 (0x0017d793) x15 0x4e322263
core   0: 3 0x80000124 (0x00068463)
core   0: 3 0x8000012c (0xfe0716e3)
core   0: 3 0x80000118 (0x0017f693) x13 0x00000001
core   0: 3 0x8000011c (0xfff70713) x14 0x00000004
core   0: 3 0x80000120 (0x0017d793) x15 0x27191131
core   0: 3 0x80000124 (0x00068463)
core   0: 3 0x80000128 (0x00c7c7b3) x15 0xcaa19211
core   0: 3 0x8000012c (0xfe0716e3)
core   0: 3 0x80000118 (0x0017f693) x13 0x00000001
core   0: 3 0x8000011c (0xfff70713) x14 0x00000003
core   0: 3 0x80000120 (0x0017d793) x15 0x6550c908
core   0: 3 0x80000124 (0x00068463)
core   0: 3 0x80000128 (0x00c7c7b3) x15 0x88e84a28
core   0: 3 0x8000012c (0xfe0716e3)
core   0: 3 0x80000118 (0x0017f693) x13 0x00000000
core   0: 3 0x8000011c (0xfff70713) x14 0x00000002
core   0: 3 0x80000120 (0x0017d793) x15 0x44742514
core   0: 3 0x80000124 (0x00068463)
core   0: 3 0x8000012c (0xfe0716e3)
core   0: 3 0x80000118 (0x0017f693) x13 0x00000000
core   0: 3 0x8000011c (0xfff70713) x14 0x00000001
core   0: 3 0x80000120 (0x0017d793) x15 0x223a128a
core   0: 3 0x80000124 (0x00068463)
core   0: 3 0x8000012c (0xfe0716e3)
core   0: 3 0x80000118 (0x0017f693) x13 0x00000000
core   0: 3 0x8000011c (0xfff70713) x14 0x00000000
core   0: 3 0x80000120 (0x0017d793) x15 0x111d0945
core   0: 3 0x80000124 (0x00068463)
core   0: 3 0x8000012c (0xfe0716e3)
core   0: 3 0x80000130 (0x00158593) x11 0x80000297
core   0: 3 0x80000134 (0xfca59ce3)
core   0: 3 0x8000010c (0x0005c683) x13 0x00000079 mem 0x80000297
core   0: 3 0x80000110 (0x00800713) x14 0x00000008
core   0: 3 0x80000114 (0x00d7c7b3) x15 0x111d093c
core   0: 3 0x80000118 (0x0017f693) x13 0x00000000
core   0: 3 0x8000011c (0xfff70713) x14 0x00000007
core   0: 3 0x80000120 (0x0017d793) x15 0x088e849e
core   0: 3 0x80000124 (0x00068463)
core   0: 3 0x8000012c (0xfe0716e3)
core   0: 3 0x80000118 (0x0017f693) x13 0x00000000
core   0: 3 0x8000011c (0xfff70713) x14 0x00000006
core   0: 3 0x80000120 (0x0017d793) x15 0x0447424f
core   0: 3 0x80000124 (0x00068463)
core   0: 3 0x8000012c (0xfe0716e3)
core   0: 3 0x80000118 (0x0017f693) x13 0x00000001
core   0: 3 0x8000011c (0xfff70713) x14 0x00000005
core   0: 3 0x80000120 (0x0017d793) x15 0x0223a127
core   0: 3 0x80000124 (0x00068463)
core   0: 3 0x80000128 (0x00c7c7b3) x15 0xef9b2207
core   0: 3 0x8000012c (0xfe0716e3)
core   0: 3 0x80000118 (0x0017f693) x13 0x00000001
core   0: 3 0x8000011c (0xfff70713) x14 0x00000004
core   0: 3 0x80000120 (0x0017d793) x15 0x77cd9103
core   0: 3 0x80000124 (0x00068463)
core   0: 3 0x80000128 (0x00c7c7b3) x15 0x9a751223
core   0: 3 0x8000012c (0xfe0716e3)
core   0: 3 0x80000118 (0x0017f693) x13 0x00000001
core   0: 3 0x8000011c (0xfff70713) x14 0x00000003
core   0: 3 0x80000120 (0x0017d793) x15 0x4d3a8911
core   0: 3 0x80000124 (0x00068463)
core   0: 3 0x80000128 (0x00c7c7b3) x15 0xa0820a31
core   0: 3 0x8000012c (0xfe0716e3)
core   0: 3 0x80000118 (0x0017f693) x13 0x00000001
core   0: 3 0x8000011c (0xfff70713) x14 0x00000002
core   0: 3 0x80000120 (0x0017d793) x15 0x50410518
core   0: 3 0x80000124 (0x00068463)
core   0: 3 0x80000128 (0x00c7c7b3) x15 0xbdf98638
core   0: 3 0x8000012c (0xfe0716e3)
core   0: 3 0x80000118 (0x0017f693) x13 0x00000000
core   0: 3 0x8000011c (0xfff70713) x14 0x00000001
core   0: 3 0x80000120 (0x0017d793) x15 0x5efcc31c
core   0: 3 0x80000124 (0x00068463)
core   0: 3 0x8000012c (0xfe0716e3)
core   0: 3 0x80000118 (0x0017f693) x13 0x00000000
core   0: 3 0x8000011c (0xfff70713) x14 0x00000000
core   0: 3 0x80000120 (0x0017d793) x15 0x2f7e618e
core   0: 3 0x80000124 (0x00068463)
core   0: 3 0x8000012c (0xfe0716e3)
core   0: 3 0x80000130 (0x00158593) x11 0x80000298
core   0: 3 0x80000134 (0xfca59ce3)
core   0: 3 0x8000010c (0x0005c683) x13 0x000000dd mem 0x80000298
core   0: 3 0x80000110 (0x00800713) x14 0x00000008
core   0: 3 0x80000114 (0x00d7c7b3) x15 0x2f7e6153
core   0: 3 0x80000118 (0x0017f693) x13 0x00000001
core   0: 3 0x8000011c (0xfff70713) x14 0x00000007
core   0: 3 0x80000120 (0x0017d793) x15 0x17bf30a9
core   0: 3 0x80000124 (0x00068463)
core   0: 3 0x80000128 (0x00c7c7b3) x15 0xfa07b389
core   0: 3 0x8000012c (0xfe0716e3)
core   0: 3 0x80000118 (0x0017f693) x13 0x00000001
core   0: 3 0x8000011c (0xfff70713) x14 0x00000006
core   0: 3 0x80000120 (0x0017d793) x15 0x7d03d9c4
core   0: 3 0x80000124 (0x00068463)
core   0: 3 0x80000128 (0x00c7c7b3) x15 0x90bb5ae4
core   0: 3 0x8000012c (0xfe0716e3)
core   0: 3 0x80000118 (0x0017f693) x13 0x00000000
core   0: 3 0x8000011c (0xfff70713) x14 0x00000005
core   0: 3 0x80000120 (0x0017d793) x15 0x485dad72
core   0: 3 0x80000124 (0x00068463)
core   0: 3 0x8000012c (0xfe0716e3)
core   0: 3 0x80000118 (0x0017f693) x13 0x00000000
core   0: 3 0x8000011c (0xfff70713) x14 0x00000004
core   0: 3 0x80000120 (0x0017d793) x15 0x242ed6b9
core   0: 3 0x80000124 (0x00068463)
core   0: 3 0x8000012c (0xfe0716e3)
core   0: 3 0x80000118 (0x0017f693) x13 0x00000001
core   0: 3 0x8000011c (0xfff70713) x14 0x00000003
core   0: 3 0x80000120 (0x0017d793) x15 0x12176b5c
core   0: 3 0x80000124 (0x00068463)
core   0: 3 0x80000128 (0x00c7c7b3) x15 0xffafe87c
core   0: 3 0x8000012c (0xfe0716e3)
core   0: 3 0x80000118 (0x0017f693) x13 0x00000000
core   0: 3 0x8000011c (0xfff70713) x14 0x00000002
core   0: 3 0x80000120 (0x0017d793) x15 0x7fd7f43e
core   0: 3 0x80000124 (0x00068463)
core   0: 3 0x8000012c (0xfe0716e3)
core   0: 3 0x80000118 (0x0017f693) x13 0x00000000
core   0: 3 0x8000011c (0xfff70713) x14 0x00000001
core   0: 3 0x80000120 (0x0017d793) x15 0x3febfa1f
core   0: 3 0x80000124 (0x00068463)
core   0: 3 0x8000012c (0xfe0716e3)
core   0: 3 0x80000118 (0x0017f693) x13 0x00000001
core   0: 3 0x8000011c (0xfff70713) x14 0x00000000
core   0: 3 0x80000120 (0x0017d793) x15 0x1ff5fd0f
core   0: 3 0x80000124 (0x00068463)
core   0: 3 0x80000128 (0x00c7c7b3) x15 0xf24d7e2f
core   0: 3 0x8000012c (0xfe0716e3)
core   0: 3 0x80000130 (0x00158593) x11 0x80000299
core   0: 3 0x80000134 (0xfca59ce3)
core   0: 3 0x8000010c (0x0005c683) x13 0x0000009b mem 0x80000299
core   0: 3 0x80000110 (0x00800713) x14 0x00000008
core   0: 3 0x80000114 (0x00d7c7b3) x15 0xf24d7eb4
core   0: 3 0x80000118 (0x0017f693) x13 0x00000000
core   0: 3 0x8000011c (0xfff70713) x14 0x00000007
core   0: 3 0x80000120 (0x0017d793) x15 0x7926bf5a
core   0: 3 0x80000124 (0x00068463)
core   0: 3 0x8000012c (0xfe0716e3)
core   0: 3 0x80000118 (0x0017f693) x13 0x00000000
core   0: 3 0x8000011c (0xfff70713) x14 0x00000006
core   0: 3 0x80000120 (0x0017d793) x15 0x3c935fad
core   0: 3 0x80000124 (0x00068463)
core   0: 3 0x8000012c (0xfe0716e3)
core   0: 3 0x80000118 (0x0017f693) x13 0x00000001
core   0: 3 0x8000011c (0xfff70713) x14 0x00000005
core   0: 3 0x80000120 (0x0017d793) x15 0x1e49afd6
core   0: 3 0x80000124 (0x00068463)
core   0: 3 0x80000128 (0x00c7c7b3) x15 0xf3f12cf6
core   0: 3 0x8000012c (0xfe0716e3)
core   0: 3 0x80000118 (0x0017f693) x13 0x00000000
core   0: 3 0x8000011c (0xfff70713) x14 0x00000004
core   0: 3 0x80000120 (0x0017d793) x15 0x79f8967b
core   0: 3 0x80000124 (0x00068463)
core   0: 3 0x8000012c (0xfe0716e3)
core   0: 3 0x80000118 (0x0017f693) x13 0x00000001
core   0: 3 0x8000011c (0xfff70713) x14 0x00000003
core   0: 3 0x80000120 (0x0017d793) x15 0x3cfc4b3d
core   0: 3 0x80000124 (0x00068463)
core   0: 3 0x80000128 (0x00c7c7b3) x15 0xd144c81d
core   0: 3 0x8000012c (0xfe0716e3)
core   0: 3 0x80000118 (0x0017f693) x13 0x00000001
core   0: 3 0x8000011c (0xfff70713) x14 0x00000002
core   0: 3 0x80000120 (0x0017d793) x15 0x68a2640e
core   0: 3 0x80000124 (0x00068463)
core   0: 3 0x80000128 (0x00c7c7b3) x15 0x851ae72e
core   0: 3 0x8000012c (0xfe0716e3)
core   0: 3 0x80000118 (0x0017f693) x13 0x00000000
core   0: 3 0x8000011c (0xfff70713) x14 0x00000001
core   0: 3 0x80000120 (0x0017d793) x15 0x428d7397
core   0: 3 0x80000124 (0x00068463)
core   0: 3 0x8000012c (0xfe0716e3)
core   0: 3 0x80000118 (0x0017f693) x13 0x00000001
core   0: 3 0x8000011c (0xfff70713) x14 0x00000000
core   0: 3 0x80000120 (0x0017d793) x15 0x2146b9cb
core   0: 3 0x80000124 (0x00068463)
core   0: 3 0x80000128 (0x00c7c7b3) x15 0xccfe3aeb
core   0: 3 0x8000012c (0xfe0716e3)
core   0: 3 0x80000130 (0x00158593) x11 0x8000029a
core   0: 3 0x80000134 (0xfca59ce3)
core   0: 3 0x8000010c (0x0005c683) x13 0x0000008f mem 0x8000029a
core   0: 3 0x80000110 (0x00800713) x14 0x00000008
core   0: 3 0x80000114 (0x00d7c7b3) x15 0xccfe3a64
core   0: 3 0x80000118 (0x0017f693) x13 0x00000000
core   0: 3 0x8000011c (0xfff70713) x14 0x00000007
core   0: 3 0x80000120 (0x0017d793) x15 0x667f1d32
core   0: 3 0x80000124 (0x00068463)
core   0: 3 0x8000012c (0xfe0716e3)
core   0: 3 0x80000118 (0x0017f693) x13 0x00000000
core   0: 3 0x8000011c (0xfff70713) x14 0x00000006
core   0: 3 0x80000120 (0x0017d793) x15 0x333f8e99
core   0: 3 0x80000124 (0x00068463)
core   0: 3 0x8000012c (0xfe0716e3)
core   0: 3 0x80000118 (0x0017f693) x13 0x00000001
core   0: 3 0x8000011c (0xfff70713) x14 0x00000005
core   0: 3 0x80000120 (0x0017d793) x15 0x199fc74c
core   0: 3 0x80000124 (0x00068463)
core   0: 3 0x80000128 (0x00c7c7b3) x15 0xf427446c
core   0: 3 0x8000012c (0xfe0716e3)
core   0: 3 0x80000118 (0x0017f693) x13 0x00000000
core   0: 3 0x8000011c (0xfff70713) x14 0x00000004
core   0: 3 0x80000120 (0x0017d793) x15 0x7a13a236
core   0: 3 0x80000124 (0x00068463)
core   0: 3 0x8000012c (0xfe0716e3)
core   0: 3 0x80000118 (0x0017f693) x13 0x00000000
core   0: 3 0x8000011c (0xfff70713) x14 0x00000003
core   0: 3 0x80000120 (0x0017d793) x15 0x3d09d11b
core   0: 3 0x80000124 (0x00068463)
core   0: 3 0x8000012c (0xfe0716e3)
core   0: 3 0x80000118 (0x0017f693) x13 0x00000001
core   0: 3 0x8000011c (0xfff70713) x14 0x00000002
core   0: 3 0x80000120 (0x0017d793) x15 0x1e84e88d
core   0: 3 0x80000124 (0x00068463)
core   0: 3 0x80000128 (0x00c7c7b3) x15 0xf33c6bad
core   0: 3 0x8000012c (0xfe0716e3)
core   0: 3 0x80000118 (0x0017f693) x13 0x00000001
core   0: 3 0x8000011c (0xfff70713) x14 0x00000001
core   0: 3 0x80000120 (0x0017d793) x15 0x799e35d6
core   0: 3 0x80000124 (0x00068463)
core   0: 3 0x80000128 (0x00c7c7b3) x15 0x9426b6f6
core   0: 3 0x8000012c (0xfe0716e3)
core   0: 3 0x80000118 (0x0017f693) x13 0x00000000
core   0: 3 0x8000011c (0xfff70713) x14 0x00000000
core   0: 3 0x80000120 (0x0017d793) x15 0x4a135b7b
core   0: 3 0x80000124 (0x00068463)
core   0: 3 0x8000012c (0xfe0716e3)
core   0: 3 0x80000130 (0x00158593) x11 0x8000029b
core   0: 3 0x80000134 (0xfca59ce3)
core   0: 3 0x8000010c (0x0005c683) x13 0x000000c4 mem 0x8000029b
core   0: 3 0x80000110 (0x00800713) x14 0x00000008
core   0: 3 0x80000114 (0x00d7c7b3) x15 0x4a135bbf
core   0: 3 0x80000118 (0x0017f693) x13 0x00000001
core   0: 3 0x8000011c (0xfff70713) x14 0x00000007
core   0: 3 0x80000120 (0x0017d793) x15 0x2509addf
core   0: 3 0x80000124 (0x00068463)
core   0: 3 0x80000128 (0x00c7c7b3) x15 0xc8b12eff
core   0: 3 0x8000012c (0xfe0716e3)
core   0: 3 0x80000118 (0x0017f693) x13 0x00000001
core   0: 3 0x8000011c (0xfff70713) x14 0x00000006
core   0: 3 0x80000120 (0x0017d793) x15 0x6458977f
core   0: 3 0x80000124 (0x00068463)
core   0: 3 0x80000128 (0x00c7c7b3) x15 0x89e0145f
core   0: 3 0x8000012c (0xfe0716e3)
core   0: 3 0x80000118 (0x0017f693) x13 0x00000001
core   0: 3 0x8000011c (0xfff70713) x14 0x00000005
core   0: 3 0x80000120 (0x0017d793) x15 0x44f00a2f
core   0: 3 0x80000124 (0x00068463)
core   0: 3 0x80000128 (0x00c7c7b3) x15 0xa948890f
core   0: 3 0x8000012c (0xfe0716e3)
core   0: 3 0x80000118 (0x0017f693) x13 0x00000001
core   0: 3 0x8000011c (0xfff70713) x14 0x00000004
core   0: 3 0x80000120 (0x0017d793) x15 0x54a44487
core   0: 3 0x80000124 (0x00068463)
core   0: 3 0x80000128 (0x00c7c7b3) x15 0xb91cc7a7
core   0: 3 0x8000012c (0xfe0716e3)
core   0: 3 0x80000118 (0x0017f693) x13 0x00000001
core   0: 3 0x8000011c (0xfff70713) x14 0x00000003
core   0: 3 0x80000120 (0x0017d793) x15 0x5c8e63d3
core   0: 3 0x80000124 (0x00068463)
core   0: 3 0x80000128 (0x00c7c7b3) x15 0xb136e0f3
core   0: 3 0x8000012c (0xfe0716e3)
core   0: 3 0x80000118 (0x0017f693) x13 0x00000001
core   0: 3 0x8000011c (0xfff70713) x14 0x00000002
core   0: 3 0x80000120 (0x0017d793) x15 0x589b7079
core   0: 3 0x80000124 (0x00068463)
core   0: 3 0x80000128 (0x00c7c7b3) x15 0xb523f359
core   0: 3 0x8000012c (0xfe0716e3)
core   0: 3 0x80000118 (0x0017f693) x13 0x00000001
core   0: 3 0x8000011c (0xfff70713) x14 0x00000001
core   0: 3 0x80000120 (0x0017d793) x15 0x5a91f9ac
core   0: 3 0x80000124 (0x00068463)
core   0: 3 0x80000128 (0x00c7c7b3) x15 0xb7297a8c
core   0: 3 0x8000012c (0xfe0716e3)
core   0: 3 0x80000118 (0x0017f693) x13 0x00000000
core   0: 3 0x8000011c (0xfff70713) x14 0x00000000
core   0: 3 0x80000120 (0x0017d793) x15 0x5b94bd46
core   0: 3 0x80000124 (0x00068463)
core   0: 3 0x8000012c (0xfe0716e3)
core   0: 3 0x80000130 (0x00158593) x11 0x8000029c
core   0: 3 0x80000134 (0xfca59ce3)
core   0: 3 0x8000010c (0x0005c683) x13 0x00000060 mem 0x8000029c
core   0: 3 0x80000110 (0x00800713) x14 0x00000008
core   0: 3 0x80000114 (0x00d7c7b3) x15 0x5b94bd26
core   0: 3 0x80000118 (0x0017f693) x13 0x00000000
core   0: 3 0x8000011c (0xfff70713) x14 0x00000007
core   0: 3 0x80000120 (0x0017d793) x15 0x2dca5e93
core   0: 3 0x80000124 (0x00068463)
core   0: 3 0x8000012c (0xfe0716e3)
core   0: 3 0x80000118 (0x0017f693) x13 0x00000001
core   0: 3 0x8000011c (0xfff70713) x14 0x00000006
core   0: 3 0x80000120 (0x0017d793) x15 0x16e52f49
core   0: 3 0x80000124 (0x00068463)
core   0: 3 0x80000128 (0x00c7c7b3) x15 0xfb5dac69
core   0: 3 0x8000012c (0xfe0716e3)
core   0: 3 0x80000118 (0x0017f693) x13 0x00000001
core   0: 3 0x8000011c (0xfff70713) x14 0x00000005
core   0: 3 0x80000120 (0x0017d793) x15 0x7daed634
core   0: 3 0x80000124 (0x00068463)
core   0: 3 0x80000128 (0x00c7c7b3) x15 0x90165514
core   0: 3 0x8000012c (0xfe0716e3)
core   0: 3 0x80000118 (0x0017f693) x13 0x00000000
core   0: 3 0x8000011c (0xfff70713) x14 0x00000004
core   0: 3 0x80000120 (0x0017d793) x15 0x480b2a8a
core   0: 3 0x80000124 (0x00068463)
core   0: 3 0x8000012c (0xfe0716e3)
core   0: 3 0x80000118 (0x0017f693) x13 0x00000000
core   0: 3 0x8000011c (0xfff70713) x14 0x00000003
core   0: 3 0x80000120 (0x0017d793) x15 0x24059545
core   0: 3 0x80000124 (0x00068463)
core   0: 3 0x8000012c (0xfe0716e3)
core   0: 3 0x80000118 (0x0017f693) x13 0x00000001
core   0: 3 0x8000011c (0xfff70713) x14 0x00000002
core   0: 3 0x80000120 (0x0017d793) x15 0x1202caa2
core   0: 3 0x80000124 (0x00068463)
core   0: 3 0x80000128 (0x00c7c7b3) x15 0xffba4982
core   0: 3 0x8000012c (0xfe0716e3)
core   0: 3 0x80000118 (0x0017f693) x13 0x00000000
core   0: 3 0x8000011c (0xfff70713) x14 0x00000001
core   0: 3 0x80000120 (0x0017d793) x15 0x7fdd24c1
core   0: 3 0x80000124 (0x00068463)
core   0: 3 0x8000012c (0xfe0716e3)
core   0: 3 0x80000118 (0x0017f693) x13 0x00000001
core   0: 3 0x8000011c (0xfff70713) x14 0x00000000
core   0: 3 0x80000120 (0x0017d793) x15 0x3fee9260
core   0: 3 0x80000124 (0x00068463)
core   0: 3 0x80000128 (0x00c7c7b3) x15 0xd2561140
core   0: 3 0x8000012c (0xfe0716e3)
core   0: 3 0x80000130 (0x00158593) x11 0x8000029d
core   0: 3 0x80000134 (0xfca59ce3)
core   0: 3 0x8000010c (0x0005c683) x13 0x00000038 mem 0x8000029d
core   0: 3 0x80000110 (0x00800713) x14 0x00000008
core   0: 3 0x80000114 (0x00d7c7b3) x15 0xd2561178
core   0: 3 0x80000118 (0x0017f693) x13 0x00000000
core   0: 3 0x8000011c (0xfff70713) x14 0x00000007
core   0: 3 0x80000120 (0x0017d793) x15 0x692b08bc
core   0: 3 0x80000124 (0x00068463)
core   0: 3 0x8000012c (0xfe0716e3)
core   0: 3 0x80000118 (0x0017f693) x13 0x00000000
core   0: 3 0x8000011c (0xfff70713) x14 0x00000006
core   0: 3 0x80000120 (0x0017d793) x15 0x3495845e
core   0: 3 0x80000124 (0x00068463)
core   0: 3 0x8000012c (0xfe0716e3)
core   0: 3 0x80000118 (0x0017f693) x13 0x00000000
core   0: 3 0x8000011c (0xfff70713) x14 0x00000005
core   0: 3 0x80000120 (0x0017d793) x15 0x1a4ac22f
core   0: 3 0x80000124 (0x00068463)
core   0: 3 0x8000012c (0xfe0716e3)
core   0: 3 0x80000118 (0x0017f693) x13 0x00000001
core   0: 3 0x8000011c (0xfff70713) x14 0x00000004
core   0: 3 0x80000120 (0x0017d793) x15 0x0d256117
core   0: 3 0x80000124 (0x00068463)
core   0: 3 0x80000128 (0x00c7c7b3) x15 0xe09de237
core   0: 3 0x8000012c (0xfe0716e3)
core   0: 3 0x80000118 (0x0017f693) x13 0x00000001
core   0: 3 0x8000011c (0xfff70713) x14 0x00000003
core   0: 3 0x80000120 (0x0017d793) x15 0x704ef11b
core   0: 3 0x80000124 (0x00068463)
core   0: 3 0x80000128 (0x00c7c7b3) x15 0x9df6723b
core   0: 3 0x8000012c (0xfe0716e3)
core   0: 3 0x80000118 (0x0017f693) x13 0x00000001
core   0: 3 0x8000011c (0xfff70713) x14 0x00000002
core   0: 3 0x80000120 (0x0017d793) x15 0x4efb391d
core   0: 3 0x80000124 (0x00068463)
core   0: 3 0x80000128 (0x00c7c7b3) x15 0xa343ba3d
core   0: 3 0x8000012c (0xfe0716e3)
core   0: 3 0x80000118 (0x0017f693) x13 0x00000001
core   0: 3 0x8000011c (0xfff70713) x14 0x00000001
core   0: 3 0x80000120 (0x0017d793) x15 0x51a1dd1e
core   0: 3 0x80000124 (0x00068463)
core   0: 3 0x80000128 (0x00c7c7b3) x15 0xbc195e3e
core   0: 3 0x8000012c (0xfe0716e3)
core   0: 3 0x80000118 (0x0017f693) x13 0x00000000
core   0: 3 0x8000011c (0xfff70713) x14 0x00000000
core   0: 3 0x80000120 (0x0017d793) x15 0x5e0caf1f
core   0: 3 0x80000124 (0x00068463)
core   0: 3 0x8000012c (0xfe0716e3)
core   0: 3 0x80000130 (0x00158593) x11 0x8000029e
core   0: 3 0x80000134 (0xfca59ce3)
core   0: 3 0x8000010c (0x0005c683) x13 0x000000dc mem 0x8000029e
core   0: 3 0x80000110 (0x00800713) x14 0x00000008
core   0: 3 0x80000114 (0x00d7c7b3) x15 0x5e0cafc3
core   0: 3 0x80000118 (0x0017f693) x13 0x00000001
core   0: 3 0x8000011c (0xfff70713) x14 0x00000007
core   0: 3 0x80000120 (0x0017d793) x15 0x2f0657e1
core   0: 3 0x80000124 (0x00068463)
core   0: 3 0x80000128 (0x00c7c7b3) x15 0xc2bed4c1
core   0: 3 0x8000012c (0xfe0716e3)
core   0: 3 0x80000118 (0x0017f693) x13 0x00000001
core   0: 3 0x8000011c (0xfff70713) x14 0x00000006
core   0: 3 0x80000120 (0x0017d793) x15 0x615f6a60
core   0: 3 0x80000124 (0x00068463)
core   0: 3 0x80000128 (0x00c7c7b3) x15 0x8ce7e940
core   0: 3 0x8000012c (0xfe0716e3)
core   0: 3 0x80000118 (0x0017f693) x13 0x00000000
core   0: 3 0x8000011c (0xfff70713) x14 0x00000005
core   0: 3 0x80000120 (0x0017d793) x15 0x4673f4a0
core   0: 3 0x80000124 (0x00068463)
core   0: 3 0x8000012c (0xfe0716e3)
core   0: 3 0x80000118 (0x0017f693) x13 0x00000000
core   0: 3 0x8000011c (0xfff70713) x14 0x00000004
core   0: 3 0x80000120 (0x0017d793) x15 0x2339fa50
core   0: 3 0x80000124 (0x00068463)
core   0: 3 0x8000012c (0xfe0716e3)
core   0: 3 0x80000118 (0x0017f693) x13 0x00000000
core   0: 3 0x8000011c (0xfff70713) x14 0x00000003
core   0: 3 0x80000120 (0x0017d793) x15 0x119cfd28
core   0: 3 0x80000124 (0x00068463)
core   0: 3 0x8000012c (0xfe0716e3)
core   0: 3 0x80000118 (0x0017f693) x13 0x00000000
core   0: 3 0x8000011c (0xfff70713) x14 0x00000002
core   0: 3 0x80000120 (0x0017d793) x15 0x08ce7e94
core   0: 3 0x80000124 (0x00068463)
core   0: 3 0x8000012c (0xfe0716e3)
core   0: 3 0x80000118 (0x0017f693) x13 0x00000000
core   0: 3 0x8000011c (0xfff70713) x14 0x00000001
core   0: 3 0x80000120 (0x0017d793) x15 0x04673f4a
core   0: 3 0x80000124 (0x00068463)
core   0: 3 0x8000012c (0xfe0716e3)
core   0: 3 0x80000118 (0x0017f693) x13 0x00000000
core   0: 3 0x8000011c (0xfff70713) x14 0x00000000
core   0: 3 0x80000120 (0x0017d793) x15 0x02339fa5
core   0: 3 0x80000124 (0x00068463)
core   0: 3 0x8000012c (0xfe0716e3)
core   0: 3 0x80000130 (0x00158593) x11 0x8000029f
core   0: 3 0x80000134 (0xfca59ce3)
core   0: 3 0x8000010c (0x0005c683) x13 0x00000060 mem 0x8000029f
core   0: 3 0x80000110 (0x00800713) x14 0x00000008
core   0: 3 0x80000114 (0x00d7c7b3) x15 0x02339fc5
core   0: 3 0x80000118 (0x0017f693) x13 0x00000001
core   0: 3 0x8000011c (0xfff70713) x14 0x00000007
core   0: 3 0x80000120 (0x0017d793) x15 0x0119cfe2
core   0: 3 0x80000124 (0x00068463)
core   0: 3 0x80000128 (0x00c7c7b3) x15 0xeca14cc2
core   0: 3 0x8000012c (0xfe0716e3)
core   0: 3 0x80000118 (0x0017f693) x13 0x00000000
core   0: 3 0x8000011c (0xfff70713) x14 0x00000006
core   0: 3 0x80000120 (0x0017d793) x15 0x7650a661
core   0: 3 0x80000124 (0x00068463)
core   0: 3 0x8000012c (0xfe0716e3)
core   0: 3 0x80000118 (0x0017f693) x13 0x00000001
core   0: 3 0x8000011c (0xfff70713) x14 0x00000005
core   0: 3 0x80000120 (0x0017d793) x15 0x3b285330
core   0: 3 0x80000124 (0x00068463)
core   0: 3 0x80000128 (0x00c7c7b3) x15 0xd690d010
core   0: 3 0x8000012c (0xfe0716e3)
core   0: 3 0x80000118 (0x0017f693) x13 0x00000000
core   0: 3 0x8000011c (0xfff70713) x14 0x00000004
core   0: 3 0x80000120 (0x0017d793) x15 0x6b486808
core   0: 3 0x80000124 (0x00068463)
core   0: 3 0x8000012c (0xfe0716e3)
core   0: 3 0x80000118 (0x0017f693) x13 0x00000000
core   0: 3 0x8000011c (0xfff70713) x14 0x00000003
core   0: 3 0x80000120 (0x0017d793) x15 0x35a43404
core   0: 3 0x80000124 (0x00068463)
core   0: 3 0x8000012c (0xfe0716e3)
core   0: 3 0x80000118 (0x0017f693) x13 0x00000000
core   0: 3 0x8000011c (0xfff70713) x14 0x00000002
core   0: 3 0x80000120 (0x0017d793) x15 0x1ad21a02
core   0: 3 0x80000124 (0x00068463)
core   0: 3 0x8000012c (0xfe0716e3)
core   0: 3 0x80000118 (0x0017f693) x13 0x00000000
core   0: 3 0x8000011c (0xfff70713) x14 0x00000001
core   0: 3 0x80000120 (0x0017d793) x15 0x0d690d01
core   0: 3 0x80000124 (0x00068463)
core   0: 3 0x8000012c (0xfe0716e3)
core   0: 3 0x80000118 (0x0017f693) x13 0x00000001
core   0: 3 0x8000011c (0xfff70713) x14 0x00000000
core   0: 3 0x80000120 (0x0017d793) x15 0x06b48680
core   0: 3 0x80000124 (0x00068463)
core   0: 3 0x80000128 (0x00c7c7b3) x15 0xeb0c05a0
core   0: 3 0x8000012c (0xfe0716e3)
core   0: 3 0x80000130 (0x00158593) x11 0x800002a0
core   0: 3 0x80000134 (0xfca59ce3)
core   0: 3 0x8000010c (0x0005c683) x13 0x00000058 mem 0x800002a0
core   0: 3 0x80000110 (0x00800713) x14 0x00000008
core   0: 3 0x80000114 (0x00d7c7b3) x15 0xeb0c05f8
core   0: 3 0x80000118 (0x0017f693) x13 0x00000000
core   0: 3 0x8000011c (0xfff70713) x14 0x00000007
core   0: 3 0x80000120 (0x0017d793) x15 0x758602fc
core   0: 3 0x80000124 (0x00068463)
core   0: 3 0x8000012c (0xfe0716e3)
core   0: 3 0x80000118 (0x0017f693) x13 0x00000000
core   0: 3 0x8000011c (0xfff70713) x14 0x00000006
core   0: 3 0x80000120 (0x0017d793) x15 0x3ac3017e
core   0: 3 0x80000124 (0x00068463)
core   0: 3 0x8000012c (0xfe0716e3)
core   0: 3 0x80000118 (0x0017f693) x13 0x00000000
core   0: 3 0x8000011c (0xfff70713) x14 0x00000005
core   0: 3 0x80000120 (0x0017d793) x15 0x1d6180bf
core   0: 3 0x80000124 (0x00068463)
core   0: 3 0x8000012c (0xfe0716e3)
core   0: 3 0x80000118 (0x0017f693) x13 0x00000001
core   0: 3 0x8000011c (0xfff70713) x14 0x00000004
core   0: 3 0x80000120 (0x0017d793) x15 0x0eb0c05f
core   0: 3 0x80000124 (0x00068463)
core   0: 3 0x80000128 (0x00c7c7b3) x15 0xe308437f
core   0: 3 0x8000012c (0xfe0716e3)
core   0: 3 0x80000118 (0x0017f693) x13 0x00000001
core   0: 3 0x8000011c (0xfff70713) x14 0x00000003
core   0: 3 0x80000120 (0x0017d793) x15 0x718421bf
core   0: 3 0x80000124 (0x00068463)
core   0: 3 0x80000128 (0x00c7c7b3) x15 0x9c3ca29f
core   0: 3 0x8000012c (0xfe0716e3)
core   0: 3 0x80000118 (0x0017f693) x13 0x00000001
core   0: 3 0x8000011c (0xfff70713) x14 0x00000002
core   0: 3 0x80000120 (0x0017d793) x15 0x4e1e514f
core   0: 3 0x80000124 (0x00068463)
core   0: 3 0x80000128 (0x00c7c7b3) x15 0xa3a6d26f
core   0: 3 0x8000012c (0xfe0716e3)
core   0: 3 0x80000118 (0x0017f693) x13 0x00000001
core   0: 3 0x8000011c (0xfff70713) x14 0x00000001
core   0: 3 0x80000120 (0x0017d793) x15 0x51d36937
core   0: 3 0x80000124 (0x00068463)
core   0: 3 0x80000128 (0x00c7c7b3) x15 0xbc6bea17
core   0: 3 0x8000012c (0xfe0716e3)
core   0: 3 0x80000118 (0x0017f693) x13 0x00000001
core   0: 3 0x8000011c (0xfff70713) x14 0x00000000
core   0: 3 0x80000120 (0x0017d793) x15 0x5e35f50b
core   0: 3 0x80000124 (0x00068463)
core   0: 3 0x80000128 (0x00c7c7b3) x15 0xb38d762b
core   0: 3 0x8000012c (0xfe0716e3)
core   0: 3 0x80000130 (0x00158593) x11 0x800002a1
core   0: 3 0x80000134 (0xfca59ce3)
core   0: 3 0x8000010c (0x0005c683) x13 0x000000ca mem 0x800002a1
core   0: 3 0x80000110 (0x00800713) x14 0x00000008
core   0: 3 0x80000114 (0x00d7c7b3) x15 0xb38d76e1
core   0: 3 0x80000118 (0x0017f693) x13 0x00000001
core   0: 3 0x8000011c (0xfff70713) x14 0x00000007
core   0: 3 0x80000120 (0x0017d793) x15 0x59c6bb70
core   0: 3 0x80000124 (0x00068463)
core   0: 3 0x80000128 (0x00c7c7b3) x15 0xb47e3850
core   0: 3 0x8000012c (0xfe0716e3)
core   0: 3 0x80000118 (0x0017f693) x13 0x00000000
core   0: 3 0x8000011c (0xfff70713) x14 0x00000006
core   0: 3 0x80000120 (0x0017d793) x15 0x5a3f1c28
core   0: 3 0x80000124 (0x00068463)
core   0: 3 0x8000012c (0xfe0716e3)
core   0: 3 0x80000118 (0x0017f693) x13 0x00000000
core   0: 3 0x8000011c (0xfff70713) x14 0x00000005
core   0: 3 0x80000120 (0x0017d793) x15 0x2d1f8e14
core   0: 3 0x80000124 (0x00068463)
core   0: 3 0x8000012c (0xfe0716e3)
core   0: 3 0x80000118 (0x0017f693) x13 0x00000000
core   0: 3 0x8000011c (0xfff70713) x14 0x00000004
core   0: 3 0x80000120 (0x0017d793) x15 0x168fc70a
core   0: 3 0x80000124 (0x00068463)
core   0: 3 0x8000012c (0xfe0716e3)
core   0: 3 0x80000118 (0x0017f693) x13 0x00000000
core   0: 3 0x8000011c (0xfff70713) x14 0x00000003
core   0: 3 0x80000120 (0x0017d793) x15 0x0b47e385
core   0: 3 0x80000124 (0x00068463)
core   0: 3 0x8000012c (0xfe0716e3)
core   0: 3 0x80000118 (0x0017f693) x13 0x00000001
core   0: 3 0x8000011c (0xfff70713) x14 0x00000002
core   0: 3 0x80000120 (0x0017d793) x15 0x05a3f1c2
core   0: 3 0x80000124 (0x00068463)
core   0: 3 0x80000128 (0x00c7c7b3) x15 0xe81b72e2
core   0: 3 0x8000012c (0xfe0716e3)
core   0: 3 0x80000118 (0x0017f693) x13 0x00000000
core   0: 3 0x8000011c (0xfff70713) x14 0x00000001
core   0: 3 0x80000120 (0x0017d793) x15 0x740db971
core   0: 3 0x80000124 (0x00068463)
core   0: 3 0x8000012c (0xfe0716e3)
core   0: 3 0x80000118 (0x0017f693) x13 0x00000001
core   0: 3 0x8000011c (0xfff70713) x14 0x00000000
core   0: 3 0x80000120 (0x0017d793) x15 0x3a06dcb8
core   0: 3 0x80000124 (0x00068463)
core   0: 3 0x80000128 (0x00c7c7b3) x15 0xd7be5f98
core   0: 3 0x8000012c (0xfe0716e3)
core   0: 3 0x80000130 (0x00158593) x11 0x800002a2
core   0: 3 0x80000134 (0xfca59ce3)
core   0: 3 0x8000010c (0x0005c683) x13 0x000000d1 mem 0x800002a2
core   0: 3 0x80000110 (0x00800713) x14 0x00000008
core   0: 3 0x80000114 (0x00d7c7b3) x15 0xd7be5f49
core   0: 3 0x80000118 (0x0017f693) x13 0x00000001
core   0: 3 0x8000011c (0xfff70713) x14 0x00000007
core   0: 3 0x80000120 (0x0017d793) x15 0x6bdf2fa4
core   0: 3 0x80000124 (0x00068463)
core   0: 3 0x80000128 (0x00c7c7b3) x15 0x8667ac84
core   0: 3 0x8000012c (0xfe0716e3)
core   0: 3 0x80000118 (0x0017f693) x13 0x00000000
core   0: 3 0x8000011c (0xfff70713) x14 0x00000006
core   0: 3 0x80000120 (0x0017d793) x15 0x4333d642
core   0: 3 0x80000124 (0x00068463)
core   0: 3 0x8000012c (0xfe0716e3)
core   0: 3 0x80000118 (0x0017f693) x13 0x00000000
core   0: 3 0x8000011c (0xfff70713) x14 0x00000005
core   0: 3 0x80000120 (0x0017d793) x15 0x2199eb21
core   0: 3 0x80000124 (0x00068463)
core   0: 3 0x8000012c (0xfe0716e3)
core   0: 3 0x80000118 (0x0017f693) x13 0x00000001
core   0: 3 0x8000011c (0xfff70713) x14 0x00000004
core   0: 3 0x80000120 (0x0017d793) x15 0x10ccf590
core   0: 3 0x80000124 (0x00068463)
core   0: 3 0x80000128 (0x00c7c7b3) x15 0xfd7476b0
core   0: 3 0x8000012c (0xfe0716e3)
core   0: 3 0x80000118 (0x0017f693) x13 0x00000000
core   0: 3 0x8000011c (0xfff70713) x14 0x00000003
core   0: 3 0x80000120 (0x0017d793) x15 0x7eba3b58
core   0: 3 0x80000124 (0x00068463)
core   0: 3 0x8000012c (0xfe0716e3)
core   0: 3 0x80000118 (0x0017f693) x13 0x00000000
core   0: 3 0x8000011c (0xfff70713) x14 0x00000002
core   0: 3 0x80000120 (0x0017d793) x15 0x3f5d1dac
core   0: 3 0x80000124 (0x00068463)
core   0: 3 0x8000012c (0xfe0716e3)
core   0: 3 0x80000118 (0x0017f693) x13 0x00000000
core   0: 3 0x8000011c (0xfff70713) x14 0x00000001
core   0: 3 0x80000120 (0x0017d793) x15 0x1fae8ed6
core   0: 3 0x80000124 (0x00068463)
core   0: 3 0x8000012c (0xfe0716e3)
core   0: 3 0x80000118 (0x0017f693) x13 0x00000000
core   0: 3 0x8000011c (0xfff70713) x14 0x00000000
core   0: 3 0x80000120 (0x0017d793) x15 0x0fd7476b
core   0: 3 0x80000124 (0x00068463)
core   0: 3 0x8000012c (0xfe0716e3)
core   0: 3 0x80000130 (0x00158593) x11 0x800002a3
core   0: 3 0x80000134 (0xfca59ce3)
core   0: 3 0x8000010c (0x0005c683) x13 0x000000a5 mem 0x800002a3
core   0: 3 0x80000110 (0x00800713) x14 0x00000008
core   0: 3 0x80000114 (0x00d7c7b3) x15 0x0fd747ce
core   0: 3 0x80000118 (0x0017f693) x13 0x00000000
core   0: 3 0x8000011c (0xfff70713) x14 0x00000007
core   0: 3 0x80000120 (0x0017d793) x15 0x07eba3e7
core   0: 3 0x80000124 (0x00068463)
core   0: 3 0x8000012c (0xfe0716e3)
core   0: 3 0x80000118 (0x0017f693) x13 0x00000001
core   0: 3 0x8000011c (0xfff70713) x14 0x00000006
core   0: 3 0x80000120 (0x0017d793) x15 0x03f5d1f3
core   0: 3 0x80000124 (0x00068463)
core   0: 3 0x80000128 (0x00c7c7b3) x15 0xee4d52d3
core   0: 3 0x8000012c (0xfe0716e3)
core   0: 3 0x80000118 (0x0017f693) x13 0x00000001
core   0: 3 0x8000011c (0xfff70713) x14 0x00000005
core   0: 3 0x80000120 (0x0017d793) x15 0x7726a969
core   0: 3 0x80000124 (0x00068463)
core   0: 3 0x80000128 (0x00c7c7b3) x15 0x9a9e2a49
core   0: 3 0x8000012c (0xfe0716e3)
core   0: 3 0x80000118 (0x0017f693) x13 0x00000001
core   0: 3 0x8000011c (0xfff70713) x14 0x00000004
core   0: 3 0x80000120 (0x0017d793) x15 0x4d4f1524
core   0: 3 0x80000124 (0x00068463)
core   0: 3 0x80000128 (0x00c7c7b3) x15 0xa0f79604
core   0: 3 0x8000012c (0xfe0716e3)
core   0: 3 0x80000118 (0x0017f693) x13 0x00000000
core   0: 3 0x8000011c (0xfff70713) x14 0x00000003
core   0: 3 0x80000120 (0x0017d793) x15 0x507bcb02
core   0: 3 0x80000124 (0x00068463)
core   0: 3 0x8000012c (0xfe0716e3)
core   0: 3 0x80000118 (0x0017f693) x13 0x00000000
core   0: 3 0x8000011c (0xfff70713) x14 0x00000002
core   0: 3 0x80000120 (0x0017d793) x15 0x283de581
core   0: 3 0x80000124 (0x00068463)
core   0: 3 0x8000012c (0xfe0716e3)
core   0: 3 0x80000118 (0x0017f693) x13 0x00000001
core   0: 3 0x8000011c (0xfff70713) x14 0x00000001
core   0: 3 0x80000120 (0x0017d793) x15 0x141ef2c0
core   0: 3 0x80000124 (0x00068463)
core   0: 3 0x80000128 (0x00c7c7b3) x15 0xf9a671e0
core   0: 3 0x8000012c (0xfe0716e3)
core   0: 3 0x80000118 (0x0017f693) x13 0x00000000
core   0: 3 0x8000011c (0xfff70713) x14 0x00000000
core   0: 3 0x80000120 (0x0017d793) x15 0x7cd338f0
core   0: 3 0x80000124 (0x00068463)
core   0: 3 0x8000012c (0xfe0716e3)
core   0: 3 0x80000130 (0x00158593) x11 0x800002a4
core   0: 3 0x80000134 (0xfca59ce3)
core   0: 3 0x8000010c (0x0005c683) x13 0x00000030 mem 0x800002a4
core   0: 3 0x80000110 (0x00800713) x14 0x00000008
core   0: 3 0x80000114 (0x00d7c7b3) x15 0x7cd338c0
core   0: 3 0x80000118 (0x0017f693) x13 0x00000000
core   0: 3 0x8000011c (0xfff70713) x14 0x00000007
core   0: 3 0x80000120 (0x0017d793) x15 0x3e699c60
core   0: 3 0x80000124 (0x00068463)
core   0: 3 0x8000012c (0xfe0716e3)
core   0: 3 0x80000118 (0x0017f693) x13 0x00000000
core   0: 3 0x8000011c (0xfff70713) x14 0x00000006
core   0: 3 0x80000120 (0x0017d793) x15 0x1f34ce30
core   0: 3 0x80000124 (0x00068463)
core   0: 3 0x8000012c (0xfe0716e3)
core   0: 3 0x80000118 (0x0017f693) x13 0x00000000
core   0: 3 0x8000011c (0xfff70713) x14 0x00000005
core   0: 3 0x80000120 (0x0017d793) x15 0x0f9a6718
core   0: 3 0x80000124 (0x00068463)
core   0: 3 0x8000012c (0xfe0716e3)
core   0: 3 0x80000118 (0x0017f693) x13 0x00000000
core   0: 3 0x8000011c (0xfff70713) x14 0x00000004
core   0: 3 0x80000120 (0x0017d793) x15 0x07cd338c
core   0: 3 0x80000124 (0x00068463)
core   0: 3 0x8000012c (0xfe0716e3)
core   0: 3 0x80000118 (0x0017f693) x13 0x00000000
core   0: 3 0x8000011c (0xfff70713) x14 0x00000003
core   0: 3 0x80000120 (0x0017d793) x15 0x03e699c6
core   0: 3 0x80000124 (0x00068463)
core   0: 3 0x8000012c (0xfe0716e3)
core   0: 3 0x80000118 (0x0017f693) x13 0x00000000
core   0: 3 0x8000011c (0xfff70713) x14 0x00000002
core   0: 3 0x80000120 (0x0017d793) x15 0x01f34ce3
core   0: 3 0x80000124 (0x00068463)
core   0: 3 0x8000012c (0xfe0716e3)
core   0: 3 0x80000118 (0x0017f693) x13 0x00000001
core   0: 3 0x8000011c (0xfff70713) x14 0x00000001
core   0: 3 0x80000120 (0x0017d793) x15 0x00f9a671
core   0: 3 0x80000124 (0x00068463)
core   0: 3 0x80000128 (0x00c7c7b3) x15 0xed412551
core   0: 3 0x8000012c (0xfe0716e3)
core   0: 3 0x80000118 (0x0017f693) x13 0x00000001
core   0: 3 0x8000011c (0xfff70713) x14 0x00000000
core   0: 3 0x80000120 (0x0017d793) x15 0x76a092a8
core   0: 3 0x80000124 (0x00068463)
core   0: 3 0x80000128 (0x00c7c7b3) x15 0x9b181188
core   0: 3 0x8000012c (0xfe0716e3)
core   0: 3 0x80000130 (0x00158593) x11 0x800002a5
core   0: 3 0x80000134 (0xfca59ce3)
core   0: 3 0x8000010c (0x0005c683) x13 0x0000008f mem 0x800002a5
core   0: 3 0x80000110 (0x00800713) x14 0x00000008
core   0: 3 0x80000114 (0x00d7c7b3) x15 0x9b181107
core   0: 3 0x80000118 (0x0017f693) x13 0x00000001
core   0: 3 0x8000011c (0xfff70713) x14 0x00000007
core   0: 3 0x80000120 (0x0017d793) x15 0x4d8c0883
core   0: 3 0x80000124 (0x00068463)
core   0: 3 0x80000128 (0x00c7c7b3) x15 0xa0348ba3
core   0: 3 0x8000012c (0xfe0716e3)
core   0: 3 0x80000118 (0x0017f693) x13 0x00000001
core   0: 3 0x8000011c (0xfff70713) x14 0x00000006
core   0: 3 0x80000120 (0x0017d793) x15 0x501a45d1
core   0: 3 0x80000124 (0x00068463)
core   0: 3 0x80000128 (0x00c7c7b3) x15 0xbda2c6f1
core   0: 3 0x8000012c (0xfe0716e3)
core   0: 3 0x80000118 (0x0017f693) x13 0x00000001
core   0: 3 0x8000011c (0xfff70713) x14 0x00000005
core   0: 3 0x80000120 (0x0017d793) x15 0x5ed16378
core   0: 3 0x80000124 (0x00068463)
core   0: 3 0x80000128 (0x00c7c7b3) x15 0xb369e058
core   0: 3 0x8000012c (0xfe0716e3)
core   0: 3 0x80000118 (0x0017f693) x13 0x00000000
core   0: 3 0x8000011c (0xfff70713) x14 0x00000004
core   0: 3 0x80000120 (0x0017d793) x15 0x59b4f02c
core   0: 3 0x80000124 (0x00068463)
core   0: 3 0x8000012c (0xfe0716e3)
core   0: 3 0x80000118 (0x0017f693) x13 0x00000000
core   0: 3 0x8000011c (0xfff70713) x14 0x00000003
core   0: 3 0x80000120 (0x0017d793) x15 0x2cda7816
core   0: 3 0x80000124 (0x00068463)
core   0: 3 0x8000012c (0xfe0716e3)
core   0: 3 0x80000118 (0x0017f693) x13 0x00000000
core   0: 3 0x8000011c (0xfff70713) x14 0x00000002
core   0: 3 0x80000120 (0x0017d793) x15 0x166d3c0b
core   0: 3 0x80000124 (0x00068463)
core   0: 3 0x8000012c (0xfe0716e3)
core   0: 3 0x80000118 (0x0017f693) x13 0x00000001
core   0: 3 0x8000011c (0xfff70713) x14 0x00000001
core   0: 3 0x80000120 (0x0017d793) x15 0x0b369e05
core   0: 3 0x80000124 (0x00068463)
core   0: 3 0x80000128 (0x00c7c7b3) x15 0xe68e1d25
core   0: 3 0x8000012c (0xfe0716e3)
core   0: 3 0x80000118 (0x0017f693) x13 0x00000001
core   0: 3 0x8000011c (0xfff70713) x14 0x00000000
core   0: 3 0x80000120 (0x0017d793) x15 0x73470e92
core   0: 3 0x80000124 (0x00068463)
core   0: 3 0x80000128 (0x00c7c7b3) x15 0x9eff8db2
core   0: 3 0x8000012c (0xfe0716e3)
core   0: 3 0x80000130 (0x00158593) x11 0x800002a6
core   0: 3 0x80000134 (0xfca59ce3)
core   0: 3 0x8000010c (0x0005c683) x13 0x000000e1 mem 0x800002a6
core   0: 3 0x80000110 (0x00800713) x14 0x00000008
core   0: 3 0x80000114 (0x00d7c7b3) x15 0x9eff8d53
core   0: 3 0x80000118 (0x0017f693) x13 0x00000001
core   0: 3 0x8000011c (0xfff70713) x14 0x00000007
core   0: 3 0x80000120 (0x0017d793) x15 0x4f7fc6a9
core   0: 3 0x80000124 (0x00068463)
core   0: 3 0x80000128 (0x00c7c7b3) x15 0xa2c74589
core   0: 3 0x8000012c (0xfe0716e3)
core   0: 3 0x80000118 (0x0017f693) x13 0x00000001
core   0: 3 0x8000011c (0xfff70713) x14 0x00000006
core   0: 3 0x80000120 (0x0017d793) x15 0x5163a2c4
core   0: 3 0x80000124 (0x00068463)
core   0: 3 0x80000128 (0x00c7c7b3) x15 0xbcdb21e4
core   0: 3 0x8000012c (0xfe0716e3)
core   0: 3 0x80000118 (0x0017f693) x13 0x00000000
core   0: 3 0x8000011c (0xfff70713) x14 0x00000005
core   0: 3 0x80000120 (0x0017d793) x15 0x5e6d90f2
core   0: 3 0x80000124 (0x00068463)
core   0: 3 0x8000012c (0xfe0716e3)
core   0: 3 0x80000118 (0x0017f693) x13 0x00000000
core   0: 3 0x8000011c (0xfff70713) x14 0x00000004
core   0: 3 0x80000120 (0x0017d793) x15 0x2f36c879
core   0: 3 0x80000124 (0x00068463)
core   0: 3 0x8000012c (0xfe0716e3)
core   0: 3 0x80000118 (0x0017f693) x13 0x00000001
core   0: 3 0x8000011c (0xfff70713) x14 0x00000003
core   0: 3 0x80000120 (0x0017d793) x15 0x179b643c
core   0: 3 0x80000124 (0x00068463)
core   0: 3 0x80000128 (0x00c7c7b3) x15 0xfa23e71c
core   0: 3 0x8000012c (0xfe0716e3)
core   0: 3 0x80000118 (0x0017f693) x13 0x00000000
core   0: 3 0x8000011c (0xfff70713) x14 0x00000002
core   0: 3 0x80000120 (0x0017d793) x15 0x7d11f38e
core   0: 3 0x80000124 (0x00068463)
core   0: 3 0x8000012c (0xfe0716e3)
core   0: 3 0x80000118 (0x0017f693) x13 0x00000000
core   0: 3 0x8000011c (0xfff70713) x14 0x00000001
core   0: 3 0x80000120 (0x0017d793) x15 0x3e88f9c7
core   0: 3 0x80000124 (0x00068463)
core   0: 3 0x8000012c (0xfe0716e3)
core   0: 3 0x80000118 (0x0017f693) x13 0x00000001
core   0: 3 0x8000011c (0xfff70713) x14 0x00000000
core   0: 3 0x80000120 (0x0017d793) x15 0x1f447ce3
core   0: 3 0x80000124 (0x00068463)
core   0: 3 0x80000128 (0x00c7c7b3) x15 0xf2fcffc3
core   0: 3 0x8000012c (0xfe0716e3)
core   0: 3 0x80000130 (0x00158593) x11 0x800002a7
core   0: 3 0x80000134 (0xfca59ce3)
core   0: 3 0x8000010c (0x0005c683) x13 0x000000e7 mem 0x800002a7
core   0: 3 0x80000110 (0x00800713) x14 0x00000008
core   0: 3 0x80000114 (0x00d7c7b3) x15 0xf2fcff24
core   0: 3 0x80000118 (0x0017f693) x13 0x00000000
core   0: 3 0x8000011c (0xfff70713) x14 0x00000007
core   0: 3 0x80000120 (0x0017d793) x15 0x797e7f92
core   0: 3 0x80000124 (0x00068463)
core   0: 3 0x8000012c (0xfe0716e3)
core   0: 3 0x80000118 (0x0017f693) x13 0x00000000
core   0: 3 0x8000011c (0xfff70713) x14 0x00000006
core   0: 3 0x80000120 (0x0017d793) x15 0x3cbf3fc9
core   0: 3 0x80000124 (0x00068463)
core   0: 3 0x8000012c (0xfe0716e3)
core   0: 3 0x80000118 (0x0017f693) x13 0x00000001
core   0: 3 0x8000011c (0xfff70713) x14 0x00000005
core   0: 3 0x80000120 (0x0017d793) x15 0x1e5f9fe4
core   0: 3 0x80000124 (0x00068463)
core   0: 3 0x80000128 (0x00c7c7b3) x15 0xf3e71cc4
core   0: 3 0x8000012c (0xfe0716e3)
core   0: 3 0x80000118 (0x0017f693) x13 0x00000000
core   0: 3 0x8000011c (0xfff70713) x14 0x00000004
core   0: 3 0x80000120 (0x0017d793) x15 0x79f38e62
core   0: 3 0x80000124 (0x00068463)
core   0: 3 0x8000012c (0xfe0716e3)
core   0: 3 0x80000118 (0x0017f693) x13 0x00000000
core   0: 3 0x8000011c (0xfff70713) x14 0x00000003
core   0: 3 0x80000120 (0x0017d793) x15 0x3cf9c731
core   0: 3 0x80000124 (0x00068463)
core   0: 3 0x8000012c (0xfe0716e3)
core   0: 3 0x80000118 (0x0017f693) x13 0x00000001
core   0: 3 0x8000011c (0xfff70713) x14 0x00000002
core   0: 3 0x80000120 (0x0017d793) x15 0x1e7ce398
core   0: 3 0x80000124 (0x00068463)
core   0: 3 0x80000128 (0x00c7c7b3) x15 0xf3c460b8
core   0: 3 0x8000012c (0xfe0716e3)
core   0: 3 0x80000118 (0x0017f693) x13 0x00000000
core   0: 3 0x8000011c (0xfff70713) x14 0x00000001
core   0: 3 0x80000120 (0x0017d793) x15 0x79e2305c
core   0: 3 0x80000124 (0x00068463)
core   0: 3 0x8000012c (0xfe0716e3)
core   0: 3 0x80000118 (0x0017f693) x13 0x00000000
core   0: 3 0x8000011c (0xfff70713) x14 0x00000000
core   0: 3 0x80000120 (0x0017d793) x15 0x3cf1182e
core   0: 3 0x80000124 (0x00068463)
core   0: 3 0x8000012c (0xfe0716e3)
core   0: 3 0x80000130 (0x00158593) x11 0x800002a8
core   0: 3 0x80000134 (0xfca59ce3)
core   0: 3 0x8000010c (0x0005c683) x13 0x00000090 mem 0x800002a8
core   0: 3 0x80000110 (0x00800713) x14 0x00000008
core   0: 3 0x80000114 (0x00d7c7b3) x15 0x3cf118be
core   0: 3 0x80000118 (0x0017f693) x13 0x00000000
core   0: 3 0x8000011c (0xfff70713) x14 0x00000007
core   0: 3 0x80000120 (0x0017d793) x15 0x1e788c5f
core   0: 3 0x80000124 (0x00068463)
core   0: 3 0x8000012c (0xfe0716e3)
core   0: 3 0x80000118 (0x0017f693) x13 0x00000001
core   0: 3 0x8000011c (0xfff70713) x14 0x00000006
core   0: 3 0x80000120 (0x0017d793) x15 0x0f3c462f
core   0: 3 0x80000124 (0x00068463)
core   0: 3 0x80000128 (0x00c7c7b3) x15 0xe284c50f
core   0: 3 0x8000012c (0xfe0716e3)
core   0: 3 0x80000118 (0x0017f693) x13 0x00000001
core   0: 3 0x8000011c (0xfff70713) x14 0x00000005
core   0: 3 0x80000120 (0x0017d793) x15 0x71426287
core   0: 3 0x80000124 (0x00068463)
core   0: 3 0x80000128 (0x00c7c7b3) x15 0x9cfae1a7
core   0: 3 0x8000012c (0xfe0716e3)
core   0: 3 0x80000118 (0x0017f693) x13 0x00000001
core   0: 3 0x8000011c (0xfff70713) x14 0x00000004
core   0: 3 0x80000120 (0x0017d793) x15 0x4e7d70d3
core   0: 3 0x80000124 (0x00068463)
core   0: 3 0x80000128 (0x00c7c7b3) x15 0xa3c5f3f3
core   0: 3 0x8000012c (0xfe0716e3)
core   0: 3 0x80000118 (0x0017f693) x13 0x00000001
core   0: 3 0x8000011c (0xfff70713) x14 0x00000003
core   0: 3 0x80000120 (0x0017d793) x15 0x51e2f9f9
core   0: 3 0x80000124 (0x00068463)
core   0: 3 0x80000128 (0x00c7c7b3) x15 0xbc5a7ad9
core   0: 3 0x8000012c (0xfe0716e3)
core   0: 3 0x80000118 (0x0017f693) x13 0x00000001
core   0: 3 0x8000011c (0xfff70713) x14 0x00000002
core   0: 3 0x80000120 (0x0017d793) x15 0x5e2d3d6c
core   0: 3 0x80000124 (0x00068463)
core   0: 3 0x80000128 (0x00c7c7b3) x15 0xb395be4c
core   0: 3 0x8000012c (0xfe0716e3)
core   0: 3 0x80000118 (0x0017f693) x13 0x00000000
core   0: 3 0x8000011c (0xfff70713) x14 0x00000001
core   0: 3 0x80000120 (0x0017d793) x15 0x59cadf26
core   0: 3 0x80000124 (0x00068463)
core   0: 3 0x8000012c (0xfe0716e3)
core   0: 3 0x80000118 (0x0017f693) x13 0x00000000
core   0: 3 0x8000011c (0xfff70713) x14 0x00000000
core   0: 3 0x80000120 (0x0017d793) x15 0x2ce56f93
core   0: 3 0x80000124 (0x00068463)
core   0: 3 0x8000012c (0xfe0716e3)
core   0: 3 0x80000130 (0x00158593) x11 0x800002a9
core   0: 3 0x80000134 (0xfca59ce3)
core   0: 3 0x8000010c (0x0005c683) x13 0x00000007 mem 0x800002a9
core   0: 3 0x80000110 (0x00800713) x14 0x00000008
core   0: 3 0x80000114 (0x00d7c7b3) x15 0x2ce56f94
core   0: 3 0x80000118 (0x0017f693) x13 0x00000000
core   0: 3 0x8000011c (0xfff70713) x14 0x00000007
core   0: 3 0x80000120 (0x0017d793) x15 0x1672b7ca
core   0: 3 0x80000124 (0x00068463)
core   0: 3 0x8000012c (0xfe0716e3)
core   0: 3 0x80000118 (0x0017f693) x13 0x00000000
core   0: 3 0x8000011c (0xfff70713) x14 0x00000006
core   0: 3 0x80000120 (0x0017d793) x15 0x0b395be5
core   0: 3 0x80000124 (0x00068463)
core   0: 3 0x8000012c (0xfe0716e3)
core   0: 3 0x80000118 (0x0017f693) x13 0x00000001
core   0: 3 0x8000011c (0xfff70713) x14 0x00000005
core   0: 3 0x80000120 (0x0017d793) x15 0x059cadf2
core   0: 3 0x80000124 (0x00068463)
core   0: 3 0x80000128 (0x00c7c7b3) x15 0xe8242ed2
core   0: 3 0x8000012c (0xfe0716e3)
core   0: 3 0x80000118 (0x0017f693) x13 0x00000000
core   0: 3 0x8000011c (0xfff70713) x14 0x00000004
core   0: 3 0x80000120 (0x0017d793) x15 0x74121769
core   0: 3 0x80000124 (0x00068463)
core   0: 3 0x8000012c (0xfe0716e3)
core   0: 3 0x80000118 (0x0017f693) x13 0x00000001
core   0: 3 0x8000011c (0xfff70713) x14 0x00000003
core   0: 3 0x80000120 (0x0017d793) x15 0x3a090bb4
core   0: 3 0x80000124 (0x00068463)
core   0: 3 0x80000128 (0x00c7c7b3) x15 0xd7b18894
core   0: 3 0x8000012c (0xfe0716e3)
core   0: 3 0x80000118 (0x0017f693) x13 0x00000000
core   0: 3 0x8000011c (0xfff70713) x14 0x00000002
core   0: 3 0x80000120 (0x0017d793) x15 0x6bd8c44a
core   0: 3 0x80000124 (0x00068463)
core   0: 3 0x8000012c (0xfe0716e3)
core   0: 3 0x80000118 (0x0017f693) x13 0x00000000
core   0: 3 0x8000011c (0xfff70713) x14 0x00000001
core   0: 3 0x80000120 (0x0017d793) x15 0x35ec6225
core   0: 3 0x80000124 (0x00068463)
core   0: 3 0x8000012c (0xfe0716e3)
core   0: 3 0x80000118 (0x0017f693) x13 0x00000001
core   0: 3 0x8000011c (0xfff70713) x14 0x00000000
core   0: 3 0x80000120 (0x0017d793) x15 0x1af63112
core   0: 3 0x80000124 (0x00068463)
core   0: 3 0x80000128 (0x00c7c7b3) x15 0xf74eb232
core   0: 3 0x8000012c (0xfe0716e3)
core   0: 3 0x80000130 (0x00158593) x11 0x800002aa
core   0: 3 0x80000134 (0xfca59ce3)
core   0: 3 0x8000010c (0x0005c683) x13 0x00000074 mem 0x800002aa
core   0: 3 0x80000110 (0x00800713) x14 0x00000008
core   0: 3 0x80000114 (0x00d7c7b3) x15 0xf74eb246
core   0: 3 0x80000118 (0x0017f693) x13 0x00000000
core   0: 3 0x8000011c (0xfff70713) x14 0x00000007
core   0: 3 0x80000120 (0x0017d793) x15 0x7ba75923
core   0: 3 0x80000124 (0x00068463)
core   0: 3 0x8000012c (0xfe0716e3)
core   0: 3 0x80000118 (0x0017f693) x13 0x00000001
core   0: 3 0x8000011c (0xfff70713) x14 0x00000006
core   0: 3 0x80000120 (0x0017d793) x15 0x3dd3ac91
core   0: 3 0x80000124 (0x00068463)
core   0: 3 0x80000128 (0x00c7c7b3) x15 0xd06b2fb1
core   0: 3 0x8000012c (0xfe0716e3)
core   0: 3 0x80000118 (0x0017f693) x13 0x00000001
core   0: 3 0x8000011c (0xfff70713) x14 0x00000005
core   0: 3 0x80000120 (0x0017d793) x15 0x683597d8
core   0: 3 0x80000124 (0x00068463)
core   0: 3 0x80000128 (0x00c7c7b3) x15 0x858d14f8
core   0: 3 0x8000012c (0xfe0716e3)
core   0: 3 0x80000118 (0x0017f693) x13 0x00000000
core   0: 3 0x8000011c (0xfff70713) x14 0x00000004
core   0: 3 0x80000120 (0x0017d793) x15 0x42c68a7c
core   0: 3 0x80000124 (0x00068463)
core   0: 3 0x8000012c (0xfe0716e3)
core   0: 3 0x80000118 (0x0017f693) x13 0x00000000
core   0: 3 0x8000011c (0xfff70713) x14 0x00000003
core   0: 3 0x80000120 (0x0017d793) x15 0x2163453e
core   0: 3 0x80000124 (0x00068463)
core   0: 3 0x8000012c (0xfe0716e3)
core   0: 3 0x80000118 (0x0017f693) x13 0x00000000
core   0: 3 0x8000011c (0xfff70713) x14 0x00000002
core   0: 3 0x80000120 (0x0017d793) x15 0x10b1a29f
core   0: 3 0x80000124 (0x00068463)
core   0: 3 0x8000012c (0xfe0716e3)
core   0: 3 0x80000118 (0x0017f693) x13 0x00000001
core   0: 3 0x8000011c (0xfff70713) x14 0x00000001
core   0: 3 0x80000120 (0x0017d793) x15 0x0858d14f
core   0: 3 0x80000124 (0x00068463)
core   0: 3 0x80000128 (0x00c7c7b3) x15 0xe5e0526f
core   0: 3 0x8000012c (0xfe0716e3)
core   0: 3 0x80000118 (0x0017f693) x13 0x00000001
core   0: 3 0x8000011c (0xfff70713) x14 0x00000000
core   0: 3 0x80000120 (0x0017d793) x15 0x72f02937
core   0: 3 0x80000124 (0x00068463)
core   0: 3 0x80000128 (0x00c7c7b3) x15 0x9f48aa17
core   0: 3 0x8000012c (0xfe0716e3)
core   0: 3 0x80000130 (0x00158593) x11 0x800002ab
core   0: 3 0x80000134 (0xfca59ce3)
core   0: 3 0x8000010c (0x0005c683) x13 0x0000005c mem 0x800002ab
core   0: 3 0x80000110 (0x00800713) x14 0x00000008
core   0: 3 0x80000114 (0x00d7c7b3) x15 0x9f48aa4b
core   0: 3 0x80000118 (0x0017f693) x13 0x00000001
core   0: 3 0x8000011c (0xfff70713) x14 0x00000007
core   0: 3 0x80000120 (0x0017d793) x15 0x4fa45525
core   0: 3 0x80000124 (0x00068463)
core   0: 3 0x80000128 (0x00c7c7b3) x15 0xa21cd605
core   0: 3 0x8000012c (0xfe0716e3)
core   0: 3 0x80000118 (0x0017f693) x13 0x00000001
core   0: 3 0x8000011c (0xfff70713) x14 0x00000006
core   0: 3 0x80000120 (0x0017d793) x15 0x510e6b02
core   0: 3 0x80000124 (0x00068463)
core   0: 3 0x80000128 (0x00c7c7b3) x15 0xbcb6e822
core   0: 3 0x8000012c (0xfe0716e3)
core   0: 3 0x80000118 (0x0017f693) x13 0x00000000
core   0: 3 0x8000011c (0xfff70713) x14 0x00000005
core   0: 3 0x80000120 (0x0017d793) x15 0x5e5b7411
core   0: 3 0x80000124 (0x00068463)
core   0: 3 0x8000012c (0xfe0716e3)
core   0: 3 0x80000118 (0x0017f693) x13 0x00000001
core   0: 3 0x8000011c (0xfff70713) x14 0x00000004
core   0: 3 0x80000120 (0x0017d793) x15 0x2f2dba08
core   0: 3 0x80000124 (0x00068463)
core   0: 3 0x80000128 (0x00c7c7b3) x15 0xc2953928
core   0: 3 0x8000012c (0xfe0716e3)
core   0: 3 0x80000118 (0x0017f693) x13 0x00000000
core   0: 3 0x8000011c (0xfff70713) x14 0x00000003
core   0: 3 0x80000120 (0x0017d793) x15 0x614a9c94
core   0: 3 0x80000124 (0x00068463)
core   0: 3 0x8000012c (0xfe0716e3)
core   0: 3 0x80000118 (0x0017f693) x13 0x00000000
core   0: 3 0x8000011c (0xfff70713) x14 0x00000002
core   0: 3 0x80000120 (0x0017d793) x15 0x30a54e4a
core   0: 3 0x80000124 (0x00068463)
core   0: 3 0x8000012c (0xfe0716e3)
core   0: 3 0x80000118 (0x0017f693) x13 0x00000000
core   0: 3 0x8000011c (0xfff70713) x14 0x00000001
core   0: 3 0x80000120 (0x0017d793) x15 0x1852a725
core   0: 3 0x80000124 (0x00068463)
core   0: 3 0x8000012c (0xfe0716e3)
core   0: 3 0x80000118 (0x0017f693) x13 0x00000001
core   0: 3 0x8000011c (0xfff70713) x14 0x00000000
core   0: 3 0x80000120 (0x0017d793) x15 0x0c295392
core   0: 3 0x80000124 (0x00068463)
core   0: 3 0x80000128 (0x00c7c7b3) x15 0xe191d0b2
core   0: 3 0x8000012c (0xfe0716e3)
core   0: 3 0x80000130 (0x00158593) x11 0x800002ac
core   0: 3 0x80000134 (0xfca59ce3)
core   0: 3 0x8000010c (0x0005c683) x13 0x000000fc mem 0x800002ac
core   0: 3 0x80000110 (0x00800713) x14 0x00000008
core   0: 3 0x80000114 (0x00d7c7b3) x15 0xe191d04e
core   0: 3 0x80000118 (0x0017f693) x13 0x00000000
core   0: 3 0x8000011c (0xfff70713) x14 0x00000007
core   0: 3 0x80000120 (0x0017d793) x15 0x70c8e827
core   0: 3 0x80000124 (0x00068463)
core   0: 3 0x8000012c (0xfe0716e3)
core   0: 3 0x80000118 (0x0017f693) x13 0x00000001
core   0: 3 0x8000011c (0xfff70713) x14 0x00000006
core   0: 3 0x80000120 (0x0017d793) x15 0x38647413
core   0: 3 0x80000124 (0x00068463)
core   0: 3 0x80000128 (0x00c7c7b3) x15 0xd5dcf733
core   0: 3 0x8000012c (0xfe0716e3)
core   0: 3 0x80000118 (0x0017f693) x13 0x00000001
core   0: 3 0x8000011c (0xfff70713) x14 0x00000005
core   0: 3 0x80000120 (0x0017d793) x15 0x6aee7b99
core   0: 3 0x80000124 (0x00068463)
core   0: 3 0x80000128 (0x00c7c7b3) x15 0x8756f8b9
core   0: 3 0x8000012c (0xfe0716e3)
core   0: 3 0x80000118 (0x0017f693) x13 0x00000001
core   0: 3 0x8000011c (0xfff70713) x14 0x00000004
core   0: 3 0x80000120 (0x0017d793) x15 0x43ab7c5c
core   0: 3 0x80000124 (0x00068463)
core   0: 3 0x80000128 (0x00c7c7b3) x15 0xae13ff7c
core   0: 3 0x8000012c (0xfe0716e3)
core   0: 3 0x80000118 (0x0017f693) x13 0x00000000
core   0: 3 0x8000011c (0xfff70713) x14 0x00000003
core   0: 3 0x80000120 (0x0017d793) x15 0x5709ffbe
core   0: 3 0x80000124 (0x00068463)
core   0: 3 0x8000012c (0xfe0716e3)
core   0: 3 0x80000118 (0x0017f693) x13 0x00000000
core   0: 3 0x8000011c (0xfff70713) x14 0x00000002
core   0: 3 0x80000120 (0x0017d793) x15 0x2b84ffdf
core   0: 3 0x80000124 (0x00068463)
core   0: 3 0x8000012c (0xfe0716e3)
core   0: 3 0x80000118 (0x0017f693) x13 0x00000001
core   0: 3 0x8000011c (0xfff70713) x14 0x00000001
core   0: 3 0x80000120 (0x0017d793) x15 0x15c27fef
core   0: 3 0x80000124 (0x00068463)
core   0: 3 0x80000128 (0x00c7c7b3) x15 0xf87afccf
core   0: 3 0x8000012c (0xfe0716e3)
core   0: 3 0x80000118 (0x0017f693) x13 0x00000001
core   0: 3 0x8000011c (0xfff70713) x14 0x00000000
core   0: 3 0x80000120 (0x0017d793) x15 0x7c3d7e67
core   0: 3 0x80000124 (0x00068463)
core   0: 3 0x80000128 (0x00c7c7b3) x15 0x9185fd47
core   0: 3 0x8000012c (0xfe0716e3)
core   0: 3 0x80000130 (0x00158593) x11 0x800002ad
core   0: 3 0x80000134 (0xfca59ce3)
core   0: 3 0x8000010c (0x0005c683) x13 0x00000050 mem 0x800002ad
core   0: 3 0x80000110 (0x00800713) x14 0x00000008
core   0: 3 0x80000114 (0x00d7c7b3) x15 0x9185fd17
core   0: 3 0x80000118 (0x0017f693) x13 0x00000001
core   0: 3 0x8000011c (0xfff70713) x14 0x00000007
core   0: 3 0x80000120 (0x0017d793) x15 0x48c2fe8b
core   0: 3 0x80000124 (0x00068463)
core   0: 3 0x80000128 (0x00c7c7b3) x15 0xa57a7dab
core   0: 3 0x8000012c (0xfe0716e3)
core   0: 3 0x80000118 (0x0017f693) x13 0x00000001
core   0: 3 0x8000011c (0xfff70713) x14 0x00000006
core   0: 3 0x80000120 (0x0017d793) x15 0x52bd3ed5
core   0: 3 0x80000124 (0x00068463)
core   0: 3 0x80000128 (0x00c7c7b3) x15 0xbf05bdf5
core   0: 3 0x8000012c (0xfe0716e3)
core   0: 3 0x80000118 (0x0017f693) x13 0x00000001
core   0: 3 0x8000011c (0xfff70713) x14 0x00000005
core   0: 3 0x80000120 (0x0017d793) x15 0x5f82defa
core   0: 3 0x80000124 (0x00068463)
core   0: 3 0x80000128 (0x00c7c7b3) x15 0xb23a5dda
core   0: 3 0x8000012c (0xfe0716e3)
core   0: 3 0x80000118 (0x0017f693) x13 0x00000000
core   0: 3 0x8000011c (0xfff70713) x14 0x00000004
core   0: 3 0x80000120 (0x0017d793) x15 0x591d2eed
core   0: 3 0x80000124 (0x00068463)
core   0: 3 0x8000012c (0xfe0716e3)
core   0: 3 0x80000118 (0x0017f693) x13 0x00000001
core   0: 3 0x8000011c (0xfff70713) x14 0x00000003
core   0: 3 0x80000120 (0x0017d793) x15 0x2c8e9776
core   0: 3 0x80000124 (0x00068463)
core   0: 3 0x80000128 (0x00c7c7b3) x15 0xc1361456
core   0: 3 0x8000012c (0xfe0716e3)
core   0: 3 0x80000118 (0x0017f693) x13 0x00000000
core   0: 3 0x8000011c (0xfff70713) x14 0x00000002
core   0: 3 0x80000120 (0x0017d793) x15 0x609b0a2b
core   0: 3 0x80000124 (0x00068463)
core   0: 3 0x8000012c (0xfe0716e3)
core   0: 3 0x80000118 (0x0017f693) x13 0x00000001
core   0: 3 0x8000011c (0xfff70713) x14 0x00000001
core   0: 3 0x80000120 (0x0017d793) x15 0x304d8515
core   0: 3 0x80000124 (0x00068463)
core   0: 3 0x80000128 (0x00c7c7b3) x15 0xddf50635
core   0: 3 0x8000012c (0xfe0716e3)
core   0: 3 0x80000118 (0x0017f693) x13 0x00000001
core   0: 3 0x8000011c (0xfff70713) x14 0x00000000
core   0: 3 0x80000120 (0x0017d793) x15 0x6efa831a
core   0: 3 0x80000124 (0x00068463)
core   0: 3 0x80000128 (0x00c7c7b3) x15 0x8342003a
core   0: 3 0x8000012c (0xfe0716e3)
core   0: 3 0x80000130 (0x00158593) x11 0x800002ae
core   0: 3 0x80000134 (0xfca59ce3)
core   0: 3 0x8000010c (0x0005c683) x13 0x0000009c mem 0x800002ae
core   0: 3 0x80000110 (0x00800713) x14 0x00000008
core   0: 3 0x80000114 (0x00d7c7b3) x15 0x834200a6
core   0: 3 0x80000118 (0x0017f693) x13 0x00000000
core   0: 3 0x8000011c (0xfff70713) x14 0x00000007
core   0: 3 0x80000120 (0x0017d793) x15 0x41a10053
core   0: 3 0x80000124 (0x00068463)
core   0: 3 0x8000012c (0xfe0716e3)
core   0: 3 0x80000118 (0x0017f693) x13 0x00000001
core   0: 3 0x8000011c (0xfff70713) x14 0x00000006
core   0: 3 0x80000120 (0x0017d793) x15 0x20d08029
core   0: 3 0x80000124 (0x00068463)
core   0: 3 0x80000128 (0x00c7c7b3) x15 0xcd680309
core   0: 3 0x8000012c (0xfe0716e3)
core   0: 3 0x80000118 (0x0017f693) x13 0x00000001
core   0: 3 0x8000011c (0xfff70713) x14 0x00000005
core   0: 3 0x80000120 (0x0017d793) x15 0x66b40184
core   0: 3 0x80000124 (0x00068463)
core   0: 3 0x80000128 (0x00c7c7b3) x15 0x8b0c82a4
core   0: 3 0x8000012c (0xfe0716e3)
core   0: 3 0x80000118 (0x0017f693) x13 0x00000000
core   0: 3 0x8000011c (0xfff70713) x14 0x00000004
core   0: 3 0x80000120 (0x0017d793) x15 0x45864152
core   0: 3 0x80000124 (0x00068463)
core   0: 3 0x8000012c (0xfe0716e3)
core   0: 3 0x80000118 (0x0017f693) x13 0x00000000
core   0: 3 0x8000011c (0xfff70713) x14 0x00000003
core   0: 3 0x80000120 (0x0017d793) x15 0x22c320a9
core   0: 3 0x80000124 (0x00068463)
core   0: 3 0x8000012c (0xfe0716e3)
core   0: 3 0x80000118 (0x0017f693) x13 0x00000001
core   0: 3 0x8000011c (0xfff70713) x14 0x00000002
core   0: 3 0x80000120 (0x0017d793) x15 0x11619054
core   0: 3 0x80000124 (0x00068463)
core   0: 3 0x80000128 (0x00c7c7b3) x15 0xfcd91374
core   0: 3 0x8000012c (0xfe0716e3)
core   0: 3 0x80000118 (0x0017f693) x13 0x00000000
core   0: 3 0x8000011c (0xfff70713) x14 0x00000001
core   0: 3 0x80000120 (0x0017d793) x15 0x7e6c89ba
core   0: 3 0x80000124 (0x00068463)
core   0: 3 0x8000012c (0xfe0716e3)
core   0: 3 0x80000118 (0x0017f693) x13 0x00000000
core   0: 3 0x8000011c (0xfff70713) x14 0x00000000
core   0: 3 0x80000120 (0x0017d793) x15 0x3f3644dd
core   0: 3 0x80000124 (0x00068463)
core   0: 3 0x8000012c (0xfe0716e3)
core   0: 3 0x80000130 (0x00158593) x11 0x800002af
core   0: 3 0x80000134 (0xfca59ce3)
core   0: 3 0x8000010c (0x0005c683) x13 0x00000006 mem 0x800002af
core   0: 3 0x80000110 (0x00800713) x14 0x00000008
core   0: 3 0x80000114 (0x00d7c7b3) x15 0x3f3644db
core   0: 3 0x80000118 (0x0017f693) x13 0x00000001
core   0: 3 0x8000011c (0xfff70713) x14 0x00000007
core   0: 3 0x80000120 (0x0017d793) x15 0x1f9b226d
core   0: 3 0x80000124 (0x00068463)
core   0: 3 0x80000128 (0x00c7c7b3) x15 0xf223a14d
core   0: 3 0x8000012c (0xfe0716e3)
core   0: 3 0x80000118 (0x0017f693) x13 0x00000001
core   0: 3 0x8000011c (0xfff70713) x14 0x00000006
core   0: 3 0x80000120 (0x0017d793) x15 0x7911d0a6
core   0: 3 0x80000124 (0x00068463)
core   0: 3 0x80000128 (0x00c7c7b3) x15 0x94a95386
core   0: 3 0x8000012c (0xfe0716e3)
core   0: 3 0x80000118 (0x0017f693) x13 0x00000000
core   0: 3 0x8000011c (0xfff70713) x14 0x00000005
core   0: 3 0x80000120 (0x0017d793) x15 0x4a54a9c3
core   0: 3 0x80000124 (0x00068463)
core   0: 3 0x8000012c (0xfe0716e3)
core   0: 3 0x80000118 (0x0017f693) x13 0x00000001
core   0: 3 0x8000011c (0xfff70713) x14 0x00000004
core   0: 3 0x80000120 (0x0017d793) x15 0x252a54e1
core   0: 3 0x80000124 (0x00068463)
core   0: 3 0x80000128 (0x00c7c7b3) x15 0xc892d7c1
core   0: 3 0x8000012c (0xfe0716e3)
core   0: 3 0x80000118 (0x0017f693) x13 0x00000001
core   0: 3 0x8000011c (0xfff70713) x14 0x00000003
core   0: 3 0x80000120 (0x0017d793) x15 0x64496be0
core   0: 3 0x80000124 (0x00068463)
core   0: 3 0x80000128 (0x00c7c7b3) x15 0x89f1e8c0
core   0: 3 0x8000012c (0xfe0716e3)
core   0: 3 0x80000118 (0x0017f693) x13 0x00000000
core   0: 3 0x8000011c (0xfff70713) x14 0x00000002
core   0: 3 0x80000120 (0x0017d793) x15 0x44f8f460
core   0: 3 0x80000124 (0x00068463)
core   0: 3 0x8000012c (0xfe0716e3)
core   0: 3 0x80000118 (0x0017f693) x13 0x00000000
core   0: 3 0x8000011c (0xfff70713) x14 0x00000001
core   0: 3 0x80000120 (0x0017d793) x15 0x227c7a30
core   0: 3 0x80000124 (0x00068463)
core   0: 3 0x8000012c (0xfe0716e3)
core   0: 3 0x80000118 (0x0017f693) x13 0x00000000
core   0: 3 0x8000011c (0xfff70713) x14 0x00000000
core   0: 3 0x80000120 (0x0017d793) x15 0x113e3d18
core   0: 3 0x80000124 (0x00068463)
core   0: 3 0x8000012c (0xfe0716e3)
core   0: 3 0x80000130 (0x00158593) x11 0x800002b0
core   0: 3 0x80000134 (0xfca59ce3)
core   0: 3 0x8000010c (0x0005c683) x13 0x000000bb mem 0x800002b0
core   0: 3 0x80000110 (0x00800713) x14 0x00000008
core   0: 3 0x80000114 (0x00d7c7b3) x15 0x113e3da3
core   0: 3 0x80000118 (0x0017f693) x13 0x00000001
core   0: 3 0x8000011c (0xfff70713) x14 0x00000007
core   0: 3 0x80000120 (0x0017d793) x15 0x089f1ed1
core   0: 3 0x80000124 (0x00068463)
core   0: 3 0x80000128 (0x00c7c7b3) x15 0xe5279df1
core   0: 3 0x8000012c (0xfe0716e3)
core   0: 3 0x80000118 (0x0017f693) x13 0x00000001
core   0: 3 0x8000011c (0xfff70713) x14 0x00000006
core   0: 3 0x80000120 (0x0017d793) x15 0x7293cef8
core   0: 3 0x80000124 (0x00068463)
core   0: 3 0x80000128 (0x00c7c7b3) x15 0x9f2b4dd8
core   0: 3 0x8000012c (0xfe0716e3)
core   0: 3 0x80000118 (0x0017f693) x13 0x00000000
core   0: 3 0x8000011c (0xfff70713) x14 0x00000005
core   0: 3 0x80000120 (0x0017d793) x15 0x4f95a6ec
core   0: 3 0x80000124 (0x00068463)
core   0: 3 0x8000012c (0xfe0716e3)
core   0: 3 0x80000118 (0x0017f693) x13 0x00000000
core   0: 3 0x8000011c (0xfff70713) x14 0x00000004
core   0: 3 0x80000120 (0x0017d793) x15 0x27cad376
core   0: 3 0x80000124 (0x00068463)
core   0: 3 0x8000012c (0xfe0716e3)
core   0: 3 0x80000118 (0x0017f693) x13 0x00000000
core   0: 3 0x8000011c (0xfff70713) x14 0x00000003
core   0: 3 0x80000120 (0x0017d793) x15 0x13e569bb
core   0: 3 0x80000124 (0x00068463)
core   0: 3 0x8000012c (0xfe0716e3)
core   0: 3 0x80000118 (0x0017f693) x13 0x00000001
core   0: 3 0x8000011c (0xfff70713) x14 0x00000002
core   0: 3 0x80000120 (0x0017d793) x15 0x09f2b4dd
core   0: 3 0x80000124 (0x00068463)
core   0: 3 0x80000128 (0x00c7c7b3) x15 0xe44a37fd
core   0: 3 0x8000012c (0xfe0716e3)
core   0: 3 0x80000118 (0x0017f693) x13 0x00000001
core   0: 3 0x8000011c (0xfff70713) x14 0x00000001
core   0: 3 0x80000120 (0x0017d793) x15 0x72251bfe
core   0: 3 0x80000124 (0x00068463)
core   0: 3 0x80000128 (0x00c7c7b3) x15 0x9f9d98de
core   0: 3 0x8000012c (0xfe0716e3)
core   0: 3 0x80000118 (0x0017f693) x13 0x00000000
core   0: 3 0x8000011c (0xfff70713) x14 0x00000000
core   0: 3 0x80000120 (0x0017d793) x15 0x4fcecc6f
core   0: 3 0x80000124 (0x00068463)
core   0: 3 0x8000012c (0xfe0716e3)
core   0: 3 0x80000130 (0x00158593) x11 0x800002b1
core   0: 3 0x80000134 (0xfca59ce3)
core   0: 3 0x8000010c (0x0005c683) x13 0x0000005a mem 0x800002b1
core   0: 3 0x80000110 (0x00800713) x14 0x00000008
core   0: 3 0x80000114 (0x00d7c7b3) x15 0x4fcecc35
core   0: 3 0x80000118 (0x0017f693) x13 0x00000001
core   0: 3 0x8000011c (0xfff70713) x14 0x00000007
core   0: 3 0x80000120 (0x0017d793) x15 0x27e7661a
core   0: 3 0x80000124 (0x00068463)
core   0: 3 0x80000128 (0x00c7c7b3) x15 0xca5fe53a
core   0: 3 0x8000012c (0xfe0716e3)
core   0: 3 0x80000118 (0x0017f693) x13 0x00000000
core   0: 3 0x8000011c (0xfff70713) x14 0x00000006
core   0: 3 0x80000120 (0x0017d793) x15 0x652ff29d
core   0: 3 0x80000124 (0x00068463)
core   0: 3 0x8000012c (0xfe0716e3)
core   0: 3 0x80000118 (0x0017f693) x13 0x00000001
core   0: 3 0x8000011c (0xfff70713) x14 0x00000005
core   0: 3 0x80000120 (0x0017d793) x15 0x3297f94e
core   0: 3 0x80000124 (0x00068463)
core   0: 3 0x80000128 (0x00c7c7b3) x15 0xdf2f7a6e
core   0: 3 0x8000012c (0xfe0716e3)
core   0: 3 0x80000118 (0x0017f693) x13 0x00000000
core   0: 3 0x8000011c (0xfff70713) x14 0x00000004
core   0: 3 0x80000120 (0x0017d793) x15 0x6f97bd37
core   0: 3 0x80000124 (0x00068463)
core   0: 3 0x8000012c (0xfe0716e3)
core   0: 3 0x80000118 (0x0017f693) x13 0x00000001
core   0: 3 0x8000011c (0xfff70713) x14 0x00000003
core   0: 3 0x80000120 (0x0017d793) x15 0x37cbde9b
core   0: 3 0x80000124 (0x00068463)
core   0: 3 0x80000128 (0x00c7c7b3) x15 0xda735dbb
core   0: 3 0x8000012c (0xfe0716e3)
core   0: 3 0x80000118 (0x0017f693) x13 0x00000001
core   0: 3 0x8000011c (0xfff70713) x14 0x00000002
core   0: 3 0x80000120 (0x0017d793) x15 0x6d39aedd
core   0: 3 0x80000124 (0x00068463)
core   0: 3 0x80000128 (0x00c7c7b3) x15 0x80812dfd
core   0: 3 0x8000012c (0xfe0716e3)
core   0: 3 0x80000118 (0x0017f693) x13 0x00000001
core   0: 3 0x8000011c (0xfff70713) x14 0x00000001
core   0: 3 0x80000120 (0x0017d793) x15 0x404096fe
core   0: 3 0x80000124 (0x00068463)
core   0: 3 0x80000128 (0x00c7c7b3) x15 0xadf815de
core   0: 3 0x8000012c (0xfe0716e3)
core   0: 3 0x80000118 (0x0017f693) x13 0x00000000
core   0: 3 0x8000011c (0xfff70713) x14 0x00000000
core   0: 3 0x80000120 (0x0017d793) x15 0x56fc0aef
core   0: 3 0x80000124 (0x00068463)
core   0: 3 0x8000012c (0xfe0716e3)
core   0: 3 0x80000130 (0x00158593) x11 0x800002b2
core   0: 3 0x80000134 (0xfca59ce3)
core   0: 3 0x8000010c (0x0005c683) x13 0x00000057 mem 0x800002b2
core   0: 3 0x80000110 (0x00800713) x14 0x00000008
core   0: 3 0x80000114 (0x00d7c7b3) x15 0x56fc0ab8
core   0: 3 0x80000118 (0x0017f693) x13 0x00000000
core   0: 3 0x8000011c (0xfff70713) x14 0x00000007
core   0: 3 0x80000120 (0x0017d793) x15 0x2b7e055c
core   0: 3 0x80000124 (0x00068463)
core   0: 3 0x8000012c (0xfe0716e3)
core   0: 3 0x80000118 (0x0017f693) x13 0x00000000
core   0: 3 0x8000011c (0xfff70713) x14 0x00000006
core   0: 3 0x80000120 (0x0017d793) x15 0x15bf02ae
core   0: 3 0x80000124 (0x00068463)
core   0: 3 0x8000012c (0xfe0716e3)
core   0: 3 0x80000118 (0x0017f693) x13 0x00000000
core   0: 3 0x8000011c (0xfff70713) x14 0x00000005
core   0: 3 0x80000120 (0x0017d793) x15 0x0adf8157
core   0: 3 0x80000124 (0x00068463)
core   0: 3 0x8000012c (0xfe0716e3)
core   0: 3 0x80000118 (0x0017f693) x13 0x00000001
core   0: 3 0x8000011c (0xfff70713) x14 0x00000004
core   0: 3 0x80000120 (0x0017d793) x15 0x056fc0ab
core   0: 3 0x80000124 (0x00068463)
core   0: 3 0x80000128 (0x00c7c7b3) x15 0xe8d7438b
core   0: 3 0x8000012c (0xfe0716e3)
core   0: 3 0x80000118 (0x0017f693) x13 0x00000001
core   0: 3 0x8000011c (0xfff70713) x14 0x00000003
core   0: 3 0x80000120 (0x0017d793) x15 0x746ba1c5
core   0: 3 0x80000124 (0x00068463)
core   0: 3 0x80000128 (0x00c7c7b3) x15 0x99d322e5
core   0: 3 0x8000012c (0xfe0716e3)
core   0: 3 0x80000118 (0x0017f693) x13 0x00000001
core   0: 3 0x8000011c (0xfff70713) x14 0x00000002
core   0: 3 0x80000120 (0x0017d793) x15 0x4ce99172
core   0: 3 0x80000124 (0x00068463)
core   0: 3 0x80000128 (0x00c7c7b3) x15 0xa1511252
core   0: 3 0x8000012c (0xfe0716e3)
core   0: 3 0x80000118 (0x0017f693) x13 0x00000000
core   0: 3 0x8000011c (0xfff70713) x14 0x00000001
core   0: 3 0x80000120 (0x0017d793) x15 0x50a88929
core   0: 3 0x80000124 (0x00068463)
core   0: 3 0x8000012c (0xfe0716e3)
core   0: 3 0x80000118 (0x0017f693) x13 0x00000001
core   0: 3 0x8000011c (0xfff70713) x14 0x00000000
core   0: 3 0x80000120 (0x0017d793) x15 0x28544494
core   0: 3 0x80000124 (0x00068463)
core   0: 3 0x80000128 (0x00c7c7b3) x15 0xc5ecc7b4
core   0: 3 0x8000012c (0xfe0716e3)
core   0: 3 0x80000130 (0x00158593) x11 0x800002b3
core   0: 3 0x80000134 (0xfca59ce3)
core   0: 3 0x8000010c (0x0005c683) x13 0x0000006c mem 0x800002b3
core   0: 3 0x80000110 (0x00800713) x14 0x00000008
core   0: 3 0x80000114 (0x00d7c7b3) x15 0xc5ecc7d8
core   0: 3 0x80000118 (0x0017f693) x13 0x00000000
core   0: 3 0x8000011c (0xfff70713) x14 0x00000007
core   0: 3 0x80000120 (0x0017d793) x15 0x62f663ec
core   0: 3 0x80000124 (0x00068463)
core   0: 3 0x8000012c (0xfe0716e3)
core   0: 3 0x80000118 (0x0017f693) x13 0x00000000
core   0: 3 0x8000011c (0xfff70713) x14 0x00000006
core   0: 3 0x80000120 (0x0017d793) x15 0x317b31f6
core   0: 3 0x80000124 (0x00068463)
core   0: 3 0x8000012c (0xfe0716e3)
core   0: 3 0x80000118 (0x0017f693) x13 0x00000000
core   0: 3 0x8000011c (0xfff70713) x14 0x00000005
core   0: 3 0x80000120 (0x0017d793) x15 0x18bd98fb
core   0: 3 0x80000124 (0x00068463)
core   0: 3 0x8000012c (0xfe0716e3)
core   0: 3 0x80000118 (0x0017f693) x13 0x00000001
core   0: 3 0x8000011c (0xfff70713) x14 0x00000004
core   0: 3 0x80000120 (0x0017d793) x15 0x0c5ecc7d
core   0: 3 0x80000124 (0x00068463)
core   0: 3 0x80000128 (0x00c7c7b3) x15 0xe1e64f5d
core   0: 3 0x8000012c (0xfe0716e3)
core   0: 3 0x80000118 (0x0017f693) x13 0x00000001
core   0: 3 0x8000011c (0xfff70713) x14 0x00000003
core   0: 3 0x80000120 (0x0017d793) x15 0x70f327ae
core   0: 3 0x80000124 (0x00068463)
core   0: 3 0x80000128 (0x00c7c7b3) x15 0x9d4ba48e
core   0: 3 0x8000012c (0xfe0716e3)
core   0: 3 0x80000118 (0x0017f693) x13 0x00000000
core   0: 3 0x8000011c (0xfff70713) x14 0x00000002
core   0: 3 0x80000120 (0x0017d793) x15 0x4ea5d247
core   0: 3 0x80000124 (0x00068463)
core   0: 3 0x8000012c (0xfe0716e3)
core   0: 3 0x80000118 (0x0017f693) x13 0x00000001
core   0: 3 0x8000011c (0xfff70713) x14 0x00000001
core   0: 3 0x80000120 (0x0017d793) x15 0x2752e923
core   0: 3 0x80000124 (0x00068463)
core   0: 3 0x80000128 (0x00c7c7b3) x15 0xcaea6a03
core   0: 3 0x8000012c (0xfe0716e3)
core   0: 3 0x80000118 (0x0017f693) x13 0x00000001
core   0: 3 0x8000011c (0xfff70713) x14 0x00000000
core   0: 3 0x80000120 (0x0017d793) x15 0x65753501
core   0: 3 0x80000124 (0x00068463)
core   0: 3 0x80000128 (0x00c7c7b3) x15 0x88cdb621
core   0: 3 0x8000012c (0xfe0716e3)
core   0: 3 0x80000130 (0x00158593) x11 0x800002b4
core   0: 3 0x80000134 (0xfca59ce3)
core   0: 3 0x8000010c (0x0005c683) x13 0x00000098 mem 0x800002b4
core   0: 3 0x80000110 (0x00800713) x14 0x00000008
core   0: 3 0x80000114 (0x00d7c7b3) x15 0x88cdb6b9
core   0: 3 0x80000118 (0x0017f693) x13 0x00000001
core   0: 3 0x8000011c (0xfff70713) x14 0x00000007
core   0: 3 0x80000120 (0x0017d793) x15 0x4466db5c
core   0: 3 0x80000124 (0x00068463)
core   0: 3 0x80000128 (0x00c7c7b3) x15 0xa9de587c
core   0: 3 0x8000012c (0xfe0716e3)
core   0: 3 0x80000118 (0x0017f693) x13 0x00000000
core   0: 3 0x8000011c (0xfff70713) x14 0x00000006
core   0: 3 0x80000120 (0x0017d793) x15 0x54ef2c3e
core   0: 3 0x80000124 (0x00068463)
core   0: 3 0x8000012c (0xfe0716e3)
core   0: 3 0x80000118 (0x0017f693) x13 0x00000000
core   0: 3 0x8000011c (0xfff70713) x14 0x00000005
core   0: 3 0x80000120 (0x0017d793) x15 0x2a77961f
core   0: 3 0x80000124 (0x00068463)
core   0: 3 0x8000012c (0xfe0716e3)
core   0: 3 0x80000118 (0x0017f693) x13 0x00000001
core   0: 3 0x8000011c (0xfff70713) x14 0x00000004
core   0: 3 0x80000120 (0x0017d793) x15 0x153bcb0f
core   0: 3 0x80000124 (0x00068463)
core   0: 3 0x80000128 (0x00c7c7b3) x15 0xf883482f
core   0: 3 0x8000012c (0xfe0716e3)
core   0: 3 0x80000118 (0x0017f693) x13 0x00000001
core   0: 3 0x8000011c (0xfff70713) x14 0x00000003
core   0: 3 0x80000120 (0x0017d793) x15 0x7c41a417
core   0: 3 0x80000124 (0x00068463)
core   0: 3 0x80000128 (0x00c7c7b3) x15 0x91f92737
core   0: 3 0x8000012c (0xfe0716e3)
core   0: 3 0x80000118 (0x0017f693) x13 0x00000001
core   0: 3 0x8000011c (0xfff70713) x14 0x00000002
core   0: 3 0x80000120 (0x0017d793) x15 0x48fc939b
core   0: 3 0x80000124 (0x00068463)
core   0: 3 0x80000128 (0x00c7c7b3) x15 0xa54410bb
core   0: 3 0x8000012c (0xfe0716e3)
core   0: 3 0x80000118 (0x0017f693) x13 0x00000001
core   0: 3 0x8000011c (0xfff70713) x14 0x00000001
core   0: 3 0x80000120 (0x0017d793) x15 0x52a2085d
core   0: 3 0x80000124 (0x00068463)
core   0: 3 0x80000128 (0x00c7c7b3) x15 0xbf1a8b7d
core   0: 3 0x8000012c (0xfe0716e3)
core   0: 3 0x80000118 (0x0017f693) x13 0x00000001
core   0: 3 0x8000011c (0xfff70713) x14 0x00000000
core   0: 3 0x80000120 (0x0017d793) x15 0x5f8d45be
core   0: 3 0x80000124 (0x00068463)
core   0: 3 0x80000128 (0x00c7c7b3) x15 0xb235c69e
core   0: 3 0x8000012c (0xfe0716e3)
core   0: 3 0x80000130 (0x00158593) x11 0x800002b5
core   0: 3 0x80000134 (0xfca59ce3)
core   0: 3 0x8000010c (0x0005c683) x13 0x000000f8 mem 0x800002b5
core   0: 3 0x80000110 (0x00800713) x14 0x00000008
core   0: 3 0x80000114 (0x00d7c7b3) x15 0xb235c666
core   0: 3 0x80000118 (0x0017f693) x13 0x00000000
core   0: 3 0x8000011c (0xfff70713) x14 0x00000007
core   0: 3 0x80000120 (0x0017d793) x15 0x591ae333
core   0: 3 0x80000124 (0x00068463)
core   0: 3 0x8000012c (0xfe0716e3)
core   0: 3 0x80000118 (0x0017f693) x13 0x00000001
core   0: 3 0x8000011c (0xfff70713) x14 0x00000006
core   0: 3 0x80000120 (0x0017d793) x15 0x2c8d7199
core   0: 3 0x80000124 (0x00068463)
core   0: 3 0x80000128 (0x00c7c7b3) x15 0xc135f2b9
core   0: 3 0x8000012c (0xfe0716e3)
core   0: 3 0x80000118 (0x0017f693) x13 0x00000001
core   0: 3 0x8000011c (0xfff70713) x14 0x00000005
core   0: 3 0x80000120 (0x0017d793) x15 0x609af95c
core   0: 3 0x80000124 (0x00068463)
core   0: 3 0x80000128 (0x00c7c7b3) x15 0x8d227a7c
core   0: 3 0x8000012c (0xfe0716e3)
core   0: 3 0x80000118 (0x0017f693) x13 0x00000000
core   0: 3 0x8000011c (0xfff70713) x14 0x00000004
core   0: 3 0x80000120 (0x0017d793) x15 0x46913d3e
core   0: 3 0x80000124 (0x00068463)
core   0: 3 0x8000012c (0xfe0716e3)
core   0: 3 0x80000118 (0x0017f693) x13 0x00000000
core   0: 3 0x8000011c (0xfff70713) x14 0x00000003
core   0: 3 0x80000120 (0x0017d793) x15 0x23489e9f
core   0: 3 0x80000124 (0x00068463)
core   0: 3 0x8000012c (0xfe0716e3)
core   0: 3 0x80000118 (0x0017f693) x13 0x00000001
core   0: 3 0x8000011c (0xfff70713) x14 0x00000002
core   0: 3 0x80000120 (0x0017d793) x15 0x11a44f4f
core   0: 3 0x80000124 (0x00068463)
core   0: 3 0x80000128 (0x00c7c7b3) x15 0xfc1ccc6f
core   0: 3 0x8000012c (0xfe0716e3)
core   0: 3 0x80000118 (0x0017f693) x13 0x00000001
core   0: 3 0x8000011c (0xfff70713) x14 0x00000001
core   0: 3 0x80000120 (0x0017d793) x15 0x7e0e6637
core   0: 3 0x80000124 (0x00068463)
core   0: 3 0x80000128 (0x00c7c7b3) x15 0x93b6e517
core   0: 3 0x8000012c (0xfe0716e3)
core   0: 3 0x80000118 (0x0017f693) x13 0x00000001
core   0: 3 0x8000011c (0xfff70713) x14 0x00000000
core   0: 3 0x80000120 (0x0017d793) x15 0x49db728b
core   0: 3 0x80000124 (0x00068463)
core   0: 3 0x80000128 (0x00c7c7b3) x15 0xa463f1ab
core   0: 3 0x8000012c (0xfe0716e3)
core   0: 3 0x80000130 (0x00158593) x11 0x800002b6
core   0: 3 0x80000134 (0xfca59ce3)
core   0: 3 0x8000010c (0x0005c683) x13 0x000000ef mem 0x800002b6
core   0: 3 0x80000110 (0x00800713) x14 0x00000008
core   0: 3 0x80000114 (0x00d7c7b3) x15 0xa463f144
core   0: 3 0x80000118 (0x0017f693) x13 0x00000000
core   0: 3 0x8000011c (0xfff70713) x14 0x00000007
core   0: 3 0x80000120 (0x0017d793) x15 0x5231f8a2
core   0: 3 0x80000124 (0x00068463)
core   0: 3 0x8000012c (0xfe0716e3)
core   0: 3 0x80000118 (0x0017f693) x13 0x00000000
core   0: 3 0x8000011c (0xfff70713) x14 0x00000006
core   0: 3 0x80000120 (0x0017d793) x15 0x2918fc51
core   0: 3 0x80000124 (0x00068463)
core   0: 3 0x8000012c (0xfe0716e3)
core   0: 3 0x80000118 (0x0017f693) x13 0x00000001
core   0: 3 0x8000011c (0xfff70713) x14 0x00000005
core   0: 3 0x80000120 (0x0017d793) x15 0x148c7e28
core   0: 3 0x80000124 (0x00068463)
core   0: 3 0x80000128 (0x00c7c7b3) x15 0xf934fd08
core   0: 3 0x8000012c (0xfe0716e3)
core   0: 3 0x80000118 (0x0017f693) x13 0x00000000
core   0: 3 0x8000011c (0xfff70713) x14 0x00000004
core   0: 3 0x80000120 (0x0017d793) x15 0x7c9a7e84
core   0: 3 0x80000124 (0x00068463)
core   0: 3 0x8000012c (0xfe0716e3)
core   0: 3 0x80000118 (0x0017f693) x13 0x00000000
core   0: 3 0x8000011c (0xfff70713) x14 0x00000003
core   0: 3 0x80000120 (0x0017d793) x15 0x3e4d3f42
core   0: 3 0x80000124 (0x00068463)
core   0: 3 0x8000012c (0xfe0716e3)
core   0: 3 0x80000118 (0x0017f693) x13 0x00000000
core   0: 3 0x8000011c (0xfff70713) x14 0x00000002
core   0: 3 0x80000120 (0x0017d793) x15 0x1f269fa1
core   0: 3 0x80000124 (0x00068463)
core   0: 3 0x8000012c (0xfe0716e3)
core   0: 3 0x80000118 (0x0017f693) x13 0x00000001
core   0: 3 0x8000011c (0xfff70713) x14 0x00000001
core   0: 3 0x80000120 (0x0017d793) x15 0x0f934fd0
core   0: 3 0x80000124 (0x00068463)
core   0: 3 0x80000128 (0x00c7c7b3) x15 0xe22bccf0
core   0: 3 0x8000012c (0xfe0716e3)
core   0: 3 0x80000118 (0x0017f693) x13 0x00000000
core   0: 3 0x8000011c (0xfff70713) x14 0x00000000
core   0: 3 0x80000120 (0x0017d793) x15 0x7115e678
core   0: 3 0x80000124 (0x00068463)
core   0: 3 0x8000012c (0xfe0716e3)
core   0: 3 0x80000130 (0x00158593) x11 0x800002b7
core   0: 3 0x80000134 (0xfca59ce3)
core   0: 3 0x8000010c (0x0005c683) x13 0x00000034 mem 0x800002b7
core   0: 3 0x80000110 (0x00800713) x14 0x00000008
core   0: 3 0x80000114 (0x00d7c7b3) x15 0x7115e64c
core   0: 3 0x80000118 (0x0017f693) x13 0x00000000
core   0: 3 0x8000011c (0xfff70713) x14 0x00000007
core   0: 3 0x80000120 (0x0017d793) x15 0x388af326
core   0: 3 0x80000124 (0x00068463)
core   0: 3 0x8000012c (0xfe0716e3)
core   0: 3 0x80000118 (0x0017f693) x13 0x00000000
core   0: 3 0x8000011c (0xfff70713) x14 0x00000006
core   0: 3 0x80000120 (0x0017d793) x15 0x1c457993
core   0: 3 0x80000124 (0x00068463)
core   0: 3 0x8000012c (0xfe0716e3)
core   0: 3 0x80000118 (0x0017f693) x13 0x00000001
core   0: 3 0x8000011c (0xfff70713) x14 0x00000005
core   0: 3 0x80000120 (0x0017d793) x15 0x0e22bcc9
core   0: 3 0x80000124 (0x00068463)
core   0: 3 0x80000128 (0x00c7c7b3) x15 0xe39a3fe9
core   0: 3 0x8000012c (0xfe0716e3)
core   0: 3 0x80000118 (0x0017f693) x13 0x00000001
core   0: 3 0x8000011c (0xfff70713) x14 0x00000004
core   0: 3 0x80000120 (0x0017d793) x15 0x71cd1ff4
core   0: 3 0x80000124 (0x00068463)
core   0: 3 0x80000128 (0x00c7c7b3) x15 0x9c759cd4
core   0: 3 0x8000012c (0xfe0716e3)
core   0: 3 0x80000118 (0x0017f693) x13 0x00000000
core   0: 3 0x8000011c (0xfff70713) x14 0x00000003
core   0: 3 0x80000120 (0x0017d793) x15 0x4e3ace6a
core   0: 3 0x80000124 (0x00068463)
core   0: 3 0x8000012c (0xfe0716e3)
core   0: 3 0x80000118 (0x0017f693) x13 0x00000000
core   0: 3 0x8000011c (0xfff70713) x14 0x00000002
core   0: 3 0x80000120 (0x0017d793) x15 0x271d6735
core   0: 3 0x80000124 (0x00068463)
core   0: 3 0x8000012c (0xfe0716e3)
core   0: 3 0x80000118 (0x0017f693) x13 0x00000001
core   0: 3 0x8000011c (0xfff70713) x14 0x00000001
core   0: 3 0x80000120 (0x0017d793) x15 0x138eb39a
core   0: 3 0x80000124 (0x00068463)
core   0: 3 0x80000128 (0x00c7c7b3) x15 0xfe3630ba
core   0: 3 0x8000012c (0xfe0716e3)
core   0: 3 0x80000118 (0x0017f693) x13 0x00000000
core   0: 3 0x8000011c (0xfff70713) x14 0x00000000
core   0: 3 0x80000120 (0x0017d793) x15 0x7f1b185d
core   0: 3 0x80000124 (0x00068463)
core   0: 3 0x8000012c (0xfe0716e3)
core   0: 3 0x80000130 (0x00158593) x11 0x800002b8
core   0: 3 0x80000134 (0xfca59ce3)
core   0: 3 0x8000010c (0x0005c683) x13 0x0000004e mem 0x800002b8
core   0: 3 0x80000110 (0x00800713) x14 0x00000008
core   0: 3 0x80000114 (0x00d7c7b3) x15 0x7f1b1813
core   0: 3 0x80000118 (0x0017f693) x13 0x00000001
core   0: 3 0x8000011c (0xfff70713) x14 0x00000007
core   0: 3 0x80000120 (0x0017d793) x15 0x3f8d8c09
core   0: 3 0x80000124 (0x00068463)
core   0: 3 0x80000128 (0x00c7c7b3) x15 0xd2350f29
core   0: 3 0x8000012c (0xfe0716e3)
core   0: 3 0x80000118 (0x0017f693) x13 0x00000001
core   0: 3 0x8000011c (0xfff70713) x14 0x00000006
core   0: 3 0x80000120 (0x0017d793) x15 0x691a8794
core   0: 3 0x80000124 (0x00068463)
core   0: 3 0x80000128 (0x00c7c7b3) x15 0x84a204b4
core   0: 3 0x8000012c (0xfe0716e3)
core   0: 3 0x80000118 (0x0017f693) x13 0x00000000
core   0: 3 0x8000011c (0xfff70713) x14 0x00000005
core   0: 3 0x80000120 (0x0017d793) x15 0x4251025a
core   0: 3 0x80000124 (0x00068463)
core   0: 3 0x8000012c (0xfe0716e3)
core   0: 3 0x80000118 (0x0017f693) x13 0x00000000
core   0: 3 0x8000011c (0xfff70713) x14 0x00000004
core   0: 3 0x80000120 (0x0017d793) x15 0x2128812d
core   0: 3 0x80000124 (0x00068463)
core   0: 3 0x8000012c (0xfe0716e3)
core   0: 3 0x80000118 (0x0017f693) x13 0x00000001
core   0: 3 0x8000011c (0xfff70713) x14 0x00000003
core   0: 3 0x80000120 (0x0017d793) x15 0x10944096
core   0: 3 0x80000124 (0x00068463)
core   0: 3 0x80000128 (0x00c7c7b3) x15 0xfd2cc3b6
core   0: 3 0x8000012c (0xfe0716e3)
core   0: 3 0x80000118 (0x0017f693) x13 0x00000000
core   0: 3 0x8000011c (0xfff70713) x14 0x00000002
core   0: 3 0x80000120 (0x0017d793) x15 0x7e9661db
core   0: 3 0x80000124 (0x00068463)
core   0: 3 0x8000012c (0xfe0716e3)
core   0: 3 0x80000118 (0x0017f693) x13 0x00000001
core   0: 3 0x8000011c (0xfff70713) x14 0x00000001
core   0: 3 0x80000120 (0x0017d793) x15 0x3f4b30ed
core   0: 3 0x80000124 (0x00068463)
core   0: 3 0x80000128 (0x00c7c7b3) x15 0xd2f3b3cd
core   0: 3 0x8000012c (0xfe0716e3)
core   0: 3 0x80000118 (0x0017f693) x13 0x00000001
core   0: 3 0x8000011c (0xfff70713) x14 0x00000000
core   0: 3 0x80000120 (0x0017d793) x15 0x6979d9e6
core   0: 3 0x80000124 (0x00068463)
core   0: 3 0x80000128 (0x00c7c7b3) x15 0x84c15ac6
core   0: 3 0x8000012c (0xfe0716e3)
core   0: 3 0x80000130 (0x00158593) x11 0x800002b9
core   0: 3 0x80000134 (0xfca59ce3)
core   0: 3 0x8000010c (0x0005c683) x13 0x00000045 mem 0x800002b9
core   0: 3 0x80000110 (0x00800713) x14 0x00000008
core   0: 3 0x80000114 (0x00d7c7b3) x15 0x84c15a83
core   0: 3 0x80000118 (0x0017f693) x13 0x00000001
core   0: 3 0x8000011c (0xfff70713) x14 0x00000007
core   0: 3 0x80000120 (0x0017d793) x15 0x4260ad41
core   0: 3 0x80000124 (0x00068463)
core   0: 3 0x80000128 (0x00c7c7b3) x15 0xafd82e61
core   0: 3 0x8000012c (0xfe0716e3)
core   0: 3 0x80000118 (0x0017f693) x13 0x00000001
core   0: 3 0x8000011c (0xfff70713) x14 0x00000006
core   0: 3 0x80000120 (0x0017d793) x15 0x57ec1730
core   0: 3 0x80000124 (0x00068463)
core   0: 3 0x80000128 (0x00c7c7b3) x15 0xba549410
core   0: 3 0x8000012c (0xfe0716e3)
core   0: 3 0x80000118 (0x0017f693) x13 0x00000000
core   0: 3 0x8000011c (0xfff70713) x14 0x00000005
core   0: 3 0x80000120 (0x0017d793) x15 0x5d2a4a08
core   0: 3 0x80000124 (0x00068463)
core   0: 3 0x8000012c (0xfe0716e3)
core   0: 3 0x80000118 (0x0017f693) x13 0x00000000
core   0: 3 0x8000011c (0xfff70713) x14 0x00000004
core   0: 3 0x80000120 (0x0017d793) x15 0x2e952504
core   0: 3 0x80000124 (0x00068463)
core   0: 3 0x8000012c (0xfe0716e3)
core   0: 3 0x80000118 (0x0017f693) x13 0x00000000
core   0: 3 0x8000011c (0xfff70713) x14 0x00000003
core   0: 3 0x80000120 (0x0017d793) x15 0x174a9282
core   0: 3 0x80000124 (0x00068463)
core   0: 3 0x8000012c (0xfe0716e3)
core   0: 3 0x80000118 (0x0017f693) x13 0x00000000
core   0: 3 0x8000011c (0xfff70713) x14 0x00000002
core   0: 3 0x80000120 (0x0017d793) x15 0x0ba54941
core   0: 3 0x80000124 (0x00068463)
core   0: 3 0x8000012c (0xfe0716e3)
core   0: 3 0x80000118 (0x0017f693) x13 0x00000001
core   0: 3 0x8000011c (0xfff70713) x14 0x00000001
core   0: 3 0x80000120 (0x0017d793) x15 0x05d2a4a0
core   0: 3 0x80000124 (0x00068463)
core   0: 3 0x80000128 (0x00c7c7b3) x15 0xe86a2780
core   0: 3 0x8000012c (0xfe0716e3)
core   0: 3 0x80000118 (0x0017f693) x13 0x00000000
core   0: 3 0x8000011c (0xfff70713) x14 0x00000000
core   0: 3 0x80000120 (0x0017d793) x15 0x743513c0
core   0: 3 0x80000124 (0x00068463)
core   0: 3 0x8000012c (0xfe0716e3)
core   0: 3 0x80000130 (0x00158593) x11 0x800002ba
core   0: 3 0x80000134 (0xfca59ce3)
core   0: 3 0x8000010c (0x0005c683) x13 0x0000008f mem 0x800002ba
core   0: 3 0x80000110 (0x00800713) x14 0x00000008
core   0: 3 0x80000114 (0x00d7c7b3) x15 0x7435134f
core   0: 3 0x80000118 (0x0017f693) x13 0x00000001
core   0: 3 0x8000011c (0xfff70713) x14 0x00000007
core   0: 3 0x80000120 (0x0017d793) x15 0x3a1a89a7
core   0: 3 0x80000124 (0x00068463)
core   0: 3 0x80000128 (0x00c7c7b3) x15 0xd7a20a87
core   0: 3 0x8000012c (0xfe0716e3)
core   0: 3 0x80000118 (0x0017f693) x13 0x00000001
core   0: 3 0x8000011c (0xfff70713) x14 0x00000006
core   0: 3 0x80000120 (0x0017d793) x15 0x6bd10543
core   0: 3 0x80000124 (0x00068463)
core   0: 3 0x80000128 (0x00c7c7b3) x15 0x86698663
core   0: 3 0x8000012c (0xfe0716e3)
core   0: 3 0x80000118 (0x0017f693) x13 0x00000001
core   0: 3 0x8000011c (0xfff70713) x14 0x00000005
core   0: 3 0x80000120 (0x0017d793) x15 0x4334c331
core   0: 3 0x80000124 (0x00068463)
core   0: 3 0x80000128 (0x00c7c7b3) x15 0xae8c4011
core   0: 3 0x8000012c (0xfe0716e3)
core   0: 3 0x80000118 (0x0017f693) x13 0x00000001
core   0: 3 0x8000011c (0xfff70713) x14 0x00000004
core   0: 3 0x80000120 (0x0017d793) x15 0x57462008
core   0: 3 0x80000124 (0x00068463)
core   0: 3 0x80000128 (0x00c7c7b3) x15 0xbafea328
core   0: 3 0x8000012c (0xfe0716e3)
core   0: 3 0x80000118 (0x0017f693) x13 0x00000000
core   0: 3 0x8000011c (0xfff70713) x14 0x00000003
core   0: 3 0x80000120 (0x0017d793) x15 0x5d7f5194
core   0: 3 0x80000124 (0x00068463)
core   0: 3 0x8000012c (0xfe0716e3)
core   0: 3 0x80000118 (0x0017f693) x13 0x00000000
core   0: 3 0x8000011c (0xfff70713) x14 0x00000002
core   0: 3 0x80000120 (0x0017d793) x15 0x2ebfa8ca
core   0: 3 0x80000124 (0x00068463)
core   0: 3 0x8000012c (0xfe0716e3)
core   0: 3 0x80000118 (0x0017f693) x13 0x00000000
core   0: 3 0x8000011c (0xfff70713) x14 0x00000001
core   0: 3 0x80000120 (0x0017d793) x15 0x175fd465
core   0: 3 0x80000124 (0x00068463)
core   0: 3 0x8000012c (0xfe0716e3)
core   0: 3 0x80000118 (0x0017f693) x13 0x00000001
core   0: 3 0x8000011c (0xfff70713) x14 0x00000000
core   0: 3 0x80000120 (0x0017d793) x15 0x0bafea32
core   0: 3 0x80000124 (0x00068463)
core   0: 3 0x80000128 (0x00c7c7b3) x15 0xe6176912
core   0: 3 0x8000012c (0xfe0716e3)
core   0: 3 0x80000130 (0x00158593) x11 0x800002bb
core   0: 3 0x80000134 (0xfca59ce3)
core   0: 3 0x8000010c (0x0005c683) x13 0x000000c0 mem 0x800002bb
core   0: 3 0x80000110 (0x00800713) x14 0x00000008
core   0: 3 0x80000114 (0x00d7c7b3) x15 0xe61769d2
core   0: 3 0x80000118 (0x0017f693) x13 0x00000000
core   0: 3 0x8000011c (0xfff70713) x14 0x00000007
core   0: 3 0x80000120 (0x0017d793) x15 0x730bb4e9
core   0: 3 0x80000124 (0x00068463)
core   0: 3 0x8000012c (0xfe0716e3)
core   0: 3 0x80000118 (0x0017f693) x13 0x00000001
core   0: 3 0x8000011c (0xfff70713) x14 0x00000006
core   0: 3 0x80000120 (0x0017d793) x15 0x3985da74
core   0: 3 0x80000124 (0x00068463)
core   0: 3 0x80000128 (0x00c7c7b3) x15 0xd43d5954
core   0: 3 0x8000012c (0xfe0716e3)
core   0: 3 0x80000118 (0x0017f693) x13 0x00000000
core   0: 3 0x8000011c (0xfff70713) x14 0x00000005
core   0: 3 0x80000120 (0x0017d793) x15 0x6a1eacaa
core   0: 3 0x80000124 (0x00068463)
core   0: 3 0x8000012c (0xfe0716e3)
core   0: 3 0x80000118 (0x0017f693) x13 0x00000000
core   0: 3 0x8000011c (0xfff70713) x14 0x00000004
core   0: 3 0x80000120 (0x0017d793) x15 0x350f5655
core   0: 3 0x80000124 (0x00068463)
core   0: 3 0x8000012c (0xfe0716e3)
core   0: 3 0x80000118 (0x0017f693) x13 0x00000001
core   0: 3 0x8000011c (0xfff70713) x14 0x00000003
core   0: 3 0x80000120 (0x0017d793) x15 0x1a87ab2a
core   0: 3 0x80000124 (0x00068463)
core   0: 3 0x80000128 (0x00c7c7b3) x15 0xf73f280a
core   0: 3 0x8000012c (0xfe0716e3)
core   0: 3 0x80000118 (0x0017f693) x13 0x00000000
core   0: 3 0x8000011c (0xfff70713) x14 0x00000002
core   0: 3 0x80000120 (0x0017d793) x15 0x7b9f9405
core   0: 3 0x80000124 (0x00068463)
core   0: 3 0x8000012c (0xfe0716e3)
core   0: 3 0x80000118 (0x0017f693) x13 0x00000001
core   0: 3 0x8000011c (0xfff70713) x14 0x00000001
core   0: 3 0x80000120 (0x0017d793) x15 0x3dcfca02
core   0: 3 0x80000124 (0x00068463)
core   0: 3 0x80000128 (0x00c7c7b3) x15 0xd0774922
core   0: 3 0x8000012c (0xfe0716e3)
core   0: 3 0x80000118 (0x0017f693) x13 0x00000000
core   0: 3 0x8000011c (0xfff70713) x14 0x00000000
core   0: 3 0x80000120 (0x0017d793) x15 0x683ba491
core   0: 3 0x80000124 (0x00068463)
core   0: 3 0x8000012c (0xfe0716e3)
core   0: 3 0x80000130 (0x00158593) x11 0x800002bc
core   0: 3 0x80000134 (0xfca59ce3)
core   0: 3 0x8000010c (0x0005c683) x13 0x0000003d mem 0x800002bc
core   0: 3 0x80000110 (0x00800713) x14 0x00000008
core   0: 3 0x80000114 (0x00d7c7b3) x15 0x683ba4ac
core   0: 3 0x80000118 (0x0017f693) x13 0x00000000
core   0: 3 0x8000011c (0xfff70713) x14 0x00000007
core   0: 3 0x80000120 (0x0017d793) x15 0x341dd256
core   0: 3 0x80000124 (0x00068463)
core   0: 3 0x8000012c (0xfe0716e3)
core   0: 3 0x80000118 (0x0017f693) x13 0x00000000
core   0: 3 0x8000011c (0xfff70713) x14 0x00000006
core   0: 3 0x80000120 (0x0017d793) x15 0x1a0ee92b
core   0: 3 0x80000124 (0x00068463)
core   0: 3 0x8000012c (0xfe0716e3)
core   0: 3 0x80000118 (0x0017f693) x13 0x00000001
core   0: 3 0x8000011c (0xfff70713) x14 0x00000005
core   0: 3 0x80000120 (0x0017d793) x15 0x0d077495
core   0: 3 0x80000124 (0x00068463)
core   0: 3 0x80000128 (0x00c7c7b3) x15 0xe0bff7b5
core   0: 3 0x8000012c (0xfe0716e3)
core   0: 3 0x80000118 (0x0017f693) x13 0x00000001
core   0: 3 0x8000011c (0xfff70713) x14 0x00000004
core   0: 3 0x80000120 (0x0017d793) x15 0x705ffbda
core   0: 3 0x80000124 (0x00068463)
core   0: 3 0x80000128 (0x00c7c7b3) x15 0x9de778fa
core   0: 3 0x8000012c (0xfe0716e3)
core   0: 3 0x80000118 (0x0017f693) x13 0x00000000
core   0: 3 0x8000011c (0xfff70713) x14 0x00000003
core   0: 3 0x80000120 (0x0017d793) x15 0x4ef3bc7d
core   0: 3 0x80000124 (0x00068463)
core   0: 3 0x8000012c (0xfe0716e3)
core   0: 3 0x80000118 (0x0017f693) x13 0x00000001
core   0: 3 0x8000011c (0xfff70713) x14 0x00000002
core   0: 3 0x80000120 (0x0017d793) x15 0x2779de3e
core   0: 3 0x80000124 (0x00068463)
core   0: 3 0x80000128 (0x00c7c7b3) x15 0xcac15d1e
core   0: 3 0x8000012c (0xfe0716e3)
core   0: 3 0x80000118 (0x0017f693) x13 0x00000000
core   0: 3 0x8000011c (0xfff70713) x14 0x00000001
core   0: 3 0x80000120 (0x0017d793) x15 0x6560ae8f
core   0: 3 0x80000124 (0x00068463)
core   0: 3 0x8000012c (0xfe0716e3)
core   0: 3 0x80000118 (0x0017f693) x13 0x00000001
core   0: 3 0x8000011c (0xfff70713) x14 0x00000000
core   0: 3 0x80000120 (0x0017d793) x15 0x32b05747
core   0: 3 0x80000124 (0x00068463)
core   0: 3 0x80000128 (0x00c7c7b3) x15 0xdf08d467
core   0: 3 0x8000012c (0xfe0716e3)
core   0: 3 0x80000130 (0x00158593) x11 0x800002bd
core   0: 3 0x80000134 (0xfca59ce3)
core   0: 3 0x8000010c (0x0005c683) x13 0x000000f0 mem 0x800002bd
core   0: 3 0x80000110 (0x00800713) x14 0x00000008
core   0: 3 0x80000114 (0x00d7c7b3) x15 0xdf08d497
core   0: 3 0x80000118 (0x0017f693) x13 0x00000001
core   0: 3 0x8000011c (0xfff70713) x14 0x00000007
core   0: 3 0x80000120 (0x0017d793) x15 0x6f846a4b
core   0: 3 0x80000124 (0x00068463)
core   0: 3 0x80000128 (0x00c7c7b3) x15 0x823ce96b
core   0: 3 0x8000012c (0xfe0716e3)
core   0: 3 0x80000118 (0x0017f693) x13 0x00000001
core   0: 3 0x8000011c (0xfff70713) x14 0x00000006
core   0: 3 0x80000120 (0x0017d793) x15 0x411e74b5
core   0: 3 0x80000124 (0x00068463)
core   0: 3 0x80000128 (0x00c7c7b3) x15 0xaca6f795
core   0: 3 0x8000012c (0xfe0716e3)
core   0: 3 0x80000118 (0x0017f693) x13 0x00000001
core   0: 3 0x8000011c (0xfff70713) x14 0x00000005
core   0: 3 0x80000120 (0x0017d793) x15 0x56537bca
core   0: 3 0x80000124 (0x00068463)
core   0: 3 0x80000128 (0x00c7c7b3) x15 0xbbebf8ea
core   0: 3 0x8000012c (0xfe0716e3)
core   0: 3 0x80000118 (0x0017f693) x13 0x00000000
core   0: 3 0x8000011c (0xfff70713) x14 0x00000004
core   0: 3 0x80000120 (0x0017d793) x15 0x5df5fc75
core   0: 3 0x80000124 (0x00068463)
core   0: 3 0x8000012c (0xfe0716e3)
core   0: 3 0x80000118 (0x0017f693) x13 0x00000001
core   0: 3 0x8000011c (0xfff70713) x14 0x00000003
core   0: 3 0x80000120 (0x0017d793) x15 0x2efafe3a
core   0: 3 0x80000124 (0x00068463)
core   0: 3 0x80000128 (0x00c7c7b3) x15 0xc3427d1a
core   0: 3 0x8000012c (0xfe0716e3)
core   0: 3 0x80000118 (0x0017f693) x13 0x00000000
core   0: 3 0x8000011c (0xfff70713) x14 0x00000002
core   0: 3 0x80000120 (0x0017d793) x15 0x61a13e8d
core   0: 3 0x80000124 (0x00068463)
core   0: 3 0x8000012c (0xfe0716e3)
core   0: 3 0x80000118 (0x0017f693) x13 0x00000001
core   0: 3 0x8000011c (0xfff70713) x14 0x00000001
core   0: 3 0x80000120 (0x0017d793) x15 0x30d09f46
core   0: 3 0x80000124 (0x00068463)
core   0: 3 0x80000128 (0x00c7c7b3) x15 0xdd681c66
core   0: 3 0x8000012c (0xfe0716e3)
core   0: 3 0x80000118 (0x0017f693) x13 0x00000000
core   0: 3 0x8000011c (0xfff70713) x14 0x00000000
core   0: 3 0x80000120 (0x0017d793) x15 0x6eb40e33
core   0: 3 0x80000124 (0x00068463)
core   0: 3 0x8000012c (0xfe0716e3)
core   0: 3 0x80000130 (0x00158593) x11 0x800002be
core   0: 3 0x80000134 (0xfca59ce3)
core   0: 3 0x8000010c (0x0005c683) x13 0x0000007b mem 0x800002be
core   0: 3 0x80000110 (0x00800713) x14 0x00000008
core   0: 3 0x80000114 (0x00d7c7b3) x15 0x6eb40e48
core   0: 3 0x80000118 (0x0017f693) x13 0x00000000
core   0: 3 0x8000011c (0xfff70713) x14 0x00000007
core   0: 3 0x80000120 (0x0017d793) x15 0x375a0724
core   0: 3 0x80000124 (0x00068463)
core   0: 3 0x8000012c (0xfe0716e3)
core   0: 3 0x80000118 (0x0017f693) x13 0x00000000
core   0: 3 0x8000011c (0xfff70713) x14 0x00000006
core   0: 3 0x80000120 (0x0017d793) x15 0x1bad0392
core   0: 3 0x80000124 (0x00068463)
core   0: 3 0x8000012c (0xfe0716e3)
core   0: 3 0x80000118 (0x0017f693) x13 0x00000000
core   0: 3 0x8000011c (0xfff70713) x14 0x00000005
core   0: 3 0x80000120 (0x0017d793) x15 0x0dd681c9
core   0: 3 0x80000124 (0x00068463)
core   0: 3 0x8000012c (0xfe0716e3)
core   0: 3 0x80000118 (0x0017f693) x13 0x00000001
core   0: 3 0x8000011c (0xfff70713) x14 0x00000004
core   0: 3 0x80000120 (0x0017d793) x15 0x06eb40e4
core   0: 3 0x80000124 (0x00068463)
core   0: 3 0x80000128 (0x00c7c7b3) x15 0xeb53c3c4
core   0: 3 0x8000012c (0xfe0716e3)
core   0: 3 0x80000118 (0x0017f693) x13 0x00000000
core   0: 3 0x8000011c (0xfff70713) x14 0x00000003
core   0: 3 0x80000120 (0x0017d793) x15 0x75a9e1e2
core   0: 3 0x80000124 (0x00068463)
core   0: 3 0x8000012c (0xfe0716e3)
core   0: 3 0x80000118 (0x0017f693) x13 0x00000000
core   0: 3 0x8000011c (0xfff70713) x14 0x00000002
core   0: 3 0x80000120 (0x0017d793) x15 0x3ad4f0f1
core   0: 3 0x80000124 (0x00068463)
core   0: 3 0x8000012c (0xfe0716e3)
core   0: 3 0x80000118 (0x0017f693) x13 0x00000001
core   0: 3 0x8000011c (0xfff70713) x14 0x00000001
core   0: 3 0x80000120 (0x0017d793) x15 0x1d6a7878
core   0: 3 0x80000124 (0x00068463)
core   0: 3 0x80000128 (0x00c7c7b3) x15 0xf0d2fb58
core   0: 3 0x8000012c (0xfe0716e3)
core   0: 3 0x80000118 (0x0017f693) x13 0x00000000
core   0: 3 0x8000011c (0xfff70713) x14 0x00000000
core   0: 3 0x80000120 (0x0017d793) x15 0x78697dac
core   0: 3 0x80000124 (0x00068463)
core   0: 3 0x8000012c (0xfe0716e3)
core   0: 3 0x80000130 (0x00158593) x11 0x800002bf
core   0: 3 0x80000134 (0xfca59ce3)
core   0: 3 0x8000010c (0x0005c683) x13 0x000000f1 mem 0x800002bf
core   0: 3 0x80000110 (0x00800713) x14 0x00000008
core   0: 3 0x80000114 (0x00d7c7b3) x15 0x78697d5d
core   0: 3 0x80000118 (0x0017f693) x13 0x00000001
core   0: 3 0x8000011c (0xfff70713) x14 0x00000007
core   0: 3 0x80000120 (0x0017d793) x15 0x3c34beae
core   0: 3 0x80000124 (0x00068463)
core   0: 3 0x80000128 (0x00c7c7b3) x15 0xd18c3d8e
core   0: 3 0x8000012c (0xfe0716e3)
core   0: 3 0x80000118 (0x0017f693) x13 0x00000000
core   0: 3 0x8000011c (0xfff70713) x14 0x00000006
core   0: 3 0x80000120 (0x0017d793) x15 0x68c61ec7
core   0: 3 0x80000124 (0x00068463)
core   0: 3 0x8000012c (0xfe0716e3)
core   0: 3 0x80000118 (0x0017f693) x13 0x00000001
core   0: 3 0x8000011c (0xfff70713) x14 0x00000005
core   0: 3 0x80000120 (0x0017d793) x15 0x34630f63
core   0: 3 0x80000124 (0x00068463)
core   0: 3 0x80000128 (0x00c7c7b3) x15 0xd9db8c43
core   0: 3 0x8000012c (0xfe0716e3)
core   0: 3 0x80000118 (0x0017f693) x13 0x00000001
core   0: 3 0x8000011c (0xfff70713) x14 0x00000004
core   0: 3 0x80000120 (0x0017d793) x15 0x6cedc621
core   0: 3 0x80000124 (0x00068463)
core   0: 3 0x80000128 (0x00c7c7b3) x15 0x81554501
core   0: 3 0x8000012c (0xfe0716e3)
core   0: 3 0x80000118 (0x0017f693) x13 0x00000001
core   0: 3 0x8000011c (0xfff70713) x14 0x00000003
core   0: 3 0x80000120 (0x0017d793) x15 0x40aaa280
core   0: 3 0x80000124 (0x00068463)
core   0: 3 0x80000128 (0x00c7c7b3) x15 0xad1221a0
core   0: 3 0x8000012c (0xfe0716e3)
core   0: 3 0x80000118 (0x0017f693) x13 0x00000000
core   0: 3 0x8000011c (0xfff70713) x14 0x00000002
core   0: 3 0x80000120 (0x0017d793) x15 0x568910d0
core   0: 3 0x80000124 (0x00068463)
core   0: 3 0x8000012c (0xfe0716e3)
core   0: 3 0x80000118 (0x0017f693) x13 0x00000000
core   0: 3 0x8000011c (0xfff70713) x14 0x00000001
core   0: 3 0x80000120 (0x0017d793) x15 0x2b448868
core   0: 3 0x80000124 (0x00068463)
core   0: 3 0x8000012c (0xfe0716e3)
core   0: 3 0x80000118 (0x0017f693) x13 0x00000000
core   0: 3 0x8000011c (0xfff70713) x14 0x00000000
core   0: 3 0x80000120 (0x0017d793) x15 0x15a24434
core   0: 3 0x80000124 (0x00068463)
core   0: 3 0x8000012c (0xfe0716e3)
core   0: 3 0x80000130 (0x00158593) x11 0x800002c0
core   0: 3 0x80000134 (0xfca59ce3)
core   0: 3 0x8000010c (0x0005c683) x13 0x00000025 mem 0x800002c0
core   0: 3 0x80000110 (0x00800713) x14 0x00000008
core   0: 3 0x80000114 (0x00d7c7b3) x15 0x15a24411
core   0: 3 0x80000118 (0x0017f693) x13 0x00000001
core   0: 3 0x8000011c (0xfff70713) x14 0x00000007
core   0: 3 0x80000120 (0x0017d793) x15 0x0ad12208
core   0: 3 0x80000124 (0x00068463)
core   0: 3 0x80000128 (0x00c7c7b3) x15 0xe769a128
core   0: 3 0x8000012c (0xfe0716e3)
core   0: 3 0x80000118 (0x0017f693) x13 0x00000000
core   0: 3 0x8000011c (0xfff70713) x14 0x00000006
core   0: 3 0x80000120 (0x0017d793) x15 0x73b4d094
core   0: 3 0x80000124 (0x00068463)
core   0: 3 0x8000012c (0xfe0716e3)
core   0: 3 0x80000118 (0x0017f693) x13 0x00000000
core   0: 3 0x8000011c (0xfff70713) x14 0x00000005
core   0: 3 0x80000120 (0x0017d793) x15 0x39da684a
core   0: 3 0x80000124 (0x00068463)
core   0: 3 0x8000012c (0xfe0716e3)
core   0: 3 0x80000118 (0x0017f693) x13 0x00000000
core   0: 3 0x8000011c (0xfff70713) x14 0x00000004
core   0: 3 0x80000120 (0x0017d793) x15 0x1ced3425
core   0: 3 0x80000124 (0x00068463)
core   0: 3 0x8000012c (0xfe0716e3)
core   0: 3 0x80000118 (0x0017f693) x13 0x00000001
core   0: 3 0x8000011c (0xfff70713) x14 0x00000003
core   0: 3 0x80000120 (0x0017d793) x15 0x0e769a12
core   0: 3 0x80000124 (0x00068463)
core   0: 3 0x80000128 (0x00c7c7b3) x15 0xe3ce1932
core   0: 3 0x8000012c (0xfe0716e3)
core   0: 3 0x80000118 (0x0017f693) x13 0x00000000
core   0: 3 0x8000011c (0xfff70713) x14 0x00000002
core   0: 3 0x80000120 (0x0017d793) x15 0x71e70c99
core   0: 3 0x80000124 (0x00068463)
core   0: 3 0x8000012c (0xfe0716e3)
core   0: 3 0x80000118 (0x0017f693) x13 0x00000001
core   0: 3 0x8000011c (0xfff70713) x14 0x00000001
core   0: 3 0x80000120 (0x0017d793) x15 0x38f3864c
core   0: 3 0x80000124 (0x00068463)
core   0: 3 0x80000128 (0x00c7c7b3) x15 0xd54b056c
core   0: 3 0x8000012c (0xfe0716e3)
core   0: 3 0x80000118 (0x0017f693) x13 0x00000000
core   0: 3 0x8000011c (0xfff70713) x14 0x00000000
core   0: 3 0x80000120 (0x0017d793) x15 0x6aa582b6
core   0: 3 0x80000124 (0x00068463)
core   0: 3 0x8000012c (0xfe0716e3)
core   0: 3 0x80000130 (0x00158593) x11 0x800002c1
core   0: 3 0x80000134 (0xfca59ce3)
core   0: 3 0x8000010c (0x0005c683) x13 0x00000050 mem 0x800002c1
core   0: 3 0x80000110 (0x00800713) x14 0x00000008
core   0: 3 0x80000114 (0x00d7c7b3) x15 0x6aa582e6
core   0: 3 0x80000118 (0x0017f693) x13 0x00000000
core   0: 3 0x8000011c (0xfff70713) x14 0x00000007
core   0: 3 0x80000120 (0x0017d793) x15 0x3552c173
core   0: 3 0x80000124 (0x00068463)
core   0: 3 0x8000012c (0xfe0716e3)
core   0: 3 0x80000118 (0x0017f693) x13 0x00000001
core   0: 3 0x8000011c (0xfff70713) x14 0x00000006
core   0: 3 0x80000120 (0x0017d793) x15 0x1aa960b9
core   0: 3 0x80000124 (0x00068463)
core   0: 3 0x80000128 (0x00c7c7b3) x15 0xf711e399
core   0: 3 0x8000012c (0xfe0716e3)
core   0: 3 0x80000118 (0x0017f693) x13 0x00000001
core   0: 3 0x8000011c (0xfff70713) x14 0x00000005
core   0: 3 0x80000120 (0x0017d793) x15 0x7b88f1cc
core   0: 3 0x80000124 (0x00068463)
core   0: 3 0x80000128 (0x00c7c7b3) x15 0x963072ec
core   0: 3 0x8000012c (0xfe0716e3)
core   0: 3 0x80000118 (0x0017f693) x13 0x00000000
core   0: 3 0x8000011c (0xfff70713) x14 0x00000004
core   0: 3 0x80000120 (0x0017d793) x15 0x4b183976
core   0: 3 0x80000124 (0x00068463)
core   0: 3 0x8000012c (0xfe0716e3)
core   0: 3 0x80000118 (0x0017f693) x13 0x00000000
core   0: 3 0x8000011c (0xfff70713) x14 0x00000003
core   0: 3 0x80000120 (0x0017d793) x15 0x258c1cbb
core   0: 3 0x80000124 (0x00068463)
core   0: 3 0x8000012c (0xfe0716e3)
core   0: 3 0x80000118 (0x0017f693) x13 0x00000001
core   0: 3 0x8000011c (0xfff70713) x14 0x00000002
core   0: 3 0x80000120 (0x0017d793) x15 0x12c60e5d
core   0: 3 0x80000124 (0x00068463)
core   0: 3 0x80000128 (0x00c7c7b3) x15 0xff7e8d7d
core   0: 3 0x8000012c (0xfe0716e3)
core   0: 3 0x80000118 (0x0017f693) x13 0x00000001
core   0: 3 0x8000011c (0xfff70713) x14 0x00000001
core   0: 3 0x80000120 (0x0017d793) x15 0x7fbf46be
core   0: 3 0x80000124 (0x00068463)
core   0: 3 0x80000128 (0x00c7c7b3) x15 0x9207c59e
core   0: 3 0x8000012c (0xfe0716e3)
core   0: 3 0x80000118 (0x0017f693) x13 0x00000000
core   0: 3 0x8000011c (0xfff70713) x14 0x00000000
core   0: 3 0x80000120 (0x0017d793) x15 0x4903e2cf
core   0: 3 0x80000124 (0x00068463)
core   0: 3 0x8000012c (0xfe0716e3)
core   0: 3 0x80000130 (0x00158593) x11 0x800002c2
core   0: 3 0x80000134 (0xfca59ce3)
core   0: 3 0x8000010c (0x0005c683) x13 0x0000002b mem 0x800002c2
core   0: 3 0x80000110 (0x00800713) x14 0x00000008
core   0: 3 0x80000114 (0x00d7c7b3) x15 0x4903e2e4
core   0: 3 0x80000118 (0x0017f693) x13 0x00000000
core   0: 3 0x8000011c (0xfff70713) x14 0x00000007
core   0: 3 0x80000120 (0x0017d793) x15 0x2481f172
core   0: 3 0x80000124 (0x00068463)
core   0: 3 0x8000012c (0xfe0716e3)
core   0: 3 0x80000118 (0x0017f693) x13 0x00000000
core   0: 3 0x8000011c (0xfff70713) x14 0x00000006
core   0: 3 0x80000120 (0x0017d793) x15 0x1240f8b9
core   0: 3 0x80000124 (0x00068463)
core   0: 3 0x8000012c (0xfe0716e3)
core   0: 3 0x80000118 (0x0017f693) x13 0x00000001
core   0: 3 0x8000011c (0xfff70713) x14 0x00000005
core   0: 3 0x80000120 (0x0017d793) x15 0x09207c5c
core   0: 3 0x80000124 (0x00068463)
core   0: 3 0x80000128 (0x00c7c7b3) x15 0xe498ff7c
core   0: 3 0x8000012c (0xfe0716e3)
core   0: 3 0x80000118 (0x0017f693) x13 0x00000000
core   0: 3 0x8000011c (0xfff70713) x14 0x00000004
core   0: 3 0x80000120 (0x0017d793) x15 0x724c7fbe
core   0: 3 0x80000124 (0x00068463)
core   0: 3 0x8000012c (0xfe0716e3)
core   0: 3 0x80000118 (0x0017f693) x13 0x00000000
core   0: 3 0x8000011c (0xfff70713) x14 0x00000003
core   0: 3 0x80000120 (0x0017d793) x15 0x39263fdf
core   0: 3 0x80000124 (0x00068463)
core   0: 3 0x8000012c (0xfe0716e3)
core   0: 3 0x80000118 (0x0017f693) x13 0x00000001
core   0: 3 0x8000011c (0xfff70713) x14 0x00000002
core   0: 3 0x80000120 (0x0017d793) x15 0x1c931fef
core   0: 3 0x80000124 (0x00068463)
core   0: 3 0x80000128 (0x00c7c7b3) x15 0xf12b9ccf
core   0: 3 0x8000012c (0xfe0716e3)
core   0: 3 0x80000118 (0x0017f693) x13 0x00000001
core   0: 3 0x8000011c (0xfff70713) x14 0x00000001
core   0: 3 0x80000120 (0x0017d793) x15 0x7895ce67
core   0: 3 0x80000124 (0x00068463)
core   0: 3 0x80000128 (0x00c7c7b3) x15 0x952d4d47
core   0: 3 0x8000012c (0xfe0716e3)
core   0: 3 0x80000118 (0x0017f693) x13 0x00000001
core   0: 3 0x8000011c (0xfff70713) x14 0x00000000
core   0: 3 0x80000120 (0x0017d793) x15 0x4a96a6a3
core   0: 3 0x80000124 (0x00068463)
core   0: 3 0x80000128 (0x00c7c7b3) x15 0xa72e2583
core   0: 3 0x8000012c (0xfe0716e3)
core   0: 3 0x80000130 (0x00158593) x11 0x800002c3
core   0: 3 0x80000134 (0xfca59ce3)
core   0: 3 0x8000010c (0x0005c683) x13 0x000000a6 mem 0x800002c3
core   0: 3 0x80000110 (0x00800713) x14 0x00000008
core   0: 3 0x80000114 (0x00d7c7b3) x15 0xa72e2525
core   0: 3 0x80000118 (0x0017f693) x13 0x00000001
core   0: 3 0x8000011c (0xfff70713) x14 0x00000007
core   0: 3 0x80000120 (0x0017d793) x15 0x53971292
core   0: 3 0x80000124 (0x00068463)
core   0: 3 0x80000128 (0x00c7c7b3) x15 0xbe2f91b2
core   0: 3 0x8000012c (0xfe0716e3)
core   0: 3 0x80000118 (0x0017f693) x13 0x00000000
core   0: 3 0x8000011c (0xfff70713) x14 0x00000006
core   0: 3 0x80000120 (0x0017d793) x15 0x5f17c8d9
core   0: 3 0x80000124 (0x00068463)
core   0: 3 0x8000012c (0xfe0716e3)
core   0: 3 0x80000118 (0x0017f693) x13 0x00000001
core   0: 3 0x8000011c (0xfff70713) x14 0x00000005
core   0: 3 0x80000120 (0x0017d793) x15 0x2f8be46c
core   0: 3 0x80000124 (0x00068463)
core   0: 3 0x80000128 (0x00c7c7b3) x15 0xc233674c
core   0: 3 0x8000012c (0xfe0716e3)
core   0: 3 0x80000118 (0x0017f693) x13 0x00000000
core   0: 3 0x8000011c (0xfff70713) x14 0x00000004
core   0: 3 0x80000120 (0x0017d793) x15 0x6119b3a6
core   0: 3 0x80000124 (0x00068463)
core   0: 3 0x8000012c (0xfe0716e3)
core   0: 3 0x80000118 (0x0017f693) x13 0x00000000
core   0: 3 0x8000011c (0xfff70713) x14 0x00000003
core   0: 3 0x80000120 (0x0017d793) x15 0x308cd9d3
core   0: 3 0x80000124 (0x00068463)
core   0: 3 0x8000012c (0xfe0716e3)
core   0: 3 0x80000118 (0x0017f693) x13 0x00000001
core   0: 3 0x8000011c (0xfff70713) x14 0x00000002
core   0: 3 0x80000120 (0x0017d793) x15 0x18466ce9
core   0: 3 0x80000124 (0x00068463)
core   0: 3 0x80000128 (0x00c7c7b3) x15 0xf5feefc9
core   0: 3 0x8000012c (0xfe0716e3)
core   0: 3 0x80000118 (0x0017f693) x13 0x00000001
core   0: 3 0x8000011c (0xfff70713) x14 0x00000001
core   0: 3 0x80000120 (0x0017d793) x15 0x7aff77e4
core   0: 3 0x80000124 (0x00068463)
core   0: 3 0x80000128 (0x00c7c7b3) x15 0x9747f4c4
core   0: 3 0x8000012c (0xfe0716e3)
core   0: 3 0x80000118 (0x0017f693) x13 0x00000000
core   0: 3 0x8000011c (0xfff70713) x14 0x00000000
core   0: 3 0x80000120 (0x0017d793) x15 0x4ba3fa62
core   0: 3 0x80000124 (0x00068463)
core   0: 3 0x8000012c (0xfe0716e3)
core   0: 3 0x80000130 (0x00158593) x11 0x800002c4
core   0: 3 0x80000134 (0xfca59ce3)
core   0: 3 0x8000010c (0x0005c683) x13 0x00000007 mem 0x800002c4
core   0: 3 0x80000110 (0x00800713) x14 0x00000008
core   0: 3 0x80000114 (0x00d7c7b3) x15 0x4ba3fa65
core   0: 3 0x80000118 (0x0017f693) x13 0x00000001
core   0: 3 0x8000011c (0xfff70713) x14 0x00000007
core   0: 3 0x80000120 (0x0017d793) x15 0x25d1fd32
core   0: 3 0x80000124 (0x00068463)
core   0: 3 0x80000128 (0x00c7c7b3) x15 0xc8697e12
core   0: 3 0x8000012c (0xfe0716e3)
core   0: 3 0x80000118 (0x0017f693) x13 0x00000000
core   0: 3 0x8000011c (0xfff70713) x14 0x00000006
core   0: 3 0x80000120 (0x0017d793) x15 0x6434bf09
core   0: 3 0x80000124 (0x00068463)
core   0: 3 0x8000012c (0xfe0716e3)
core   0: 3 0x80000118 (0x0017f693) x13 0x00000001
core   0: 3 0x8000011c (0xfff70713) x14 0x00000005
core   0: 3 0x80000120 (0x0017d793) x15 0x321a5f84
core   0: 3 0x80000124 (0x00068463)
core   0: 3 0x80000128 (0x00c7c7b3) x15 0xdfa2dca4
core   0: 3 0x8000012c (0xfe0716e3)
core   0: 3 0x80000118 (0x0017f693) x13 0x00000000
core   0: 3 0x8000011c (0xfff70713) x14 0x00000004
core   0: 3 0x80000120 (0x0017d793) x15 0x6fd16e52
core   0: 3 0x80000124 (0x00068463)
core   0: 3 0x8000012c (0xfe0716e3)
core   0: 3 0x80000118 (0x0017f693) x13 0x00000000
core   0: 3 0x8000011c (0xfff70713) x14 0x00000003
core   0: 3 0x80000120 (0x0017d793) x15 0x37e8b729
core   0: 3 0x80000124 (0x00068463)
core   0: 3 0x8000012c (0xfe0716e3)
core   0: 3 0x80000118 (0x0017f693) x13 0x00000001
core   0: 3 0x8000011c (0xfff70713) x14 0x00000002
core   0: 3 0x80000120 (0x0017d793) x15 0x1bf45b94
core   0: 3 0x80000124 (0x00068463)
core   0: 3 0x80000128 (0x00c7c7b3) x15 0xf64cd8b4
core   0: 3 0x8000012c (0xfe0716e3)
core   0: 3 0x80000118 (0x0017f693) x13 0x00000000
core   0: 3 0x8000011c (0xfff70713) x14 0x00000001
core   0: 3 0x80000120 (0x0017d793) x15 0x7b266c5a
core   0: 3 0x80000124 (0x00068463)
core   0: 3 0x8000012c (0xfe0716e3)
core   0: 3 0x80000118 (0x0017f693) x13 0x00000000
core   0: 3 0x8000011c (0xfff70713) x14 0x00000000
core   0: 3 0x80000120 (0x0017d793) x15 0x3d93362d
core   0: 3 0x80000124 (0x00068463)
core   0: 3 0x8000012c (0xfe0716e3)
core   0: 3 0x80000130 (0x00158593) x11 0x800002c5
core   0: 3 0x80000134 (0xfca59ce3)
core   0: 3 0x8000010c (0x0005c683) x13 0x000000e4 mem 0x800002c5
core   0: 3 0x80000110 (0x00800713) x14 0x00000008
core   0: 3 0x80000114 (0x00d7c7b3) x15 0x3d9336c9
core   0: 3 0x80000118 (0x0017f693) x13 0x00000001
core   0: 3 0x8000011c (0xfff70713) x14 0x00000007
core   0: 3 0x80000120 (0x0017d793) x15 0x1ec99b64
core   0: 3 0x80000124 (0x00068463)
core   0: 3 0x80000128 (0x00c7c7b3) x15 0xf3711844
core   0: 3 0x8000012c (0xfe0716e3)
core   0: 3 0x80000118 (0x0017f693) x13 0x00000000
core   0: 3 0x8000011c (0xfff70713) x14 0x00000006
core   0: 3 0x80000120 (0x0017d793) x15 0x79b88c22
core   0: 3 0x80000124 (0x00068463)
core   0: 3 0x8000012c (0xfe0716e3)
core   0: 3 0x80000118 (0x0017f693) x13 0x00000000
core   0: 3 0x8000011c (0xfff70713) x14 0x00000005
core   0: 3 0x80000120 (0x0017d793) x15 0x3cdc4611
core   0: 3 0x80000124 (0x00068463)
core   0: 3 0x8000012c (0xfe0716e3)
core   0: 3 0x80000118 (0x0017f693) x13 0x00000001
core   0: 3 0x8000011c (0xfff70713) x14 0x00000004
core   0: 3 0x80000120 (0x0017d793) x15 0x1e6e2308
core   0: 3 0x80000124 (0x00068463)
core   0: 3 0x80000128 (0x00c7c7b3) x15 0xf3d6a028
core   0: 3 0x8000012c (0xfe0716e3)
core   0: 3 0x80000118 (0x0017f693) x13 0x00000000
core   0: 3 0x8000011c (0xfff70713) x14 0x00000003
core   0: 3 0x80000120 (0x0017d793) x15 0x79eb5014
core   0: 3 0x80000124 (0x00068463)
core   0: 3 0x8000012c (0xfe0716e3)
core   0: 3 0x80000118 (0x0017f693) x13 0x00000000
core   0: 3 0x8000011c (0xfff70713) x14 0x00000002
core   0: 3 0x80000120 (0x0017d793) x15 0x3cf5a80a
core   0: 3 0x80000124 (0x00068463)
core   0: 3 0x8000012c (0xfe0716e3)
core   0: 3 0x80000118 (0x0017f693) x13 0x00000000
core   0: 3 0x8000011c (0xfff70713) x14 0x00000001
core   0: 3 0x80000120 (0x0017d793) x15 0x1e7ad405
core   0: 3 0x80000124 (0x00068463)
core   0: 3 0x8000012c (0xfe0716e3)
core   0: 3 0x80000118 (0x0017f693) x13 0x00000001
core   0: 3 0x8000011c (0xfff70713) x14 0x00000000
core   0: 3 0x80000120 (0x0017d793) x15 0x0f3d6a02
core   0: 3 0x80000124 (0x00068463)
core   0: 3 0x80000128 (0x00c7c7b3) x15 0xe285e922
core   0: 3 0x8000012c (0xfe0716e3)
core   0: 3 0x80000130 (0x00158593) x11 0x800002c6
core   0: 3 0x80000134 (0xfca59ce3)
core   0: 3 0x8000010c (0x0005c683) x13 0x0000000b mem 0x800002c6
core   0: 3 0x80000110 (0x00800713) x14 0x00000008
core   0: 3 0x80000114 (0x00d7c7b3) x15 0xe285e929
core   0: 3 0x80000118 (0x0017f693) x13 0x00000001
core   0: 3 0x8000011c (0xfff70713) x14 0x00000007
core   0: 3 0x80000120 (0x0017d793) x15 0x7142f494
core   0: 3 0x80000124 (0x00068463)
core   0: 3 0x80000128 (0x00c7c7b3) x15 0x9cfa77b4
core   0: 3 0x8000012c (0xfe0716e3)
core   0: 3 0x80000118 (0x0017f693) x13 0x00000000
core   0: 3 0x8000011c (0xfff70713) x14 0x00000006
core   0: 3 0x80000120 (0x0017d793) x15 0x4e7d3bda
core   0: 3 0x80000124 (0x00068463)
core   0: 3 0x8000012c (0xfe0716e3)
core   0: 3 0x80000118 (0x0017f693) x13 0x00000000
core   0: 3 0x8000011c (0xfff70713) x14 0x00000005
core   0: 3 0x80000120 (0x0017d793) x15 0x273e9ded
core   0: 3 0x80000124 (0x00068463)
core   0: 3 0x8000012c (0xfe0716e3)
core   0: 3 0x80000118 (0x0017f693) x13 0x00000001
core   0: 3 0x8000011c (0xfff70713) x14 0x00000004
core   0: 3 0x80000120 (0x0017d793) x15 0x139f4ef6
core   0: 3 0x80000124 (0x00068463)
core   0: 3 0x80000128 (0x00c7c7b3) x15 0xfe27cdd6
core   0: 3 0x8000012c (0xfe0716e3)
core   0: 3 0x80000118 (0x0017f693) x13 0x00000000
core   0: 3 0x8000011c (0xfff70713) x14 0x00000003
core   0: 3 0x80000120 (0x0017d793) x15 0x7f13e6eb
core   0: 3 0x80000124 (0x00068463)
core   0: 3 0x8000012c (0xfe0716e3)
core   0: 3 0x80000118 (0x0017f693) x13 0x00000001
core   0: 3 0x8000011c (0xfff70713) x14 0x00000002
core   0: 3 0x80000120 (0x0017d793) x15 0x3f89f375
core   0: 3 0x80000124 (0x00068463)
core   0: 3 0x80000128 (0x00c7c7b3) x15 0xd2317055
core   0: 3 0x8000012c (0xfe0716e3)
core   0: 3 0x80000118 (0x0017f693) x13 0x00000001
core   0: 3 0x8000011c (0xfff70713) x14 0x00000001
core   0: 3 0x80000120 (0x0017d793) x15 0x6918b82a
core   0: 3 0x80000124 (0x00068463)
core   0: 3 0x80000128 (0x00c7c7b3) x15 0x84a03b0a
core   0: 3 0x8000012c (0xfe0716e3)
core   0: 3 0x80000118 (0x0017f693) x13 0x00000000
core   0: 3 0x8000011c (0xfff70713) x14 0x00000000
core   0: 3 0x80000120 (0x0017d793) x15 0x42501d85
core   0: 3 0x80000124 (0x00068463)
core   0: 3 0x8000012c (0xfe0716e3)
core   0: 3 0x80000130 (0x00158593) x11 0x800002c7
core   0: 3 0x80000134 (0xfca59ce3)
core   0: 3 0x8000010c (0x0005c683) x13 0x00000062 mem 0x800002c7
core   0: 3 0x80000110 (0x00800713) x14 0x00000008
core   0: 3 0x80000114 (0x00d7c7b3) x15 0x42501de7
core   0: 3 0x80000118 (0x0017f693) x13 0x00000001
core   0: 3 0x8000011c (0xfff70713) x14 0x00000007
core   0: 3 0x80000120 (0x0017d793) x15 0x21280ef3
core   0: 3 0x80000124 (0x00068463)
core   0: 3 0x80000128 (0x00c7c7b3) x15 0xcc908dd3
core   0: 3 0x8000012c (0xfe0716e3)
core   0: 3 0x80000118 (0x0017f693) x13 0x00000001
core   0: 3 0x8000011c (0xfff70713) x14 0x00000006
core   0: 3 0x80000120 (0x0017d793) x15 0x664846e9
core   0: 3 0x80000124 (0x00068463)
core   0: 3 0x80000128 (0x00c7c7b3) x15 0x8bf0c5c9
core   0: 3 0x8000012c (0xfe0716e3)
core   0: 3 0x80000118 (0x0017f693) x13 0x00000001
core   0: 3 0x8000011c (0xfff70713) x14 0x00000005
core   0: 3 0x80000120 (0x0017d793) x15 0x45f862e4
core   0: 3 0x80000124 (0x00068463)
core   0: 3 0x80000128 (0x00c7c7b3) x15 0xa840e1c4
core   0: 3 0x8000012c (0xfe0716e3)
core   0: 3 0x80000118 (0x0017f693) x13 0x00000000
core   0: 3 0x8000011c (0xfff70713) x14 0x00000004
core   0: 3 0x80000120 (0x0017d793) x15 0x542070e2
core   0: 3 0x80000124 (0x00068463)
core   0: 3 0x8000012c (0xfe0716e3)
core   0: 3 0x80000118 (0x0017f693) x13 0x00000000
core   0: 3 0x8000011c (0xfff70713) x14 0x00000003
core   0: 3 0x80000120 (0x0017d793) x15 0x2a103871
core   0: 3 0x80000124 (0x00068463)
core   0: 3 0x8000012c (0xfe0716e3)
core   0: 3 0x80000118 (0x0017f693) x13 0x00000001
core   0: 3 0x8000011c (0xfff70713) x14 0x00000002
core   0: 3 0x80000120 (0x0017d793) x15 0x15081c38
core   0: 3 0x80000124 (0x00068463)
core   0: 3 0x80000128 (0x00c7c7b3) x15 0xf8b09f18
core   0: 3 0x8000012c (0xfe0716e3)
core   0: 3 0x80000118 (0x0017f693) x13 0x00000000
core   0: 3 0x8000011c (0xfff70713) x14 0x00000001
core   0: 3 0x80000120 (0x0017d793) x15 0x7c584f8c
core   0: 3 0x80000124 (0x00068463)
core   0: 3 0x8000012c (0xfe0716e3)
core   0: 3 0x80000118 (0x0017f693) x13 0x00000000
core   0: 3 0x8000011c (0xfff70713) x14 0x00000000
core   0: 3 0x80000120 (0x0017d793) x15 0x3e2c27c6
core   0: 3 0x80000124 (0x00068463)
core   0: 3 0x8000012c (0xfe0716e3)
core   0: 3 0x80000130 (0x00158593) x11 0x800002c8
core   0: 3 0x80000134 (0xfca59ce3)
core   0: 3 0x80000138 (0xc1d3e737) x14 0xc1d3e000
core   0: 3 0x8000013c (0x83a70713) x14 0xc1d3d83a
core   0: 3 0x80000140 (0x00e787b3) x15 0x00000000
core   0: 3 0x80000144 (0x00f03533) x10 0x00000000
core   0: 3 0x80000148 (0x00008067)
core   0: 3 0x800000ac (0x00151513) x10 0x00000000
core   0: 3 0x800000b0 (0x00156513) x10 0x00000001
core   0: 3 0x800000b4 (0x00000297) x5  0x800000b4
core   0: 3 0x800000b8 (0x0cc28293) x5  0x80000180
core   0: 3 0x800000bc (0x00a2a023) mem 0x80000180 0x00000001
core   0: 3 0x800000c0 (0x0000006f)
core   0: 3 0x800000c0 (0x0000006f)
core   0: 3 0x800000c0 (0x0000006f)
core   0: 3 0x800000c0 (0x0000006f)
core   0: 3 0x800000c0 (0x0000006f)
core   0: 3 0x800000c0 (0x0000006f)
core   0: 3 0x800000c0 (0x0000006f)
core   0: 3 0x800000c0 (0x0000006f)
core   0: 3 0x800000c0 (0x0000006f)
core   0: 3 0x800000c0 (0x0000006f)
core   0: 3 0x800000c0 (0x0000006f)
core   0: 3 0x800000c0 (0x0000006f)
core   0: 3 0x800000c0 (0x0000006f)
core   0: 3 0x800000c0 (0x0000006f)
core   0: 3 0x800000c0 (0x0000006f)
core   0: 3 0x800000c0 (0x0000006f)
core   0: 3 0x800000c0 (0x0000006f)
core   0: 3 0x800000c0 (0x0000006f)
core   0: 3 0x800000c0 (0x0000006f)
core   0: 3 0x800000c0 (0x0000006f)
core   0: 3 0x800000c0 (0x0000006f)
core   0: 3 0x800000c0 (0x0000006f)
core   0: 3 0x800000c0 (0x0000006f)
core   0: 3 0x800000c0 (0x0000006f)
core   0: 3 0x800000c0 (0x0000006f)
core   0: 3 0x800000c0 (0x0000006f)
core   0: 3 0x800000c0 (0x0000006f)
core   0: 3 0x800000c0 (0x0000006f)
core   0: 3 0x800000c0 (0x0000006f)
core   0: 3 0x800000c0 (0x0000006f)
core   0: 3 0x800000c0 (0x0000006f)
core   0: 3 0x800000c0 (0x0000006f)
core   0: 3 0x800000c0 (0x0000006f)
core   0: 3 0x800000c0 (0x0000006f)
core   0: 3 0x800000c0 (0x0000006f)
core   0: 3 0x800000c0 (0x0000006f)
core   0: 3 0x800000c0 (0x0000006f)
core   0: 3 0x800000c0 (0x0000006f)
core   0: 3 0x800000c0 (0x0000006f)
core   0: 3 0x800000c0 (0x0000006f)
core   0: 3 0x800000c0 (0x0000006f)
core   0: 3 0x800000c0 (0x0000006f)
core   0: 3 0x800000c0 (0x0000006f)
core   0: 3 0x800000c0 (0x0000006f)
core   0: 3 0x800000c0 (0x0000006f)
core   0: 3 0x800000c0 (0x0000006f)
core   0: 3 0x800000c0 (0x0000006f)
core   0: 3 0x800000c0 (0x0000006f)
core   0: 3 0x800000c0 (0x0000006f)
core   0: 3 0x800000c0 (0x0000006f)
core   0: 3 0x800000c0 (0x0000006f)
core   0: 3 0x800000c0 (0x0000006f)
core   0: 3 0x800000c0 (0x0000006f)
core   0: 3 0x800000c0 (0x0000006f)
core   0: 3 0x800000c0 (0x0000006f)
core   0: 3 0x800000c0 (0x0000006f)
core   0: 3 0x800000c0 (0x0000006f)
core   0: 3 0x800000c0 (0x0000006f)
core   0: 3 0x800000c0 (0x0000006f)
core   0: 3 0x800000c0 (0x0000006f)
core   0: 3 0x800000c0 (0x0000006f)
core   0: 3 0x800000c0 (0x0000006f)
core   0: 3 0x800000c0 (0x0000006f)
core   0: 3 0x800000c0 (0x0000006f)
core   0: 3 0x800000c0 (0x0000006f)
core   0: 3 0x800000c0 (0x0000006f)
core   0: 3 0x800000c0 (0x0000006f)
core   0: 3 0x800000c0 (0x0000006f)
core   0: 3 0x800000c0 (0x0000006f)
core   0: 3 0x800000c0 (0x0000006f)
core   0: 3 0x800000c0 (0x0000006f)
core   0: 3 0x800000c0 (0x0000006f)
core   0: 3 0x800000c0 (0x0000006f)
core   0: 3 0x800000c0 (0x0000006f)
core   0: 3 0x800000c0 (0x0000006f)
core   0: 3 0x800000c0 (0x0000006f)
core   0: 3 0x800000c0 (0x0000006f)
core   0: 3 0x800000c0 (0x0000006f)
core   0: 3 0x800000c0 (0x0000006f)
core   0: 3 0x800000c0 (0x0000006f)
core   0: 3 0x800000c0 (0x0000006f)
core   0: 3 0x800000c0 (0x0000006f)
core   0: 3 0x800000c0 (0x0000006f)
core   0: 3 0x800000c0 (0x0000006f)
core   0: 3 0x800000c0 (0x0000006f)
core   0: 3 0x800000c0 (0x0000006f)
core   0: 3 0x800000c0 (0x0000006f)
core   0: 3 0x800000c0 (0x0000006f)
core   0: 3 0x800000c0 (0x0000006f)
core   0: 3 0x800000c0 (0x0000006f)
core   0: 3 0x800000c0 (0x0000006f)
core   0: 3 0x800000c0 (0x0000006f)
core   0: 3 0x800000c0 (0x0000006f)
core   0: 3 0x800000c0 (0x0000006f)
core   0: 3 0x800000c0 (0x0000006f)
core   0: 3 0x800000c0 (0x0000006f)
core   0: 3 0x800000c0 (0x0000006f)
core   0: 3 0x800000c0 (0x0000006f)
core   0: 3 0x800000c0 (0x0000006f)
core   0: 3 0x800000c0 (0x0000006f)
core   0: 3 0x800000c0 (0x0000006f)
core   0: 3 0x800000c0 (0x0000006f)
core   0: 3 0x800000c0 (0x0000006f)
core   0: 3 0x800000c0 (0x0000006f)
core   0: 3 0x800000c0 (0x0000006f)
core   0: 3 0x800000c0 (0x0000006f)
core   0: 3 0x800000c0 (0x0000006f)
core   0: 3 0x800000c0 (0x0000006f)
core   0: 3 0x800000c0 (0x0000006f)
core   0: 3 0x800000c0 (0x0000006f)
core   0: 3 0x800000c0 (0x0000006f)
core   0: 3 0x800000c0 (0x0000006f)
core   0: 3 0x800000c0 (0x0000006f)
core   0: 3 0x800000c0 (0x0000006f)
core   0: 3 0x800000c0 (0x0000006f)
core   0: 3 0x800000c0 (0x0000006f)
core   0: 3 0x800000c0 (0x0000006f)
core   0: 3 0x800000c0 (0x0000006f)
core   0: 3 0x800000c0 (0x0000006f)
core   0: 3 0x800000c0 (0x0000006f)
core   0: 3 0x800000c0 (0x0000006f)
core   0: 3 0x800000c0 (0x0000006f)
core   0: 3 0x800000c0 (0x0000006f)
core   0: 3 0x800000c0 (0x0000006f)
core   0: 3 0x800000c0 (0x0000006f)
core   0: 3 0x800000c0 (0x0000006f)
core   0: 3 0x800000c0 (0x0000006f)
core   0: 3 0x800000c0 (0x0000006f)
core   0: 3 0x800000c0 (0x0000006f)
core   0: 3 0x800000c0 (0x0000006f)
core   0: 3 0x800000c0 (0x0000006f)
core   0: 3 0x800000c0 (0x0000006f)
core   0: 3 0x800000c0 (0x0000006f)
core   0: 3 0x800000c0 (0x0000006f)
core   0: 3 0x800000c0 (0x0000006f)
core   0: 3 0x800000c0 (0x0000006f)
core   0: 3 0x800000c0 (0x0000006f)
core   0: 3 0x800000c0 (0x0000006f)
core   0: 3 0x800000c0 (0x0000006f)
core   0: 3 0x800000c0 (0x0000006f)
core   0: 3 0x800000c0 (0x0000006f)
core   0: 3 0x800000c0 (0x0000006f)
core   0: 3 0x800000c0 (0x0000006f)
core   0: 3 0x800000c0 (0x0000006f)
core   0: 3 0x800000c0 (0x0000006f)
core   0: 3 0x800000c0 (0x0000006f)
core   0: 3 0x800000c0 (0x0000006f)
core   0: 3 0x800000c0 (0x0000006f)
core   0: 3 0x800000c0 (0x0000006f)
core   0: 3 0x800000c0 (0x0000006f)
core   0: 3 0x800000c0 (0x0000006f)
core   0: 3 0x800000c0 (0x0000006f)
core   0: 3 0x800000c0 (0x0000006f)
core   0: 3 0x800000c0 (0x0000006f)
core   0: 3 0x800000c0 (0x0000006f)
core   0: 3 0x800000c0 (0x0000006f)
core   0: 3 0x800000c0 (0x0000006f)
core   0: 3 0x800000c0 (0x0000006f)
core   0: 3 0x800000c0 (0x0000006f)
core   0: 3 0x800000c0 (0x0000006f)
core   0: 3 0x800000c0 (0x0000006f)
core   0: 3 0x800000c0 (0x0000006f)
core   0: 3 0x800000c0 (0x0000006f)
core   0: 3 0x800000c0 (0x0000006f)
core   0: 3 0x800000c0 (0x0000006f)
core   0: 3 0x800000c0 (0x0000006f)
core   0: 3 0x800000c0 (0x0000006f)
core   0: 3 0x800000c0 (0x0000006f)
core   0: 3 0x800000c0 (0x0000006f)
core   0: 3 0x800000c0 (0x0000006f)
core   0: 3 0x800000c0 (0x0000006f)
core   0: 3 0x800000c0 (0x0000006f)
core   0: 3 0x800000c0 (0x0000006f)
core   0: 3 0x800000c0 (0x0000006f)
core   0: 3 0x800000c0 (0x0000006f)
core   0: 3 0x800000c0 (0x0000006f)
core   0: 3 0x800000c0 (0x0000006f)
core   0: 3 0x800000c0 (0x0000006f)
core   0: 3 0x800000c0 (0x0000006f)
core   0: 3 0x800000c0 (0x0000006f)
core   0: 3 0x800000c0 (0x0000006f)
core   0: 3 0x800000c0 (0x0000006f)
core   0: 3 0x800000c0 (0x0000006f)
core   0: 3 0x800000c0 (0x0000006f)
core   0: 3 0x800000c0 (0x0000006f)
core   0: 3 0x800000c0 (0x0000006f)
core   0: 3 0x800000c0 (0x0000006f)
core   0: 3 0x800000c0 (0x0000006f)
core   0: 3 0x800000c0 (0x0000006f)
core   0: 3 0x800000c0 (0x0000006f)
core   0: 3 0x800000c0 (0x0000006f)
core   0: 3 0x800000c0 (0x0000006f)
core   0: 3 0x800000c0 (0x0000006f)
core   0: 3 0x800000c0 (0x0000006f)
core   0: 3 0x800000c0 (0x0000006f)
core   0: 3 0x800000c0 (0x0000006f)
core   0: 3 0x800000c0 (0x0000006f)
core   0: 3 0x800000c0 (0x0000006f)
core   0: 3 0x800000c0 (0x0000006f)
core   0: 3 0x800000c0 (0x0000006f)
core   0: 3 0x800000c0 (0x0000006f)
core   0: 3 0x800000c0 (0x0000006f)
core   0: 3 0x800000c0 (0x0000006f)
core   0: 3 0x800000c0 (0x0000006f)
core   0: 3 0x800000c0 (0x0000006f)
core   0: 3 0x800000c0 (0x0000006f)
core   0: 3 0x800000c0 (0x0000006f)
core   0: 3 0x800000c0 (0x0000006f)
core   0: 3 0x800000c0 (0x0000006f)
core   0: 3 0x800000c0 (0x0000006f)
core   0: 3 0x800000c0 (0x0000006f)
core   0: 3 0x800000c0 (0x0000006f)
core   0: 3 0x800000c0 (0x0000006f)
core   0: 3 0x800000c0 (0x0000006f)
core   0: 3 0x800000c0 (0x0000006f)
core   0: 3 0x800000c0 (0x0000006f)
core   0: 3 0x800000c0 (0x0000006f)
core   0: 3 0x800000c0 (0x0000006f)
core   0: 3 0x800000c0 (0x0000006f)
core   0: 3 0x800000c0 (0x0000006f)
core   0: 3 0x800000c0 (0x0000006f)
core   0: 3 0x800000c0 (0x0000006f)
core   0: 3 0x800000c0 (0x0000006f)
core   0: 3 0x800000c0 (0x0000006f)
core   0: 3 0x800000c0 (0x0000006f)
core   0: 3 0x800000c0 (0x0000006f)
core   0: 3 0x800000c0 (0x0000006f)
core   0: 3 0x800000c0 (0x0000006f)
core   0: 3 0x800000c0 (0x0000006f)
core   0: 3 0x800000c0 (0x0000006f)
core   0: 3 0x800000c0 (0x0000006f)
core   0: 3 0x800000c0 (0x0000006f)
core   0: 3 0x800000c0 (0x0000006f)
core   0: 3 0x800000c0 (0x0000006f)
core   0: 3 0x800000c0 (0x0000006f)
core   0: 3 0x800000c0 (0x0000006f)
core   0: 3 0x800000c0 (0x0000006f)
core   0: 3 0x800000c0 (0x0000006f)
core   0: 3 0x800000c0 (0x0000006f)
core   0: 3 0x800000c0 (0x0000006f)
core   0: 3 0x800000c0 (0x0000006f)
core   0: 3 0x800000c0 (0x0000006f)
core   0: 3 0x800000c0 (0x0000006f)
core   0: 3 0x800000c0 (0x0000006f)
core   0: 3 0x800000c0 (0x0000006f)
core   0: 3 0x800000c0 (0x0000006f)
core   0: 3 0x800000c0 (0x0000006f)
core   0: 3 0x800000c0 (0x0000006f)
core   0: 3 0x800000c0 (0x0000006f)
core   0: 3 0x800000c0 (0x0000006f)
core   0: 3 0x800000c0 (0x0000006f)
core   0: 3 0x800000c0 (0x0000006f)
core   0: 3 0x800000c0 (0x0000006f)
core   0: 3 0x800000c0 (0x0000006f)
core   0: 3 0x800000c0 (0x0000006f)
core   0: 3 0x800000c0 (0x0000006f)
core   0: 3 0x800000c0 (0x0000006f)
core   0: 3 0x800000c0 (0x0000006f)
core   0: 3 0x800000c0 (0x0000006f)
core   0: 3 0x800000c0 (0x0000006f)
core   0: 3 0x800000c0 (0x0000006f)
core   0: 3 0x800000c0 (0x0000006f)
core   0: 3 0x800000c0 (0x0000006f)
core   0: 3 0x800000c0 (0x0000006f)
core   0: 3 0x800000c0 (0x0000006f)
core   0: 3 0x800000c0 (0x0000006f)
core   0: 3 0x800000c0 (0x0000006f)
core   0: 3 0x800000c0 (0x0000006f)
core   0: 3 0x800000c0 (0x0000006f)
core   0: 3 0x800000c0 (0x0000006f)
core   0: 3 0x800000c0 (0x0000006f)
core   0: 3 0x800000c0 (0x0000006f)
core   0: 3 0x800000c0 (0x0000006f)
core   0: 3 0x800000c0 (0x0000006f)
core   0: 3 0x800000c0 (0x0000006f)
core   0: 3 0x800000c0 (0x0000006f)
core   0: 3 0x800000c0 (0x0000006f)
core   0: 3 0x800000c0 (0x0000006f)
core   0: 3 0x800000c0 (0x0000006f)
core   0: 3 0x800000c0 (0x0000006f)
core   0: 3 0x800000c0 (0x0000006f)
core   0: 3 0x800000c0 (0x0000006f)
core   0: 3 0x800000c0 (0x0000006f)
core   0: 3 0x800000c0 (0x0000006f)
core   0: 3 0x800000c0 (0x0000006f)
core   0: 3 0x800000c0 (0x0000006f)
core   0: 3 0x800000c0 (0x0000006f)
core   0: 3 0x800000c0 (0x0000006f)
core   0: 3 0x800000c0 (0x0000006f)
core   0: 3 0x800000c0 (0x0000006f)
core   0: 3 0x800000c0 (0x0000006f)
core   0: 3 0x800000c0 (0x0000006f)
core   0: 3 0x800000c0 (0x0000006f)
core   0: 3 0x800000c0 (0x0000006f)
core   0: 3 0x800000c0 (0x0000006f)
core   0: 3 0x800000c0 (0x0000006f)
core   0: 3 0x800000c0 (0x0000006f)
core   0: 3 0x800000c0 (0x0000006f)
core   0: 3 0x800000c0 (0x0000006f)
core   0: 3 0x800000c0 (0x0000006f)
core   0: 3 0x800000c0 (0x0000006f)
core   0: 3 0x800000c0 (0x0000006f)
core   0: 3 0x800000c0 (0x0000006f)
core   0: 3 0x800000c0 (0x0000006f)
core   0: 3 0x800000c0 (0x0000006f)
core   0: 3 0x800000c0 (0x0000006f)
core   0: 3 0x800000c0 (0x0000006f)
core   0: 3 0x800000c0 (0x0000006f)
core   0: 3 0x800000c0 (0x0000006f)
core   0: 3 0x800000c0 (0x0000006f)
core   0: 3 0x800000c0 (0x0000006f)
core   0: 3 0x800000c0 (0x0000006f)
core   0: 3 0x800000c0 (0x0000006f)
core   0: 3 0x800000c0 (0x0000006f)
core   0: 3 0x800000c0 (0x0000006f)
core   0: 3 0x800000c0 (0x0000006f)
core   0: 3 0x800000c0 (0x0000006f)
core   0: 3 0x800000c0 (0x0000006f)
core   0: 3 0x800000c0 (0x0000006f)
core   0: 3 0x800000c0 (0x0000006f)
core   0: 3 0x800000c0 (0x0000006f)
core   0: 3 0x800000c0 (0x0000006f)
core   0: 3 0x800000c0 (0x0000006f)
core   0: 3 0x800000c0 (0x0000006f)
core   0: 3 0x800000c0 (0x0000006f)
core   0: 3 0x800000c0 (0x0000006f)
core   0: 3 0x800000c0 (0x0000006f)
core   0: 3 0x800000c0 (0x0000006f)
core   0: 3 0x800000c0 (0x0000006f)
core   0: 3 0x800000c0 (0x0000006f)
core   0: 3 0x800000c0 (0x0000006f)
core   0: 3 0x800000c0 (0x0000006f)
core   0: 3 0x800000c0 (0x0000006f)
core   0: 3 0x800000c0 (0x0000006f)
core   0: 3 0x800000c0 (0x0000006f)
core   0: 3 0x800000c0 (0x0000006f)
core   0: 3 0x800000c0 (0x0000006f)
core   0: 3 0x800000c0 (0x0000006f)
core   0: 3 0x800000c0 (0x0000006f)
core   0: 3 0x800000c0 (0x0000006f)
core   0: 3 0x800000c0 (0x0000006f)
core   0: 3 0x800000c0 (0x0000006f)
core   0: 3 0x800000c0 (0x0000006f)
core   0: 3 0x800000c0 (0x0000006f)
core   0: 3 0x800000c0 (0x0000006f)
core   0: 3 0x800000c0 (0x0000006f)
core   0: 3 0x800000c0 (0x0000006f)
core   0: 3 0x800000c0 (0x0000006f)
core   0: 3 0x800000c0 (0x0000006f)
core   0: 3 0x800000c0 (0x0000006f)
core   0: 3 0x800000c0 (0x0000006f)
core   0: 3 0x800000c0 (0x0000006f)
core   0: 3 0x800000c0 (0x0000006f)
core   0: 3 0x800000c0 (0x0000006f)
core   0: 3 0x800000c0 (0x0000006f)
core   0: 3 0x800000c0 (0x0000006f)
core   0: 3 0x800000c0 (0x0000006f)
core   0: 3 0x800000c0 (0x0000006f)
core   0: 3 0x800000c0 (0x0000006f)
core   0: 3 0x800000c0 (0x0000006f)
core   0: 3 0x800000c0 (0x0000006f)
core   0: 3 0x800000c0 (0x0000006f)
core   0: 3 0x800000c0 (0x0000006f)
core   0: 3 0x800000c0 (0x0000006f)
core   0: 3 0x800000c0 (0x0000006f)
core   0: 3 0x800000c0 (0x0000006f)
core   0: 3 0x800000c0 (0x0000006f)
core   0: 3 0x800000c0 (0x0000006f)
core   0: 3 0x800000c0 (0x0000006f)
core   0: 3 0x800000c0 (0x0000006f)
core   0: 3 0x800000c0 (0x0000006f)
core   0: 3 0x800000c0 (0x0000006f)
core   0: 3 0x800000c0 (0x0000006f)
core   0: 3 0x800000c0 (0x0000006f)
core   0: 3 0x800000c0 (0x0000006f)
core   0: 3 0x800000c0 (0x0000006f)
core   0: 3 0x800000c0 (0x0000006f)
core   0: 3 0x800000c0 (0x0000006f)
core   0: 3 0x800000c0 (0x0000006f)
core   0: 3 0x800000c0 (0x0000006f)
core   0: 3 0x800000c0 (0x0000006f)
core   0: 3 0x800000c0 (0x0000006f)
core   0: 3 0x800000c0 (0x0000006f)
core   0: 3 0x800000c0 (0x0000006f)
core   0: 3 0x800000c0 (0x0000006f)
core   0: 3 0x800000c0 (0x0000006f)
core   0: 3 0x800000c0 (0x0000006f)
core   0: 3 0x800000c0 (0x0000006f)
core   0: 3 0x800000c0 (0x0000006f)
core   0: 3 0x800000c0 (0x0000006f)
core   0: 3 0x800000c0 (0x0000006f)
core   0: 3 0x800000c0 (0x0000006f)
core   0: 3 0x800000c0 (0x0000006f)
core   0: 3 0x800000c0 (0x0000006f)
core   0: 3 0x800000c0 (0x0000006f)
core   0: 3 0x800000c0 (0x0000006f)
core   0: 3 0x800000c0 (0x0000006f)
core   0: 3 0x800000c0 (0x0000006f)
core   0: 3 0x800000c0 (0x0000006f)
core   0: 3 0x800000c0 (0x0000006f)
core   0: 3 0x800000c0 (0x0000006f)
core   0: 3 0x800000c0 (0x0000006f)
core   0: 3 0x800000c0 (0x0000006f)
core   0: 3 0x800000c0 (0x0000006f)
core   0: 3 0x800000c0 (0x0000006f)
core   0: 3 0x800000c0 (0x0000006f)
core   0: 3 0x800000c0 (0x0000006f)
core   0: 3 0x800000c0 (0x0000006f)
core   0: 3 0x800000c0 (0x0000006f)
core   0: 3 0x800000c0 (0x0000006f)
core   0: 3 0x800000c0 (0x0000006f)
core   0: 3 0x800000c0 (0x0000006f)
core   0: 3 0x800000c0 (0x0000006f)
core   0: 3 0x800000c0 (0x0000006f)
core   0: 3 0x800000c0 (0x0000006f)
core   0: 3 0x800000c0 (0x0000006f)
core   0: 3 0x800000c0 (0x0000006f)
core   0: 3 0x800000c0 (0x0000006f)
core   0: 3 0x800000c0 (0x0000006f)
core   0: 3 0x800000c0 (0x0000006f)
core   0: 3 0x800000c0 (0x0000006f)
core   0: 3 0x800000c0 (0x0000006f)
core   0: 3 0x800000c0 (0x0000006f)
core   0: 3 0x800000c0 (0x0000006f)
core   0: 3 0x800000c0 (0x0000006f)
core   0: 3 0x800000c0 (0x0000006f)
core   0: 3 0x800000c0 (0x0000006f)
core   0: 3 0x800000c0 (0x0000006f)
core   0: 3 0x800000c0 (0x0000006f)
core   0: 3 0x800000c0 (0x0000006f)
core   0: 3 0x800000c0 (0x0000006f)
core   0: 3 0x800000c0 (0x0000006f)
core   0: 3 0x800000c0 (0x0000006f)
core   0: 3 0x800000c0 (0x0000006f)
core   0: 3 0x800000c0 (0x0000006f)
core   0: 3 0x800000c0 (0x0000006f)
core   0: 3 0x800000c0 (0x0000006f)
core   0: 3 0x800000c0 (0x0000006f)
core   0: 3 0x800000c0 (0x0000006f)
core   0: 3 0x800000c0 (0x0000006f)
core   0: 3 0x800000c0 (0x0000006f)
core   0: 3 0x800000c0 (0x0000006f)
core   0: 3 0x800000c0 (0x0000006f)
core   0: 3 0x800000c0 (0x0000006f)
core   0: 3 0x800000c0 (0x0000006f)
core   0: 3 0x800000c0 (0x0000006f)
core   0: 3 0x800000c0 (0x0000006f)
core   0: 3 0x800000c0 (0x0000006f)
core   0: 3 0x800000c0 (0x0000006f)
core   0: 3 0x800000c0 (0x0000006f)
core   0: 3 0x800000c0 (0x0000006f)
core   0: 3 0x800000c0 (0x0000006f)
core   0: 3 0x800000c0 (0x0000006f)
core   0: 3 0x800000c0 (0x0000006f)
core   0: 3 0x800000c0 (0x0000006f)
core   0: 3 0x800000c0 (0x0000006f)
core   0: 3 0x800000c0 (0x0000006f)
core   0: 3 0x800000c0 (0x0000006f)
core   0: 3 0x800000c0 (0x0000006f)
core   0: 3 0x800000c0 (0x0000006f)
core   0: 3 0x800000c0 (0x0000006f)
core   0: 3 0x800000c0 (0x0000006f)
core   0: 3 0x800000c0 (0x0000006f)
core   0: 3 0x800000c0 (0x0000006f)
core   0: 3 0x800000c0 (0x0000006f)
core   0: 3 0x800000c0 (0x0000006f)
core   0: 3 0x800000c0 (0x0000006f)
core   0: 3 0x800000c0 (0x0000006f)
core   0: 3 0x800000c0 (0x0000006f)
core   0: 3 0x800000c0 (0x0000006f)
core   0: 3 0x800000c0 (0x0000006f)
core   0: 3 0x800000c0 (0x0000006f)
core   0: 3 0x800000c0 (0x0000006f)
core   0: 3 0x800000c0 (0x0000006f)
core   0: 3 0x800000c0 (0x0000006f)
core   0: 3 0x800000c0 (0x0000006f)
core   0: 3 0x800000c0 (0x0000006f)
core   0: 3 0x800000c0 (0x0000006f)
core   0: 3 0x800000c0 (0x0000006f)
core   0: 3 0x800000c0 (0x0000006f)
core   0: 3 0x800000c0 (0x0000006f)
core   0: 3 0x800000c0 (0x0000006f)
core   0: 3 0x800000c0 (0x0000006f)
core   0: 3 0x800000c0 (0x0000006f)
core   0: 3 0x800000c0 (0x0000006f)
core   0: 3 0x800000c0 (0x0000006f)
core   0: 3 0x800000c0 (0x0000006f)
core   0: 3 0x800000c0 (0x0000006f)
core   0: 3 0x800000c0 (0x0000006f)
core   0: 3 0x800000c0 (0x0000006f)
core   0: 3 0x800000c0 (0x0000006f)
core   0: 3 0x800000c0 (0x0000006f)
core   0: 3 0x800000c0 (0x0000006f)
core   0: 3 0x800000c0 (0x0000006f)
core   0: 3 0x800000c0 (0x0000006f)
core   0: 3 0x800000c0 (0x0000006f)
core   0: 3 0x800000c0 (0x0000006f)
core   0: 3 0x800000c0 (0x0000006f)
core   0: 3 0x800000c0 (0x0000006f)
core   0: 3 0x800000c0 (0x0000006f)
core   0: 3 0x800000c0 (0x0000006f)
core   0: 3 0x800000c0 (0x0000006f)
core   0: 3 0x800000c0 (0x0000006f)
core   0: 3 0x800000c0 (0x0000006f)
core   0: 3 0x800000c0 (0x0000006f)
core   0: 3 0x800000c0 (0x0000006f)
core   0: 3 0x800000c0 (0x0000006f)
core   0: 3 0x800000c0 (0x0000006f)
core   0: 3 0x800000c0 (0x0000006f)
core   0: 3 0x800000c0 (0x0000006f)
core   0: 3 0x800000c0 (0x0000006f)
core   0: 3 0x800000c0 (0x0000006f)
core   0: 3 0x800000c0 (0x0000006f)
core   0: 3 0x800000c0 (0x0000006f)
core   0: 3 0x800000c0 (0x0000006f)
core   0: 3 0x800000c0 (0x0000006f)
core   0: 3 0x800000c0 (0x0000006f)
core   0: 3 0x800000c0 (0x0000006f)
core   0: 3 0x800000c0 (0x0000006f)
core   0: 3 0x800000c0 (0x0000006f)
core   0: 3 0x800000c0 (0x0000006f)
core   0: 3 0x800000c0 (0x0000006f)
core   0: 3 0x800000c0 (0x0000006f)
core   0: 3 0x800000c0 (0x0000006f)
core   0: 3 0x800000c0 (0x0000006f)
core   0: 3 0x800000c0 (0x0000006f)
core   0: 3 0x800000c0 (0x0000006f)
core   0: 3 0x800000c0 (0x0000006f)
core   0: 3 0x800000c0 (0x0000006f)
core   0: 3 0x800000c0 (0x0000006f)
core   0: 3 0x800000c0 (0x0000006f)
core   0: 3 0x800000c0 (0x0000006f)
core   0: 3 0x800000c0 (0x0000006f)
core   0: 3 0x800000c0 (0x0000006f)
core   0: 3 0x800000c0 (0x0000006f)
core   0: 3 0x800000c0 (0x0000006f)
core   0: 3 0x800000c0 (0x0000006f)
core   0: 3 0x800000c0 (0x0000006f)
core   0: 3 0x800000c0 (0x0000006f)
core   0: 3 0x800000c0 (0x0000006f)
core   0: 3 0x800000c0 (0x0000006f)
core   0: 3 0x800000c0 (0x0000006f)
core   0: 3 0x800000c0 (0x0000006f)
core   0: 3 0x800000c0 (0x0000006f)
core   0: 3 0x800000c0 (0x0000006f)
core   0: 3 0x800000c0 (0x0000006f)
core   0: 3 0x800000c0 (0x0000006f)
core   0: 3 0x800000c0 (0x0000006f)
core   0: 3 0x800000c0 (0x0000006f)
core   0: 3 0x800000c0 (0x0000006f)
core   0: 3 0x800000c0 (0x0000006f)
core   0: 3 0x800000c0 (0x0000006f)
core   0: 3 0x800000c0 (0x0000006f)
core   0: 3 0x800000c0 (0x0000006f)
core   0: 3 0x800000c0 (0x0000006f)
core   0: 3 0x800000c0 (0x0000006f)
core   0: 3 0x800000c0 (0x0000006f)
core   0: 3 0x800000c0 (0x0000006f)
core   0: 3 0x800000c0 (0x0000006f)
core   0: 3 0x800000c0 (0x0000006f)
core   0: 3 0x800000c0 (0x0000006f)
core   0: 3 0x800000c0 (0x0000006f)
core   0: 3 0x800000c0 (0x0000006f)
core   0: 3 0x800000c0 (0x0000006f)
core   0: 3 0x800000c0 (0x0000006f)
core   0: 3 0x800000c0 (0x0000006f)
core   0: 3 0x800000c0 (0x0000006f)
core   0: 3 0x800000c0 (0x0000006f)
core   0: 3 0x800000c0 (0x0000006f)
core   0: 3 0x800000c0 (0x0000006f)
core   0: 3 0x800000c0 (0x0000006f)
core   0: 3 0x800000c0 (0x0000006f)
core   0: 3 0x800000c0 (0x0000006f)
core   0: 3 0x800000c0 (0x0000006f)
core   0: 3 0x800000c0 (0x0000006f)
core   0: 3 0x800000c0 (0x0000006f)
core   0: 3 0x800000c0 (0x0000006f)
core   0: 3 0x800000c0 (0x0000006f)
core   0: 3 0x800000c0 (0x0000006f)
core   0: 3 0x800000c0 (0x0000006f)
core   0: 3 0x800000c0 (0x0000006f)
core   0: 3 0x800000c0 (0x0000006f)
core   0: 3 0x800000c0 (0x0000006f)
core   0: 3 0x800000c0 (0x0000006f)
core   0: 3 0x800000c0 (0x0000006f)
core   0: 3 0x800000c0 (0x0000006f)
core   0: 3 0x800000c0 (0x0000006f)
core   0: 3 0x800000c0 (0x0000006f)
core   0: 3 0x800000c0 (0x0000006f)
core   0: 3 0x800000c0 (0x0000006f)
core   0: 3 0x800000c0 (0x0000006f)
core   0: 3 0x800000c0 (0x0000006f)
core   0: 3 0x800000c0 (0x0000006f)
core   0: 3 0x800000c0 (0x0000006f)
core   0: 3 0x800000c0 (0x0000006f)
core   0: 3 0x800000c0 (0x0000006f)
core   0: 3 0x800000c0 (0x0000006f)
core   0: 3 0x800000c0 (0x0000006f)
core   0: 3 0x800000c0 (0x0000006f)
core   0: 3 0x800000c0 (0x0000006f)
core   0: 3 0x800000c0 (0x0000006f)
core   0: 3 0x800000c0 (0x0000006f)
core   0: 3 0x800000c0 (0x0000006f)
core   0: 3 0x800000c0 (0x0000006f)
core   0: 3 0x800000c0 (0x0000006f)
core   0: 3 0x800000c0 (0x0000006f)
core   0: 3 0x800000c0 (0x0000006f)
core   0: 3 0x800000c0 (0x0000006f)
core   0: 3 0x800000c0 (0x0000006f)
core   0: 3 0x800000c0 (0x0000006f)
core   0: 3 0x800000c0 (0x0000006f)
core   0: 3 0x800000c0 (0x0000006f)
core   0: 3 0x800000c0 (0x0000006f)
core   0: 3 0x800000c0 (0x0000006f)
core   0: 3 0x800000c0 (0x0000006f)
core   0: 3 0x800000c0 (0x0000006f)
core   0: 3 0x800000c0 (0x0000006f)
core   0: 3 0x800000c0 (0x0000006f)
core   0: 3 0x800000c0 (0x0000006f)
core   0: 3 0x800000c0 (0x0000006f)
core   0: 3 0x800000c0 (0x0000006f)
core   0: 3 0x800000c0 (0x0000006f)
core   0: 3 0x800000c0 (0x0000006f)
core   0: 3 0x800000c0 (0x0000006f)
core   0: 3 0x800000c0 (0x0000006f)
core   0: 3 0x800000c0 (0x0000006f)
core   0: 3 0x800000c0 (0x0000006f)
core   0: 3 0x800000c0 (0x0000006f)
core   0: 3 0x800000c0 (0x0000006f)
core   0: 3 0x800000c0 (0x0000006f)
core   0: 3 0x800000c0 (0x0000006f)
core   0: 3 0x800000c0 (0x0000006f)
core   0: 3 0x800000c0 (0x0000006f)
core   0: 3 0x800000c0 (0x0000006f)
core   0: 3 0x800000c0 (0x0000006f)
core   0: 3 0x800000c0 (0x0000006f)
core   0: 3 0x800000c0 (0x0000006f)
core   0: 3 0x800000c0 (0x0000006f)
core   0: 3 0x800000c0 (0x0000006f)
core   0: 3 0x800000c0 (0x0000006f)
core   0: 3 0x800000c0 (0x0000006f)
core   0: 3 0x800000c0 (0x0000006f)
core   0: 3 0x800000c0 (0x0000006f)
core   0: 3 0x800000c0 (0x0000006f)
core   0: 3 0x800000c0 (0x0000006f)
core   0: 3 0x800000c0 (0x0000006f)
core   0: 3 0x800000c0 (0x0000006f)
core   0: 3 0x800000c0 (0x0000006f)
core   0: 3 0x800000c0 (0x0000006f)
core   0: 3 0x800000c0 (0x0000006f)
core   0: 3 0x800000c0 (0x0000006f)
core   0: 3 0x800000c0 (0x0000006f)
core   0: 3 0x800000c0 (0x0000006f)
core   0: 3 0x800000c0 (0x0000006f)
core   0: 3 0x800000c0 (0x0000006f)
core   0: 3 0x800000c0 (0x0000006f)
core   0: 3 0x800000c0 (0x0000006f)
core   0: 3 0x800000c0 (0x0000006f)
core   0: 3 0x800000c0 (0x0000006f)
core   0: 3 0x800000c0 (0x0000006f)
core   0: 3 0x800000c0 (0x0000006f)
core   0: 3 0x800000c0 (0x0000006f)
core   0: 3 0x800000c0 (0x0000006f)
core   0: 3 0x800000c0 (0x0000006f)
core   0: 3 0x800000c0 (0x0000006f)
core   0: 3 0x800000c0 (0x0000006f)
core   0: 3 0x800000c0 (0x0000006f)
core   0: 3 0x800000c0 (0x0000006f)
core   0: 3 0x800000c0 (0x0000006f)
core   0: 3 0x800000c0 (0x0000006f)
core   0: 3 0x800000c0 (0x0000006f)
core   0: 3 0x800000c0 (0x0000006f)
core   0: 3 0x800000c0 (0x0000006f)
core   0: 3 0x800000c0 (0x0000006f)
core   0: 3 0x800000c0 (0x0000006f)
core   0: 3 0x800000c0 (0x0000006f)
core   0: 3 0x800000c0 (0x0000006f)
core   0: 3 0x800000c0 (0x0000006f)
core   0: 3 0x800000c0 (0x0000006f)
core   0: 3 0x800000c0 (0x0000006f)
core   0: 3 0x800000c0 (0x0000006f)
core   0: 3 0x800000c0 (0x0000006f)
core   0: 3 0x800000c0 (0x0000006f)
core   0: 3 0x800000c0 (0x0000006f)
core   0: 3 0x800000c0 (0x0000006f)
core   0: 3 0x800000c0 (0x0000006f)
core   0: 3 0x800000c0 (0x0000006f)
core   0: 3 0x800000c0 (0x0000006f)
core   0: 3 0x800000c0 (0x0000006f)
core   0: 3 0x800000c0 (0x0000006f)
core   0: 3 0x800000c0 (0x0000006f)
core   0: 3 0x800000c0 (0x0000006f)
core   0: 3 0x800000c0 (0x0000006f)
core   0: 3 0x800000c0 (0x0000006f)
core   0: 3 0x800000c0 (0x0000006f)
core   0: 3 0x800000c0 (0x0000006f)
core   0: 3 0x800000c0 (0x0000006f)
core   0: 3 0x800000c0 (0x0000006f)
core   0: 3 0x800000c0 (0x0000006f)
core   0: 3 0x800000c0 (0x0000006f)
core   0: 3 0x800000c0 (0x0000006f)
core   0: 3 0x800000c0 (0x0000006f)
core   0: 3 0x800000c0 (0x0000006f)
core   0: 3 0x800000c0 (0x0000006f)
core   0: 3 0x800000c0 (0x0000006f)
core   0: 3 0x800000c0 (0x0000006f)
core   0: 3 0x800000c0 (0x0000006f)
core   0: 3 0x800000c0 (0x0000006f)
core   0: 3 0x800000c0 (0x0000006f)
core   0: 3 0x800000c0 (0x0000006f)
core   0: 3 0x800000c0 (0x0000006f)
core   0: 3 0x800000c0 (0x0000006f)
core   0: 3 0x800000c0 (0x0000006f)
core   0: 3 0x800000c0 (0x0000006f)
core   0: 3 0x800000c0 (0x0000006f)
core   0: 3 0x800000c0 (0x0000006f)
core   0: 3 0x800000c0 (0x0000006f)
core   0: 3 0x800000c0 (0x0000006f)
core   0: 3 0x800000c0 (0x0000006f)
core   0: 3 0x800000c0 (0x0000006f)
core   0: 3 0x800000c0 (0x0000006f)
core   0: 3 0x800000c0 (0x0000006f)
core   0: 3 0x800000c0 (0x0000006f)
core   0: 3 0x800000c0 (0x0000006f)
core   0: 3 0x800000c0 (0x0000006f)
core   0: 3 0x800000c0 (0x0000006f)
core   0: 3 0x800000c0 (0x0000006f)
core   0: 3 0x800000c0 (0x0000006f)
core   0: 3 0x800000c0 (0x0000006f)
core   0: 3 0x800000c0 (0x0000006f)
core   0: 3 0x800000c0 (0x0000006f)
core   0: 3 0x800000c0 (0x0000006f)
core   0: 3 0x800000c0 (0x0000006f)
core   0: 3 0x800000c0 (0x0000006f)
core   0: 3 0x800000c0 (0x0000006f)
core   0: 3 0x800000c0 (0x0000006f)
core   0: 3 0x800000c0 (0x0000006f)
core   0: 3 0x800000c0 (0x0000006f)
core   0: 3 0x800000c0 (0x0000006f)
core   0: 3 0x800000c0 (0x0000006f)
core   0: 3 0x800000c0 (0x0000006f)
core   0: 3 0x800000c0 (0x0000006f)
core   0: 3 0x800000c0 (0x0000006f)
core   0: 3 0x800000c0 (0x0000006f)
core   0: 3 0x800000c0 (0x0000006f)
core   0: 3 0x800000c0 (0x0000006f)
core   0: 3 0x800000c0 (0x0000006f)
core   0: 3 0x800000c0 (0x0000006f)
core   0: 3 0x800000c0 (0x0000006f)
core   0: 3 0x800000c0 (0x0000006f)
core   0: 3 0x800000c0 (0x0000006f)
core   0: 3 0x800000c0 (0x0000006f)
core   0: 3 0x800000c0 (0x0000006f)
core   0: 3 0x800000c0 (0x0000006f)
core   0: 3 0x800000c0 (0x0000006f)
core   0: 3 0x800000c0 (0x0000006f)
core   0: 3 0x800000c0 (0x0000006f)
core   0: 3 0x800000c0 (0x0000006f)
core   0: 3 0x800000c0 (0x0000006f)
core   0: 3 0x800000c0 (0x0000006f)
core   0: 3 0x800000c0 (0x0000006f)
core   0: 3 0x800000c0 (0x0000006f)
core   0: 3 0x800000c0 (0x0000006f)
core   0: 3 0x800000c0 (0x0000006f)
core   0: 3 0x800000c0 (0x0000006f)
core   0: 3 0x800000c0 (0x0000006f)
core   0: 3 0x800000c0 (0x0000006f)
core   0: 3 0x800000c0 (0x0000006f)
core   0: 3 0x800000c0 (0x0000006f)
core   0: 3 0x800000c0 (0x0000006f)
core   0: 3 0x800000c0 (0x0000006f)
core   0: 3 0x800000c0 (0x0000006f)
core   0: 3 0x800000c0 (0x0000006f)
core   0: 3 0x800000c0 (0x0000006f)
core   0: 3 0x800000c0 (0x0000006f)
core   0: 3 0x800000c0 (0x0000006f)
core   0: 3 0x800000c0 (0x0000006f)
core   0: 3 0x800000c0 (0x0000006f)
core   0: 3 0x800000c0 (0x0000006f)
core   0: 3 0x800000c0 (0x0000006f)
core   0: 3 0x800000c0 (0x0000006f)
core   0: 3 0x800000c0 (0x0000006f)
core   0: 3 0x800000c0 (0x0000006f)
core   0: 3 0x800000c0 (0x0000006f)
core   0: 3 0x800000c0 (0x0000006f)
core   0: 3 0x800000c0 (0x0000006f)
core   0: 3 0x800000c0 (0x0000006f)
core   0: 3 0x800000c0 (0x0000006f)
core   0: 3 0x800000c0 (0x0000006f)
core   0: 3 0x800000c0 (0x0000006f)
core   0: 3 0x800000c0 (0x0000006f)
core   0: 3 0x800000c0 (0x0000006f)
core   0: 3 0x800000c0 (0x0000006f)
core   0: 3 0x800000c0 (0x0000006f)
core   0: 3 0x800000c0 (0x0000006f)
core   0: 3 0x800000c0 (0x0000006f)
core   0: 3 0x800000c0 (0x0000006f)
core   0: 3 0x800000c0 (0x0000006f)
core   0: 3 0x800000c0 (0x0000006f)
core   0: 3 0x800000c0 (0x0000006f)
core   0: 3 0x800000c0 (0x0000006f)
core   0: 3 0x800000c0 (0x0000006f)
core   0: 3 0x800000c0 (0x0000006f)
core   0: 3 0x800000c0 (0x0000006f)
core   0: 3 0x800000c0 (0x0000006f)
core   0: 3 0x800000c0 (0x0000006f)
core   0: 3 0x800000c0 (0x0000006f)
core   0: 3 0x800000c0 (0x0000006f)
core   0: 3 0x800000c0 (0x0000006f)
core   0: 3 0x800000c0 (0x0000006f)
core   0: 3 0x800000c0 (0x0000006f)
core   0: 3 0x800000c0 (0x0000006f)
core   0: 3 0x800000c0 (0x0000006f)
core   0: 3 0x800000c0 (0x0000006f)
core   0: 3 0x800000c0 (0x0000006f)
core   0: 3 0x800000c0 (0x0000006f)
core   0: 3 0x800000c0 (0x0000006f)
core   0: 3 0x800000c0 (0x0000006f)
core   0: 3 0x800000c0 (0x0000006f)
core   0: 3 0x800000c0 (0x0000006f)
core   0: 3 0x800000c0 (0x0000006f)
core   0: 3 0x800000c0 (0x0000006f)
core   0: 3 0x800000c0 (0x0000006f)
core   0: 3 0x800000c0 (0x0000006f)
core   0: 3 0x800000c0 (0x0000006f)
core   0: 3 0x800000c0 (0x0000006f)
core   0: 3 0x800000c0 (0x0000006f)
core   0: 3 0x800000c0 (0x0000006f)
core   0: 3 0x800000c0 (0x0000006f)
core   0: 3 0x800000c0 (0x0000006f)
core   0: 3 0x800000c0 (0x0000006f)
core   0: 3 0x800000c0 (0x0000006f)
core   0: 3 0x800000c0 (0x0000006f)
core   0: 3 0x800000c0 (0x0000006f)
core   0: 3 0x800000c0 (0x0000006f)
core   0: 3 0x800000c0 (0x0000006f)
core   0: 3 0x800000c0 (0x0000006f)
core   0: 3 0x800000c0 (0x0000006f)
core   0: 3 0x800000c0 (0x0000006f)
core   0: 3 0x800000c0 (0x0000006f)
core   0: 3 0x800000c0 (0x0000006f)
core   0: 3 0x800000c0 (0x0000006f)
core   0: 3 0x800000c0 (0x0000006f)
core   0: 3 0x800000c0 (0x0000006f)
core   0: 3 0x800000c0 (0x0000006f)
core   0: 3 0x800000c0 (0x0000006f)
core   0: 3 0x800000c0 (0x0000006f)
core   0: 3 0x800000c0 (0x0000006f)
core   0: 3 0x800000c0 (0x0000006f)
core   0: 3 0x800000c0 (0x0000006f)
core   0: 3 0x800000c0 (0x0000006f)
core   0: 3 0x800000c0 (0x0000006f)
core   0: 3 0x800000c0 (0x0000006f)
core   0: 3 0x800000c0 (0x0000006f)
core   0: 3 0x800000c0 (0x0000006f)
core   0: 3 0x800000c0 (0x0000006f)
core   0: 3 0x800000c0 (0x0000006f)
core   0: 3 0x800000c0 (0x0000006f)
core   0: 3 0x800000c0 (0x0000006f)
core   0: 3 0x800000c0 (0x0000006f)
core   0: 3 0x800000c0 (0x0000006f)
core   0: 3 0x800000c0 (0x0000006f)
core   0: 3 0x800000c0 (0x0000006f)
core   0: 3 0x800000c0 (0x0000006f)
core   0: 3 0x800000c0 (0x0000006f)
core   0: 3 0x800000c0 (0x0000006f)
core   0: 3 0x800000c0 (0x0000006f)
core   0: 3 0x800000c0 (0x0000006f)
core   0: 3 0x800000c0 (0x0000006f)
core   0: 3 0x800000c0 (0x0000006f)
core   0: 3 0x800000c0 (0x0000006f)
core   0: 3 0x800000c0 (0x0000006f)
core   0: 3 0x800000c0 (0x0000006f)
core   0: 3 0x800000c0 (0x0000006f)
core   0: 3 0x800000c0 (0x0000006f)
core   0: 3 0x800000c0 (0x0000006f)
core   0: 3 0x800000c0 (0x0000006f)
core   0: 3 0x800000c0 (0x0000006f)
core   0: 3 0x800000c0 (0x0000006f)
core   0: 3 0x800000c0 (0x0000006f)
core   0: 3 0x800000c0 (0x0000006f)
core   0: 3 0x800000c0 (0x0000006f)
core   0: 3 0x800000c0 (0x0000006f)
core   0: 3 0x800000c0 (0x0000006f)
core   0: 3 0x800000c0 (0x0000006f)
core   0: 3 0x800000c0 (0x0000006f)
core   0: 3 0x800000c0 (0x0000006f)
core   0: 3 0x800000c0 (0x0000006f)
core   0: 3 0x800000c0 (0x0000006f)
core   0: 3 0x800000c0 (0x0000006f)
core   0: 3 0x800000c0 (0x0000006f)
core   0: 3 0x800000c0 (0x0000006f)
core   0: 3 0x800000c0 (0x0000006f)
core   0: 3 0x800000c0 (0x0000006f)
core   0: 3 0x800000c0 (0x0000006f)
core   0: 3 0x800000c0 (0x0000006f)
core   0: 3 0x800000c0 (0x0000006f)
core   0: 3 0x800000c0 (0x0000006f)
core   0: 3 0x800000c0 (0x0000006f)
core   0: 3 0x800000c0 (0x0000006f)
core   0: 3 0x800000c0 (0x0000006f)
core   0: 3 0x800000c0 (0x0000006f)
core   0: 3 0x800000c0 (0x0000006f)
core   0: 3 0x800000c0 (0x0000006f)
core   0: 3 0x800000c0 (0x0000006f)
core   0: 3 0x800000c0 (0x0000006f)
core   0: 3 0x800000c0 (0x0000006f)
core   0: 3 0x800000c0 (0x0000006f)
core   0: 3 0x800000c0 (0x0000006f)
core   0: 3 0x800000c0 (0x0000006f)
core   0: 3 0x800000c0 (0x0000006f)
core   0: 3 0x800000c0 (0x0000006f)
core   0: 3 0x800000c0 (0x0000006f)
core   0: 3 0x800000c0 (0x0000006f)
core   0: 3 0x800000c0 (0x0000006f)
core   0: 3 0x800000c0 (0x0000006f)
core   0: 3 0x800000c0 (0x0000006f)
core   0: 3 0x800000c0 (0x0000006f)
core   0: 3 0x800000c0 (0x0000006f)
core   0: 3 0x800000c0 (0x0000006f)
core   0: 3 0x800000c0 (0x0000006f)
core   0: 3 0x800000c0 (0x0000006f)
core   0: 3 0x800000c0 (0x0000006f)
core   0: 3 0x800000c0 (0x0000006f)
core   0: 3 0x800000c0 (0x0000006f)
core   0: 3 0x800000c0 (0x0000006f)
core   0: 3 0x800000c0 (0x0000006f)
core   0: 3 0x800000c0 (0x0000006f)
core   0: 3 0x800000c0 (0x0000006f)
core   0: 3 0x800000c0 (0x0000006f)
core   0: 3 0x800000c0 (0x0000006f)
core   0: 3 0x800000c0 (0x0000006f)
core   0: 3 0x800000c0 (0x0000006f)
core   0: 3 0x800000c0 (0x0000006f)
core   0: 3 0x800000c0 (0x0000006f)
core   0: 3 0x800000c0 (0x0000006f)
core   0: 3 0x800000c0 (0x0000006f)
core   0: 3 0x800000c0 (0x0000006f)
core   0: 3 0x800000c0 (0x0000006f)
core   0: 3 0x800000c0 (0x0000006f)
core   0: 3 0x800000c0 (0x0000006f)
core   0: 3 0x800000c0 (0x0000006f)
core   0: 3 0x800000c0 (0x0000006f)
core   0: 3 0x800000c0 (0x0000006f)
core   0: 3 0x800000c0 (0x0000006f)
core   0: 3 0x800000c0 (0x0000006f)
core   0: 3 0x800000c0 (0x0000006f)
core   0: 3 0x800000c0 (0x0000006f)
core   0: 3 0x800000c0 (0x0000006f)
core   0: 3 0x800000c0 (0x0000006f)
core   0: 3 0x800000c0 (0x0000006f)
core   0: 3 0x800000c0 (0x0000006f)
core   0: 3 0x800000c0 (0x0000006f)
core   0: 3 0x800000c0 (0x0000006f)
core   0: 3 0x800000c0 (0x0000006f)
core   0: 3 0x800000c0 (0x0000006f)
core   0: 3 0x800000c0 (0x0000006f)
core   0: 3 0x800000c0 (0x0000006f)
core   0: 3 0x800000c0 (0x0000006f)
core   0: 3 0x800000c0 (0x0000006f)
core   0: 3 0x800000c0 (0x0000006f)
core   0: 3 0x800000c0 (0x0000006f)
core   0: 3 0x800000c0 (0x0000006f)
core   0: 3 0x800000c0 (0x0000006f)
core   0: 3 0x800000c0 (0x0000006f)
core   0: 3 0x800000c0 (0x0000006f)
core   0: 3 0x800000c0 (0x0000006f)
core   0: 3 0x800000c0 (0x0000006f)
core   0: 3 0x800000c0 (0x0000006f)
core   0: 3 0x800000c0 (0x0000006f)
core   0: 3 0x800000c0 (0x0000006f)
core   0: 3 0x800000c0 (0x0000006f)
core   0: 3 0x800000c0 (0x0000006f)
core   0: 3 0x800000c0 (0x0000006f)
core   0: 3 0x800000c0 (0x0000006f)
core   0: 3 0x800000c0 (0x0000006f)
core   0: 3 0x800000c0 (0x0000006f)
core   0: 3 0x800000c0 (0x0000006f)
core   0: 3 0x800000c0 (0x0000006f)
core   0: 3 0x800000c0 (0x0000006f)
core   0: 3 0x800000c0 (0x0000006f)
core   0: 3 0x800000c0 (0x0000006f)
core   0: 3 0x800000c0 (0x0000006f)
core   0: 3 0x800000c0 (0x0000006f)
core   0: 3 0x800000c0 (0x0000006f)
core   0: 3 0x800000c0 (0x0000006f)
core   0: 3 0x800000c0 (0x0000006f)
core   0: 3 0x800000c0 (0x0000006f)
core   0: 3 0x800000c0 (0x0000006f)
core   0: 3 0x800000c0 (0x0000006f)
core   0: 3 0x800000c0 (0x0000006f)
core   0: 3 0x800000c0 (0x0000006f)
core   0: 3 0x800000c0 (0x0000006f)
core   0: 3 0x800000c0 (0x0000006f)
core   0: 3 0x800000c0 (0x0000006f)
core   0: 3 0x800000c0 (0x0000006f)
core   0: 3 0x800000c0 (0x0000006f)
core   0: 3 0x800000c0 (0x0000006f)
core   0: 3 0x800000c0 (0x0000006f)
core   0: 3 0x800000c0 (0x0000006f)
core   0: 3 0x800000c0 (0x0000006f)
core   0: 3 0x800000c0 (0x0000006f)
core   0: 3 0x800000c0 (0x0000006f)
core   0: 3 0x800000c0 (0x0000006f)
core   0: 3 0x800000c0 (0x0000006f)
core   0: 3 0x800000c0 (0x0000006f)
core   0: 3 0x800000c0 (0x0000006f)
core   0: 3 0x800000c0 (0x0000006f)
core   0: 3 0x800000c0 (0x0000006f)
core   0: 3 0x800000c0 (0x0000006f)
core   0: 3 0x800000c0 (0x0000006f)
core   0: 3 0x800000c0 (0x0000006f)
core   0: 3 0x800000c0 (0x0000006f)
core   0: 3 0x800000c0 (0x0000006f)
core   0: 3 0x800000c0 (0x0000006f)
core   0: 3 0x800000c0 (0x0000006f)
core   0: 3 0x800000c0 (0x0000006f)
core   0: 3 0x800000c0 (0x0000006f)
core   0: 3 0x800000c0 (0x0000006f)
core   0: 3 0x800000c0 (0x0000006f)
core   0: 3 0x800000c0 (0x0000006f)
core   0: 3 0x800000c0 (0x0000006f)
core   0: 3 0x800000c0 (0x0000006f)
core   0: 3 0x800000c0 (0x0000006f)
core   0: 3 0x800000c0 (0x0000006f)
core   0: 3 0x800000c0 (0x0000006f)
core   0: 3 0x800000c0 (0x0000006f)
core   0: 3 0x800000c0 (0x0000006f)
core   0: 3 0x800000c0 (0x0000006f)
core   0: 3 0x800000c0 (0x0000006f)
core   0: 3 0x800000c0 (0x0000006f)
core   0: 3 0x800000c0 (0x0000006f)
core   0: 3 0x800000c0 (0x0000006f)
core   0: 3 0x800000c0 (0x0000006f)
core   0: 3 0x800000c0 (0x0000006f)
core   0: 3 0x800000c0 (0x0000006f)
core   0: 3 0x800000c0 (0x0000006f)
core   0: 3 0x800000c0 (0x0000006f)
core   0: 3 0x800000c0 (0x0000006f)
core   0: 3 0x800000c0 (0x0000006f)
core   0: 3 0x800000c0 (0x0000006f)
core   0: 3 0x800000c0 (0x0000006f)
core   0: 3 0x800000c0 (0x0000006f)
core   0: 3 0x800000c0 (0x0000006f)
core   0: 3 0x800000c0 (0x0000006f)
core   0: 3 0x800000c0 (0x0000006f)
core   0: 3 0x800000c0 (0x0000006f)
core   0: 3 0x800000c0 (0x0000006f)
core   0: 3 0x800000c0 (0x0000006f)
core   0: 3 0x800000c0 (0x0000006f)
core   0: 3 0x800000c0 (0x0000006f)
core   0: 3 0x800000c0 (0x0000006f)
core   0: 3 0x800000c0 (0x0000006f)
core   0: 3 0x800000c0 (0x0000006f)
core   0: 3 0x800000c0 (0x0000006f)
core   0: 3 0x800000c0 (0x0000006f)
core   0: 3 0x800000c0 (0x0000006f)
core   0: 3 0x800000c0 (0x0000006f)
core   0: 3 0x800000c0 (0x0000006f)
core   0: 3 0x800000c0 (0x0000006f)
core   0: 3 0x800000c0 (0x0000006f)
core   0: 3 0x800000c0 (0x0000006f)
core   0: 3 0x800000c0 (0x0000006f)
core   0: 3 0x800000c0 (0x0000006f)
core   0: 3 0x800000c0 (0x0000006f)
core   0: 3 0x800000c0 (0x0000006f)
core   0: 3 0x800000c0 (0x0000006f)
core   0: 3 0x800000c0 (0x0000006f)
core   0: 3 0x800000c0 (0x0000006f)
core   0: 3 0x800000c0 (0x0000006f)
core   0: 3 0x800000c0 (0x0000006f)
core   0: 3 0x800000c0 (0x0000006f)
core   0: 3 0x800000c0 (0x0000006f)
core   0: 3 0x800000c0 (0x0000006f)
core   0: 3 0x800000c0 (0x0000006f)
core   0: 3 0x800000c0 (0x0000006f)
core   0: 3 0x800000c0 (0x0000006f)
core   0: 3 0x800000c0 (0x0000006f)
core   0: 3 0x800000c0 (0x0000006f)
core   0: 3 0x800000c0 (0x0000006f)
core   0: 3 0x800000c0 (0x0000006f)
core   0: 3 0x800000c0 (0x0000006f)
core   0: 3 0x800000c0 (0x0000006f)
core   0: 3 0x800000c0 (0x0000006f)
core   0: 3 0x800000c0 (0x0000006f)
core   0: 3 0x800000c0 (0x0000006f)
core   0: 3 0x800000c0 (0x0000006f)
core   0: 3 0x800000c0 (0x0000006f)
core   0: 3 0x800000c0 (0x0000006f)
core   0: 3 0x800000c0 (0x0000006f)
core   0: 3 0x800000c0 (0x0000006f)
core   0: 3 0x800000c0 (0x0000006f)
core   0: 3 0x800000c0 (0x0000006f)
core   0: 3 0x800000c0 (0x0000006f)
core   0: 3 0x800000c0 (0x0000006f)
core   0: 3 0x800000c0 (0x0000006f)
core   0: 3 0x800000c0 (0x0000006f)
core   0: 3 0x800000c0 (0x0000006f)
core   0: 3 0x800000c0 (0x0000006f)
core   0: 3 0x800000c0 (0x0000006f)
core   0: 3 0x800000c0 (0x0000006f)
core   0: 3 0x800000c0 (0x0000006f)
core   0: 3 0x800000c0 (0x0000006f)
core   0: 3 0x800000c0 (0x0000006f)
core   0: 3 0x800000c0 (0x0000006f)
core   0: 3 0x800000c0 (0x0000006f)
core   0: 3 0x800000c0 (0x0000006f)
core   0: 3 0x800000c0 (0x0000006f)
core   0: 3 0x800000c0 (0x0000006f)
core   0: 3 0x800000c0 (0x0000006f)
core   0: 3 0x800000c0 (0x0000006f)
core   0: 3 0x800000c0 (0x0000006f)
core   0: 3 0x800000c0 (0x0000006f)
core   0: 3 0x800000c0 (0x0000006f)
core   0: 3 0x800000c0 (0x0000006f)
core   0: 3 0x800000c0 (0x0000006f)
core   0: 3 0x800000c0 (0x0000006f)
core   0: 3 0x800000c0 (0x0000006f)
core   0: 3 0x800000c0 (0x0000006f)
core   0: 3 0x800000c0 (0x0000006f)
core   0: 3 0x800000c0 (0x0000006f)
core   0: 3 0x800000c0 (0x0000006f)
core   0: 3 0x800000c0 (0x0000006f)
core   0: 3 0x800000c0 (0x0000006f)
core   0: 3 0x800000c0 (0x0000006f)
core   0: 3 0x800000c0 (0x0000006f)
core   0: 3 0x800000c0 (0x0000006f)
core   0: 3 0x800000c0 (0x0000006f)
core   0: 3 0x800000c0 (0x0000006f)
core   0: 3 0x800000c0 (0x0000006f)
core   0: 3 0x800000c0 (0x0000006f)
core   0: 3 0x800000c0 (0x0000006f)
core   0: 3 0x800000c0 (0x0000006f)
core   0: 3 0x800000c0 (0x0000006f)
core   0: 3 0x800000c0 (0x0000006f)
core   0: 3 0x800000c0 (0x0000006f)
core   0: 3 0x800000c0 (0x0000006f)
core   0: 3 0x800000c0 (0x0000006f)
core   0: 3 0x800000c0 (0x0000006f)
core   0: 3 0x800000c0 (0x0000006f)
core   0: 3 0x800000c0 (0x0000006f)
core   0: 3 0x800000c0 (0x0000006f)
core   0: 3 0x800000c0 (0x0000006f)
core   0: 3 0x800000c0 (0x0000006f)
core   0: 3 0x800000c0 (0x0000006f)
core   0: 3 0x800000c0 (0x0000006f)
core   0: 3 0x800000c0 (0x0000006f)
core   0: 3 0x800000c0 (0x0000006f)
core   0: 3 0x800000c0 (0x0000006f)
core   0: 3 0x800000c0 (0x0000006f)
core   0: 3 0x800000c0 (0x0000006f)
core   0: 3 0x800000c0 (0x0000006f)
core   0: 3 0x800000c0 (0x0000006f)
core   0: 3 0x800000c0 (0x0000006f)
core   0: 3 0x800000c0 (0x0000006f)
core   0: 3 0x800000c0 (0x0000006f)
core   0: 3 0x800000c0 (0x0000006f)
core   0: 3 0x800000c0 (0x0000006f)
core   0: 3 0x800000c0 (0x0000006f)
core   0: 3 0x800000c0 (0x0000006f)
core   0: 3 0x800000c0 (0x0000006f)
core   0: 3 0x800000c0 (0x0000006f)
core   0: 3 0x800000c0 (0x0000006f)
core   0: 3 0x800000c0 (0x0000006f)
core   0: 3 0x800000c0 (0x0000006f)
core   0: 3 0x800000c0 (0x0000006f)
core   0: 3 0x800000c0 (0x0000006f)
core   0: 3 0x800000c0 (0x0000006f)
core   0: 3 0x800000c0 (0x0000006f)
core   0: 3 0x800000c0 (0x0000006f)
core   0: 3 0x800000c0 (0x0000006f)
core   0: 3 0x800000c0 (0x0000006f)
core   0: 3 0x800000c0 (0x0000006f)
core   0: 3 0x800000c0 (0x0000006f)
core   0: 3 0x800000c0 (0x0000006f)
core   0: 3 0x800000c0 (0x0000006f)
core   0: 3 0x800000c0 (0x0000006f)
core   0: 3 0x800000c0 (0x0000006f)
core   0: 3 0x800000c0 (0x0000006f)
core   0: 3 0x800000c0 (0x0000006f)
core   0: 3 0x800000c0 (0x0000006f)
core   0: 3 0x800000c0 (0x0000006f)
core   0: 3 0x800000c0 (0x0000006f)
core   0: 3 0x800000c0 (0x0000006f)
core   0: 3 0x800000c0 (0x0000006f)
core   0: 3 0x800000c0 (0x0000006f)
core   0: 3 0x800000c0 (0x0000006f)
core   0: 3 0x800000c0 (0x0000006f)
core   0: 3 0x800000c0 (0x0000006f)
core   0: 3 0x800000c0 (0x0000006f)
core   0: 3 0x800000c0 (0x0000006f)
core   0: 3 0x800000c0 (0x0000006f)
core   0: 3 0x800000c0 (0x0000006f)
core   0: 3 0x800000c0 (0x0000006f)
core   0: 3 0x800000c0 (0x0000006f)
core   0: 3 0x800000c0 (0x0000006f)
core   0: 3 0x800000c0 (0x0000006f)
core   0: 3 0x800000c0 (0x0000006f)
core   0: 3 0x800000c0 (0x0000006f)
core   0: 3 0x800000c0 (0x0000006f)
core   0: 3 0x800000c0 (0x0000006f)
core   0: 3 0x800000c0 (0x0000006f)
core   0: 3 0x800000c0 (0x0000006f)
core   0: 3 0x800000c0 (0x0000006f)
core   0: 3 0x800000c0 (0x0000006f)
core   0: 3 0x800000c0 (0x0000006f)
core   0: 3 0x800000c0 (0x0000006f)
core   0: 3 0x800000c0 (0x0000006f)
core   0: 3 0x800000c0 (0x0000006f)
core   0: 3 0x800000c0 (0x0000006f)
core   0: 3 0x800000c0 (0x0000006f)
core   0: 3 0x800000c0 (0x0000006f)
core   0: 3 0x800000c0 (0x0000006f)
core   0: 3 0x800000c0 (0x0000006f)
core   0: 3 0x800000c0 (0x0000006f)
core   0: 3 0x800000c0 (0x0000006f)
core   0: 3 0x800000c0 (0x0000006f)
core   0: 3 0x800000c0 (0x0000006f)
core   0: 3 0x800000c0 (0x0000006f)
core   0: 3 0x800000c0 (0x0000006f)
core   0: 3 0x800000c0 (0x0000006f)
core   0: 3 0x800000c0 (0x0000006f)
core   0: 3 0x800000c0 (0x0000006f)
core   0: 3 0x800000c0 (0x0000006f)
core   0: 3 0x800000c0 (0x0000006f)
core   0: 3 0x800000c0 (0x0000006f)
core   0: 3 0x800000c0 (0x0000006f)
core   0: 3 0x800000c0 (0x0000006f)
core   0: 3 0x800000c0 (0x0000006f)
core   0: 3 0x800000c0 (0x0000006f)
core   0: 3 0x800000c0 (0x0000006f)
core   0: 3 0x800000c0 (0x0000006f)
core   0: 3 0x800000c0 (0x0000006f)
core   0: 3 0x800000c0 (0x0000006f)
core   0: 3 0x800000c0 (0x0000006f)
core   0: 3 0x800000c0 (0x0000006f)
core   0: 3 0x800000c0 (0x0000006f)
core   0: 3 0x800000c0 (0x0000006f)
core   0: 3 0x800000c0 (0x0000006f)
core   0: 3 0x800000c0 (0x0000006f)
core   0: 3 0x800000c0 (0x0000006f)
core   0: 3 0x800000c0 (0x0000006f)
core   0: 3 0x800000c0 (0x0000006f)
core   0: 3 0x800000c0 (0x0000006f)
core   0: 3 0x800000c0 (0x0000006f)
core   0: 3 0x800000c0 (0x0000006f)
core   0: 3 0x800000c0 (0x0000006f)
core   0: 3 0x800000c0 (0x0000006f)
core   0: 3 0x800000c0 (0x0000006f)
core   0: 3 0x800000c0 (0x0000006f)
core   0: 3 0x800000c0 (0x0000006f)
core   0: 3 0x800000c0 (0x0000006f)
core   0: 3 0x800000c0 (0x0000006f)
core   0: 3 0x800000c0 (0x0000006f)
core   0: 3 0x800000c0 (0x0000006f)
core   0: 3 0x800000c0 (0x0000006f)
core   0: 3 0x800000c0 (0x0000006f)
core   0: 3 0x800000c0 (0x0000006f)
core   0: 3 0x800000c0 (0x0000006f)
core   0: 3 0x800000c0 (0x0000006f)
core   0: 3 0x800000c0 (0x0000006f)
core   0: 3 0x800000c0 (0x0000006f)
core   0: 3 0x800000c0 (0x0000006f)
core   0: 3 0x800000c0 (0x0000006f)
core   0: 3 0x800000c0 (0x0000006f)
core   0: 3 0x800000c0 (0x0000006f)
core   0: 3 0x800000c0 (0x0000006f)
core   0: 3 0x800000c0 (0x0000006f)
core   0: 3 0x800000c0 (0x0000006f)
core   0: 3 0x800000c0 (0x0000006f)
core   0: 3 0x800000c0 (0x0000006f)
core   0: 3 0x800000c0 (0x0000006f)
core   0: 3 0x800000c0 (0x0000006f)
core   0: 3 0x800000c0 (0x0000006f)
core   0: 3 0x800000c0 (0x0000006f)
core   0: 3 0x800000c0 (0x0000006f)
core   0: 3 0x800000c0 (0x0000006f)
core   0: 3 0x800000c0 (0x0000006f)
core   0: 3 0x800000c0 (0x0000006f)
core   0: 3 0x800000c0 (0x0000006f)
core   0: 3 0x800000c0 (0x0000006f)
core   0: 3 0x800000c0 (0x0000006f)
core   0: 3 0x800000c0 (0x0000006f)
core   0: 3 0x800000c0 (0x0000006f)
core   0: 3 0x800000c0 (0x0000006f)
core   0: 3 0x800000c0 (0x0000006f)
core   0: 3 0x800000c0 (0x0000006f)
core   0: 3 0x800000c0 (0x0000006f)
core   0: 3 0x800000c0 (0x0000006f)
core   0: 3 0x800000c0 (0x0000006f)
core   0: 3 0x800000c0 (0x0000006f)
core   0: 3 0x800000c0 (0x0000006f)
core   0: 3 0x800000c0 (0x0000006f)
core   0: 3 0x800000c0 (0x0000006f)
core   0: 3 0x800000c0 (0x0000006f)
core   0: 3 0x800000c0 (0x0000006f)
core   0: 3 0x800000c0 (0x0000006f)
core   0: 3 0x800000c0 (0x0000006f)
core   0: 3 0x800000c0 (0x0000006f)
core   0: 3 0x800000c0 (0x0000006f)
core   0: 3 0x800000c0 (0x0000006f)
core   0: 3 0x800000c0 (0x0000006f)
core   0: 3 0x800000c0 (0x0000006f)
core   0: 3 0x800000c0 (0x0000006f)
core   0: 3 0x800000c0 (0x0000006f)
core   0: 3 0x800000c0 (0x0000006f)
core   0: 3 0x800000c0 (0x0000006f)
core   0: 3 0x800000c0 (0x0000006f)
core   0: 3 0x800000c0 (0x0000006f)
core   0: 3 0x800000c0 (0x0000006f)
core   0: 3 0x800000c0 (0x0000006f)
core   0: 3 0x800000c0 (0x0000006f)
core   0: 3 0x800000c0 (0x0000006f)
core   0: 3 0x800000c0 (0x0000006f)
core   0: 3 0x800000c0 (0x0000006f)
core   0: 3 0x800000c0 (0x0000006f)
core   0: 3 0x800000c0 (0x0000006f)
core   0: 3 0x800000c0 (0x0000006f)
core   0: 3 0x800000c0 (0x0000006f)
core   0: 3 0x800000c0 (0x0000006f)
core   0: 3 0x800000c0 (0x0000006f)
core   0: 3 0x800000c0 (0x0000006f)
core   0: 3 0x800000c0 (0x0000006f)
core   0: 3 0x800000c0 (0x0000006f)
core   0: 3 0x800000c0 (0x0000006f)
core   0: 3 0x800000c0 (0x0000006f)
core   0: 3 0x800000c0 (0x0000006f)
core   0: 3 0x800000c0 (0x0000006f)
core   0: 3 0x800000c0 (0x0000006f)
core   0: 3 0x800000c0 (0x0000006f)
core   0: 3 0x800000c0 (0x0000006f)
core   0: 3 0x800000c0 (0x0000006f)
core   0: 3 0x800000c0 (0x0000006f)
core   0: 3 0x800000c0 (0x0000006f)
core   0: 3 0x800000c0 (0x0000006f)
core   0: 3 0x800000c0 (0x0000006f)
core   0: 3 0x800000c0 (0x0000006f)
core   0: 3 0x800000c0 (0x0000006f)
core   0: 3 0x800000c0 (0x0000006f)
core   0: 3 0x800000c0 (0x0000006f)
core   0: 3 0x800000c0 (0x0000006f)
core   0: 3 0x800000c0 (0x0000006f)
core   0: 3 0x800000c0 (0x0000006f)
core   0: 3 0x800000c0 (0x0000006f)
core   0: 3 0x800000c0 (0x0000006f)
core   0: 3 0x800000c0 (0x0000006f)
core   0: 3 0x800000c0 (0x0000006f)
core   0: 3 0x800000c0 (0x0000006f)
core   0: 3 0x800000c0 (0x0000006f)
core   0: 3 0x800000c0 (0x0000006f)
core   0: 3 0x800000c0 (0x0000006f)
core   0: 3 0x800000c0 (0x0000006f)
core   0: 3 0x800000c0 (0x0000006f)
core   0: 3 0x800000c0 (0x0000006f)
core   0: 3 0x800000c0 (0x0000006f)
core   0: 3 0x800000c0 (0x0000006f)
core   0: 3 0x800000c0 (0x0000006f)
core   0: 3 0x800000c0 (0x0000006f)
core   0: 3 0x800000c0 (0x0000006f)
core   0: 3 0x800000c0 (0x0000006f)
core   0: 3 0x800000c0 (0x0000006f)
core   0: 3 0x800000c0 (0x0000006f)
core   0: 3 0x800000c0 (0x0000006f)
core   0: 3 0x800000c0 (0x0000006f)
core   0: 3 0x800000c0 (0x0000006f)
core   0: 3 0x800000c0 (0x0000006f)
core   0: 3 0x800000c0 (0x0000006f)
core   0: 3 0x800000c0 (0x0000006f)
core   0: 3 0x800000c0 (0x0000006f)
core   0: 3 0x800000c0 (0x0000006f)
core   0: 3 0x800000c0 (0x0000006f)
core   0: 3 0x800000c0 (0x0000006f)
core   0: 3 0x800000c0 (0x0000006f)
core   0: 3 0x800000c0 (0x0000006f)
core   0: 3 0x800000c0 (0x0000006f)
core   0: 3 0x800000c0 (0x0000006f)
core   0: 3 0x800000c0 (0x0000006f)
core   0: 3 0x800000c0 (0x0000006f)
core   0: 3 0x800000c0 (0x0000006f)
core   0: 3 0x800000c0 (0x0000006f)
core   0: 3 0x800000c0 (0x0000006f)
core   0: 3 0x800000c0 (0x0000006f)
core   0: 3 0x800000c0 (0x0000006f)
core   0: 3 0x800000c0 (0x0000006f)
core   0: 3 0x800000c0 (0x0000006f)
core   0: 3 0x800000c0 (0x0000006f)
core   0: 3 0x800000c0 (0x0000006f)
core   0: 3 0x800000c0 (0x0000006f)
core   0: 3 0x800000c0 (0x0000006f)
core   0: 3 0x800000c0 (0x0000006f)
core   0: 3 0x800000c0 (0x0000006f)
core   0: 3 0x800000c0 (0x0000006f)
core   0: 3 0x800000c0 (0x0000006f)
core   0: 3 0x800000c0 (0x0000006f)
core   0: 3 0x800000c0 (0x0000006f)
core   0: 3 0x800000c0 (0x0000006f)
core   0: 3 0x800000c0 (0x0000006f)
core   0: 3 0x800000c0 (0x0000006f)
core   0: 3 0x800000c0 (0x0000006f)
core   0: 3 0x800000c0 (0x0000006f)
core   0: 3 0x800000c0 (0x0000006f)
core   0: 3 0x800000c0 (0x0000006f)
core   0: 3 0x800000c0 (0x0000006f)
core   0: 3 0x800000c0 (0x0000006f)
core   0: 3 0x800000c0 (0x0000006f)
core   0: 3 0x800000c0 (0x0000006f)
core   0: 3 0x800000c0 (0x0000006f)
core   0: 3 0x800000c0 (0x0000006f)
core   0: 3 0x800000c0 (0x0000006f)
core   0: 3 0x800000c0 (0x0000006f)
core   0: 3 0x800000c0 (0x0000006f)
core   0: 3 0x800000c0 (0x0000006f)
core   0: 3 0x800000c0 (0x0000006f)
core   0: 3 0x800000c0 (0x0000006f)
core   0: 3 0x800000c0 (0x0000006f)
core   0: 3 0x800000c0 (0x0000006f)
core   0: 3 0x800000c0 (0x0000006f)
core   0: 3 0x800000c0 (0x0000006f)
core   0: 3 0x800000c0 (0x0000006f)
core   0: 3 0x800000c0 (0x0000006f)
core   0: 3 0x800000c0 (0x0000006f)
core   0: 3 0x800000c0 (0x0000006f)
core   0: 3 0x800000c0 (0x0000006f)
core   0: 3 0x800000c0 (0x0000006f)
core   0: 3 0x800000c0 (0x0000006f)
core   0: 3 0x800000c0 (0x0000006f)
core   0: 3 0x800000c0 (0x0000006f)
core   0: 3 0x800000c0 (0x0000006f)
core   0: 3 0x800000c0 (0x0000006f)
core   0: 3 0x800000c0 (0x0000006f)
core   0: 3 0x800000c0 (0x0000006f)
core   0: 3 0x800000c0 (0x0000006f)
core   0: 3 0x800000c0 (0x0000006f)
core   0: 3 0x800000c0 (0x0000006f)
core   0: 3 0x800000c0 (0x0000006f)
core   0: 3 0x800000c0 (0x0000006f)
core   0: 3 0x800000c0 (0x0000006f)
core   0: 3 0x800000c0 (0x0000006f)
core   0: 3 0x800000c0 (0x0000006f)
core   0: 3 0x800000c0 (0x0000006f)
core   0: 3 0x800000c0 (0x0000006f)
core   0: 3 0x800000c0 (0x0000006f)
core   0: 3 0x800000c0 (0x0000006f)
core   0: 3 0x800000c0 (0x0000006f)
core   0: 3 0x800000c0 (0x0000006f)
core   0: 3 0x800000c0 (0x0000006f)
core   0: 3 0x800000c0 (0x0000006f)
core   0: 3 0x800000c0 (0x0000006f)
core   0: 3 0x800000c0 (0x0000006f)
core   0: 3 0x800000c0 (0x0000006f)
core   0: 3 0x800000c0 (0x0000006f)
core   0: 3 0x800000c0 (0x0000006f)
core   0: 3 0x800000c0 (0x0000006f)
core   0: 3 0x800000c0 (0x0000006f)
core   0: 3 0x800000c0 (0x0000006f)
core   0: 3 0x800000c0 (0x0000006f)
core   0: 3 0x800000c0 (0x0000006f)
core   0: 3 0x800000c0 (0x0000006f)
core   0: 3 0x800000c0 (0x0000006f)
core   0: 3 0x800000c0 (0x0000006f)
core   0: 3 0x800000c0 (0x0000006f)
core   0: 3 0x800000c0 (0x0000006f)
core   0: 3 0x800000c0 (0x0000006f)
core   0: 3 0x800000c0 (0x0000006f)
core   0: 3 0x800000c0 (0x0000006f)
core   0: 3 0x800000c0 (0x0000006f)
core   0: 3 0x800000c0 (0x0000006f)
core   0: 3 0x800000c0 (0x0000006f)
core   0: 3 0x800000c0 (0x0000006f)
core   0: 3 0x800000c0 (0x0000006f)
core   0: 3 0x800000c0 (0x0000006f)
core   0: 3 0x800000c0 (0x0000006f)
core   0: 3 0x800000c0 (0x0000006f)
core   0: 3 0x800000c0 (0x0000006f)
core   0: 3 0x800000c0 (0x0000006f)
core   0: 3 0x800000c0 (0x0000006f)
core   0: 3 0x800000c0 (0x0000006f)
core   0: 3 0x800000c0 (0x0000006f)
core   0: 3 0x800000c0 (0x0000006f)
core   0: 3 0x800000c0 (0x0000006f)
core   0: 3 0x800000c0 (0x0000006f)
core   0: 3 0x800000c0 (0x0000006f)
core   0: 3 0x800000c0 (0x0000006f)
core   0: 3 0x800000c0 (0x0000006f)
core   0: 3 0x800000c0 (0x0000006f)
core   0: 3 0x800000c0 (0x0000006f)
core   0: 3 0x800000c0 (0x0000006f)
core   0: 3 0x800000c0 (0x0000006f)
core   0: 3 0x800000c0 (0x0000006f)
core   0: 3 0x800000c0 (0x0000006f)
core   0: 3 0x800000c0 (0x0000006f)
core   0: 3 0x800000c0 (0x0000006f)
core   0: 3 0x800000c0 (0x0000006f)
core   0: 3 0x800000c0 (0x0000006f)
core   0: 3 0x800000c0 (0x0000006f)
core   0: 3 0x800000c0 (0x0000006f)
core   0: 3 0x800000c0 (0x0000006f)
core   0: 3 0x800000c0 (0x0000006f)
core   0: 3 0x800000c0 (0x0000006f)
core   0: 3 0x800000c0 (0x0000006f)
core   0: 3 0x800000c0 (0x0000006f)
core   0: 3 0x800000c0 (0x0000006f)
core   0: 3 0x800000c0 (0x0000006f)
core   0: 3 0x800000c0 (0x0000006f)
core   0: 3 0x800000c0 (0x0000006f)
core   0: 3 0x800000c0 (0x0000006f)
core   0: 3 0x800000c0 (0x0000006f)
core   0: 3 0x800000c0 (0x0000006f)
core   0: 3 0x800000c0 (0x0000006f)
core   0: 3 0x800000c0 (0x0000006f)
core   0: 3 0x800000c0 (0x0000006f)
core   0: 3 0x800000c0 (0x0000006f)
core   0: 3 0x800000c0 (0x0000006f)
core   0: 3 0x800000c0 (0x0000006f)
core   0: 3 0x800000c0 (0x0000006f)
core   0: 3 0x800000c0 (0x0000006f)
core   0: 3 0x800000c0 (0x0000006f)
core   0: 3 0x800000c0 (0x0000006f)
core   0: 3 0x800000c0 (0x0000006f)
core   0: 3 0x800000c0 (0x0000006f)
core   0: 3 0x800000c0 (0x0000006f)
core   0: 3 0x800000c0 (0x0000006f)
core   0: 3 0x800000c0 (0x0000006f)
core   0: 3 0x800000c0 (0x0000006f)
core   0: 3 0x800000c0 (0x0000006f)
core   0: 3 0x800000c0 (0x0000006f)
core   0: 3 0x800000c0 (0x0000006f)
core   0: 3 0x800000c0 (0x0000006f)
core   0: 3 0x800000c0 (0x0000006f)
core   0: 3 0x800000c0 (0x0000006f)
core   0: 3 0x800000c0 (0x0000006f)
core   0: 3 0x800000c0 (0x0000006f)
core   0: 3 0x800000c0 (0x0000006f)
core   0: 3 0x800000c0 (0x0000006f)
core   0: 3 0x800000c0 (0x0000006f)
core   0: 3 0x800000c0 (0x0000006f)
core   0: 3 0x800000c0 (0x0000006f)
core   0: 3 0x800000c0 (0x0000006f)
core   0: 3 0x800000c0 (0x0000006f)
core   0: 3 0x800000c0 (0x0000006f)
core   0: 3 0x800000c0 (0x0000006f)
core   0: 3 0x800000c0 (0x0000006f)
core   0: 3 0x800000c0 (0x0000006f)
core   0: 3 0x800000c0 (0x0000006f)
core   0: 3 0x800000c0 (0x0000006f)
core   0: 3 0x800000c0 (0x0000006f)
core   0: 3 0x800000c0 (0x0000006f)
core   0: 3 0x800000c0 (0x0000006f)
core   0: 3 0x800000c0 (0x0000006f)
core   0: 3 0x800000c0 (0x0000006f)
core   0: 3 0x800000c0 (0x0000006f)
core   0: 3 0x800000c0 (0x0000006f)
core   0: 3 0x800000c0 (0x0000006f)
core   0: 3 0x800000c0 (0x0000006f)
core   0: 3 0x800000c0 (0x0000006f)
core   0: 3 0x800000c0 (0x0000006f)
core   0: 3 0x800000c0 (0x0000006f)
core   0: 3 0x800000c0 (0x0000006f)
core   0: 3 0x800000c0 (0x0000006f)
core   0: 3 0x800000c0 (0x0000006f)
core   0: 3 0x800000c0 (0x0000006f)
core   0: 3 0x800000c0 (0x0000006f)
core   0: 3 0x800000c0 (0x0000006f)
core   0: 3 0x800000c0 (0x0000006f)
core   0: 3 0x800000c0 (0x0000006f)
core   0: 3 0x800000c0 (0x0000006f)
core   0: 3 0x800000c0 (0x0000006f)
core   0: 3 0x800000c0 (0x0000006f)
core   0: 3 0x800000c0 (0x0000006f)
core   0: 3 0x800000c0 (0x0000006f)
core   0: 3 0x800000c0 (0x0000006f)
core   0: 3 0x800000c0 (0x0000006f)
core   0: 3 0x800000c0 (0x0000006f)
core   0: 3 0x800000c0 (0x0000006f)
core   0: 3 0x800000c0 (0x0000006f)
core   0: 3 0x800000c0 (0x0000006f)
core   0: 3 0x800000c0 (0x0000006f)
core   0: 3 0x800000c0 (0x0000006f)
core   0: 3 0x800000c0 (0x0000006f)
core   0: 3 0x800000c0 (0x0000006f)
core   0: 3 0x800000c0 (0x0000006f)
core   0: 3 0x800000c0 (0x0000006f)
core   0: 3 0x800000c0 (0x0000006f)
core   0: 3 0x800000c0 (0x0000006f)
core   0: 3 0x800000c0 (0x0000006f)
core   0: 3 0x800000c0 (0x0000006f)
core   0: 3 0x800000c0 (0x0000006f)
core   0: 3 0x800000c0 (0x0000006f)
core   0: 3 0x800000c0 (0x0000006f)
core   0: 3 0x800000c0 (0x0000006f)
core   0: 3 0x800000c0 (0x0000006f)
core   0: 3 0x800000c0 (0x0000006f)
core   0: 3 0x800000c0 (0x0000006f)
core   0: 3 0x800000c0 (0x0000006f)
core   0: 3 0x800000c0 (0x0000006f)
core   0: 3 0x800000c0 (0x0000006f)
core   0: 3 0x800000c0 (0x0000006f)
core   0: 3 0x800000c0 (0x0000006f)
core   0: 3 0x800000c0 (0x0000006f)
core   0: 3 0x800000c0 (0x0000006f)
core   0: 3 0x800000c0 (0x0000006f)
core   0: 3 0x800000c0 (0x0000006f)
core   0: 3 0x800000c0 (0x0000006f)
core   0: 3 0x800000c0 (0x0000006f)
core   0: 3 0x800000c0 (0x0000006f)
core   0: 3 0x800000c0 (0x0000006f)
core   0: 3 0x800000c0 (0x0000006f)
core   0: 3 0x800000c0 (0x0000006f)
core   0: 3 0x800000c0 (0x0000006f)
core   0: 3 0x800000c0 (0x0000006f)
core   0: 3 0x800000c0 (0x0000006f)
core   0: 3 0x800000c0 (0x0000006f)
core   0: 3 0x800000c0 (0x0000006f)
core   0: 3 0x800000c0 (0x0000006f)
core   0: 3 0x800000c0 (0x0000006f)
core   0: 3 0x800000c0 (0x0000006f)
core   0: 3 0x800000c0 (0x0000006f)
core   0: 3 0x800000c0 (0x0000006f)
core   0: 3 0x800000c0 (0x0000006f)
core   0: 3 0x800000c0 (0x0000006f)
core   0: 3 0x800000c0 (0x0000006f)
core   0: 3 0x800000c0 (0x0000006f)
core   0: 3 0x800000c0 (0x0000006f)
core   0: 3 0x800000c0 (0x0000006f)
core   0: 3 0x800000c0 (0x0000006f)
core   0: 3 0x800000c0 (0x0000006f)
core   0: 3 0x800000c0 (0x0000006f)
core   0: 3 0x800000c0 (0x0000006f)
core   0: 3 0x800000c0 (0x0000006f)
core   0: 3 0x800000c0 (0x0000006f)
core   0: 3 0x800000c0 (0x0000006f)
core   0: 3 0x800000c0 (0x0000006f)
core   0: 3 0x800000c0 (0x0000006f)
core   0: 3 0x800000c0 (0x0000006f)
core   0: 3 0x800000c0 (0x0000006f)
core   0: 3 0x800000c0 (0x0000006f)
core   0: 3 0x800000c0 (0x0000006f)
core   0: 3 0x800000c0 (0x0000006f)
core   0: 3 0x800000c0 (0x0000006f)
core   0: 3 0x800000c0 (0x0000006f)
core   0: 3 0x800000c0 (0x0000006f)
core   0: 3 0x800000c0 (0x0000006f)
core   0: 3 0x800000c0 (0x0000006f)
core   0: 3 0x800000c0 (0x0000006f)
core   0: 3 0x800000c0 (0x0000006f)
core   0: 3 0x800000c0 (0x0000006f)
core   0: 3 0x800000c0 (0x0000006f)
core   0: 3 0x800000c0 (0x0000006f)
core   0: 3 0x800000c0 (0x0000006f)
core   0: 3 0x800000c0 (0x0000006f)
core   0: 3 0x800000c0 (0x0000006f)
core   0: 3 0x800000c0 (0x0000006f)
core   0: 3 0x800000c0 (0x0000006f)
core   0: 3 0x800000c0 (0x0000006f)
core   0: 3 0x800000c0 (0x0000006f)
core   0: 3 0x800000c0 (0x0000006f)
core   0: 3 0x800000c0 (0x0000006f)
core   0: 3 0x800000c0 (0x0000006f)
core   0: 3 0x800000c0 (0x0000006f)
core   0: 3 0x800000c0 (0x0000006f)
core   0: 3 0x800000c0 (0x0000006f)
core   0: 3 0x800000c0 (0x0000006f)
core   0: 3 0x800000c0 (0x0000006f)
core   0: 3 0x800000c0 (0x0000006f)
core   0: 3 0x800000c0 (0x0000006f)
core   0: 3 0x800000c0 (0x0000006f)
core   0: 3 0x800000c0 (0x0000006f)
core   0: 3 0x800000c0 (0x0000006f)
core   0: 3 0x800000c0 (0x0000006f)
core   0: 3 0x800000c0 (0x0000006f)
core   0: 3 0x800000c0 (0x0000006f)
core   0: 3 0x800000c0 (0x0000006f)
core   0: 3 0x800000c0 (0x0000006f)
core   0: 3 0x800000c0 (0x0000006f)
core   0: 3 0x800000c0 (0x0000006f)
core   0: 3 0x800000c0 (0x0000006f)
core   0: 3 0x800000c0 (0x0000006f)
core   0: 3 0x800000c0 (0x0000006f)
core   0: 3 0x800000c0 (0x0000006f)
core   0: 3 0x800000c0 (0x0000006f)
core   0: 3 0x800000c0 (0x0000006f)
core   0: 3 0x800000c0 (0x0000006f)
core   0: 3 0x800000c0 (0x0000006f)
core   0: 3 0x800000c0 (0x0000006f)
core   0: 3 0x800000c0 (0x0000006f)
core   0: 3 0x800000c0 (0x0000006f)
core   0: 3 0x800000c0 (0x0000006f)
core   0: 3 0x800000c0 (0x0000006f)
core   0: 3 0x800000c0 (0x0000006f)
core   0: 3 0x800000c0 (0x0000006f)
core   0: 3 0x800000c0 (0x0000006f)
core   0: 3 0x800000c0 (0x0000006f)
core   0: 3 0x800000c0 (0x0000006f)
core   0: 3 0x800000c0 (0x0000006f)
core   0: 3 0x800000c0 (0x0000006f)
core   0: 3 0x800000c0 (0x0000006f)
core   0: 3 0x800000c0 (0x0000006f)
core   0: 3 0x800000c0 (0x0000006f)
core   0: 3 0x800000c0 (0x0000006f)
core   0: 3 0x800000c0 (0x0000006f)
core   0: 3 0x800000c0 (0x0000006f)
core   0: 3 0x800000c0 (0x0000006f)
core   0: 3 0x800000c0 (0x0000006f)
core   0: 3 0x800000c0 (0x0000006f)
core   0: 3 0x800000c0 (0x0000006f)
core   0: 3 0x800000c0 (0x0000006f)
core   0: 3 0x800000c0 (0x0000006f)
core   0: 3 0x800000c0 (0x0000006f)
core   0: 3 0x800000c0 (0x0000006f)
core   0: 3 0x800000c0 (0x0000006f)
core   0: 3 0x800000c0 (0x0000006f)
core   0: 3 0x800000c0 (0x0000006f)
core   0: 3 0x800000c0 (0x0000006f)
core   0: 3 0x800000c0 (0x0000006f)
core   0: 3 0x800000c0 (0x0000006f)
core   0: 3 0x800000c0 (0x0000006f)
core   0: 3 0x800000c0 (0x0000006f)
core   0: 3 0x800000c0 (0x0000006f)
core   0: 3 0x800000c0 (0x0000006f)
core   0: 3 0x800000c0 (0x0000006f)
core   0: 3 0x800000c0 (0x0000006f)
core   0: 3 0x800000c0 (0x0000006f)
core   0: 3 0x800000c0 (0x0000006f)
core   0: 3 0x800000c0 (0x0000006f)
core   0: 3 0x800000c0 (0x0000006f)
core   0: 3 0x800000c0 (0x0000006f)
core   0: 3 0x800000c0 (0x0000006f)
core   0: 3 0x800000c0 (0x0000006f)
core   0: 3 0x800000c0 (0x0000006f)
core   0: 3 0x800000c0 (0x0000006f)
core   0: 3 0x800000c0 (0x0000006f)
core   0: 3 0x800000c0 (0x0000006f)
core   0: 3 0x800000c0 (0x0000006f)
core   0: 3 0x800000c0 (0x0000006f)
core   0: 3 0x800000c0 (0x0000006f)
core   0: 3 0x800000c0 (0x0000006f)
core   0: 3 0x800000c0 (0x0000006f)
core   0: 3 0x800000c0 (0x0000006f)
core   0: 3 0x800000c0 (0x0000006f)
core   0: 3 0x800000c0 (0x0000006f)
core   0: 3 0x800000c0 (0x0000006f)
core   0: 3 0x800000c0 (0x0000006f)
core   0: 3 0x800000c0 (0x0000006f)
core   0: 3 0x800000c0 (0x0000006f)
core   0: 3 0x800000c0 (0x0000006f)
core   0: 3 0x800000c0 (0x0000006f)
core   0: 3 0x800000c0 (0x0000006f)
core   0: 3 0x800000c0 (0x0000006f)
core   0: 3 0x800000c0 (0x0000006f)
core   0: 3 0x800000c0 (0x0000006f)
core   0: 3 0x800000c0 (0x0000006f)
core   0: 3 0x800000c0 (0x0000006f)
core   0: 3 0x800000c0 (0x0000006f)
core   0: 3 0x800000c0 (0x0000006f)
core   0: 3 0x800000c0 (0x0000006f)
core   0: 3 0x800000c0 (0x0000006f)
core   0: 3 0x800000c0 (0x0000006f)
core   0: 3 0x800000c0 (0x0000006f)
core   0: 3 0x800000c0 (0x0000006f)
core   0: 3 0x800000c0 (0x0000006f)
core   0: 3 0x800000c0 (0x0000006f)
core   0: 3 0x800000c0 (0x0000006f)
core   0: 3 0x800000c0 (0x0000006f)
core   0: 3 0x800000c0 (0x0000006f)
core   0: 3 0x800000c0 (0x0000006f)
core   0: 3 0x800000c0 (0x0000006f)
core   0: 3 0x800000c0 (0x0000006f)
core   0: 3 0x800000c0 (0x0000006f)
core   0: 3 0x800000c0 (0x0000006f)
core   0: 3 0x800000c0 (0x0000006f)
core   0: 3 0x800000c0 (0x0000006f)
core   0: 3 0x800000c0 (0x0000006f)
core   0: 3 0x800000c0 (0x0000006f)
core   0: 3 0x800000c0 (0x0000006f)
core   0: 3 0x800000c0 (0x0000006f)
core   0: 3 0x800000c0 (0x0000006f)
core   0: 3 0x800000c0 (0x0000006f)
core   0: 3 0x800000c0 (0x0000006f)
core   0: 3 0x800000c0 (0x0000006f)
core   0: 3 0x800000c0 (0x0000006f)
core   0: 3 0x800000c0 (0x0000006f)
core   0: 3 0x800000c0 (0x0000006f)
core   0: 3 0x800000c0 (0x0000006f)
core   0: 3 0x800000c0 (0x0000006f)
core   0: 3 0x800000c0 (0x0000006f)
core   0: 3 0x800000c0 (0x0000006f)
core   0: 3 0x800000c0 (0x0000006f)
core   0: 3 0x800000c0 (0x0000006f)
core   0: 3 0x800000c0 (0x0000006f)
core   0: 3 0x800000c0 (0x0000006f)
core   0: 3 0x800000c0 (0x0000006f)
core   0: 3 0x800000c0 (0x0000006f)
core   0: 3 0x800000c0 (0x0000006f)
core   0: 3 0x800000c0 (0x0000006f)
core   0: 3 0x800000c0 (0x0000006f)
core   0: 3 0x800000c0 (0x0000006f)
core   0: 3 0x800000c0 (0x0000006f)
core   0: 3 0x800000c0 (0x0000006f)
core   0: 3 0x800000c0 (0x0000006f)
core   0: 3 0x800000c0 (0x0000006f)
core   0: 3 0x800000c0 (0x0000006f)
core   0: 3 0x800000c0 (0x0000006f)
core   0: 3 0x800000c0 (0x0000006f)
core   0: 3 0x800000c0 (0x0000006f)
core   0: 3 0x800000c0 (0x0000006f)
core   0: 3 0x800000c0 (0x0000006f)
core   0: 3 0x800000c0 (0x0000006f)
core   0: 3 0x800000c0 (0x0000006f)
core   0: 3 0x800000c0 (0x0000006f)
core   0: 3 0x800000c0 (0x0000006f)
core   0: 3 0x800000c0 (0x0000006f)
core   0: 3 0x800000c0 (0x0000006f)
core   0: 3 0x800000c0 (0x0000006f)
core   0: 3 0x800000c0 (0x0000006f)
core   0: 3 0x800000c0 (0x0000006f)
core   0: 3 0x800000c0 (0x0000006f)
core   0: 3 0x800000c0 (0x0000006f)
core   0: 3 0x800000c0 (0x0000006f)
core   0: 3 0x800000c0 (0x0000006f)
core   0: 3 0x800000c0 (0x0000006f)
core   0: 3 0x800000c0 (0x0000006f)
core   0: 3 0x800000c0 (0x0000006f)
core   0: 3 0x800000c0 (0x0000006f)
core   0: 3 0x800000c0 (0x0000006f)
core   0: 3 0x800000c0 (0x0000006f)
core   0: 3 0x800000c0 (0x0000006f)
core   0: 3 0x800000c0 (0x0000006f)
core   0: 3 0x800000c0 (0x0000006f)
core   0: 3 0x800000c0 (0x0000006f)
core   0: 3 0x800000c0 (0x0000006f)
core   0: 3 0x800000c0 (0x0000006f)
core   0: 3 0x800000c0 (0x0000006f)
core   0: 3 0x800000c0 (0x0000006f)
core   0: 3 0x800000c0 (0x0000006f)
core   0: 3 0x800000c0 (0x0000006f)
core   0: 3 0x800000c0 (0x0000006f)
core   0: 3 0x800000c0 (0x0000006f)
core   0: 3 0x800000c0 (0x0000006f)
core   0: 3 0x800000c0 (0x0000006f)
core   0: 3 0x800000c0 (0x0000006f)
core   0: 3 0x800000c0 (0x0000006f)
core   0: 3 0x800000c0 (0x0000006f)
core   0: 3 0x800000c0 (0x0000006f)
core   0: 3 0x800000c0 (0x0000006f)
core   0: 3 0x800000c0 (0x0000006f)
core   0: 3 0x800000c0 (0x0000006f)
core   0: 3 0x800000c0 (0x0000006f)
core   0: 3 0x800000c0 (0x0000006f)
core   0: 3 0x800000c0 (0x0000006f)
core   0: 3 0x800000c0 (0x0000006f)
core   0: 3 0x800000c0 (0x0000006f)
core   0: 3 0x800000c0 (0x0000006f)
core   0: 3 0x800000c0 (0x0000006f)
core   0: 3 0x800000c0 (0x0000006f)
core   0: 3 0x800000c0 (0x0000006f)
core   0: 3 0x800000c0 (0x0000006f)
core   0: 3 0x800000c0 (0x0000006f)
core   0: 3 0x800000c0 (0x0000006f)
core   0: 3 0x800000c0 (0x0000006f)
core   0: 3 0x800000c0 (0x0000006f)
core   0: 3 0x800000c0 (0x0000006f)
core   0: 3 0x800000c0 (0x0000006f)
core   0: 3 0x800000c0 (0x0000006f)
core   0: 3 0x800000c0 (0x0000006f)
core   0: 3 0x800000c0 (0x0000006f)
core   0: 3 0x800000c0 (0x0000006f)
core   0: 3 0x800000c0 (0x0000006f)
core   0: 3 0x800000c0 (0x0000006f)
core   0: 3 0x800000c0 (0x0000006f)
core   0: 3 0x800000c0 (0x0000006f)
core   0: 3 0x800000c0 (0x0000006f)
core   0: 3 0x800000c0 (0x0000006f)
core   0: 3 0x800000c0 (0x0000006f)
core   0: 3 0x800000c0 (0x0000006f)
core   0: 3 0x800000c0 (0x0000006f)
core   0: 3 0x800000c0 (0x0000006f)
core   0: 3 0x800000c0 (0x0000006f)
core   0: 3 0x800000c0 (0x0000006f)
core   0: 3 0x800000c0 (0x0000006f)
core   0: 3 0x800000c0 (0x0000006f)
core   0: 3 0x800000c0 (0x0000006f)
core   0: 3 0x800000c0 (0x0000006f)
core   0: 3 0x800000c0 (0x0000006f)
core   0: 3 0x800000c0 (0x0000006f)
core   0: 3 0x800000c0 (0x0000006f)
core   0: 3 0x800000c0 (0x0000006f)
core   0: 3 0x800000c0 (0x0000006f)
core   0: 3 0x800000c0 (0x0000006f)
core   0: 3 0x800000c0 (0x0000006f)
core   0: 3 0x800000c0 (0x0000006f)
core   0: 3 0x800000c0 (0x0000006f)
core   0: 3 0x800000c0 (0x0000006f)
core   0: 3 0x800000c0 (0x0000006f)
core   0: 3 0x800000c0 (0x0000006f)
core   0: 3 0x800000c0 (0x0000006f)
core   0: 3 0x800000c0 (0x0000006f)
core   0: 3 0x800000c0 (0x0000006f)
core   0: 3 0x800000c0 (0x0000006f)
core   0: 3 0x800000c0 (0x0000006f)
core   0: 3 0x800000c0 (0x0000006f)
core   0: 3 0x800000c0 (0x0000006f)
core   0: 3 0x800000c0 (0x0000006f)
core   0: 3 0x800000c0 (0x0000006f)
core   0: 3 0x800000c0 (0x0000006f)
core   0: 3 0x800000c0 (0x0000006f)
core   0: 3 0x800000c0 (0x0000006f)
core   0: 3 0x800000c0 (0x0000006f)
core   0: 3 0x800000c0 (0x0000006f)
core   0: 3 0x800000c0 (0x0000006f)
core   0: 3 0x800000c0 (0x0000006f)
core   0: 3 0x800000c0 (0x0000006f)
core   0: 3 0x800000c0 (0x0000006f)
core   0: 3 0x800000c0 (0x0000006f)
core   0: 3 0x800000c0 (0x0000006f)
core   0: 3 0x800000c0 (0x0000006f)
core   0: 3 0x800000c0 (0x0000006f)
core   0: 3 0x800000c0 (0x0000006f)
core   0: 3 0x800000c0 (0x0000006f)
core   0: 3 0x800000c0 (0x0000006f)
core   0: 3 0x800000c0 (0x0000006f)
core   0: 3 0x800000c0 (0x0000006f)
core   0: 3 0x800000c0 (0x0000006f)
core   0: 3 0x800000c0 (0x0000006f)
core   0: 3 0x800000c0 (0x0000006f)
core   0: 3 0x800000c0 (0x0000006f)
core   0: 3 0x800000c0 (0x0000006f)
core   0: 3 0x800000c0 (0x0000006f)
core   0: 3 0x800000c0 (0x0000006f)
core   0: 3 0x800000c0 (0x0000006f)
core   0: 3 0x800000c0 (0x0000006f)
core   0: 3 0x800000c0 (0x0000006f)
core   0: 3 0x800000c0 (0x0000006f)
core   0: 3 0x800000c0 (0x0000006f)
core   0: 3 0x800000c0 (0x0000006f)
core   0: 3 0x800000c0 (0x0000006f)
core   0: 3 0x800000c0 (0x0000006f)
core   0: 3 0x800000c0 (0x0000006f)
core   0: 3 0x800000c0 (0x0000006f)
core   0: 3 0x800000c0 (0x0000006f)
core   0: 3 0x800000c0 (0x0000006f)
core   0: 3 0x800000c0 (0x0000006f)
core   0: 3 0x800000c0 (0x0000006f)
core   0: 3 0x800000c0 (0x0000006f)
core   0: 3 0x800000c0 (0x0000006f)
core   0: 3 0x800000c0 (0x0000006f)
core   0: 3 0x800000c0 (0x0000006f)
core   0: 3 0x800000c0 (0x0000006f)
core   0: 3 0x800000c0 (0x0000006f)
core   0: 3 0x800000c0 (0x0000006f)
core   0: 3 0x800000c0 (0x0000006f)
core   0: 3 0x800000c0 (0x0000006f)
core   0: 3 0x800000c0 (0x0000006f)
core   0: 3 0x800000c0 (0x0000006f)
core   0: 3 0x800000c0 (0x0000006f)
core   0: 3 0x800000c0 (0x0000006f)
core   0: 3 0x800000c0 (0x0000006f)
core   0: 3 0x800000c0 (0x0000006f)
core   0: 3 0x800000c0 (0x0000006f)
core   0: 3 0x800000c0 (0x0000006f)
core   0: 3 0x800000c0 (0x0000006f)
core   0: 3 0x800000c0 (0x0000006f)
core   0: 3 0x800000c0 (0x0000006f)
core   0: 3 0x800000c0 (0x0000006f)
core   0: 3 0x800000c0 (0x0000006f)
core   0: 3 0x800000c0 (0x0000006f)
core   0: 3 0x800000c0 (0x0000006f)
core   0: 3 0x800000c0 (0x0000006f)
core   0: 3 0x800000c0 (0x0000006f)
core   0: 3 0x800000c0 (0x0000006f)
core   0: 3 0x800000c0 (0x0000006f)
core   0: 3 0x800000c0 (0x0000006f)
core   0: 3 0x800000c0 (0x0000006f)
core   0: 3 0x800000c0 (0x0000006f)
core   0: 3 0x800000c0 (0x0000006f)
core   0: 3 0x800000c0 (0x0000006f)
core   0: 3 0x800000c0 (0x0000006f)
core   0: 3 0x800000c0 (0x0000006f)
core   0: 3 0x800000c0 (0x0000006f)
core   0: 3 0x800000c0 (0x0000006f)
core   0: 3 0x800000c0 (0x0000006f)
core   0: 3 0x800000c0 (0x0000006f)
core   0: 3 0x800000c0 (0x0000006f)
core   0: 3 0x800000c0 (0x0000006f)
core   0: 3 0x800000c0 (0x0000006f)
core   0: 3 0x800000c0 (0x0000006f)
core   0: 3 0x800000c0 (0x0000006f)
core   0: 3 0x800000c0 (0x0000006f)
core   0: 3 0x800000c0 (0x0000006f)
core   0: 3 0x800000c0 (0x0000006f)
core   0: 3 0x800000c0 (0x0000006f)
core   0: 3 0x800000c0 (0x0000006f)
core   0: 3 0x800000c0 (0x0000006f)
core   0: 3 0x800000c0 (0x0000006f)
core   0: 3 0x800000c0 (0x0000006f)
core   0: 3 0x800000c0 (0x0000006f)
core   0: 3 0x800000c0 (0x0000006f)
core   0: 3 0x800000c0 (0x0000006f)
core   0: 3 0x800000c0 (0x0000006f)
core   0: 3 0x800000c0 (0x0000006f)
core   0: 3 0x800000c0 (0x0000006f)
core   0: 3 0x800000c0 (0x0000006f)
core   0: 3 0x800000c0 (0x0000006f)
core   0: 3 0x800000c0 (0x0000006f)
core   0: 3 0x800000c0 (0x0000006f)
core   0: 3 0x800000c0 (0x0000006f)
core   0: 3 0x800000c0 (0x0000006f)
core   0: 3 0x800000c0 (0x0000006f)
core   0: 3 0x800000c0 (0x0000006f)
core   0: 3 0x800000c0 (0x0000006f)
core   0: 3 0x800000c0 (0x0000006f)
core   0: 3 0x800000c0 (0x0000006f)
core   0: 3 0x800000c0 (0x0000006f)
core   0: 3 0x800000c0 (0x0000006f)
core   0: 3 0x800000c0 (0x0000006f)
core   0: 3 0x800000c0 (0x0000006f)
core   0: 3 0x800000c0 (0x0000006f)
core   0: 3 0x800000c0 (0x0000006f)
core   0: 3 0x800000c0 (0x0000006f)
core   0: 3 0x800000c0 (0x0000006f)
core   0: 3 0x800000c0 (0x0000006f)
core   0: 3 0x800000c0 (0x0000006f)
core   0: 3 0x800000c0 (0x0000006f)
core   0: 3 0x800000c0 (0x0000006f)
core   0: 3 0x800000c0 (0x0000006f)
core   0: 3 0x800000c0 (0x0000006f)
core   0: 3 0x800000c0 (0x0000006f)
core   0: 3 0x800000c0 (0x0000006f)
core   0: 3 0x800000c0 (0x0000006f)
core   0: 3 0x800000c0 (0x0000006f)
core   0: 3 0x800000c0 (0x0000006f)
core   0: 3 0x800000c0 (0x0000006f)
core   0: 3 0x800000c0 (0x0000006f)
core   0: 3 0x800000c0 (0x0000006f)
core   0: 3 0x800000c0 (0x0000006f)
core   0: 3 0x800000c0 (0x0000006f)
core   0: 3 0x800000c0 (0x0000006f)
core   0: 3 0x800000c0 (0x0000006f)
core   0: 3 0x800000c0 (0x0000006f)
core   0: 3 0x800000c0 (0x0000006f)
core   0: 3 0x800000c0 (0x0000006f)
core   0: 3 0x800000c0 (0x0000006f)
core   0: 3 0x800000c0 (0x0000006f)
core   0: 3 0x800000c0 (0x0000006f)
core   0: 3 0x800000c0 (0x0000006f)
core   0: 3 0x800000c0 (0x0000006f)
core   0: 3 0x800000c0 (0x0000006f)
core   0: 3 0x800000c0 (0x0000006f)
core   0: 3 0x800000c0 (0x0000006f)
core   0: 3 0x800000c0 (0x0000006f)
core   0: 3 0x800000c0 (0x0000006f)
core   0: 3 0x800000c0 (0x0000006f)
core   0: 3 0x800000c0 (0x0000006f)
core   0: 3 0x800000c0 (0x0000006f)
core   0: 3 0x800000c0 (0x0000006f)
core   0: 3 0x800000c0 (0x0000006f)
core   0: 3 0x800000c0 (0x0000006f)
core   0: 3 0x800000c0 (0x0000006f)
core   0: 3 0x800000c0 (0x0000006f)
core   0: 3 0x800000c0 (0x0000006f)
core   0: 3 0x800000c0 (0x0000006f)
core   0: 3 0x800000c0 (0x0000006f)
core   0: 3 0x800000c0 (0x0000006f)
core   0: 3 0x800000c0 (0x0000006f)
core   0: 3 0x800000c0 (0x0000006f)
core   0: 3 0x800000c0 (0x0000006f)
core   0: 3 0x800000c0 (0x0000006f)
core   0: 3 0x800000c0 (0x0000006f)
core   0: 3 0x800000c0 (0x0000006f)
core   0: 3 0x800000c0 (0x0000006f)
core   0: 3 0x800000c0 (0x0000006f)
core   0: 3 0x800000c0 (0x0000006f)
core   0: 3 0x800000c0 (0x0000006f)
core   0: 3 0x800000c0 (0x0000006f)
core   0: 3 0x800000c0 (0x0000006f)
core   0: 3 0x800000c0 (0x0000006f)
core   0: 3 0x800000c0 (0x0000006f)
core   0: 3 0x800000c0 (0x0000006f)
core   0: 3 0x800000c0 (0x0000006f)
core   0: 3 0x800000c0 (0x0000006f)
core   0: 3 0x800000c0 (0x0000006f)
core   0: 3 0x800000c0 (0x0000006f)
core   0: 3 0x800000c0 (0x0000006f)
core   0: 3 0x800000c0 (0x0000006f)
core   0: 3 0x800000c0 (0x0000006f)
core   0: 3 0x800000c0 (0x0000006f)
core   0: 3 0x800000c0 (0x0000006f)
core   0: 3 0x800000c0 (0x0000006f)
core   0: 3 0x800000c0 (0x0000006f)
core   0: 3 0x800000c0 (0x0000006f)
core   0: 3 0x800000c0 (0x0000006f)
core   0: 3 0x800000c0 (0x0000006f)
core   0: 3 0x800000c0 (0x0000006f)
core   0: 3 0x800000c0 (0x0000006f)
core   0: 3 0x800000c0 (0x0000006f)
core   0: 3 0x800000c0 (0x0000006f)
core   0: 3 0x800000c0 (0x0000006f)
core   0: 3 0x800000c0 (0x0000006f)
core   0: 3 0x800000c0 (0x0000006f)
core   0: 3 0x800000c0 (0x0000006f)
core   0: 3 0x800000c0 (0x0000006f)
core   0: 3 0x800000c0 (0x0000006f)
core   0: 3 0x800000c0 (0x0000006f)
core   0: 3 0x800000c0 (0x0000006f)
core   0: 3 0x800000c0 (0x0000006f)
core   0: 3 0x800000c0 (0x0000006f)
core   0: 3 0x800000c0 (0x0000006f)
core   0: 3 0x800000c0 (0x0000006f)
core   0: 3 0x800000c0 (0x0000006f)
core   0: 3 0x800000c0 (0x0000006f)
core   0: 3 0x800000c0 (0x0000006f)
core   0: 3 0x800000c0 (0x0000006f)
core   0: 3 0x800000c0 (0x0000006f)
core   0: 3 0x800000c0 (0x0000006f)
core   0: 3 0x800000c0 (0x0000006f)
core   0: 3 0x800000c0 (0x0000006f)
core   0: 3 0x800000c0 (0x0000006f)
core   0: 3 0x800000c0 (0x0000006f)
core   0: 3 0x800000c0 (0x0000006f)
core   0: 3 0x800000c0 (0x0000006f)
core   0: 3 0x800000c0 (0x0000006f)
core   0: 3 0x800000c0 (0x0000006f)
core   0: 3 0x800000c0 (0x0000006f)
core   0: 3 0x800000c0 (0x0000006f)
core   0: 3 0x800000c0 (0x0000006f)
core   0: 3 0x800000c0 (0x0000006f)
core   0: 3 0x800000c0 (0x0000006f)
core   0: 3 0x800000c0 (0x0000006f)
core   0: 3 0x800000c0 (0x0000006f)
core   0: 3 0x800000c0 (0x0000006f)
core   0: 3 0x800000c0 (0x0000006f)
core   0: 3 0x800000c0 (0x0000006f)
core   0: 3 0x800000c0 (0x0000006f)
core   0: 3 0x800000c0 (0x0000006f)
core   0: 3 0x800000c0 (0x0000006f)
core   0: 3 0x800000c0 (0x0000006f)
core   0: 3 0x800000c0 (0x0000006f)
core   0: 3 0x800000c0 (0x0000006f)
core   0: 3 0x800000c0 (0x0000006f)
core   0: 3 0x800000c0 (0x0000006f)
core   0: 3 0x800000c0 (0x0000006f)
core   0: 3 0x800000c0 (0x0000006f)
core   0: 3 0x800000c0 (0x0000006f)
core   0: 3 0x800000c0 (0x0000006f)
core   0: 3 0x800000c0 (0x0000006f)
core   0: 3 0x800000c0 (0x0000006f)
core   0: 3 0x800000c0 (0x0000006f)
core   0: 3 0x800000c0 (0x0000006f)
core   0: 3 0x800000c0 (0x0000006f)
core   0: 3 0x800000c0 (0x0000006f)
core   0: 3 0x800000c0 (0x0000006f)
core   0: 3 0x800000c0 (0x0000006f)
core   0: 3 0x800000c0 (0x0000006f)
core   0: 3 0x800000c0 (0x0000006f)
core   0: 3 0x800000c0 (0x0000006f)
core   0: 3 0x800000c0 (0x0000006f)
core   0: 3 0x800000c0 (0x0000006f)
core   0: 3 0x800000c0 (0x0000006f)
core   0: 3 0x800000c0 (0x0000006f)
core   0: 3 0x800000c0 (0x0000006f)
core   0: 3 0x800000c0 (0x0000006f)
core   0: 3 0x800000c0 (0x0000006f)
core   0: 3 0x800000c0 (0x0000006f)
core   0: 3 0x800000c0 (0x0000006f)
core   0: 3 0x800000c0 (0x0000006f)
core   0: 3 0x800000c0 (0x0000006f)
core   0: 3 0x800000c0 (0x0000006f)
core   0: 3 0x800000c0 (0x0000006f)
core   0: 3 0x800000c0 (0x0000006f)
core   0: 3 0x800000c0 (0x0000006f)
core   0: 3 0x800000c0 (0x0000006f)
core   0: 3 0x800000c0 (0x0000006f)
core   0: 3 0x800000c0 (0x0000006f)
core   0: 3 0x800000c0 (0x0000006f)
core   0: 3 0x800000c0 (0x0000006f)
core   0: 3 0x800000c0 (0x0000006f)
core   0: 3 0x800000c0 (0x0000006f)
core   0: 3 0x800000c0 (0x0000006f)
core   0: 3 0x800000c0 (0x0000006f)
core   0: 3 0x800000c0 (0x0000006f)
core   0: 3 0x800000c0 (0x0000006f)
core   0: 3 0x800000c0 (0x0000006f)
core   0: 3 0x800000c0 (0x0000006f)
core   0: 3 0x800000c0 (0x0000006f)
core   0: 3 0x800000c0 (0x0000006f)
core   0: 3 0x800000c0 (0x0000006f)
core   0: 3 0x800000c0 (0x0000006f)
core   0: 3 0x800000c0 (0x0000006f)
core   0: 3 0x800000c0 (0x0000006f)
core   0: 3 0x800000c0 (0x0000006f)
core   0: 3 0x800000c0 (0x0000006f)
core   0: 3 0x800000c0 (0x0000006f)
core   0: 3 0x800000c0 (0x0000006f)
core   0: 3 0x800000c0 (0x0000006f)
core   0: 3 0x800000c0 (0x0000006f)
core   0: 3 0x800000c0 (0x0000006f)
core   0: 3 0x800000c0 (0x0000006f)
core   0: 3 0x800000c0 (0x0000006f)
core   0: 3 0x800000c0 (0x0000006f)
core   0: 3 0x800000c0 (0x0000006f)
core   0: 3 0x800000c0 (0x0000006f)
core   0: 3 0x800000c0 (0x0000006f)
core   0: 3 0x800000c0 (0x0000006f)
core   0: 3 0x800000c0 (0x0000006f)
core   0: 3 0x800000c0 (0x0000006f)
core   0: 3 0x800000c0 (0x0000006f)
core   0: 3 0x800000c0 (0x0000006f)
core   0: 3 0x800000c0 (0x0000006f)
core   0: 3 0x800000c0 (0x0000006f)
core   0: 3 0x800000c0 (0x0000006f)
core   0: 3 0x800000c0 (0x0000006f)
core   0: 3 0x800000c0 (0x0000006f)
core   0: 3 0x800000c0 (0x0000006f)
core   0: 3 0x800000c0 (0x0000006f)
core   0: 3 0x800000c0 (0x0000006f)
core   0: 3 0x800000c0 (0x0000006f)
core   0: 3 0x800000c0 (0x0000006f)
core   0: 3 0x800000c0 (0x0000006f)
core   0: 3 0x800000c0 (0x0000006f)
core   0: 3 0x800000c0 (0x0000006f)
core   0: 3 0x800000c0 (0x0000006f)
core   0: 3 0x800000c0 (0x0000006f)
core   0: 3 0x800000c0 (0x0000006f)
core   0: 3 0x800000c0 (0x0000006f)
core   0: 3 0x800000c0 (0x0000006f)
core   0: 3 0x800000c0 (0x0000006f)
core   0: 3 0x800000c0 (0x0000006f)
core   0: 3 0x800000c0 (0x0000006f)
core   0: 3 0x800000c0 (0x0000006f)
core   0: 3 0x800000c0 (0x0000006f)
core   0: 3 0x800000c0 (0x0000006f)
core   0: 3 0x800000c0 (0x0000006f)
core   0: 3 0x800000c0 (0x0000006f)
core   0: 3 0x800000c0 (0x0000006f)
core   0: 3 0x800000c0 (0x0000006f)
core   0: 3 0x800000c0 (0x0000006f)
core   0: 3 0x800000c0 (0x0000006f)
core   0: 3 0x800000c0 (0x0000006f)
core   0: 3 0x800000c0 (0x0000006f)
core   0: 3 0x800000c0 (0x0000006f)
core   0: 3 0x800000c0 (0x0000006f)
core   0: 3 0x800000c0 (0x0000006f)
core   0: 3 0x800000c0 (0x0000006f)
core   0: 3 0x800000c0 (0x0000006f)
core   0: 3 0x800000c0 (0x0000006f)
core   0: 3 0x800000c0 (0x0000006f)
core   0: 3 0x800000c0 (0x0000006f)
core   0: 3 0x800000c0 (0x0000006f)
core   0: 3 0x800000c0 (0x0000006f)
core   0: 3 0x800000c0 (0x0000006f)
core   0: 3 0x800000c0 (0x0000006f)
core   0: 3 0x800000c0 (0x0000006f)
core   0: 3 0x800000c0 (0x0000006f)
core   0: 3 0x800000c0 (0x0000006f)
core   0: 3 0x800000c0 (0x0000006f)
core   0: 3 0x800000c0 (0x0000006f)
core   0: 3 0x800000c0 (0x0000006f)
core   0: 3 0x800000c0 (0x0000006f)
core   0: 3 0x800000c0 (0x0000006f)
core   0: 3 0x800000c0 (0x0000006f)
core   0: 3 0x800000c0 (0x0000006f)
core   0: 3 0x800000c0 (0x0000006f)
core   0: 3 0x800000c0 (0x0000006f)
core   0: 3 0x800000c0 (0x0000006f)
core   0: 3 0x800000c0 (0x0000006f)
core   0: 3 0x800000c0 (0x0000006f)
core   0: 3 0x800000c0 (0x0000006f)
core   0: 3 0x800000c0 (0x0000006f)
core   0: 3 0x800000c0 (0x0000006f)
core   0: 3 0x800000c0 (0x0000006f)
core   0: 3 0x800000c0 (0x0000006f)
core   0: 3 0x800000c0 (0x0000006f)
core   0: 3 0x800000c0 (0x0000006f)
core   0: 3 0x800000c0 (0x0000006f)
core   0: 3 0x800000c0 (0x0000006f)
core   0: 3 0x800000c0 (0x0000006f)
core   0: 3 0x800000c0 (0x0000006f)
core   0: 3 0x800000c0 (0x0000006f)
core   0: 3 0x800000c0 (0x0000006f)
core   0: 3 0x800000c0 (0x0000006f)
core   0: 3 0x800000c0 (0x0000006f)
core   0: 3 0x800000c0 (0x0000006f)
core   0: 3 0x800000c0 (0x0000006f)
core   0: 3 0x800000c0 (0x0000006f)
core   0: 3 0x800000c0 (0x0000006f)
core   0: 3 0x800000c0 (0x0000006f)
core   0: 3 0x800000c0 (0x0000006f)
core   0: 3 0x800000c0 (0x0000006f)
core   0: 3 0x800000c0 (0x0000006f)
core   0: 3 0x800000c0 (0x0000006f)
core   0: 3 0x800000c0 (0x0000006f)
core   0: 3 0x800000c0 (0x0000006f)
core   0: 3 0x800000c0 (0x0000006f)
core   0: 3 0x800000c0 (0x0000006f)
core   0: 3 0x800000c0 (0x0000006f)
core   0: 3 0x800000c0 (0x0000006f)
core   0: 3 0x800000c0 (0x0000006f)
core   0: 3 0x800000c0 (0x0000006f)
core   0: 3 0x800000c0 (0x0000006f)
core   0: 3 0x800000c0 (0x0000006f)
core   0: 3 0x800000c0 (0x0000006f)
core   0: 3 0x800000c0 (0x0000006f)
core   0: 3 0x800000c0 (0x0000006f)
core   0: 3 0x800000c0 (0x0000006f)
core   0: 3 0x800000c0 (0x0000006f)
core   0: 3 0x800000c0 (0x0000006f)
core   0: 3 0x800000c0 (0x0000006f)
core   0: 3 0x800000c0 (0x0000006f)
core   0: 3 0x800000c0 (0x0000006f)
core   0: 3 0x800000c0 (0x0000006f)
core   0: 3 0x800000c0 (0x0000006f)
core   0: 3 0x800000c0 (0x0000006f)
core   0: 3 0x800000c0 (0x0000006f)
core   0: 3 0x800000c0 (0x0000006f)
core   0: 3 0x800000c0 (0x0000006f)
core   0: 3 0x800000c0 (0x0000006f)
core   0: 3 0x800000c0 (0x0000006f)
core   0: 3 0x800000c0 (0x0000006f)
core   0: 3 0x800000c0 (0x0000006f)
core   0: 3 0x800000c0 (0x0000006f)
core   0: 3 0x800000c0 (0x0000006f)
core   0: 3 0x800000c0 (0x0000006f)
core   0: 3 0x800000c0 (0x0000006f)
core   0: 3 0x800000c0 (0x0000006f)
core   0: 3 0x800000c0 (0x0000006f)
core   0: 3 0x800000c0 (0x0000006f)
core   0: 3 0x800000c0 (0x0000006f)
core   0: 3 0x800000c0 (0x0000006f)
core   0: 3 0x800000c0 (0x0000006f)
core   0: 3 0x800000c0 (0x0000006f)
core   0: 3 0x800000c0 (0x0000006f)
core   0: 3 0x800000c0 (0x0000006f)
core   0: 3 0x800000c0 (0x0000006f)
core   0: 3 0x800000c0 (0x0000006f)
core   0: 3 0x800000c0 (0x0000006f)
core   0: 3 0x800000c0 (0x0000006f)
core   0: 3 0x800000c0 (0x0000006f)
core   0: 3 0x800000c0 (0x0000006f)
core   0: 3 0x800000c0 (0x0000006f)
core   0: 3 0x800000c0 (0x0000006f)
core   0: 3 0x800000c0 (0x0000006f)
core   0: 3 0x800000c0 (0x0000006f)
core   0: 3 0x800000c0 (0x0000006f)
core   0: 3 0x800000c0 (0x0000006f)
core   0: 3 0x800000c0 (0x0000006f)
core   0: 3 0x800000c0 (0x0000006f)
core   0: 3 0x800000c0 (0x0000006f)
core   0: 3 0x800000c0 (0x0000006f)
core   0: 3 0x800000c0 (0x0000006f)
core   0: 3 0x800000c0 (0x0000006f)
core   0: 3 0x800000c0 (0x0000006f)
core   0: 3 0x800000c0 (0x0000006f)
core   0: 3 0x800000c0 (0x0000006f)
core   0: 3 0x800000c0 (0x0000006f)
core   0: 3 0x800000c0 (0x0000006f)
core   0: 3 0x800000c0 (0x0000006f)
core   0: 3 0x800000c0 (0x0000006f)
core   0: 3 0x800000c0 (0x0000006f)
core   0: 3 0x800000c0 (0x0000006f)
core   0: 3 0x800000c0 (0x0000006f)
core   0: 3 0x800000c0 (0x0000006f)
core   0: 3 0x800000c0 (0x0000006f)
core   0: 3 0x800000c0 (0x0000006f)
core   0: 3 0x800000c0 (0x0000006f)
core   0: 3 0x800000c0 (0x0000006f)
core   0: 3 0x800000c0 (0x0000006f)
core   0: 3 0x800000c0 (0x0000006f)
core   0: 3 0x800000c0 (0x0000006f)
core   0: 3 0x800000c0 (0x0000006f)
core   0: 3 0x800000c0 (0x0000006f)
core   0: 3 0x800000c0 (0x0000006f)
core   0: 3 0x800000c0 (0x0000006f)
core   0: 3 0x800000c0 (0x0000006f)
core   0: 3 0x800000c0 (0x0000006f)
core   0: 3 0x800000c0 (0x0000006f)
core   0: 3 0x800000c0 (0x0000006f)
core   0: 3 0x800000c0 (0x0000006f)
core   0: 3 0x800000c0 (0x0000006f)
core   0: 3 0x800000c0 (0x0000006f)
core   0: 3 0x800000c0 (0x0000006f)
core   0: 3 0x800000c0 (0x0000006f)
core   0: 3 0x800000c0 (0x0000006f)
core   0: 3 0x800000c0 (0x0000006f)
core   0: 3 0x800000c0 (0x0000006f)
core   0: 3 0x800000c0 (0x0000006f)
core   0: 3 0x800000c0 (0x0000006f)
core   0: 3 0x800000c0 (0x0000006f)
core   0: 3 0x800000c0 (0x0000006f)
core   0: 3 0x800000c0 (0x0000006f)
core   0: 3 0x800000c0 (0x0000006f)
core   0: 3 0x800000c0 (0x0000006f)
core   0: 3 0x800000c0 (0x0000006f)
core   0: 3 0x800000c0 (0x0000006f)
core   0: 3 0x800000c0 (0x0000006f)
core   0: 3 0x800000c0 (0x0000006f)
core   0: 3 0x800000c0 (0x0000006f)
core   0: 3 0x800000c0 (0x0000006f)
core   0: 3 0x800000c0 (0x0000006f)
core   0: 3 0x800000c0 (0x0000006f)
core   0: 3 0x800000c0 (0x0000006f)
core   0: 3 0x800000c0 (0x0000006f)
core   0: 3 0x800000c0 (0x0000006f)
core   0: 3 0x800000c0 (0x0000006f)
core   0: 3 0x800000c0 (0x0000006f)
core   0: 3 0x800000c0 (0x0000006f)
core   0: 3 0x800000c0 (0x0000006f)
core   0: 3 0x800000c0 (0x0000006f)
core   0: 3 0x800000c0 (0x0000006f)
core   0: 3 0x800000c0 (0x0000006f)
core   0: 3 0x800000c0 (0x0000006f)
core   0: 3 0x800000c0 (0x0000006f)
core   0: 3 0x800000c0 (0x0000006f)
core   0: 3 0x800000c0 (0x0000006f)
core   0: 3 0x800000c0 (0x0000006f)
core   0: 3 0x800000c0 (0x0000006f)
core   0: 3 0x800000c0 (0x0000006f)
core   0: 3 0x800000c0 (0x0000006f)
core   0: 3 0x800000c0 (0x0000006f)
core   0: 3 0x800000c0 (0x0000006f)
core   0: 3 0x800000c0 (0x0000006f)
core   0: 3 0x800000c0 (0x0000006f)
core   0: 3 0x800000c0 (0x0000006f)
core   0: 3 0x800000c0 (0x0000006f)
core   0: 3 0x800000c0 (0x0000006f)
core   0: 3 0x800000c0 (0x0000006f)
core   0: 3 0x800000c0 (0x0000006f)
core   0: 3 0x800000c0 (0x0000006f)
core   0: 3 0x800000c0 (0x0000006f)
core   0: 3 0x800000c0 (0x0000006f)
core   0: 3 0x800000c0 (0x0000006f)
core   0: 3 0x800000c0 (0x0000006f)
core   0: 3 0x800000c0 (0x0000006f)
core   0: 3 0x800000c0 (0x0000006f)
core   0: 3 0x800000c0 (0x0000006f)
core   0: 3 0x800000c0 (0x0000006f)
core   0: 3 0x800000c0 (0x0000006f)
core   0: 3 0x800000c0 (0x0000006f)
core   0: 3 0x800000c0 (0x0000006f)
core   0: 3 0x800000c0 (0x0000006f)
core   0: 3 0x800000c0 (0x0000006f)
core   0: 3 0x800000c0 (0x0000006f)
core   0: 3 0x800000c0 (0x0000006f)
core   0: 3 0x800000c0 (0x0000006f)
core   0: 3 0x800000c0 (0x0000006f)
core   0: 3 0x800000c0 (0x0000006f)
core   0: 3 0x800000c0 (0x0000006f)
core   0: 3 0x800000c0 (0x0000006f)
core   0: 3 0x800000c0 (0x0000006f)
core   0: 3 0x800000c0 (0x0000006f)
core   0: 3 0x800000c0 (0x0000006f)
core   0: 3 0x800000c0 (0x0000006f)
core   0: 3 0x800000c0 (0x0000006f)
core   0: 3 0x800000c0 (0x0000006f)
core   0: 3 0x800000c0 (0x0000006f)
core   0: 3 0x800000c0 (0x0000006f)
core   0: 3 0x800000c0 (0x0000006f)
core   0: 3 0x800000c0 (0x0000006f)
core   0: 3 0x800000c0 (0x0000006f)
core   0: 3 0x800000c0 (0x0000006f)
core   0: 3 0x800000c0 (0x0000006f)
core   0: 3 0x800000c0 (0x0000006f)
core   0: 3 0x800000c0 (0x0000006f)
core   0: 3 0x800000c0 (0x0000006f)
core   0: 3 0x800000c0 (0x0000006f)
core   0: 3 0x800000c0 (0x0000006f)
core   0: 3 0x800000c0 (0x0000006f)
core   0: 3 0x800000c0 (0x0000006f)
core   0: 3 0x800000c0 (0x0000006f)
core   0: 3 0x800000c0 (0x0000006f)
core   0: 3 0x800000c0 (0x0000006f)
core   0: 3 0x800000c0 (0x0000006f)
core   0: 3 0x800000c0 (0x0000006f)
core   0: 3 0x800000c0 (0x0000006f)
core   0: 3 0x800000c0 (0x0000006f)
core   0: 3 0x800000c0 (0x0000006f)
core   0: 3 0x800000c0 (0x0000006f)
core   0: 3 0x800000c0 (0x0000006f)
core   0: 3 0x800000c0 (0x0000006f)
core   0: 3 0x800000c0 (0x0000006f)
core   0: 3 0x800000c0 (0x0000006f)
core   0: 3 0x800000c0 (0x0000006f)
core   0: 3 0x800000c0 (0x0000006f)
core   0: 3 0x800000c0 (0x0000006f)
core   0: 3 0x800000c0 (0x0000006f)
core   0: 3 0x800000c0 (0x0000006f)
core   0: 3 0x800000c0 (0x0000006f)
core   0: 3 0x800000c0 (0x0000006f)
core   0: 3 0x800000c0 (0x0000006f)
core   0: 3 0x800000c0 (0x0000006f)
core   0: 3 0x800000c0 (0x0000006f)
core   0: 3 0x800000c0 (0x0000006f)
core   0: 3 0x800000c0 (0x0000006f)
core   0: 3 0x800000c0 (0x0000006f)
core   0: 3 0x800000c0 (0x0000006f)
core   0: 3 0x800000c0 (0x0000006f)
core   0: 3 0x800000c0 (0x0000006f)
core   0: 3 0x800000c0 (0x0000006f)
core   0: 3 0x800000c0 (0x0000006f)
core   0: 3 0x800000c0 (0x0000006f)
core   0: 3 0x800000c0 (0x0000006f)
core   0: 3 0x800000c0 (0x0000006f)
core   0: 3 0x800000c0 (0x0000006f)
core   0: 3 0x800000c0 (0x0000006f)
core   0: 3 0x800000c0 (0x0000006f)
core   0: 3 0x800000c0 (0x0000006f)
core   0: 3 0x800000c0 (0x0000006f)
core   0: 3 0x800000c0 (0x0000006f)
core   0: 3 0x800000c0 (0x0000006f)
core   0: 3 0x800000c0 (0x0000006f)
core   0: 3 0x800000c0 (0x0000006f)
core   0: 3 0x800000c0 (0x0000006f)
core   0: 3 0x800000c0 (0x0000006f)
core   0: 3 0x800000c0 (0x0000006f)
core   0: 3 0x800000c0 (0x0000006f)
core   0: 3 0x800000c0 (0x0000006f)
core   0: 3 0x800000c0 (0x0000006f)
core   0: 3 0x800000c0 (0x0000006f)
core   0: 3 0x800000c0 (0x0000006f)
core   0: 3 0x800000c0 (0x0000006f)
core   0: 3 0x800000c0 (0x0000006f)
core   0: 3 0x800000c0 (0x0000006f)
core   0: 3 0x800000c0 (0x0000006f)
core   0: 3 0x800000c0 (0x0000006f)
core   0: 3 0x800000c0 (0x0000006f)
core   0: 3 0x800000c0 (0x0000006f)
core   0: 3 0x800000c0 (0x0000006f)
core   0: 3 0x800000c0 (0x0000006f)
core   0: 3 0x800000c0 (0x0000006f)
core   0: 3 0x800000c0 (0x0000006f)
core   0: 3 0x800000c0 (0x0000006f)
core   0: 3 0x800000c0 (0x0000006f)
core   0: 3 0x800000c0 (0x0000006f)
core   0: 3 0x800000c0 (0x0000006f)
core   0: 3 0x800000c0 (0x0000006f)
core   0: 3 0x800000c0 (0x0000006f)
core   0: 3 0x800000c0 (0x0000006f)
core   0: 3 0x800000c0 (0x0000006f)
core   0: 3 0x800000c0 (0x0000006f)
core   0: 3 0x800000c0 (0x0000006f)
core   0: 3 0x800000c0 (0x0000006f)
core   0: 3 0x800000c0 (0x0000006f)
core   0: 3 0x800000c0 (0x0000006f)
core   0: 3 0x800000c0 (0x0000006f)
core   0: 3 0x800000c0 (0x0000006f)
core   0: 3 0x800000c0 (0x0000006f)
core   0: 3 0x800000c0 (0x0000006f)
core   0: 3 0x800000c0 (0x0000006f)
core   0: 3 0x800000c0 (0x0000006f)
core   0: 3 0x800000c0 (0x0000006f)
core   0: 3 0x800000c0 (0x0000006f)
core   0: 3 0x800000c0 (0x0000006f)
core   0: 3 0x800000c0 (0x0000006f)
core   0: 3 0x800000c0 (0x0000006f)
core   0: 3 0x800000c0 (0x0000006f)
core   0: 3 0x800000c0 (0x0000006f)
core   0: 3 0x800000c0 (0x0000006f)
core   0: 3 0x800000c0 (0x0000006f)
core   0: 3 0x800000c0 (0x0000006f)
core   0: 3 0x800000c0 (0x0000006f)
core   0: 3 0x800000c0 (0x0000006f)
core   0: 3 0x800000c0 (0x0000006f)
core   0: 3 0x800000c0 (0x0000006f)
core   0: 3 0x800000c0 (0x0000006f)
core   0: 3 0x800000c0 (0x0000006f)
core   0: 3 0x800000c0 (0x0000006f)
core   0: 3 0x800000c0 (0x0000006f)
core   0: 3 0x800000c0 (0x0000006f)
core   0: 3 0x800000c0 (0x0000006f)
core   0: 3 0x800000c0 (0x0000006f)
core   0: 3 0x800000c0 (0x0000006f)
core   0: 3 0x800000c0 (0x0000006f)
core   0: 3 0x800000c0 (0x0000006f)
core   0: 3 0x800000c0 (0x0000006f)
core   0: 3 0x800000c0 (0x0000006f)
core   0: 3 0x800000c0 (0x0000006f)
core   0: 3 0x800000c0 (0x0000006f)
core   0: 3 0x800000c0 (0x0000006f)
core   0: 3 0x800000c0 (0x0000006f)
core   0: 3 0x800000c0 (0x0000006f)
core   0: 3 0x800000c0 (0x0000006f)
core   0: 3 0x800000c0 (0x0000006f)
core   0: 3 0x800000c0 (0x0000006f)
core   0: 3 0x800000c0 (0x0000006f)
core   0: 3 0x800000c0 (0x0000006f)
core   0: 3 0x800000c0 (0x0000006f)
core   0: 3 0x800000c0 (0x0000006f)
core   0: 3 0x800000c0 (0x0000006f)
core   0: 3 0x800000c0 (0x0000006f)
core   0: 3 0x800000c0 (0x0000006f)
core   0: 3 0x800000c0 (0x0000006f)
core   0: 3 0x800000c0 (0x0000006f)
core   0: 3 0x800000c0 (0x0000006f)
core   0: 3 0x800000c0 (0x0000006f)
core   0: 3 0x800000c0 (0x0000006f)
core   0: 3 0x800000c0 (0x0000006f)
core   0: 3 0x800000c0 (0x0000006f)
core   0: 3 0x800000c0 (0x0000006f)
core   0: 3 0x800000c0 (0x0000006f)
core   0: 3 0x800000c0 (0x0000006f)
core   0: 3 0x800000c0 (0x0000006f)
core   0: 3 0x800000c0 (0x0000006f)
core   0: 3 0x800000c0 (0x0000006f)
core   0: 3 0x800000c0 (0x0000006f)
core   0: 3 0x800000c0 (0x0000006f)
core   0: 3 0x800000c0 (0x0000006f)
core   0: 3 0x800000c0 (0x0000006f)
core   0: 3 0x800000c0 (0x0000006f)
core   0: 3 0x800000c0 (0x0000006f)
core   0: 3 0x800000c0 (0x0000006f)
core   0: 3 0x800000c0 (0x0000006f)
core   0: 3 0x800000c0 (0x0000006f)
core   0: 3 0x800000c0 (0x0000006f)
core   0: 3 0x800000c0 (0x0000006f)
core   0: 3 0x800000c0 (0x0000006f)
core   0: 3 0x800000c0 (0x0000006f)
core   0: 3 0x800000c0 (0x0000006f)
core   0: 3 0x800000c0 (0x0000006f)
core   0: 3 0x800000c0 (0x0000006f)
core   0: 3 0x800000c0 (0x0000006f)
core   0: 3 0x800000c0 (0x0000006f)
core   0: 3 0x800000c0 (0x0000006f)
core   0: 3 0x800000c0 (0x0000006f)
core   0: 3 0x800000c0 (0x0000006f)
core   0: 3 0x800000c0 (0x0000006f)
core   0: 3 0x800000c0 (0x0000006f)
core   0: 3 0x800000c0 (0x0000006f)
core   0: 3 0x800000c0 (0x0000006f)
core   0: 3 0x800000c0 (0x0000006f)
core   0: 3 0x800000c0 (0x0000006f)
core   0: 3 0x800000c0 (0x0000006f)
core   0: 3 0x800000c0 (0x0000006f)
core   0: 3 0x800000c0 (0x0000006f)
core   0: 3 0x800000c0 (0x0000006f)
core   0: 3 0x800000c0 (0x0000006f)
core   0: 3 0x800000c0 (0x0000006f)
core   0: 3 0x800000c0 (0x0000006f)
core   0: 3 0x800000c0 (0x0000006f)
core   0: 3 0x800000c0 (0x0000006f)
core   0: 3 0x800000c0 (0x0000006f)
core   0: 3 0x800000c0 (0x0000006f)
core   0: 3 0x800000c0 (0x0000006f)
core   0: 3 0x800000c0 (0x0000006f)
core   0: 3 0x800000c0 (0x0000006f)
core   0: 3 0x800000c0 (0x0000006f)
core   0: 3 0x800000c0 (0x0000006f)
core   0: 3 0x800000c0 (0x0000006f)
core   0: 3 0x800000c0 (0x0000006f)
core   0: 3 0x800000c0 (0x0000006f)
core   0: 3 0x800000c0 (0x0000006f)
core   0: 3 0x800000c0 (0x0000006f)
core   0: 3 0x800000c0 (0x0000006f)
core   0: 3 0x800000c0 (0x0000006f)
core   0: 3 0x800000c0 (0x0000006f)
core   0: 3 0x800000c0 (0x0000006f)
core   0: 3 0x800000c0 (0x0000006f)
core   0: 3 0x800000c0 (0x0000006f)
core   0: 3 0x800000c0 (0x0000006f)
core   0: 3 0x800000c0 (0x0000006f)
core   0: 3 0x800000c0 (0x0000006f)
core   0: 3 0x800000c0 (0x0000006f)
core   0: 3 0x800000c0 (0x0000006f)
core   0: 3 0x800000c0 (0x0000006f)
core   0: 3 0x800000c0 (0x0000006f)
core   0: 3 0x800000c0 (0x0000006f)
core   0: 3 0x800000c0 (0x0000006f)
core   0: 3 0x800000c0 (0x0000006f)
core   0: 3 0x800000c0 (0x0000006f)
core   0: 3 0x800000c0 (0x0000006f)
core   0: 3 0x800000c0 (0x0000006f)
core   0: 3 0x800000c0 (0x0000006f)
core   0: 3 0x800000c0 (0x0000006f)
core   0: 3 0x800000c0 (0x0000006f)
core   0: 3 0x800000c0 (0x0000006f)
core   0: 3 0x800000c0 (0x0000006f)
core   0: 3 0x800000c0 (0x0000006f)
core   0: 3 0x800000c0 (0x0000006f)
core   0: 3 0x800000c0 (0x0000006f)
core   0: 3 0x800000c0 (0x0000006f)
core   0: 3 0x800000c0 (0x0000006f)
core   0: 3 0x800000c0 (0x0000006f)
core   0: 3 0x800000c0 (0x0000006f)
core   0: 3 0x800000c0 (0x0000006f)
core   0: 3 0x800000c0 (0x0000006f)
core   0: 3 0x800000c0 (0x0000006f)
core   0: 3 0x800000c0 (0x0000006f)
core   0: 3 0x800000c0 (0x0000006f)
core   0: 3 0x800000c0 (0x0000006f)
core   0: 3 0x800000c0 (0x0000006f)
core   0: 3 0x800000c0 (0x0000006f)
core   0: 3 0x800000c0 (0x0000006f)
core   0: 3 0x800000c0 (0x0000006f)
core   0: 3 0x800000c0 (0x0000006f)
core   0: 3 0x800000c0 (0x0000006f)
core   0: 3 0x800000c0 (0x0000006f)
core   0: 3 0x800000c0 (0x0000006f)
core   0: 3 0x800000c0 (0x0000006f)
core   0: 3 0x800000c0 (0x0000006f)
core   0: 3 0x800000c0 (0x0000006f)
core   0: 3 0x800000c0 (0x0000006f)
core   0: 3 0x800000c0 (0x0000006f)
core   0: 3 0x800000c0 (0x0000006f)
core   0: 3 0x800000c0 (0x0000006f)
core   0: 3 0x800000c0 (0x0000006f)
core   0: 3 0x800000c0 (0x0000006f)
core   0: 3 0x800000c0 (0x0000006f)
core   0: 3 0x800000c0 (0x0000006f)
core   0: 3 0x800000c0 (0x0000006f)
core   0: 3 0x800000c0 (0x0000006f)
core   0: 3 0x800000c0 (0x0000006f)
core   0: 3 0x800000c0 (0x0000006f)
core   0: 3 0x800000c0 (0x0000006f)
core   0: 3 0x800000c0 (0x0000006f)
core   0: 3 0x800000c0 (0x0000006f)
core   0: 3 0x800000c0 (0x0000006f)
core   0: 3 0x800000c0 (0x0000006f)
core   0: 3 0x800000c0 (0x0000006f)
core   0: 3 0x800000c0 (0x0000006f)
core   0: 3 0x800000c0 (0x0000006f)
core   0: 3 0x800000c0 (0x0000006f)
core   0: 3 0x800000c0 (0x0000006f)
core   0: 3 0x800000c0 (0x0000006f)
core   0: 3 0x800000c0 (0x0000006f)
core   0: 3 0x800000c0 (0x0000006f)
core   0: 3 0x800000c0 (0x0000006f)
core   0: 3 0x800000c0 (0x0000006f)
core   0: 3 0x800000c0 (0x0000006f)
core   0: 3 0x800000c0 (0x0000006f)
core   0: 3 0x800000c0 (0x0000006f)
core   0: 3 0x800000c0 (0x0000006f)
core   0: 3 0x800000c0 (0x0000006f)
core   0: 3 0x800000c0 (0x0000006f)
core   0: 3 0x800000c0 (0x0000006f)
core   0: 3 0x800000c0 (0x0000006f)
core   0: 3 0x800000c0 (0x0000006f)
core   0: 3 0x800000c0 (0x0000006f)
core   0: 3 0x800000c0 (0x0000006f)
core   0: 3 0x800000c0 (0x0000006f)
core   0: 3 0x800000c0 (0x0000006f)
core   0: 3 0x800000c0 (0x0000006f)
core   0: 3 0x800000c0 (0x0000006f)
core   0: 3 0x800000c0 (0x0000006f)
core   0: 3 0x800000c0 (0x0000006f)
core   0: 3 0x800000c0 (0x0000006f)
core   0: 3 0x800000c0 (0x0000006f)
core   0: 3 0x800000c0 (0x0000006f)
core   0: 3 0x800000c0 (0x0000006f)
core   0: 3 0x800000c0 (0x0000006f)
core   0: 3 0x800000c0 (0x0000006f)
core   0: 3 0x800000c0 (0x0000006f)
core   0: 3 0x800000c0 (0x0000006f)
core   0: 3 0x800000c0 (0x0000006f)
core   0: 3 0x800000c0 (0x0000006f)
core   0: 3 0x800000c0 (0x0000006f)
core   0: 3 0x800000c0 (0x0000006f)
core   0: 3 0x800000c0 (0x0000006f)
core   0: 3 0x800000c0 (0x0000006f)
core   0: 3 0x800000c0 (0x0000006f)
core   0: 3 0x800000c0 (0x0000006f)
core   0: 3 0x800000c0 (0x0000006f)
core   0: 3 0x800000c0 (0x0000006f)
core   0: 3 0x800000c0 (0x0000006f)
core   0: 3 0x800000c0 (0x0000006f)
core   0: 3 0x800000c0 (0x0000006f)
core   0: 3 0x800000c0 (0x0000006f)
core   0: 3 0x800000c0 (0x0000006f)
core   0: 3 0x800000c0 (0x0000006f)
core   0: 3 0x800000c0 (0x0000006f)
core   0: 3 0x800000c0 (0x0000006f)
core   0: 3 0x800000c0 (0x0000006f)
core   0: 3 0x800000c0 (0x0000006f)
core   0: 3 0x800000c0 (0x0000006f)
core   0: 3 0x800000c0 (0x0000006f)
core   0: 3 0x800000c0 (0x0000006f)
core   0: 3 0x800000c0 (0x0000006f)
core   0: 3 0x800000c0 (0x0000006f)
core   0: 3 0x800000c0 (0x0000006f)
core   0: 3 0x800000c0 (0x0000006f)
core   0: 3 0x800000c0 (0x0000006f)
core   0: 3 0x800000c0 (0x0000006f)
core   0: 3 0x800000c0 (0x0000006f)
core   0: 3 0x800000c0 (0x0000006f)
core   0: 3 0x800000c0 (0x0000006f)
core   0: 3 0x800000c0 (0x0000006f)
core   0: 3 0x800000c0 (0x0000006f)
core   0: 3 0x800000c0 (0x0000006f)
core   0: 3 0x800000c0 (0x0000006f)
core   0: 3 0x800000c0 (0x0000006f)
core   0: 3 0x800000c0 (0x0000006f)
core   0: 3 0x800000c0 (0x0000006f)
core   0: 3 0x800000c0 (0x0000006f)
core   0: 3 0x800000c0 (0x0000006f)
core   0: 3 0x800000c0 (0x0000006f)
core   0: 3 0x800000c0 (0x0000006f)
core   0: 3 0x800000c0 (0x0000006f)
core   0: 3 0x800000c0 (0x0000006f)
core   0: 3 0x800000c0 (0x0000006f)
core   0: 3 0x800000c0 (0x0000006f)
core   0: 3 0x800000c0 (0x0000006f)
core   0: 3 0x800000c0 (0x0000006f)
core   0: 3 0x800000c0 (0x0000006f)
core   0: 3 0x800000c0 (0x0000006f)
core   0: 3 0x800000c0 (0x0000006f)
core   0: 3 0x800000c0 (0x0000006f)
core   0: 3 0x800000c0 (0x0000006f)
core   0: 3 0x800000c0 (0x0000006f)
core   0: 3 0x800000c0 (0x0000006f)
core   0: 3 0x800000c0 (0x0000006f)
core   0: 3 0x800000c0 (0x0000006f)
core   0: 3 0x800000c0 (0x0000006f)
core   0: 3 0x800000c0 (0x0000006f)
core   0: 3 0x800000c0 (0x0000006f)
core   0: 3 0x800000c0 (0x0000006f)
core   0: 3 0x800000c0 (0x0000006f)
core   0: 3 0x800000c0 (0x0000006f)
core   0: 3 0x800000c0 (0x0000006f)
core   0: 3 0x800000c0 (0x0000006f)
core   0: 3 0x800000c0 (0x0000006f)
core   0: 3 0x800000c0 (0x0000006f)
core   0: 3 0x800000c0 (0x0000006f)
core   0: 3 0x800000c0 (0x0000006f)
core   0: 3 0x800000c0 (0x0000006f)
core   0: 3 0x800000c0 (0x0000006f)
core   0: 3 0x800000c0 (0x0000006f)
core   0: 3 0x800000c0 (0x0000006f)
core   0: 3 0x800000c0 (0x0000006f)
core   0: 3 0x800000c0 (0x0000006f)
core   0: 3 0x800000c0 (0x0000006f)
core   0: 3 0x800000c0 (0x0000006f)
core   0: 3 0x800000c0 (0x0000006f)
core   0: 3 0x800000c0 (0x0000006f)
core   0: 3 0x800000c0 (0x0000006f)
core   0: 3 0x800000c0 (0x0000006f)
core   0: 3 0x800000c0 (0x0000006f)
core   0: 3 0x800000c0 (0x0000006f)
core   0: 3 0x800000c0 (0x0000006f)
core   0: 3 0x800000c0 (0x0000006f)
core   0: 3 0x800000c0 (0x0000006f)
core   0: 3 0x800000c0 (0x0000006f)
core   0: 3 0x800000c0 (0x0000006f)
core   0: 3 0x800000c0 (0x0000006f)
core   0: 3 0x800000c0 (0x0000006f)
core   0: 3 0x800000c0 (0x0000006f)
core   0: 3 0x800000c0 (0x0000006f)
core   0: 3 0x800000c0 (0x0000006f)
core   0: 3 0x800000c0 (0x0000006f)
core   0: 3 0x800000c0 (0x0000006f)
core   0: 3 0x800000c0 (0x0000006f)
core   0: 3 0x800000c0 (0x0000006f)
core   0: 3 0x800000c0 (0x0000006f)
core   0: 3 0x800000c0 (0x0000006f)
core   0: 3 0x800000c0 (0x0000006f)
core   0: 3 0x800000c0 (0x0000006f)
core   0: 3 0x800000c0 (0x0000006f)
core   0: 3 0x800000c0 (0x0000006f)
core   0: 3 0x800000c0 (0x0000006f)
core   0: 3 0x800000c0 (0x0000006f)
core   0: 3 0x800000c0 (0x0000006f)
core   0: 3 0x800000c0 (0x0000006f)
core   0: 3 0x800000c0 (0x0000006f)
core   0: 3 0x800000c0 (0x0000006f)
core   0: 3 0x800000c0 (0x0000006f)
core   0: 3 0x800000c0 (0x0000006f)
core   0: 3 0x800000c0 (0x0000006f)
core   0: 3 0x800000c0 (0x0000006f)
core   0: 3 0x800000c0 (0x0000006f)
core   0: 3 0x800000c0 (0x0000006f)
core   0: 3 0x800000c0 (0x0000006f)
core   0: 3 0x800000c0 (0x0000006f)
core   0: 3 0x800000c0 (0x0000006f)
core   0: 3 0x800000c0 (0x0000006f)
core   0: 3 0x800000c0 (0x0000006f)
core   0: 3 0x800000c0 (0x0000006f)
core   0: 3 0x800000c0 (0x0000006f)
core   0: 3 0x800000c0 (0x0000006f)
core   0: 3 0x800000c0 (0x0000006f)
core   0: 3 0x800000c0 (0x0000006f)
core   0: 3 0x800000c0 (0x0000006f)
core   0: 3 0x800000c0 (0x0000006f)
core   0: 3 0x800000c0 (0x0000006f)
core   0: 3 0x800000c0 (0x0000006f)
core   0: 3 0x800000c0 (0x0000006f)
core   0: 3 0x800000c0 (0x0000006f)
core   0: 3 0x800000c0 (0x0000006f)
core   0: 3 0x800000c0 (0x0000006f)
core   0: 3 0x800000c0 (0x0000006f)
core   0: 3 0x800000c0 (0x0000006f)
core   0: 3 0x800000c0 (0x0000006f)
core   0: 3 0x800000c0 (0x0000006f)
core   0: 3 0x800000c0 (0x0000006f)
core   0: 3 0x800000c0 (0x0000006f)
core   0: 3 0x800000c0 (0x0000006f)
core   0: 3 0x800000c0 (0x0000006f)
core   0: 3 0x800000c0 (0x0000006f)
core   0: 3 0x800000c0 (0x0000006f)
core   0: 3 0x800000c0 (0x0000006f)
core   0: 3 0x800000c0 (0x0000006f)
core   0: 3 0x800000c0 (0x0000006f)
core   0: 3 0x800000c0 (0x0000006f)
core   0: 3 0x800000c0 (0x0000006f)
core   0: 3 0x800000c0 (0x0000006f)
core   0: 3 0x800000c0 (0x0000006f)
core   0: 3 0x800000c0 (0x0000006f)
core   0: 3 0x800000c0 (0x0000006f)
core   0: 3 0x800000c0 (0x0000006f)
core   0: 3 0x800000c0 (0x0000006f)
core   0: 3 0x800000c0 (0x0000006f)
core   0: 3 0x800000c0 (0x0000006f)
core   0: 3 0x800000c0 (0x0000006f)
core   0: 3 0x800000c0 (0x0000006f)
core   0: 3 0x800000c0 (0x0000006f)
core   0: 3 0x800000c0 (0x0000006f)
core   0: 3 0x800000c0 (0x0000006f)
core   0: 3 0x800000c0 (0x0000006f)
core   0: 3 0x800000c0 (0x0000006f)
core   0: 3 0x800000c0 (0x0000006f)
core   0: 3 0x800000c0 (0x0000006f)
core   0: 3 0x800000c0 (0x0000006f)
core   0: 3 0x800000c0 (0x0000006f)
core   0: 3 0x800000c0 (0x0000006f)
core   0: 3 0x800000c0 (0x0000006f)
core   0: 3 0x800000c0 (0x0000006f)
core   0: 3 0x800000c0 (0x0000006f)
core   0: 3 0x800000c0 (0x0000006f)
core   0: 3 0x800000c0 (0x0000006f)
core   0: 3 0x800000c0 (0x0000006f)
core   0: 3 0x800000c0 (0x0000006f)
core   0: 3 0x800000c0 (0x0000006f)
core   0: 3 0x800000c0 (0x0000006f)
core   0: 3 0x800000c0 (0x0000006f)
core   0: 3 0x800000c0 (0x0000006f)
core   0: 3 0x800000c0 (0x0000006f)
core   0: 3 0x800000c0 (0x0000006f)
core   0: 3 0x800000c0 (0x0000006f)
core   0: 3 0x800000c0 (0x0000006f)
core   0: 3 0x800000c0 (0x0000006f)
core   0: 3 0x800000c0 (0x0000006f)
core   0: 3 0x800000c0 (0x0000006f)
core   0: 3 0x800000c0 (0x0000006f)
core   0: 3 0x800000c0 (0x0000006f)
core   0: 3 0x800000c0 (0x0000006f)
core   0: 3 0x800000c0 (0x0000006f)
core   0: 3 0x800000c0 (0x0000006f)
core   0: 3 0x800000c0 (0x0000006f)
core   0: 3 0x800000c0 (0x0000006f)
core   0: 3 0x800000c0 (0x0000006f)
core   0: 3 0x800000c0 (0x0000006f)
core   0: 3 0x800000c0 (0x0000006f)
core   0: 3 0x800000c0 (0x0000006f)
core   0: 3 0x800000c0 (0x0000006f)
core   0: 3 0x800000c0 (0x0000006f)
core   0: 3 0x800000c0 (0x0000006f)
core   0: 3 0x800000c0 (0x0000006f)
core   0: 3 0x800000c0 (0x0000006f)
core   0: 3 0x800000c0 (0x0000006f)
core   0: 3 0x800000c0 (0x0000006f)
core   0: 3 0x800000c0 (0x0000006f)
core   0: 3 0x800000c0 (0x0000006f)
core   0: 3 0x800000c0 (0x0000006f)
core   0: 3 0x800000c0 (0x0000006f)
core   0: 3 0x800000c0 (0x0000006f)
core   0: 3 0x800000c0 (0x0000006f)
core   0: 3 0x800000c0 (0x0000006f)
core   0: 3 0x800000c0 (0x0000006f)
core   0: 3 0x800000c0 (0x0000006f)
core   0: 3 0x800000c0 (0x0000006f)
core   0: 3 0x800000c0 (0x0000006f)
core   0: 3 0x800000c0 (0x0000006f)
core   0: 3 0x800000c0 (0x0000006f)
core   0: 3 0x800000c0 (0x0000006f)
core   0: 3 0x800000c0 (0x0000006f)
core   0: 3 0x800000c0 (0x0000006f)
core   0: 3 0x800000c0 (0x0000006f)
core   0: 3 0x800000c0 (0x0000006f)
core   0: 3 0x800000c0 (0x0000006f)
core   0: 3 0x800000c0 (0x0000006f)
core   0: 3 0x800000c0 (0x0000006f)
core   0: 3 0x800000c0 (0x0000006f)
core   0: 3 0x800000c0 (0x0000006f)
core   0: 3 0x800000c0 (0x0000006f)
core   0: 3 0x800000c0 (0x0000006f)
core   0: 3 0x800000c0 (0x0000006f)
core   0: 3 0x800000c0 (0x0000006f)
core   0: 3 0x800000c0 (0x0000006f)
core   0: 3 0x800000c0 (0x0000006f)
core   0: 3 0x800000c0 (0x0000006f)
core   0: 3 0x800000c0 (0x0000006f)
core   0: 3 0x800000c0 (0x0000006f)
core   0: 3 0x800000c0 (0x0000006f)
core   0: 3 0x800000c0 (0x0000006f)
core   0: 3 0x800000c0 (0x0000006f)
core   0: 3 0x800000c0 (0x0000006f)
core   0: 3 0x800000c0 (0x0000006f)
core   0: 3 0x800000c0 (0x0000006f)
core   0: 3 0x800000c0 (0x0000006f)
core   0: 3 0x800000c0 (0x0000006f)
core   0: 3 0x800000c0 (0x0000006f)
core   0: 3 0x800000c0 (0x0000006f)
core   0: 3 0x800000c0 (0x0000006f)
core   0: 3 0x800000c0 (0x0000006f)
core   0: 3 0x800000c0 (0x0000006f)
core   0: 3 0x800000c0 (0x0000006f)
core   0: 3 0x800000c0 (0x0000006f)
core   0: 3 0x800000c0 (0x0000006f)
core   0: 3 0x800000c0 (0x0000006f)
core   0: 3 0x800000c0 (0x0000006f)
core   0: 3 0x800000c0 (0x0000006f)
core   0: 3 0x800000c0 (0x0000006f)
core   0: 3 0x800000c0 (0x0000006f)
core   0: 3 0x800000c0 (0x0000006f)
core   0: 3 0x800000c0 (0x0000006f)
core   0: 3 0x800000c0 (0x0000006f)
core   0: 3 0x800000c0 (0x0000006f)
core   0: 3 0x800000c0 (0x0000006f)
core   0: 3 0x800000c0 (0x0000006f)
core   0: 3 0x800000c0 (0x0000006f)
core   0: 3 0x800000c0 (0x0000006f)
core   0: 3 0x800000c0 (0x0000006f)
core   0: 3 0x800000c0 (0x0000006f)
core   0: 3 0x800000c0 (0x0000006f)
core   0: 3 0x800000c0 (0x0000006f)
core   0: 3 0x800000c0 (0x0000006f)
core   0: 3 0x800000c0 (0x0000006f)
core   0: 3 0x800000c0 (0x0000006f)
core   0: 3 0x800000c0 (0x0000006f)
core   0: 3 0x800000c0 (0x0000006f)
core   0: 3 0x800000c0 (0x0000006f)
core   0: 3 0x800000c0 (0x0000006f)
core   0: 3 0x800000c0 (0x0000006f)
core   0: 3 0x800000c0 (0x0000006f)
core   0: 3 0x800000c0 (0x0000006f)
core   0: 3 0x800000c0 (0x0000006f)
core   0: 3 0x800000c0 (0x0000006f)
core   0: 3 0x800000c0 (0x0000006f)
core   0: 3 0x800000c0 (0x0000006f)
core   0: 3 0x800000c0 (0x0000006f)
core   0: 3 0x800000c0 (0x0000006f)
core   0: 3 0x800000c0 (0x0000006f)
core   0: 3 0x800000c0 (0x0000006f)
core   0: 3 0x800000c0 (0x0000006f)
core   0: 3 0x800000c0 (0x0000006f)
core   0: 3 0x800000c0 (0x0000006f)
core   0: 3 0x800000c0 (0x0000006f)
core   0: 3 0x800000c0 (0x0000006f)
core   0: 3 0x800000c0 (0x0000006f)
core   0: 3 0x800000c0 (0x0000006f)
core   0: 3 0x800000c0 (0x0000006f)
core   0: 3 0x800000c0 (0x0000006f)
core   0: 3 0x800000c0 (0x0000006f)
core   0: 3 0x800000c0 (0x0000006f)
core   0: 3 0x800000c0 (0x0000006f)
core   0: 3 0x800000c0 (0x0000006f)
core   0: 3 0x800000c0 (0x0000006f)
core   0: 3 0x800000c0 (0x0000006f)
core   0: 3 0x800000c0 (0x0000006f)
core   0: 3 0x800000c0 (0x0000006f)
core   0: 3 0x800000c0 (0x0000006f)
core   0: 3 0x800000c0 (0x0000006f)
core   0: 3 0x800000c0 (0x0000006f)
core   0: 3 0x800000c0 (0x0000006f)
core   0: 3 0x800000c0 (0x0000006f)
core   0: 3 0x800000c0 (0x0000006f)
core   0: 3 0x800000c0 (0x0000006f)
core   0: 3 0x800000c0 (0x0000006f)
core   0: 3 0x800000c0 (0x0000006f)
core   0: 3 0x800000c0 (0x0000006f)
core   0: 3 0x800000c0 (0x0000006f)
core   0: 3 0x800000c0 (0x0000006f)
core   0: 3 0x800000c0 (0x0000006f)
core   0: 3 0x800000c0 (0x0000006f)
core   0: 3 0x800000c0 (0x0000006f)
core   0: 3 0x800000c0 (0x0000006f)
core   0: 3 0x800000c0 (0x0000006f)
core   0: 3 0x800000c0 (0x0000006f)
core   0: 3 0x800000c0 (0x0000006f)
core   0: 3 0x800000c0 (0x0000006f)
core   0: 3 0x800000c0 (0x0000006f)
core   0: 3 0x800000c0 (0x0000006f)
core   0: 3 0x800000c0 (0x0000006f)
core   0: 3 0x800000c0 (0x0000006f)
core   0: 3 0x800000c0 (0x0000006f)
core   0: 3 0x800000c0 (0x0000006f)
core   0: 3 0x800000c0 (0x0000006f)
core   0: 3 0x800000c0 (0x0000006f)
core   0: 3 0x800000c0 (0x0000006f)
core   0: 3 0x800000c0 (0x0000006f)
core   0: 3 0x800000c0 (0x0000006f)
core   0: 3 0x800000c0 (0x0000006f)
core   0: 3 0x800000c0 (0x0000006f)
core   0: 3 0x800000c0 (0x0000006f)
core   0: 3 0x800000c0 (0x0000006f)
core   0: 3 0x800000c0 (0x0000006f)
core   0: 3 0x800000c0 (0x0000006f)
core   0: 3 0x800000c0 (0x0000006f)
core   0: 3 0x800000c0 (0x0000006f)
core   0: 3 0x800000c0 (0x0000006f)
core   0: 3 0x800000c0 (0x0000006f)
core   0: 3 0x800000c0 (0x0000006f)
core   0: 3 0x800000c0 (0x0000006f)
core   0: 3 0x800000c0 (0x0000006f)
core   0: 3 0x800000c0 (0x0000006f)
core   0: 3 0x800000c0 (0x0000006f)
core   0: 3 0x800000c0 (0x0000006f)
core   0: 3 0x800000c0 (0x0000006f)
core   0: 3 0x800000c0 (0x0000006f)
core   0: 3 0x800000c0 (0x0000006f)
core   0: 3 0x800000c0 (0x0000006f)
core   0: 3 0x800000c0 (0x0000006f)
core   0: 3 0x800000c0 (0x0000006f)
core   0: 3 0x800000c0 (0x0000006f)
core   0: 3 0x800000c0 (0x0000006f)
core   0: 3 0x800000c0 (0x0000006f)
core   0: 3 0x800000c0 (0x0000006f)
core   0: 3 0x800000c0 (0x0000006f)
core   0: 3 0x800000c0 (0x0000006f)
core   0: 3 0x800000c0 (0x0000006f)
core   0: 3 0x800000c0 (0x0000006f)
core   0: 3 0x800000c0 (0x0000006f)
core   0: 3 0x800000c0 (0x0000006f)
core   0: 3 0x800000c0 (0x0000006f)
core   0: 3 0x800000c0 (0x0000006f)
core   0: 3 0x800000c0 (0x0000006f)
core   0: 3 0x800000c0 (0x0000006f)
core   0: 3 0x800000c0 (0x0000006f)
core   0: 3 0x800000c0 (0x0000006f)
core   0: 3 0x800000c0 (0x0000006f)
core   0: 3 0x800000c0 (0x0000006f)
core   0: 3 0x800000c0 (0x0000006f)
core   0: 3 0x800000c0 (0x0000006f)
core   0: 3 0x800000c0 (0x0000006f)
core   0: 3 0x800000c0 (0x0000006f)
core   0: 3 0x800000c0 (0x0000006f)
core   0: 3 0x800000c0 (0x0000006f)
core   0: 3 0x800000c0 (0x0000006f)
core   0: 3 0x800000c0 (0x0000006f)
core   0: 3 0x800000c0 (0x0000006f)
core   0: 3 0x800000c0 (0x0000006f)
core   0: 3 0x800000c0 (0x0000006f)
core   0: 3 0x800000c0 (0x0000006f)
core   0: 3 0x800000c0 (0x0000006f)
core   0: 3 0x800000c0 (0x0000006f)
core   0: 3 0x800000c0 (0x0000006f)
core   0: 3 0x800000c0 (0x0000006f)
core   0: 3 0x800000c0 (0x0000006f)
core   0: 3 0x800000c0 (0x0000006f)
core   0: 3 0x800000c0 (0x0000006f)
core   0: 3 0x800000c0 (0x0000006f)
core   0: 3 0x800000c0 (0x0000006f)
core   0: 3 0x800000c0 (0x0000006f)
core   0: 3 0x800000c0 (0x0000006f)
core   0: 3 0x800000c0 (0x0000006f)
core   0: 3 0x800000c0 (0x0000006f)
core   0: 3 0x800000c0 (0x0000006f)
core   0: 3 0x800000c0 (0x0000006f)
core   0: 3 0x800000c0 (0x0000006f)
core   0: 3 0x800000c0 (0x0000006f)
core   0: 3 0x800000c0 (0x0000006f)
core   0: 3 0x800000c0 (0x0000006f)
core   0: 3 0x800000c0 (0x0000006f)
core   0: 3 0x800000c0 (0x0000006f)
core   0: 3 0x800000c0 (0x0000006f)
core   0: 3 0x800000c0 (0x0000006f)
core   0: 3 0x800000c0 (0x0000006f)
core   0: 3 0x800000c0 (0x0000006f)
core   0: 3 0x800000c0 (0x0000006f)
core   0: 3 0x800000c0 (0x0000006f)
core   0: 3 0x800000c0 (0x0000006f)
core   0: 3 0x800000c0 (0x0000006f)
core   0: 3 0x800000c0 (0x0000006f)
core   0: 3 0x800000c0 (0x0000006f)
core   0: 3 0x800000c0 (0x0000006f)
core   0: 3 0x800000c0 (0x0000006f)
core   0: 3 0x800000c0 (0x0000006f)
core   0: 3 0x800000c0 (0x0000006f)
core   0: 3 0x800000c0 (0x0000006f)
core   0: 3 0x800000c0 (0x0000006f)
core   0: 3 0x800000c0 (0x0000006f)
core   0: 3 0x800000c0 (0x0000006f)
core   0: 3 0x800000c0 (0x0000006f)
core   0: 3 0x800000c0 (0x0000006f)
core   0: 3 0x800000c0 (0x0000006f)
core   0: 3 0x800000c0 (0x0000006f)
core   0: 3 0x800000c0 (0x0000006f)
core   0: 3 0x800000c0 (0x0000006f)
core   0: 3 0x800000c0 (0x0000006f)
core   0: 3 0x800000c0 (0x0000006f)
core   0: 3 0x800000c0 (0x0000006f)
core   0: 3 0x800000c0 (0x0000006f)
core   0: 3 0x800000c0 (0x0000006f)
core   0: 3 0x800000c0 (0x0000006f)
core   0: 3 0x800000c0 (0x0000006f)
core   0: 3 0x800000c0 (0x0000006f)
core   0: 3 0x800000c0 (0x0000006f)
core   0: 3 0x800000c0 (0x0000006f)
core   0: 3 0x800000c0 (0x0000006f)
core   0: 3 0x800000c0 (0x0000006f)
core   0: 3 0x800000c0 (0x0000006f)
core   0: 3 0x800000c0 (0x0000006f)
core   0: 3 0x800000c0 (0x0000006f)
core   0: 3 0x800000c0 (0x0000006f)
core   0: 3 0x800000c0 (0x0000006f)
core   0: 3 0x800000c0 (0x0000006f)
core   0: 3 0x800000c0 (0x0000006f)
core   0: 3 0x800000c0 (0x0000006f)
core   0: 3 0x800000c0 (0x0000006f)
core   0: 3 0x800000c0 (0x0000006f)
core   0: 3 0x800000c0 (0x0000006f)
core   0: 3 0x800000c0 (0x0000006f)
core   0: 3 0x800000c0 (0x0000006f)
core   0: 3 0x800000c0 (0x0000006f)
core   0: 3 0x800000c0 (0x0000006f)
core   0: 3 0x800000c0 (0x0000006f)
core   0: 3 0x800000c0 (0x0000006f)
core   0: 3 0x800000c0 (0x0000006f)
core   0: 3 0x800000c0 (0x0000006f)
core   0: 3 0x800000c0 (0x0000006f)
core   0: 3 0x800000c0 (0x0000006f)
core   0: 3 0x800000c0 (0x0000006f)
core   0: 3 0x800000c0 (0x0000006f)
core   0: 3 0x800000c0 (0x0000006f)
core   0: 3 0x800000c0 (0x0000006f)
core   0: 3 0x800000c0 (0x0000006f)
core   0: 3 0x800000c0 (0x0000006f)
core   0: 3 0x800000c0 (0x0000006f)
core   0: 3 0x800000c0 (0x0000006f)
core   0: 3 0x800000c0 (0x0000006f)
core   0: 3 0x800000c0 (0x0000006f)
core   0: 3 0x800000c0 (0x0000006f)
core   0: 3 0x800000c0 (0x0000006f)
core   0: 3 0x800000c0 (0x0000006f)
core   0: 3 0x800000c0 (0x0000006f)
core   0: 3 0x800000c0 (0x0000006f)
core   0: 3 0x800000c0 (0x0000006f)
core   0: 3 0x800000c0 (0x0000006f)
core   0: 3 0x800000c0 (0x0000006f)
core   0: 3 0x800000c0 (0x0000006f)
core   0: 3 0x800000c0 (0x0000006f)
core   0: 3 0x800000c0 (0x0000006f)
core   0: 3 0x800000c0 (0x0000006f)
core   0: 3 0x800000c0 (0x0000006f)
core   0: 3 0x800000c0 (0x0000006f)
core   0: 3 0x800000c0 (0x0000006f)
core   0: 3 0x800000c0 (0x0000006f)
core   0: 3 0x800000c0 (0x0000006f)
core   0: 3 0x800000c0 (0x0000006f)
core   0: 3 0x800000c0 (0x0000006f)
core   0: 3 0x800000c0 (0x0000006f)
core   0: 3 0x800000c0 (0x0000006f)
core   0: 3 0x800000c0 (0x0000006f)
core   0: 3 0x800000c0 (0x0000006f)
core   0: 3 0x800000c0 (0x0000006f)
core   0: 3 0x800000c0 (0x0000006f)
core   0: 3 0x800000c0 (0x0000006f)
core   0: 3 0x800000c0 (0x0000006f)
core   0: 3 0x800000c0 (0x0000006f)
core   0: 3 0x800000c0 (0x0000006f)
core   0: 3 0x800000c0 (0x0000006f)
core   0: 3 0x800000c0 (0x0000006f)
core   0: 3 0x800000c0 (0x0000006f)
core   0: 3 0x800000c0 (0x0000006f)
core   0: 3 0x800000c0 (0x0000006f)
core   0: 3 0x800000c0 (0x0000006f)
core   0: 3 0x800000c0 (0x0000006f)
core   0: 3 0x800000c0 (0x0000006f)
core   0: 3 0x800000c0 (0x0000006f)
core   0: 3 0x800000c0 (0x0000006f)
core   0: 3 0x800000c0 (0x0000006f)
core   0: 3 0x800000c0 (0x0000006f)
core   0: 3 0x800000c0 (0x0000006f)
core   0: 3 0x800000c0 (0x0000006f)
core   0: 3 0x800000c0 (0x0000006f)
core   0: 3 0x800000c0 (0x0000006f)
core   0: 3 0x800000c0 (0x0000006f)
core   0: 3 0x800000c0 (0x0000006f)
core   0: 3 0x800000c0 (0x0000006f)
core   0: 3 0x800000c0 (0x0000006f)
core   0: 3 0x800000c0 (0x0000006f)
core   0: 3 0x800000c0 (0x0000006f)
core   0: 3 0x800000c0 (0x0000006f)
core   0: 3 0x800000c0 (0x0000006f)
core   0: 3 0x800000c0 (0x0000006f)
core   0: 3 0x800000c0 (0x0000006f)
core   0: 3 0x800000c0 (0x0000006f)
core   0: 3 0x800000c0 (0x0000006f)
core   0: 3 0x800000c0 (0x0000006f)
core   0: 3 0x800000c0 (0x0000006f)
core   0: 3 0x800000c0 (0x0000006f)
core   0: 3 0x800000c0 (0x0000006f)
core   0: 3 0x800000c0 (0x0000006f)
core   0: 3 0x800000c0 (0x0000006f)
core   0: 3 0x800000c0 (0x0000006f)
core   0: 3 0x800000c0 (0x0000006f)
core   0: 3 0x800000c0 (0x0000006f)
core   0: 3 0x800000c0 (0x0000006f)
core   0: 3 0x800000c0 (0x0000006f)
core   0: 3 0x800000c0 (0x0000006f)
core   0: 3 0x800000c0 (0x0000006f)
core   0: 3 0x800000c0 (0x0000006f)
core   0: 3 0x800000c0 (0x0000006f)
core   0: 3 0x800000c0 (0x0000006f)
core   0: 3 0x800000c0 (0x0000006f)
core   0: 3 0x800000c0 (0x0000006f)
core   0: 3 0x800000c0 (0x0000006f)
core   0: 3 0x800000c0 (0x0000006f)
core   0: 3 0x800000c0 (0x0000006f)
core   0: 3 0x800000c0 (0x0000006f)
core   0: 3 0x800000c0 (0x0000006f)
core   0: 3 0x800000c0 (0x0000006f)
core   0: 3 0x800000c0 (0x0000006f)
core   0: 3 0x800000c0 (0x0000006f)
core   0: 3 0x800000c0 (0x0000006f)
core   0: 3 0x800000c0 (0x0000006f)
core   0: 3 0x800000c0 (0x0000006f)
core   0: 3 0x800000c0 (0x0000006f)
core   0: 3 0x800000c0 (0x0000006f)
core   0: 3 0x800000c0 (0x0000006f)
core   0: 3 0x800000c0 (0x0000006f)
core   0: 3 0x800000c0 (0x0000006f)
core   0: 3 0x800000c0 (0x0000006f)
core   0: 3 0x800000c0 (0x0000006f)
core   0: 3 0x800000c0 (0x0000006f)
core   0: 3 0x800000c0 (0x0000006f)
core   0: 3 0x800000c0 (0x0000006f)
core   0: 3 0x800000c0 (0x0000006f)
core   0: 3 0x800000c0 (0x0000006f)
core   0: 3 0x800000c0 (0x0000006f)
core   0: 3 0x800000c0 (0x0000006f)
core   0: 3 0x800000c0 (0x0000006f)
core   0: 3 0x800000c0 (0x0000006f)
core   0: 3 0x800000c0 (0x0000006f)
core   0: 3 0x800000c0 (0x0000006f)
core   0: 3 0x800000c0 (0x0000006f)
core   0: 3 0x800000c0 (0x0000006f)
core   0: 3 0x800000c0 (0x0000006f)
core   0: 3 0x800000c0 (0x0000006f)
core   0: 3 0x800000c0 (0x0000006f)
core   0: 3 0x800000c0 (0x0000006f)
core   0: 3 0x800000c0 (0x0000006f)
core   0: 3 0x800000c0 (0x0000006f)
core   0: 3 0x800000c0 (0x0000006f)
core   0: 3 0x800000c0 (0x0000006f)
core   0: 3 0x800000c0 (0x0000006f)
core   0: 3 0x800000c0 (0x0000006f)
core   0: 3 0x800000c0 (0x0000006f)
core   0: 3 0x800000c0 (0x0000006f)
core   0: 3 0x800000c0 (0x0000006f)
core   0: 3 0x800000c0 (0x0000006f)
core   0: 3 0x800000c0 (0x0000006f)
core   0: 3 0x800000c0 (0x0000006f)
core   0: 3 0x800000c0 (0x0000006f)
core   0: 3 0x800000c0 (0x0000006f)
core   0: 3 0x800000c0 (0x0000006f)
core   0: 3 0x800000c0 (0x0000006f)
core   0: 3 0x800000c0 (0x0000006f)
core   0: 3 0x800000c0 (0x0000006f)
core   0: 3 0x800000c0 (0x0000006f)
core   0: 3 0x800000c0 (0x0000006f)
core   0: 3 0x800000c0 (0x0000006f)
core   0: 3 0x800000c0 (0x0000006f)
core   0: 3 0x800000c0 (0x0000006f)
core   0: 3 0x800000c0 (0x0000006f)
core   0: 3 0x800000c0 (0x0000006f)
core   0: 3 0x800000c0 (0x0000006f)
core   0: 3 0x800000c0 (0x0000006f)
core   0: 3 0x800000c0 (0x0000006f)
core   0: 3 0x800000c0 (0x0000006f)
core   0: 3 0x800000c0 (0x0000006f)
core   0: 3 0x800000c0 (0x0000006f)
core   0: 3 0x800000c0 (0x0000006f)
core   0: 3 0x800000c0 (0x0000006f)
core   0: 3 0x800000c0 (0x0000006f)
core   0: 3 0x800000c0 (0x0000006f)
core   0: 3 0x800000c0 (0x0000006f)
core   0: 3 0x800000c0 (0x0000006f)
core   0: 3 0x800000c0 (0x0000006f)
core   0: 3 0x800000c0 (0x0000006f)
core   0: 3 0x800000c0 (0x0000006f)
core   0: 3 0x800000c0 (0x0000006f)
core   0: 3 0x800000c0 (0x0000006f)
core   0: 3 0x800000c0 (0x0000006f)
core   0: 3 0x800000c0 (0x0000006f)
core   0: 3 0x800000c0 (0x0000006f)
core   0: 3 0x800000c0 (0x0000006f)
core   0: 3 0x800000c0 (0x0000006f)
core   0: 3 0x800000c0 (0x0000006f)
core   0: 3 0x800000c0 (0x0000006f)
core   0: 3 0x800000c0 (0x0000006f)
core   0: 3 0x800000c0 (0x0000006f)
core   0: 3 0x800000c0 (0x0000006f)
core   0: 3 0x800000c0 (0x0000006f)
core   0: 3 0x800000c0 (0x0000006f)
core   0: 3 0x800000c0 (0x0000006f)
core   0: 3 0x800000c0 (0x0000006f)
core   0: 3 0x800000c0 (0x0000006f)
core   0: 3 0x800000c0 (0x0000006f)
core   0: 3 0x800000c0 (0x0000006f)
core   0: 3 0x800000c0 (0x0000006f)
core   0: 3 0x800000c0 (0x0000006f)
core   0: 3 0x800000c0 (0x0000006f)
core   0: 3 0x800000c0 (0x0000006f)
core   0: 3 0x800000c0 (0x0000006f)
core   0: 3 0x800000c0 (0x0000006f)
core   0: 3 0x800000c0 (0x0000006f)
core   0: 3 0x800000c0 (0x0000006f)
core   0: 3 0x800000c0 (0x0000006f)
core   0: 3 0x800000c0 (0x0000006f)
core   0: 3 0x800000c0 (0x0000006f)
core   0: 3 0x800000c0 (0x0000006f)
core   0: 3 0x800000c0 (0x0000006f)
core   0: 3 0x800000c0 (0x0000006f)
core   0: 3 0x800000c0 (0x0000006f)
core   0: 3 0x800000c0 (0x0000006f)
core   0: 3 0x800000c0 (0x0000006f)
core   0: 3 0x800000c0 (0x0000006f)
core   0: 3 0x800000c0 (0x0000006f)
core   0: 3 0x800000c0 (0x0000006f)
core   0: 3 0x800000c0 (0x0000006f)
core   0: 3 0x800000c0 (0x0000006f)
core   0: 3 0x800000c0 (0x0000006f)
core   0: 3 0x800000c0 (0x0000006f)
core   0: 3 0x800000c0 (0x0000006f)
core   0: 3 0x800000c0 (0x0000006f)
core   0: 3 0x800000c0 (0x0000006f)
core   0: 3 0x800000c0 (0x0000006f)
core   0: 3 0x800000c0 (0x0000006f)
core   0: 3 0x800000c0 (0x0000006f)
core   0: 3 0x800000c0 (0x0000006f)
core   0: 3 0x800000c0 (0x0000006f)
core   0: 3 0x800000c0 (0x0000006f)
core   0: 3 0x800000c0 (0x0000006f)
core   0: 3 0x800000c0 (0x0000006f)
core   0: 3 0x800000c0 (0x0000006f)
core   0: 3 0x800000c0 (0x0000006f)
core   0: 3 0x800000c0 (0x0000006f)
core   0: 3 0x800000c0 (0x0000006f)
core   0: 3 0x800000c0 (0x0000006f)
core   0: 3 0x800000c0 (0x0000006f)
core   0: 3 0x800000c0 (0x0000006f)
core   0: 3 0x800000c0 (0x0000006f)
core   0: 3 0x800000c0 (0x0000006f)
core   0: 3 0x800000c0 (0x0000006f)
core   0: 3 0x800000c0 (0x0000006f)
core   0: 3 0x800000c0 (0x0000006f)
core   0: 3 0x800000c0 (0x0000006f)
core   0: 3 0x800000c0 (0x0000006f)
core   0: 3 0x800000c0 (0x0000006f)
core   0: 3 0x800000c0 (0x0000006f)
core   0: 3 0x800000c0 (0x0000006f)
core   0: 3 0x800000c0 (0x0000006f)
core   0: 3 0x800000c0 (0x0000006f)
core   0: 3 0x800000c0 (0x0000006f)
core   0: 3 0x800000c0 (0x0000006f)
core   0: 3 0x800000c0 (0x0000006f)
core   0: 3 0x800000c0 (0x0000006f)
core   0: 3 0x800000c0 (0x0000006f)
core   0: 3 0x800000c0 (0x0000006f)
core   0: 3 0x800000c0 (0x0000006f)
core   0: 3 0x800000c0 (0x0000006f)
core   0: 3 0x800000c0 (0x0000006f)
core   0: 3 0x800000c0 (0x0000006f)
core   0: 3 0x800000c0 (0x0000006f)
core   0: 3 0x800000c0 (0x0000006f)
core   0: 3 0x800000c0 (0x0000006f)
core   0: 3 0x800000c0 (0x0000006f)
core   0: 3 0x800000c0 (0x0000006f)
core   0: 3 0x800000c0 (0x0000006f)
core   0: 3 0x800000c0 (0x0000006f)
core   0: 3 0x800000c0 (0x0000006f)
core   0: 3 0x800000c0 (0x0000006f)
core   0: 3 0x800000c0 (0x0000006f)
core   0: 3 0x800000c0 (0x0000006f)
core   0: 3 0x800000c0 (0x0000006f)
core   0: 3 0x800000c0 (0x0000006f)
core   0: 3 0x800000c0 (0x0000006f)
core   0: 3 0x800000c0 (0x0000006f)
core   0: 3 0x800000c0 (0x0000006f)
core   0: 3 0x800000c0 (0x0000006f)
core   0: 3 0x800000c0 (0x0000006f)
core   0: 3 0x800000c0 (0x0000006f)
core   0: 3 0x800000c0 (0x0000006f)
core   0: 3 0x800000c0 (0x0000006f)
core   0: 3 0x800000c0 (0x0000006f)
core   0: 3 0x800000c0 (0x0000006f)
core   0: 3 0x800000c0 (0x0000006f)
core   0: 3 0x800000c0 (0x0000006f)
core   0: 3 0x800000c0 (0x0000006f)
core   0: 3 0x800000c0 (0x0000006f)
core   0: 3 0x800000c0 (0x0000006f)
core   0: 3 0x800000c0 (0x0000006f)
core   0: 3 0x800000c0 (0x0000006f)
core   0: 3 0x800000c0 (0x0000006f)
core   0: 3 0x800000c0 (0x0000006f)
core   0: 3 0x800000c0 (0x0000006f)
core   0: 3 0x800000c0 (0x0000006f)
core   0: 3 0x800000c0 (0x0000006f)
core   0: 3 0x800000c0 (0x0000006f)
core   0: 3 0x800000c0 (0x0000006f)
core   0: 3 0x800000c0 (0x0000006f)
core   0: 3 0x800000c0 (0x0000006f)
core   0: 3 0x800000c0 (0x0000006f)
core   0: 3 0x800000c0 (0x0000006f)
core   0: 3 0x800000c0 (0x0000006f)
core   0: 3 0x800000c0 (0x0000006f)
core   0: 3 0x800000c0 (0x0000006f)
core   0: 3 0x800000c0 (0x0000006f)
core   0: 3 0x800000c0 (0x0000006f)
core   0: 3 0x800000c0 (0x0000006f)
core   0: 3 0x800000c0 (0x0000006f)
core   0: 3 0x800000c0 (0x0000006f)
core   0: 3 0x800000c0 (0x0000006f)
core   0: 3 0x800000c0 (0x0000006f)
core   0: 3 0x800000c0 (0x0000006f)
core   0: 3 0x800000c0 (0x0000006f)
core   0: 3 0x800000c0 (0x0000006f)
core   0: 3 0x800000c0 (0x0000006f)
core   0: 3 0x800000c0 (0x0000006f)
core   0: 3 0x800000c0 (0x0000006f)
core   0: 3 0x800000c0 (0x0000006f)
core   0: 3 0x800000c0 (0x0000006f)
core   0: 3 0x800000c0 (0x0000006f)
core   0: 3 0x800000c0 (0x0000006f)
core   0: 3 0x800000c0 (0x0000006f)
core   0: 3 0x800000c0 (0x0000006f)
core   0: 3 0x800000c0 (0x0000006f)
core   0: 3 0x800000c0 (0x0000006f)
core   0: 3 0x800000c0 (0x0000006f)
core   0: 3 0x800000c0 (0x0000006f)
core   0: 3 0x800000c0 (0x0000006f)
core   0: 3 0x800000c0 (0x0000006f)
core   0: 3 0x800000c0 (0x0000006f)
core   0: 3 0x800000c0 (0x0000006f)
core   0: 3 0x800000c0 (0x0000006f)
core   0: 3 0x800000c0 (0x0000006f)
core   0: 3 0x800000c0 (0x0000006f)
core   0: 3 0x800000c0 (0x0000006f)
core   0: 3 0x800000c0 (0x0000006f)
core   0: 3 0x800000c0 (0x0000006f)
core   0: 3 0x800000c0 (0x0000006f)
core   0: 3 0x800000c0 (0x0000006f)
core   0: 3 0x800000c0 (0x0000006f)
core   0: 3 0x800000c0 (0x0000006f)
core   0: 3 0x800000c0 (0x0000006f)
core   0: 3 0x800000c0 (0x0000006f)
core   0: 3 0x800000c0 (0x0000006f)
core   0: 3 0x800000c0 (0x0000006f)
core   0: 3 0x800000c0 (0x0000006f)
core   0: 3 0x800000c0 (0x0000006f)
core   0: 3 0x800000c0 (0x0000006f)
core   0: 3 0x800000c0 (0x0000006f)
core   0: 3 0x800000c0 (0x0000006f)
core   0: 3 0x800000c0 (0x0000006f)
core   0: 3 0x800000c0 (0x0000006f)
core   0: 3 0x800000c0 (0x0000006f)
core   0: 3 0x800000c0 (0x0000006f)
core   0: 3 0x800000c0 (0x0000006f)
core   0: 3 0x800000c0 (0x0000006f)
core   0: 3 0x800000c0 (0x0000006f)
core   0: 3 0x800000c0 (0x0000006f)
core   0: 3 0x800000c0 (0x0000006f)
core   0: 3 0x800000c0 (0x0000006f)
core   0: 3 0x800000c0 (0x0000006f)
core   0: 3 0x800000c0 (0x0000006f)
core   0: 3 0x800000c0 (0x0000006f)
core   0: 3 0x800000c0 (0x0000006f)
core   0: 3 0x800000c0 (0x0000006f)
core   0: 3 0x800000c0 (0x0000006f)
core   0: 3 0x800000c0 (0x0000006f)
core   0: 3 0x800000c0 (0x0000006f)
core   0: 3 0x800000c0 (0x0000006f)
core   0: 3 0x800000c0 (0x0000006f)
core   0: 3 0x800000c0 (0x0000006f)
core   0: 3 0x800000c0 (0x0000006f)
core   0: 3 0x800000c0 (0x0000006f)
core   0: 3 0x800000c0 (0x0000006f)
core   0: 3 0x800000c0 (0x0000006f)
core   0: 3 0x800000c0 (0x0000006f)
core   0: 3 0x800000c0 (0x0000006f)
core   0: 3 0x800000c0 (0x0000006f)
core   0: 3 0x800000c0 (0x0000006f)
core   0: 3 0x800000c0 (0x0000006f)
core   0: 3 0x800000c0 (0x0000006f)
core   0: 3 0x800000c0 (0x0000006f)
core   0: 3 0x800000c0 (0x0000006f)
core   0: 3 0x800000c0 (0x0000006f)
core   0: 3 0x800000c0 (0x0000006f)
core   0: 3 0x800000c0 (0x0000006f)
core   0: 3 0x800000c0 (0x0000006f)
core   0: 3 0x800000c0 (0x0000006f)
core   0: 3 0x800000c0 (0x0000006f)
core   0: 3 0x800000c0 (0x0000006f)
core   0: 3 0x800000c0 (0x0000006f)
core   0: 3 0x800000c0 (0x0000006f)
core   0: 3 0x800000c0 (0x0000006f)
core   0: 3 0x800000c0 (0x0000006f)
core   0: 3 0x800000c0 (0x0000006f)
core   0: 3 0x800000c0 (0x0000006f)
core   0: 3 0x800000c0 (0x0000006f)
core   0: 3 0x800000c0 (0x0000006f)
core   0: 3 0x800000c0 (0x0000006f)
core   0: 3 0x800000c0 (0x0000006f)
core   0: 3 0x800000c0 (0x0000006f)
core   0: 3 0x800000c0 (0x0000006f)
core   0: 3 0x800000c0 (0x0000006f)
core   0: 3 0x800000c0 (0x0000006f)
core   0: 3 0x800000c0 (0x0000006f)
core   0: 3 0x800000c0 (0x0000006f)
core   0: 3 0x800000c0 (0x0000006f)
core   0: 3 0x800000c0 (0x0000006f)
core   0: 3 0x800000c0 (0x0000006f)
core   0: 3 0x800000c0 (0x0000006f)
core   0: 3 0x800000c0 (0x0000006f)
core   0: 3 0x800000c0 (0x0000006f)
core   0: 3 0x800000c0 (0x0000006f)
core   0: 3 0x800000c0 (0x0000006f)
core   0: 3 0x800000c0 (0x0000006f)
core   0: 3 0x800000c0 (0x0000006f)
core   0: 3 0x800000c0 (0x0000006f)
core   0: 3 0x800000c0 (0x0000006f)
core   0: 3 0x800000c0 (0x0000006f)
core   0: 3 0x800000c0 (0x0000006f)
core   0: 3 0x800000c0 (0x0000006f)
core   0: 3 0x800000c0 (0x0000006f)
core   0: 3 0x800000c0 (0x0000006f)
core   0: 3 0x800000c0 (0x0000006f)
core   0: 3 0x800000c0 (0x0000006f)
core   0: 3 0x800000c0 (0x0000006f)
core   0: 3 0x800000c0 (0x0000006f)
core   0: 3 0x800000c0 (0x0000006f)
core   0: 3 0x800000c0 (0x0000006f)
core   0: 3 0x800000c0 (0x0000006f)
core   0: 3 0x800000c0 (0x0000006f)
core   0: 3 0x800000c0 (0x0000006f)
core   0: 3 0x800000c0 (0x0000006f)
core   0: 3 0x800000c0 (0x0000006f)
core   0: 3 0x800000c0 (0x0000006f)
core   0: 3 0x800000c0 (0x0000006f)
core   0: 3 0x800000c0 (0x0000006f)
core   0: 3 0x800000c0 (0x0000006f)
core   0: 3 0x800000c0 (0x0000006f)
core   0: 3 0x800000c0 (0x0000006f)
core   0: 3 0x800000c0 (0x0000006f)
core   0: 3 0x800000c0 (0x0000006f)
core   0: 3 0x800000c0 (0x0000006f)
core   0: 3 0x800000c0 (0x0000006f)
core   0: 3 0x800000c0 (0x0000006f)
core   0: 3 0x800000c0 (0x0000006f)
core   0: 3 0x800000c0 (0x0000006f)
core   0: 3 0x800000c0 (0x0000006f)
core   0: 3 0x800000c0 (0x0000006f)
core   0: 3 0x800000c0 (0x0000006f)
core   0: 3 0x800000c0 (0x0000006f)
core   0: 3 0x800000c0 (0x0000006f)
core   0: 3 0x800000c0 (0x0000006f)
core   0: 3 0x800000c0 (0x0000006f)
core   0: 3 0x800000c0 (0x0000006f)
core   0: 3 0x800000c0 (0x0000006f)
core   0: 3 0x800000c0 (0x0000006f)
core   0: 3 0x800000c0 (0x0000006f)
core   0: 3 0x800000c0 (0x0000006f)
core   0: 3 0x800000c0 (0x0000006f)
core   0: 3 0x800000c0 (0x0000006f)
core   0: 3 0x800000c0 (0x0000006f)
core   0: 3 0x800000c0 (0x0000006f)
core   0: 3 0x800000c0 (0x0000006f)
core   0: 3 0x800000c0 (0x0000006f)
core   0: 3 0x800000c0 (0x0000006f)
core   0: 3 0x800000c0 (0x0000006f)
core   0: 3 0x800000c0 (0x0000006f)
core   0: 3 0x800000c0 (0x0000006f)
core   0: 3 0x800000c0 (0x0000006f)
core   0: 3 0x800000c0 (0x0000006f)
core   0: 3 0x800000c0 (0x0000006f)
core   0: 3 0x800000c0 (0x0000006f)
core   0: 3 0x800000c0 (0x0000006f)
core   0: 3 0x800000c0 (0x0000006f)
core   0: 3 0x800000c0 (0x0000006f)
core   0: 3 0x800000c0 (0x0000006f)
core   0: 3 0x800000c0 (0x0000006f)
core   0: 3 0x800000c0 (0x0000006f)
core   0: 3 0x800000c0 (0x0000006f)
core   0: 3 0x800000c0 (0x0000006f)
core   0: 3 0x800000c0 (0x0000006f)
core   0: 3 0x800000c0 (0x0000006f)
core   0: 3 0x800000c0 (0x0000006f)
core   0: 3 0x800000c0 (0x0000006f)
core   0: 3 0x800000c0 (0x0000006f)
core   0: 3 0x800000c0 (0x0000006f)
core   0: 3 0x800000c0 (0x0000006f)
core   0: 3 0x800000c0 (0x0000006f)
core   0: 3 0x800000c0 (0x0000006f)
core   0: 3 0x800000c0 (0x0000006f)
core   0: 3 0x800000c0 (0x0000006f)
core   0: 3 0x800000c0 (0x0000006f)
core   0: 3 0x800000c0 (0x0000006f)
core   0: 3 0x800000c0 (0x0000006f)
core   0: 3 0x800000c0 (0x0000006f)
core   0: 3 0x800000c0 (0x0000006f)
core   0: 3 0x800000c0 (0x0000006f)
core   0: 3 0x800000c0 (0x0000006f)
core   0: 3 0x800000c0 (0x0000006f)
core   0: 3 0x800000c0 (0x0000006f)
core   0: 3 0x800000c0 (0x0000006f)
core   0: 3 0x800000c0 (0x0000006f)
core   0: 3 0x800000c0 (0x0000006f)
core   0: 3 0x800000c0 (0x0000006f)
core   0: 3 0x800000c0 (0x0000006f)
core   0: 3 0x800000c0 (0x0000006f)
core   0: 3 0x800000c0 (0x0000006f)
core   0: 3 0x800000c0 (0x0000006f)
core   0: 3 0x800000c0 (0x0000006f)
core   0: 3 0x800000c0 (0x0000006f)
core   0: 3 0x800000c0 (0x0000006f)
core   0: 3 0x800000c0 (0x0000006f)
core   0: 3 0x800000c0 (0x0000006f)
core   0: 3 0x800000c0 (0x0000006f)
core   0: 3 0x800000c0 (0x0000006f)
core   0: 3 0x800000c0 (0x0000006f)
core   0: 3 0x800000c0 (0x0000006f)
core   0: 3 0x800000c0 (0x0000006f)
core   0: 3 0x800000c0 (0x0000006f)
core   0: 3 0x800000c0 (0x0000006f)
core   0: 3 0x800000c0 (0x0000006f)
core   0: 3 0x800000c0 (0x0000006f)
core   0: 3 0x800000c0 (0x0000006f)
core   0: 3 0x800000c0 (0x0000006f)
core   0: 3 0x800000c0 (0x0000006f)
core   0: 3 0x800000c0 (0x0000006f)
core   0: 3 0x800000c0 (0x0000006f)
core   0: 3 0x800000c0 (0x0000006f)
core   0: 3 0x800000c0 (0x0000006f)
core   0: 3 0x800000c0 (0x0000006f)
core   0: 3 0x800000c0 (0x0000006f)
core   0: 3 0x800000c0 (0x0000006f)
core   0: 3 0x800000c0 (0x0000006f)
core   0: 3 0x800000c0 (0x0000006f)
core   0: 3 0x800000c0 (0x0000006f)
core   0: 3 0x800000c0 (0x0000006f)
core   0: 3 0x800000c0 (0x0000006f)
core   0: 3 0x800000c0 (0x0000006f)
core   0: 3 0x800000c0 (0x0000006f)
core   0: 3 0x800000c0 (0x0000006f)
core   0: 3 0x800000c0 (0x0000006f)
core   0: 3 0x800000c0 (0x0000006f)
core   0: 3 0x800000c0 (0x0000006f)
core   0: 3 0x800000c0 (0x0000006f)
core   0: 3 0x800000c0 (0x0000006f)
core   0: 3 0x800000c0 (0x0000006f)
core   0: 3 0x800000c0 (0x0000006f)
core   0: 3 0x800000c0 (0x0000006f)
core   0: 3 0x800000c0 (0x0000006f)
core   0: 3 0x800000c0 (0x0000006f)
core   0: 3 0x800000c0 (0x0000006f)
core   0: 3 0x800000c0 (0x0000006f)
core   0: 3 0x800000c0 (0x0000006f)
core   0: 3 0x800000c0 (0x0000006f)
core   0: 3 0x800000c0 (0x0000006f)
core   0: 3 0x800000c0 (0x0000006f)
core   0: 3 0x800000c0 (0x0000006f)
core   0: 3 0x800000c0 (0x0000006f)
core   0: 3 0x800000c0 (0x0000006f)
core   0: 3 0x800000c0 (0x0000006f)
core   0: 3 0x800000c0 (0x0000006f)
core   0: 3 0x800000c0 (0x0000006f)
core   0: 3 0x800000c0 (0x0000006f)
core   0: 3 0x800000c0 (0x0000006f)
core   0: 3 0x800000c0 (0x0000006f)
core   0: 3 0x800000c0 (0x0000006f)
core   0: 3 0x800000c0 (0x0000006f)
core   0: 3 0x800000c0 (0x0000006f)
core   0: 3 0x800000c0 (0x0000006f)
core   0: 3 0x800000c0 (0x0000006f)
core   0: 3 0x800000c0 (0x0000006f)
core   0: 3 0x800000c0 (0x0000006f)
core   0: 3 0x800000c0 (0x0000006f)
core   0: 3 0x800000c0 (0x0000006f)
core   0: 3 0x800000c0 (0x0000006f)
core   0: 3 0x800000c0 (0x0000006f)
core   0: 3 0x800000c0 (0x0000006f)
core   0: 3 0x800000c0 (0x0000006f)
core   0: 3 0x800000c0 (0x0000006f)
core   0: 3 0x800000c0 (0x0000006f)
core   0: 3 0x800000c0 (0x0000006f)
core   0: 3 0x800000c0 (0x0000006f)
core   0: 3 0x800000c0 (0x0000006f)
core   0: 3 0x800000c0 (0x0000006f)
core   0: 3 0x800000c0 (0x0000006f)
core   0: 3 0x800000c0 (0x0000006f)
core   0: 3 0x800000c0 (0x0000006f)
core   0: 3 0x800000c0 (0x0000006f)
core   0: 3 0x800000c0 (0x0000006f)
core   0: 3 0x800000c0 (0x0000006f)
core   0: 3 0x800000c0 (0x0000006f)
core   0: 3 0x800000c0 (0x0000006f)
core   0: 3 0x800000c0 (0x0000006f)
core   0: 3 0x800000c0 (0x0000006f)
core   0: 3 0x800000c0 (0x0000006f)
core   0: 3 0x800000c0 (0x0000006f)
core   0: 3 0x800000c0 (0x0000006f)
core   0: 3 0x800000c0 (0x0000006f)
core   0: 3 0x800000c0 (0x0000006f)
core   0: 3 0x800000c0 (0x0000006f)
core   0: 3 0x800000c0 (0x0000006f)
core   0: 3 0x800000c0 (0x0000006f)
core   0: 3 0x800000c0 (0x0000006f)
core   0: 3 0x800000c0 (0x0000006f)
core   0: 3 0x800000c0 (0x0000006f)
core   0: 3 0x800000c0 (0x0000006f)
core   0: 3 0x800000c0 (0x0000006f)
core   0: 3 0x800000c0 (0x0000006f)
core   0: 3 0x800000c0 (0x0000006f)
core   0: 3 0x800000c0 (0x0000006f)
core   0: 3 0x800000c0 (0x0000006f)
core   0: 3 0x800000c0 (0x0000006f)
core   0: 3 0x800000c0 (0x0000006f)
core   0: 3 0x800000c0 (0x0000006f)
core   0: 3 0x800000c0 (0x0000006f)
core   0: 3 0x800000c0 (0x0000006f)
core   0: 3 0x800000c0 (0x0000006f)
core   0: 3 0x800000c0 (0x0000006f)
core   0: 3 0x800000c0 (0x0000006f)
core   0: 3 0x800000c0 (0x0000006f)
core   0: 3 0x800000c0 (0x0000006f)
core   0: 3 0x800000c0 (0x0000006f)
core   0: 3 0x800000c0 (0x0000006f)
core   0: 3 0x800000c0 (0x0000006f)
core   0: 3 0x800000c0 (0x0000006f)
core   0: 3 0x800000c0 (0x0000006f)
core   0: 3 0x800000c0 (0x0000006f)
core   0: 3 0x800000c0 (0x0000006f)
core   0: 3 0x800000c0 (0x0000006f)
core   0: 3 0x800000c0 (0x0000006f)
core   0: 3 0x800000c0 (0x0000006f)
core   0: 3 0x800000c0 (0x0000006f)
core   0: 3 0x800000c0 (0x0000006f)
core   0: 3 0x800000c0 (0x0000006f)
core   0: 3 0x800000c0 (0x0000006f)
core   0: 3 0x800000c0 (0x0000006f)
core   0: 3 0x800000c0 (0x0000006f)
core   0: 3 0x800000c0 (0x0000006f)
core   0: 3 0x800000c0 (0x0000006f)
core   0: 3 0x800000c0 (0x0000006f)
core   0: 3 0x800000c0 (0x0000006f)
core   0: 3 0x800000c0 (0x0000006f)
core   0: 3 0x800000c0 (0x0000006f)
core   0: 3 0x800000c0 (0x0000006f)
core   0: 3 0x800000c0 (0x0000006f)
core   0: 3 0x800000c0 (0x0000006f)
core   0: 3 0x800000c0 (0x0000006f)
core   0: 3 0x800000c0 (0x0000006f)
core   0: 3 0x800000c0 (0x0000006f)
core   0: 3 0x800000c0 (0x0000006f)
core   0: 3 0x800000c0 (0x0000006f)
core   0: 3 0x800000c0 (0x0000006f)
core   0: 3 0x800000c0 (0x0000006f)
core   0: 3 0x800000c0 (0x0000006f)
core   0: 3 0x800000c0 (0x0000006f)
core   0: 3 0x800000c0 (0x0000006f)
core   0: 3 0x800000c0 (0x0000006f)
core   0: 3 0x800000c0 (0x0000006f)
core   0: 3 0x800000c0 (0x0000006f)
core   0: 3 0x800000c0 (0x0000006f)
core   0: 3 0x800000c0 (0x0000006f)
core   0: 3 0x800000c0 (0x0000006f)
core   0: 3 0x800000c0 (0x0000006f)
core   0: 3 0x800000c0 (0x0000006f)
core   0: 3 0x800000c0 (0x0000006f)
core   0: 3 0x800000c0 (0x0000006f)
core   0: 3 0x800000c0 (0x0000006f)
core   0: 3 0x800000c0 (0x0000006f)
core   0: 3 0x800000c0 (0x0000006f)
core   0: 3 0x800000c0 (0x0000006f)
core   0: 3 0x800000c0 (0x0000006f)
core   0: 3 0x800000c0 (0x0000006f)
core   0: 3 0x800000c0 (0x0000006f)
core   0: 3 0x800000c0 (0x0000006f)
core   0: 3 0x800000c0 (0x0000006f)
core   0: 3 0x800000c0 (0x0000006f)
core   0: 3 0x800000c0 (0x0000006f)
core   0: 3 0x800000c0 (0x0000006f)
core   0: 3 0x800000c0 (0x0000006f)
core   0: 3 0x800000c0 (0x0000006f)
core   0: 3 0x800000c0 (0x0000006f)
core   0: 3 0x800000c0 (0x0000006f)
core   0: 3 0x800000c0 (0x0000006f)
core   0: 3 0x800000c0 (0x0000006f)
core   0: 3 0x800000c0 (0x0000006f)
core   0: 3 0x800000c0 (0x0000006f)
core   0: 3 0x800000c0 (0x0000006f)
core   0: 3 0x800000c0 (0x0000006f)
core   0: 3 0x800000c0 (0x0000006f)
core   0: 3 0x800000c0 (0x0000006f)
core   0: 3 0x800000c0 (0x0000006f)
core   0: 3 0x800000c0 (0x0000006f)
core   0: 3 0x800000c0 (0x0000006f)
core   0: 3 0x800000c0 (0x0000006f)
core   0: 3 0x800000c0 (0x0000006f)
core   0: 3 0x800000c0 (0x0000006f)
core   0: 3 0x800000c0 (0x0000006f)
core   0: 3 0x800000c0 (0x0000006f)
core   0: 3 0x800000c0 (0x0000006f)
core   0: 3 0x800000c0 (0x0000006f)
core   0: 3 0x800000c0 (0x0000006f)
core   0: 3 0x800000c0 (0x0000006f)
core   0: 3 0x800000c0 (0x0000006f)
core   0: 3 0x800000c0 (0x0000006f)
core   0: 3 0x800000c0 (0x0000006f)
core   0: 3 0x800000c0 (0x0000006f)
core   0: 3 0x800000c0 (0x0000006f)
core   0: 3 0x800000c0 (0x0000006f)
core   0: 3 0x800000c0 (0x0000006f)
core   0: 3 0x800000c0 (0x0000006f)
core   0: 3 0x800000c0 (0x0000006f)
core   0: 3 0x800000c0 (0x0000006f)
core   0: 3 0x800000c0 (0x0000006f)
core   0: 3 0x800000c0 (0x0000006f)
core   0: 3 0x800000c0 (0x0000006f)
core   0: 3 0x800000c0 (0x0000006f)
core   0: 3 0x800000c0 (0x0000006f)
core   0: 3 0x800000c0 (0x0000006f)
core   0: 3 0x800000c0 (0x0000006f)
core   0: 3 0x800000c0 (0x0000006f)
core   0: 3 0x800000c0 (0x0000006f)
core   0: 3 0x800000c0 (0x0000006f)
core   0: 3 0x800000c0 (0x0000006f)
core   0: 3 0x800000c0 (0x0000006f)
core   0: 3 0x800000c0 (0x0000006f)
core   0: 3 0x800000c0 (0x0000006f)
core   0: 3 0x800000c0 (0x0000006f)
core   0: 3 0x800000c0 (0x0000006f)
core   0: 3 0x800000c0 (0x0000006f)
core   0: 3 0x800000c0 (0x0000006f)
core   0: 3 0x800000c0 (0x0000006f)
core   0: 3 0x800000c0 (0x0000006f)
core   0: 3 0x800000c0 (0x0000006f)
core   0: 3 0x800000c0 (0x0000006f)
core   0: 3 0x800000c0 (0x0000006f)
core   0: 3 0x800000c0 (0x0000006f)
core   0: 3 0x800000c0 (0x0000006f)
core   0: 3 0x800000c0 (0x0000006f)
core   0: 3 0x800000c0 (0x0000006f)
core   0: 3 0x800000c0 (0x0000006f)
core   0: 3 0x800000c0 (0x0000006f)
core   0: 3 0x800000c0 (0x0000006f)
core   0: 3 0x800000c0 (0x0000006f)
core   0: 3 0x800000c0 (0x0000006f)
core   0: 3 0x800000c0 (0x0000006f)
core   0: 3 0x800000c0 (0x0000006f)
core   0: 3 0x800000c0 (0x0000006f)
core   0: 3 0x800000c0 (0x0000006f)
core   0: 3 0x800000c0 (0x0000006f)
core   0: 3 0x800000c0 (0x0000006f)
core   0: 3 0x800000c0 (0x0000006f)
core   0: 3 0x800000c0 (0x0000006f)
core   0: 3 0x800000c0 (0x0000006f)
core   0: 3 0x800000c0 (0x0000006f)
core   0: 3 0x800000c0 (0x0000006f)
core   0: 3 0x800000c0 (0x0000006f)
core   0: 3 0x800000c0 (0x0000006f)
core   0: 3 0x800000c0 (0x0000006f)
core   0: 3 0x800000c0 (0x0000006f)
core   0: 3 0x800000c0 (0x0000006f)
core   0: 3 0x800000c0 (0x0000006f)
core   0: 3 0x800000c0 (0x0000006f)
core   0: 3 0x800000c0 (0x0000006f)
core   0: 3 0x800000c0 (0x0000006f)
core   0: 3 0x800000c0 (0x0000006f)
core   0: 3 0x800000c0 (0x0000006f)
core   0: 3 0x800000c0 (0x0000006f)
core   0: 3 0x800000c0 (0x0000006f)
core   0: 3 0x800000c0 (0x0000006f)
core   0: 3 0x800000c0 (0x0000006f)
core   0: 3 0x800000c0 (0x0000006f)
core   0: 3 0x800000c0 (0x0000006f)
core   0: 3 0x800000c0 (0x0000006f)
core   0: 3 0x800000c0 (0x0000006f)
core   0: 3 0x800000c0 (0x0000006f)
core   0: 3 0x800000c0 (0x0000006f)
core   0: 3 0x800000c0 (0x0000006f)
core   0: 3 0x800000c0 (0x0000006f)
core   0: 3 0x800000c0 (0x0000006f)
core   0: 3 0x800000c0 (0x0000006f)
core   0: 3 0x800000c0 (0x0000006f)
core   0: 3 0x800000c0 (0x0000006f)
core   0: 3 0x800000c0 (0x0000006f)
core   0: 3 0x800000c0 (0x0000006f)
core   0: 3 0x800000c0 (0x0000006f)
core   0: 3 0x800000c0 (0x0000006f)
core   0: 3 0x800000c0 (0x0000006f)
core   0: 3 0x800000c0 (0x0000006f)
core   0: 3 0x800000c0 (0x0000006f)
core   0: 3 0x800000c0 (0x0000006f)
core   0: 3 0x800000c0 (0x0000006f)
core   0: 3 0x800000c0 (0x0000006f)
core   0: 3 0x800000c0 (0x0000006f)
core   0: 3 0x800000c0 (0x0000006f)
core   0: 3 0x800000c0 (0x0000006f)
core   0: 3 0x800000c0 (0x0000006f)
core   0: 3 0x800000c0 (0x0000006f)
core   0: 3 0x800000c0 (0x0000006f)
core   0: 3 0x800000c0 (0x0000006f)
core   0: 3 0x800000c0 (0x0000006f)
core   0: 3 0x800000c0 (0x0000006f)
core   0: 3 0x800000c0 (0x0000006f)
core   0: 3 0x800000c0 (0x0000006f)
core   0: 3 0x800000c0 (0x0000006f)
core   0: 3 0x800000c0 (0x0000006f)
core   0: 3 0x800000c0 (0x0000006f)
core   0: 3 0x800000c0 (0x0000006f)
core   0: 3 0x800000c0 (0x0000006f)
core   0: 3 0x800000c0 (0x0000006f)
core   0: 3 0x800000c0 (0x0000006f)
core   0: 3 0x800000c0 (0x0000006f)
core   0: 3 0x800000c0 (0x0000006f)
core   0: 3 0x800000c0 (0x0000006f)
core   0: 3 0x800000c0 (0x0000006f)
core   0: 3 0x800000c0 (0x0000006f)
core   0: 3 0x800000c0 (0x0000006f)
core   0: 3 0x800000c0 (0x0000006f)
core   0: 3 0x800000c0 (0x0000006f)
core   0: 3 0x800000c0 (0x0000006f)
core   0: 3 0x800000c0 (0x0000006f)
core   0: 3 0x800000c0 (0x0000006f)
core   0: 3 0x800000c0 (0x0000006f)
core   0: 3 0x800000c0 (0x0000006f)
core   0: 3 0x800000c0 (0x0000006f)
core   0: 3 0x800000c0 (0x0000006f)
core   0: 3 0x800000c0 (0x0000006f)
core   0: 3 0x800000c0 (0x0000006f)
core   0: 3 0x800000c0 (0x0000006f)
core   0: 3 0x800000c0 (0x0000006f)
core   0: 3 0x800000c0 (0x0000006f)
core   0: 3 0x800000c0 (0x0000006f)
core   0: 3 0x800000c0 (0x0000006f)
core   0: 3 0x800000c0 (0x0000006f)
core   0: 3 0x800000c0 (0x0000006f)
core   0: 3 0x800000c0 (0x0000006f)
core   0: 3 0x800000c0 (0x0000006f)
core   0: 3 0x800000c0 (0x0000006f)
core   0: 3 0x800000c0 (0x0000006f)
core   0: 3 0x800000c0 (0x0000006f)
core   0: 3 0x800000c0 (0x0000006f)
core   0: 3 0x800000c0 (0x0000006f)
core   0: 3 0x800000c0 (0x0000006f)
core   0: 3 0x800000c0 (0x0000006f)
core   0: 3 0x800000c0 (0x0000006f)
core   0: 3 0x800000c0 (0x0000006f)
core   0: 3 0x800000c0 (0x0000006f)
core   0: 3 0x800000c0 (0x0000006f)
core   0: 3 0x800000c0 (0x0000006f)
core   0: 3 0x800000c0 (0x0000006f)
core   0: 3 0x800000c0 (0x0000006f)
core   0: 3 0x800000c0 (0x0000006f)
core   0: 3 0x800000c0 (0x0000006f)
core   0: 3 0x800000c0 (0x0000006f)
core   0: 3 0x800000c0 (0x0000006f)
core   0: 3 0x800000c0 (0x0000006f)
core   0: 3 0x800000c0 (0x0000006f)
core   0: 3 0x800000c0 (0x0000006f)
core   0: 3 0x800000c0 (0x0000006f)
core   0: 3 0x800000c0 (0x0000006f)
core   0: 3 0x800000c0 (0x0000006f)
core   0: 3 0x800000c0 (0x0000006f)
core   0: 3 0x800000c0 (0x0000006f)
core   0: 3 0x800000c0 (0x0000006f)
core   0: 3 0x800000c0 (0x0000006f)
core   0: 3 0x800000c0 (0x0000006f)
core   0: 3 0x800000c0 (0x0000006f)
core   0: 3 0x800000c0 (0x0000006f)
core   0: 3 0x800000c0 (0x0000006f)
core   0: 3 0x800000c0 (0x0000006f)
core   0: 3 0x800000c0 (0x0000006f)
core   0: 3 0x800000c0 (0x0000006f)
core   0: 3 0x800000c0 (0x0000006f)
core   0: 3 0x800000c0 (0x0000006f)
core   0: 3 0x800000c0 (0x0000006f)
core   0: 3 0x800000c0 (0x0000006f)
core   0: 3 0x800000c0 (0x0000006f)
core   0: 3 0x800000c0 (0x0000006f)
core   0: 3 0x800000c0 (0x0000006f)
core   0: 3 0x800000c0 (0x0000006f)
core   0: 3 0x800000c0 (0x0000006f)
core   0: 3 0x800000c0 (0x0000006f)
core   0: 3 0x800000c0 (0x0000006f)
core   0: 3 0x800000c0 (0x0000006f)
core   0: 3 0x800000c0 (0x0000006f)
core   0: 3 0x800000c0 (0x0000006f)
core   0: 3 0x800000c0 (0x0000006f)
core   0: 3 0x800000c0 (0x0000006f)
core   0: 3 0x800000c0 (0x0000006f)
core   0: 3 0x800000c0 (0x0000006f)
core   0: 3 0x800000c0 (0x0000006f)
core   0: 3 0x800000c0 (0x0000006f)
core   0: 3 0x800000c0 (0x0000006f)
core   0: 3 0x800000c0 (0x0000006f)
core   0: 3 0x800000c0 (0x0000006f)
core   0: 3 0x800000c0 (0x0000006f)
core   0: 3 0x800000c0 (0x0000006f)
core   0: 3 0x800000c0 (0x0000006f)
core   0: 3 0x800000c0 (0x0000006f)
core   0: 3 0x800000c0 (0x0000006f)
core   0: 3 0x800000c0 (0x0000006f)
core   0: 3 0x800000c0 (0x0000006f)
core   0: 3 0x800000c0 (0x0000006f)
core   0: 3 0x800000c0 (0x0000006f)
core   0: 3 0x800000c0 (0x0000006f)
core   0: 3 0x800000c0 (0x0000006f)
core   0: 3 0x800000c0 (0x0000006f)
core   0: 3 0x800000c0 (0x0000006f)
core   0: 3 0x800000c0 (0x0000006f)
core   0: 3 0x800000c0 (0x0000006f)
core   0: 3 0x800000c0 (0x0000006f)
core   0: 3 0x800000c0 (0x0000006f)
core   0: 3 0x800000c0 (0x0000006f)
core   0: 3 0x800000c0 (0x0000006f)
core   0: 3 0x800000c0 (0x0000006f)
core   0: 3 0x800000c0 (0x0000006f)
core   0: 3 0x800000c0 (0x0000006f)
core   0: 3 0x800000c0 (0x0000006f)
core   0: 3 0x800000c0 (0x0000006f)
core   0: 3 0x800000c0 (0x0000006f)
core   0: 3 0x800000c0 (0x0000006f)
core   0: 3 0x800000c0 (0x0000006f)
core   0: 3 0x800000c0 (0x0000006f)
core   0: 3 0x800000c0 (0x0000006f)
core   0: 3 0x800000c0 (0x0000006f)
core   0: 3 0x800000c0 (0x0000006f)
core   0: 3 0x800000c0 (0x0000006f)
core   0: 3 0x800000c0 (0x0000006f)
core   0: 3 0x800000c0 (0x0000006f)
core   0: 3 0x800000c0 (0x0000006f)
core   0: 3 0x800000c0 (0x0000006f)
core   0: 3 0x800000c0 (0x0000006f)
core   0: 3 0x800000c0 (0x0000006f)
core   0: 3 0x800000c0 (0x0000006f)
core   0: 3 0x800000c0 (0x0000006f)
core   0: 3 0x800000c0 (0x0000006f)
core   0: 3 0x800000c0 (0x0000006f)
core   0: 3 0x800000c0 (0x0000006f)
core   0: 3 0x800000c0 (0x0000006f)
core   0: 3 0x800000c0 (0x0000006f)
core   0: 3 0x800000c0 (0x0000006f)
core   0: 3 0x800000c0 (0x0000006f)
core   0: 3 0x800000c0 (0x0000006f)
core   0: 3 0x800000c0 (0x0000006f)
core   0: 3 0x800000c0 (0x0000006f)
core   0: 3 0x800000c0 (0x0000006f)
core   0: 3 0x800000c0 (0x0000006f)
core   0: 3 0x800000c0 (0x0000006f)
core   0: 3 0x800000c0 (0x0000006f)
core   0: 3 0x800000c0 (0x0000006f)
core   0: 3 0x800000c0 (0x0000006f)
core   0: 3 0x800000c0 (0x0000006f)
core   0: 3 0x800000c0 (0x0000006f)
core   0: 3 0x800000c0 (0x0000006f)
core   0: 3 0x800000c0 (0x0000006f)
core   0: 3 0x800000c0 (0x0000006f)
core   0: 3 0x800000c0 (0x0000006f)
core   0: 3 0x800000c0 (0x0000006f)
core   0: 3 0x800000c0 (0x0000006f)
core   0: 3 0x800000c0 (0x0000006f)
core   0: 3 0x800000c0 (0x0000006f)
core   0: 3 0x800000c0 (0x0000006f)
core   0: 3 0x800000c0 (0x0000006f)
core   0: 3 0x800000c0 (0x0000006f)
core   0: 3 0x800000c0 (0x0000006f)
core   0: 3 0x800000c0 (0x0000006f)
core   0: 3 0x800000c0 (0x0000006f)
core   0: 3 0x800000c0 (0x0000006f)
core   0: 3 0x800000c0 (0x0000006f)
core   0: 3 0x800000c0 (0x0000006f)
core   0: 3 0x800000c0 (0x0000006f)
core   0: 3 0x800000c0 (0x0000006f)
core   0: 3 0x800000c0 (0x0000006f)
core   0: 3 0x800000c0 (0x0000006f)
core   0: 3 0x800000c0 (0x0000006f)
core   0: 3 0x800000c0 (0x0000006f)
core   0: 3 0x800000c0 (0x0000006f)
core   0: 3 0x800000c0 (0x0000006f)
core   0: 3 0x800000c0 (0x0000006f)
core   0: 3 0x800000c0 (0x0000006f)
core   0: 3 0x800000c0 (0x0000006f)
core   0: 3 0x800000c0 (0x0000006f)
core   0: 3 0x800000c0 (0x0000006f)
core   0: 3 0x800000c0 (0x0000006f)
core   0: 3 0x800000c0 (0x0000006f)
core   0: 3 0x800000c0 (0x0000006f)
core   0: 3 0x800000c0 (0x0000006f)
core   0: 3 0x800000c0 (0x0000006f)
core   0: 3 0x800000c0 (0x0000006f)
core   0: 3 0x800000c0 (0x0000006f)
core   0: 3 0x800000c0 (0x0000006f)
core   0: 3 0x800000c0 (0x0000006f)
core   0: 3 0x800000c0 (0x0000006f)
core   0: 3 0x800000c0 (0x0000006f)
core   0: 3 0x800000c0 (0x0000006f)
core   0: 3 0x800000c0 (0x0000006f)
core   0: 3 0x800000c0 (0x0000006f)
core   0: 3 0x800000c0 (0x0000006f)
core   0: 3 0x800000c0 (0x0000006f)
core   0: 3 0x800000c0 (0x0000006f)
core   0: 3 0x800000c0 (0x0000006f)
core   0: 3 0x800000c0 (0x0000006f)
core   0: 3 0x800000c0 (0x0000006f)
core   0: 3 0x800000c0 (0x0000006f)
core   0: 3 0x800000c0 (0x0000006f)
core   0: 3 0x800000c0 (0x0000006f)
core   0: 3 0x800000c0 (0x0000006f)
core   0: 3 0x800000c0 (0x0000006f)
core   0: 3 0x800000c0 (0x0000006f)
core   0: 3 0x800000c0 (0x0000006f)
core   0: 3 0x800000c0 (0x0000006f)
core   0: 3 0x800000c0 (0x0000006f)
core   0: 3 0x800000c0 (0x0000006f)
core   0: 3 0x800000c0 (0x0000006f)
core   0: 3 0x800000c0 (0x0000006f)
core   0: 3 0x800000c0 (0x0000006f)
core   0: 3 0x800000c0 (0x0000006f)
core   0: 3 0x800000c0 (0x0000006f)
core   0: 3 0x800000c0 (0x0000006f)
core   0: 3 0x800000c0 (0x0000006f)
core   0: 3 0x800000c0 (0x0000006f)
core   0: 3 0x800000c0 (0x0000006f)
core   0: 3 0x800000c0 (0x0000006f)
core   0: 3 0x800000c0 (0x0000006f)
core   0: 3 0x800000c0 (0x0000006f)
core   0: 3 0x800000c0 (0x0000006f)
core   0: 3 0x800000c0 (0x0000006f)
core   0: 3 0x800000c0 (0x0000006f)
core   0: 3 0x800000c0 (0x0000006f)
core   0: 3 0x800000c0 (0x0000006f)
core   0: 3 0x800000c0 (0x0000006f)
core   0: 3 0x800000c0 (0x0000006f)
core   0: 3 0x800000c0 (0x0000006f)
core   0: 3 0x800000c0 (0x0000006f)
core   0: 3 0x800000c0 (0x0000006f)
core   0: 3 0x800000c0 (0x0000006f)
core   0: 3 0x800000c0 (0x0000006f)
core   0: 3 0x800000c0 (0x0000006f)
core   0: 3 0x800000c0 (0x0000006f)
core   0: 3 0x800000c0 (0x0000006f)
core   0: 3 0x800000c0 (0x0000006f)
core   0: 3 0x800000c0 (0x0000006f)
core   0: 3 0x800000c0 (0x0000006f)
core   0: 3 0x800000c0 (0x0000006f)
core   0: 3 0x800000c0 (0x0000006f)
core   0: 3 0x800000c0 (0x0000006f)
core   0: 3 0x800000c0 (0x0000006f)
core   0: 3 0x800000c0 (0x0000006f)
core   0: 3 0x800000c0 (0x0000006f)
core   0: 3 0x800000c0 (0x0000006f)
core   0: 3 0x800000c0 (0x0000006f)
core   0: 3 0x800000c0 (0x0000006f)
core   0: 3 0x800000c0 (0x0000006f)
core   0: 3 0x800000c0 (0x0000006f)
core   0: 3 0x800000c0 (0x0000006f)
core   0: 3 0x800000c0 (0x0000006f)
core   0: 3 0x800000c0 (0x0000006f)
core   0: 3 0x800000c0 (0x0000006f)
core   0: 3 0x800000c0 (0x0000006f)
core   0: 3 0x800000c0 (0x0000006f)
core   0: 3 0x800000c0 (0x0000006f)
core   0: 3 0x800000c0 (0x0000006f)
core   0: 3 0x800000c0 (0x0000006f)
core   0: 3 0x800000c0 (0x0000006f)
core   0: 3 0x800000c0 (0x0000006f)
core   0: 3 0x800000c0 (0x0000006f)
core   0: 3 0x800000c0 (0x0000006f)
core   0: 3 0x800000c0 (0x0000006f)
core   0: 3 0x800000c0 (0x0000006f)
core   0: 3 0x800000c0 (0x0000006f)
core   0: 3 0x800000c0 (0x0000006f)
core   0: 3 0x800000c0 (0x0000006f)
core   0: 3 0x800000c0 (0x0000006f)
core   0: 3 0x800000c0 (0x0000006f)
core   0: 3 0x800000c0 (0x0000006f)
core   0: 3 0x800000c0 (0x0000006f)
core   0: 3 0x800000c0 (0x0000006f)
core   0: 3 0x800000c0 (0x0000006f)
core   0: 3 0x800000c0 (0x0000006f)
core   0: 3 0x800000c0 (0x0000006f)
core   0: 3 0x800000c0 (0x0000006f)
core   0: 3 0x800000c0 (0x0000006f)
core   0: 3 0x800000c0 (0x0000006f)
core   0: 3 0x800000c0 (0x0000006f)
core   0: 3 0x800000c0 (0x0000006f)
core   0: 3 0x800000c0 (0x0000006f)
core   0: 3 0x800000c0 (0x0000006f)
core   0: 3 0x800000c0 (0x0000006f)
core   0: 3 0x800000c0 (0x0000006f)
core   0: 3 0x800000c0 (0x0000006f)
core   0: 3 0x800000c0 (0x0000006f)
core   0: 3 0x800000c0 (0x0000006f)
core   0: 3 0x800000c0 (0x0000006f)
core   0: 3 0x800000c0 (0x0000006f)
core   0: 3 0x800000c0 (0x0000006f)
core   0: 3 0x800000c0 (0x0000006f)
core   0: 3 0x800000c0 (0x0000006f)
core   0: 3 0x800000c0 (0x0000006f)
core   0: 3 0x800000c0 (0x0000006f)
core   0: 3 0x800000c0 (0x0000006f)
core   0: 3 0x800000c0 (0x0000006f)
core   0: 3 0x800000c0 (0x0000006f)
core   0: 3 0x800000c0 (0x0000006f)
core   0: 3 0x800000c0 (0x0000006f)
core   0: 3 0x800000c0 (0x0000006f)
core   0: 3 0x800000c0 (0x0000006f)
core   0: 3 0x800000c0 (0x0000006f)
core   0: 3 0x800000c0 (0x0000006f)
core   0: 3 0x800000c0 (0x0000006f)
core   0: 3 0x800000c0 (0x0000006f)
core   0: 3 0x800000c0 (0x0000006f)
core   0: 3 0x800000c0 (0x0000006f)
core   0: 3 0x800000c0 (0x0000006f)
core   0: 3 0x800000c0 (0x0000006f)
core   0: 3 0x800000c0 (0x0000006f)
core   0: 3 0x800000c0 (0x0000006f)
core   0: 3 0x800000c0 (0x0000006f)
core   0: 3 0x800000c0 (0x0000006f)
core   0: 3 0x800000c0 (0x0000006f)
core   0: 3 0x800000c0 (0x0000006f)
core   0: 3 0x800000c0 (0x0000006f)
core   0: 3 0x800000c0 (0x0000006f)
core   0: 3 0x800000c0 (0x0000006f)
core   0: 3 0x800000c0 (0x0000006f)
core   0: 3 0x800000c0 (0x0000006f)
core   0: 3 0x800000c0 (0x0000006f)
core   0: 3 0x800000c0 (0x0000006f)
core   0: 3 0x800000c0 (0x0000006f)
core   0: 3 0x800000c0 (0x0000006f)
core   0: 3 0x800000c0 (0x0000006f)
core   0: 3 0x800000c0 (0x0000006f)
core   0: 3 0x800000c0 (0x0000006f)
core   0: 3 0x800000c0 (0x0000006f)
core   0: 3 0x800000c0 (0x0000006f)
core   0: 3 0x800000c0 (0x0000006f)
core   0: 3 0x800000c0 (0x0000006f)
core   0: 3 0x800000c0 (0x0000006f)
core   0: 3 0x800000c0 (0x0000006f)
core   0: 3 0x800000c0 (0x0000006f)
core   0: 3 0x800000c0 (0x0000006f)
core   0: 3 0x800000c0 (0x0000006f)
core   0: 3 0x800000c0 (0x0000006f)
core   0: 3 0x800000c0 (0x0000006f)
core   0: 3 0x800000c0 (0x0000006f)
core   0: 3 0x800000c0 (0x0000006f)
core   0: 3 0x800000c0 (0x0000006f)
core   0: 3 0x800000c0 (0x0000006f)
core   0: 3 0x800000c0 (0x0000006f)
core   0: 3 0x800000c0 (0x0000006f)
core   0: 3 0x800000c0 (0x0000006f)
core   0: 3 0x800000c0 (0x0000006f)
core   0: 3 0x800000c0 (0x0000006f)
core   0: 3 0x800000c0 (0x0000006f)
core   0: 3 0x800000c0 (0x0000006f)
core   0: 3 0x800000c0 (0x0000006f)
core   0: 3 0x800000c0 (0x0000006f)
core   0: 3 0x800000c0 (0x0000006f)
core   0: 3 0x800000c0 (0x0000006f)
core   0: 3 0x800000c0 (0x0000006f)
core   0: 3 0x800000c0 (0x0000006f)
core   0: 3 0x800000c0 (0x0000006f)
core   0: 3 0x800000c0 (0x0000006f)
core   0: 3 0x800000c0 (0x0000006f)
core   0: 3 0x800000c0 (0x0000006f)
core   0: 3 0x800000c0 (0x0000006f)
core   0: 3 0x800000c0 (0x0000006f)
core   0: 3 0x800000c0 (0x0000006f)
core   0: 3 0x800000c0 (0x0000006f)
core   0: 3 0x800000c0 (0x0000006f)
core   0: 3 0x800000c0 (0x0000006f)
core   0: 3 0x800000c0 (0x0000006f)
core   0: 3 0x800000c0 (0x0000006f)
core   0: 3 0x800000c0 (0x0000006f)
core   0: 3 0x800000c0 (0x0000006f)
core   0: 3 0x800000c0 (0x0000006f)
core   0: 3 0x800000c0 (0x0000006f)
core   0: 3 0x800000c0 (0x0000006f)
core   0: 3 0x800000c0 (0x0000006f)
core   0: 3 0x800000c0 (0x0000006f)
core   0: 3 0x800000c0 (0x0000006f)
core   0: 3 0x800000c0 (0x0000006f)
core   0: 3 0x800000c0 (0x0000006f)
core   0: 3 0x800000c0 (0x0000006f)
core   0: 3 0x800000c0 (0x0000006f)
core   0: 3 0x800000c0 (0x0000006f)
core   0: 3 0x800000c0 (0x0000006f)
core   0: 3 0x800000c0 (0x0000006f)
core   0: 3 0x800000c0 (0x0000006f)
core   0: 3 0x800000c0 (0x0000006f)
core   0: 3 0x800000c0 (0x0000006f)
core   0: 3 0x800000c0 (0x0000006f)
core   0: 3 0x800000c0 (0x0000006f)
core   0: 3 0x800000c0 (0x0000006f)
core   0: 3 0x800000c0 (0x0000006f)
core   0: 3 0x800000c0 (0x0000006f)
core   0: 3 0x800000c0 (0x0000006f)
core   0: 3 0x800000c0 (0x0000006f)
core   0: 3 0x800000c0 (0x0000006f)
core   0: 3 0x800000c0 (0x0000006f)
core   0: 3 0x800000c0 (0x0000006f)
core   0: 3 0x800000c0 (0x0000006f)
core   0: 3 0x800000c0 (0x0000006f)
core   0: 3 0x800000c0 (0x0000006f)
core   0: 3 0x800000c0 (0x0000006f)
core   0: 3 0x800000c0 (0x0000006f)
core   0: 3 0x800000c0 (0x0000006f)
core   0: 3 0x800000c0 (0x0000006f)
core   0: 3 0x800000c0 (0x0000006f)
core   0: 3 0x800000c0 (0x0000006f)
core   0: 3 0x800000c0 (0x0000006f)
core   0: 3 0x800000c0 (0x0000006f)
core   0: 3 0x800000c0 (0x0000006f)
core   0: 3 0x800000c0 (0x0000006f)
core   0: 3 0x800000c0 (0x0000006f)
core   0: 3 0x800000c0 (0x0000006f)
core   0: 3 0x800000c0 (0x0000006f)
core   0: 3 0x800000c0 (0x0000006f)
core   0: 3 0x800000c0 (0x0000006f)
core   0: 3 0x800000c0 (0x0000006f)
core   0: 3 0x800000c0 (0x0000006f)
core   0: 3 0x800000c0 (0x0000006f)
core   0: 3 0x800000c0 (0x0000006f)
core   0: 3 0x800000c0 (0x0000006f)
core   0: 3 0x800000c0 (0x0000006f)
core   0: 3 0x800000c0 (0x0000006f)
core   0: 3 0x800000c0 (0x0000006f)
core   0: 3 0x800000c0 (0x0000006f)
core   0: 3 0x800000c0 (0x0000006f)
core   0: 3 0x800000c0 (0x0000006f)
core   0: 3 0x800000c0 (0x0000006f)
core   0: 3 0x800000c0 (0x0000006f)
core   0: 3 0x800000c0 (0x0000006f)
core   0: 3 0x800000c0 (0x0000006f)
core   0: 3 0x800000c0 (0x0000006f)
core   0: 3 0x800000c0 (0x0000006f)
core   0: 3 0x800000c0 (0x0000006f)
core   0: 3 0x800000c0 (0x0000006f)
core   0: 3 0x800000c0 (0x0000006f)
core   0: 3 0x800000c0 (0x0000006f)
core   0: 3 0x800000c0 (0x0000006f)
core   0: 3 0x800000c0 (0x0000006f)
core   0: 3 0x800000c0 (0x0000006f)
core   0: 3 0x800000c0 (0x0000006f)
core   0: 3 0x800000c0 (0x0000006f)
core   0: 3 0x800000c0 (0x0000006f)
core   0: 3 0x800000c0 (0x0000006f)
core   0: 3 0x800000c0 (0x0000006f)
core   0: 3 0x800000c0 (0x0000006f)
core   0: 3 0x800000c0 (0x0000006f)
core   0: 3 0x800000c0 (0x0000006f)
core   0: 3 0x800000c0 (0x0000006f)
core   0: 3 0x800000c0 (0x0000006f)
core   0: 3 0x800000c0 (0x0000006f)
core   0: 3 0x800000c0 (0x0000006f)
core   0: 3 0x800000c0 (0x0000006f)
core   0: 3 0x800000c0 (0x0000006f)
core   0: 3 0x800000c0 (0x0000006f)
core   0: 3 0x800000c0 (0x0000006f)
core   0: 3 0x800000c0 (0x0000006f)
core   0: 3 0x800000c0 (0x0000006f)
core   0: 3 0x800000c0 (0x0000006f)
core   0: 3 0x800000c0 (0x0000006f)
core   0: 3 0x800000c0 (0x0000006f)
core   0: 3 0x800000c0 (0x0000006f)
core   0: 3 0x800000c0 (0x0000006f)
core   0: 3 0x800000c0 (0x0000006f)
core   0: 3 0x800000c0 (0x0000006f)
core   0: 3 0x800000c0 (0x0000006f)
core   0: 3 0x800000c0 (0x0000006f)
core   0: 3 0x800000c0 (0x0000006f)
core   0: 3 0x800000c0 (0x0000006f)
core   0: 3 0x800000c0 (0x0000006f)
core   0: 3 0x800000c0 (0x0000006f)
core   0: 3 0x800000c0 (0x0000006f)
core   0: 3 0x800000c0 (0x0000006f)
core   0: 3 0x800000c0 (0x0000006f)
core   0: 3 0x800000c0 (0x0000006f)
core   0: 3 0x800000c0 (0x0000006f)
core   0: 3 0x800000c0 (0x0000006f)
core   0: 3 0x800000c0 (0x0000006f)
core   0: 3 0x800000c0 (0x0000006f)
core   0: 3 0x800000c0 (0x0000006f)
core   0: 3 0x800000c0 (0x0000006f)
core   0: 3 0x800000c0 (0x0000006f)
core   0: 3 0x800000c0 (0x0000006f)
core   0: 3 0x800000c0 (0x0000006f)
core   0: 3 0x800000c0 (0x0000006f)
core   0: 3 0x800000c0 (0x0000006f)
core   0: 3 0x800000c0 (0x0000006f)
core   0: 3 0x800000c0 (0x0000006f)
core   0: 3 0x800000c0 (0x0000006f)
core   0: 3 0x800000c0 (0x0000006f)
core   0: 3 0x800000c0 (0x0000006f)
core   0: 3 0x800000c0 (0x0000006f)
core   0: 3 0x800000c0 (0x0000006f)
core   0: 3 0x800000c0 (0x0000006f)
core   0: 3 0x800000c0 (0x0000006f)
core   0: 3 0x800000c0 (0x0000006f)
core   0: 3 0x800000c0 (0x0000006f)
core   0: 3 0x800000c0 (0x0000006f)
core   0: 3 0x800000c0 (0x0000006f)
core   0: 3 0x800000c0 (0x0000006f)
core   0: 3 0x800000c0 (0x0000006f)
core   0: 3 0x800000c0 (0x0000006f)
core   0: 3 0x800000c0 (0x0000006f)
core   0: 3 0x800000c0 (0x0000006f)
core   0: 3 0x800000c0 (0x0000006f)
core   0: 3 0x800000c0 (0x0000006f)
core   0: 3 0x800000c0 (0x0000006f)
core   0: 3 0x800000c0 (0x0000006f)
core   0: 3 0x800000c0 (0x0000006f)
core   0: 3 0x800000c0 (0x0000006f)
core   0: 3 0x800000c0 (0x0000006f)
core   0: 3 0x800000c0 (0x0000006f)
core   0: 3 0x800000c0 (0x0000006f)
core   0: 3 0x800000c0 (0x0000006f)
core   0: 3 0x800000c0 (0x0000006f)
core   0: 3 0x800000c0 (0x0000006f)
core   0: 3 0x800000c0 (0x0000006f)
core   0: 3 0x800000c0 (0x0000006f)
core   0: 3 0x800000c0 (0x0000006f)
core   0: 3 0x800000c0 (0x0000006f)
core   0: 3 0x800000c0 (0x0000006f)
core   0: 3 0x800000c0 (0x0000006f)
core   0: 3 0x800000c0 (0x0000006f)
core   0: 3 0x800000c0 (0x0000006f)
core   0: 3 0x800000c0 (0x0000006f)
core   0: 3 0x800000c0 (0x0000006f)
core   0: 3 0x800000c0 (0x0000006f)
core   0: 3 0x800000c0 (0x0000006f)
core   0: 3 0x800000c0 (0x0000006f)
core   0: 3 0x800000c0 (0x0000006f)
core   0: 3 0x800000c0 (0x0000006f)
core   0: 3 0x800000c0 (0x0000006f)
core   0: 3 0x800000c0 (0x0000006f)
core   0: 3 0x800000c0 (0x0000006f)
core   0: 3 0x800000c0 (0x0000006f)
core   0: 3 0x800000c0 (0x0000006f)
core   0: 3 0x800000c0 (0x0000006f)
core   0: 3 0x800000c0 (0x0000006f)
core   0: 3 0x800000c0 (0x0000006f)
core   0: 3 0x800000c0 (0x0000006f)
core   0: 3 0x800000c0 (0x0000006f)
core   0: 3 0x800000c0 (0x0000006f)
core   0: 3 0x800000c0 (0x0000006f)
core   0: 3 0x800000c0 (0x0000006f)
core   0: 3 0x800000c0 (0x0000006f)
core   0: 3 0x800000c0 (0x0000006f)
core   0: 3 0x800000c0 (0x0000006f)
core   0: 3 0x800000c0 (0x0000006f)
core   0: 3 0x800000c0 (0x0000006f)
core   0: 3 0x800000c0 (0x0000006f)
core   0: 3 0x800000c0 (0x0000006f)
core   0: 3 0x800000c0 (0x0000006f)
core   0: 3 0x800000c0 (0x0000006f)
core   0: 3 0x800000c0 (0x0000006f)
core   0: 3 0x800000c0 (0x0000006f)
core   0: 3 0x800000c0 (0x0000006f)
core   0: 3 0x800000c0 (0x0000006f)
core   0: 3 0x800000c0 (0x0000006f)
core   0: 3 0x800000c0 (0x0000006f)
core   0: 3 0x800000c0 (0x0000006f)
core   0: 3 0x800000c0 (0x0000006f)
core   0: 3 0x800000c0 (0x0000006f)
core   0: 3 0x800000c0 (0x0000006f)
core   0: 3 0x800000c0 (0x0000006f)
core   0: 3 0x800000c0 (0x0000006f)
core   0: 3 0x800000c0 (0x0000006f)
core   0: 3 0x800000c0 (0x0000006f)
core   0: 3 0x800000c0 (0x0000006f)
core   0: 3 0x800000c0 (0x0000006f)
core   0: 3 0x800000c0 (0x0000006f)
core   0: 3 0x800000c0 (0x0000006f)
core   0: 3 0x800000c0 (0x0000006f)
core   0: 3 0x800000c0 (0x0000006f)
core   0: 3 0x800000c0 (0x0000006f)
core   0: 3 0x800000c0 (0x0000006f)
core   0: 3 0x800000c0 (0x0000006f)
core   0: 3 0x800000c0 (0x0000006f)
core   0: 3 0x800000c0 (0x0000006f)
core   0: 3 0x800000c0 (0x0000006f)
core   0: 3 0x800000c0 (0x0000006f)
core   0: 3 0x800000c0 (0x0000006f)
core   0: 3 0x800000c0 (0x0000006f)
core   0: 3 0x800000c0 (0x0000006f)
core   0: 3 0x800000c0 (0x0000006f)
core   0: 3 0x800000c0 (0x0000006f)
core   0: 3 0x800000c0 (0x0000006f)
core   0: 3 0x800000c0 (0x0000006f)
core   0: 3 0x800000c0 (0x0000006f)
core   0: 3 0x800000c0 (0x0000006f)
core   0: 3 0x800000c0 (0x0000006f)
core   0: 3 0x800000c0 (0x0000006f)
core   0: 3 0x800000c0 (0x0000006f)
core   0: 3 0x800000c0 (0x0000006f)
core   0: 3 0x800000c0 (0x0000006f)
core   0: 3 0x800000c0 (0x0000006f)
core   0: 3 0x800000c0 (0x0000006f)
core   0: 3 0x800000c0 (0x0000006f)
core   0: 3 0x800000c0 (0x0000006f)
core   0: 3 0x800000c0 (0x0000006f)
core   0: 3 0x800000c0 (0x0000006f)
core   0: 3 0x800000c0 (0x0000006f)
core   0: 3 0x800000c0 (0x0000006f)
core   0: 3 0x800000c0 (0x0000006f)
core   0: 3 0x800000c0 (0x0000006f)
core   0: 3 0x800000c0 (0x0000006f)
core   0: 3 0x800000c0 (0x0000006f)
core   0: 3 0x800000c0 (0x0000006f)
core   0: 3 0x800000c0 (0x0000006f)
core   0: 3 0x800000c0 (0x0000006f)
core   0: 3 0x800000c0 (0x0000006f)
core   0: 3 0x800000c0 (0x0000006f)
core   0: 3 0x800000c0 (0x0000006f)
core   0: 3 0x800000c0 (0x0000006f)
core   0: 3 0x800000c0 (0x0000006f)
core   0: 3 0x800000c0 (0x0000006f)
core   0: 3 0x800000c0 (0x0000006f)
core   0: 3 0x800000c0 (0x0000006f)
core   0: 3 0x800000c0 (0x0000006f)
core   0: 3 0x800000c0 (0x0000006f)
core   0: 3 0x800000c0 (0x0000006f)
core   0: 3 0x800000c0 (0x0000006f)
core   0: 3 0x800000c0 (0x0000006f)
core   0: 3 0x800000c0 (0x0000006f)
core   0: 3 0x800000c0 (0x0000006f)
core   0: 3 0x800000c0 (0x0000006f)
core   0: 3 0x800000c0 (0x0000006f)
core   0: 3 0x800000c0 (0x0000006f)
core   0: 3 0x800000c0 (0x0000006f)
core   0: 3 0x800000c0 (0x0000006f)
core   0: 3 0x800000c0 (0x0000006f)
core   0: 3 0x800000c0 (0x0000006f)
core   0: 3 0x800000c0 (0x0000006f)
core   0: 3 0x800000c0 (0x0000006f)
core   0: 3 0x800000c0 (0x0000006f)
core   0: 3 0x800000c0 (0x0000006f)
core   0: 3 0x800000c0 (0x0000006f)
core   0: 3 0x800000c0 (0x0000006f)
core   0: 3 0x800000c0 (0x0000006f)
core   0: 3 0x800000c0 (0x0000006f)
core   0: 3 0x800000c0 (0x0000006f)
core   0: 3 0x800000c0 (0x0000006f)
core   0: 3 0x800000c0 (0x0000006f)
core   0: 3 0x800000c0 (0x0000006f)
core   0: 3 0x800000c0 (0x0000006f)
core   0: 3 0x800000c0 (0x0000006f)
core   0: 3 0x800000c0 (0x0000006f)
core   0: 3 0x800000c0 (0x0000006f)
core   0: 3 0x800000c0 (0x0000006f)
core   0: 3 0x800000c0 (0x0000006f)
core   0: 3 0x800000c0 (0x0000006f)
core   0: 3 0x800000c0 (0x0000006f)
core   0: 3 0x800000c0 (0x0000006f)
core   0: 3 0x800000c0 (0x0000006f)
core   0: 3 0x800000c0 (0x0000006f)
core   0: 3 0x800000c0 (0x0000006f)
core   0: 3 0x800000c0 (0x0000006f)
core   0: 3 0x800000c0 (0x0000006f)
core   0: 3 0x800000c0 (0x0000006f)
core   0: 3 0x800000c0 (0x0000006f)
core   0: 3 0x800000c0 (0x0000006f)
core   0: 3 0x800000c0 (0x0000006f)
core   0: 3 0x800000c0 (0x0000006f)
core   0: 3 0x800000c0 (0x0000006f)
core   0: 3 0x800000c0 (0x0000006f)
core   0: 3 0x800000c0 (0x0000006f)
core   0: 3 0x800000c0 (0x0000006f)
core   0: 3 0x800000c0 (0x0000006f)
core   0: 3 0x800000c0 (0x0000006f)
core   0: 3 0x800000c0 (0x0000006f)
core   0: 3 0x800000c0 (0x0000006f)
core   0: 3 0x800000c0 (0x0000006f)
core   0: 3 0x800000c0 (0x0000006f)
core   0: 3 0x800000c0 (0x0000006f)
core   0: 3 0x800000c0 (0x0000006f)
core   0: 3 0x800000c0 (0x0000006f)
core   0: 3 0x800000c0 (0x0000006f)
core   0: 3 0x800000c0 (0x0000006f)
core   0: 3 0x800000c0 (0x0000006f)
core   0: 3 0x800000c0 (0x0000006f)
core   0: 3 0x800000c0 (0x0000006f)
core   0: 3 0x800000c0 (0x0000006f)
core   0: 3 0x800000c0 (0x0000006f)
core   0: 3 0x800000c0 (0x0000006f)
core   0: 3 0x800000c0 (0x0000006f)
core   0: 3 0x800000c0 (0x0000006f)
core   0: 3 0x800000c0 (0x0000006f)
core   0: 3 0x800000c0 (0x0000006f)
core   0: 3 0x800000c0 (0x0000006f)
core   0: 3 0x800000c0 (0x0000006f)
core   0: 3 0x800000c0 (0x0000006f)
core   0: 3 0x800000c0 (0x0000006f)
core   0: 3 0x800000c0 (0x0000006f)
core   0: 3 0x800000c0 (0x0000006f)
core   0: 3 0x800000c0 (0x0000006f)
core   0: 3 0x800000c0 (0x0000006f)
core   0: 3 0x800000c0 (0x0000006f)
core   0: 3 0x800000c0 (0x0000006f)
core   0: 3 0x800000c0 (0x0000006f)
core   0: 3 0x800000c0 (0x0000006f)
core   0: 3 0x800000c0 (0x0000006f)
core   0: 3 0x800000c0 (0x0000006f)
core   0: 3 0x800000c0 (0x0000006f)
core   0: 3 0x800000c0 (0x0000006f)
core   0: 3 0x800000c0 (0x0000006f)
core   0: 3 0x800000c0 (0x0000006f)
core   0: 3 0x800000c0 (0x0000006f)
core   0: 3 0x800000c0 (0x0000006f)
core   0: 3 0x800000c0 (0x0000006f)
core   0: 3 0x800000c0 (0x0000006f)
core   0: 3 0x800000c0 (0x0000006f)
core   0: 3 0x800000c0 (0x0000006f)
core   0: 3 0x800000c0 (0x0000006f)
core   0: 3 0x800000c0 (0x0000006f)
core   0: 3 0x800000c0 (0x0000006f)
core   0: 3 0x800000c0 (0x0000006f)
core   0: 3 0x800000c0 (0x0000006f)
core   0: 3 0x800000c0 (0x0000006f)
core   0: 3 0x800000c0 (0x0000006f)
core   0: 3 0x800000c0 (0x0000006f)
core   0: 3 0x800000c0 (0x0000006f)
core   0: 3 0x800000c0 (0x0000006f)
core   0: 3 0x800000c0 (0x0000006f)
core   0: 3 0x800000c0 (0x0000006f)
core   0: 3 0x800000c0 (0x0000006f)
core   0: 3 0x800000c0 (0x0000006f)
core   0: 3 0x800000c0 (0x0000006f)
core   0: 3 0x800000c0 (0x0000006f)
core   0: 3 0x800000c0 (0x0000006f)
core   0: 3 0x800000c0 (0x0000006f)
core   0: 3 0x800000c0 (0x0000006f)
core   0: 3 0x800000c0 (0x0000006f)
core   0: 3 0x800000c0 (0x0000006f)
core   0: 3 0x800000c0 (0x0000006f)
core   0: 3 0x800000c0 (0x0000006f)
core   0: 3 0x800000c0 (0x0000006f)
core   0: 3 0x800000c0 (0x0000006f)
core   0: 3 0x800000c0 (0x0000006f)
core   0: 3 0x800000c0 (0x0000006f)
core   0: 3 0x800000c0 (0x0000006f)
core   0: 3 0x800000c0 (0x0000006f)
core   0: 3 0x800000c0 (0x0000006f)
core   0: 3 0x800000c0 (0x0000006f)
core   0: 3 0x800000c0 (0x0000006f)
core   0: 3 0x800000c0 (0x0000006f)
core   0: 3 0x800000c0 (0x0000006f)
core   0: 3 0x800000c0 (0x0000006f)
core   0: 3 0x800000c0 (0x0000006f)
core   0: 3 0x800000c0 (0x0000006f)
core   0: 3 0x800000c0 (0x0000006f)
core   0: 3 0x800000c0 (0x0000006f)
core   0: 3 0x800000c0 (0x0000006f)
core   0: 3 0x800000c0 (0x0000006f)
core   0: 3 0x800000c0 (0x0000006f)
core   0: 3 0x800000c0 (0x0000006f)
core   0: 3 0x800000c0 (0x0000006f)
core   0: 3 0x800000c0 (0x0000006f)
core   0: 3 0x800000c0 (0x0000006f)
core   0: 3 0x800000c0 (0x0000006f)
core   0: 3 0x800000c0 (0x0000006f)
core   0: 3 0x800000c0 (0x0000006f)
core   0: 3 0x800000c0 (0x0000006f)
core   0: 3 0x800000c0 (0x0000006f)
core   0: 3 0x800000c0 (0x0000006f)
core   0: 3 0x800000c0 (0x0000006f)
core   0: 3 0x800000c0 (0x0000006f)
core   0: 3 0x800000c0 (0x0000006f)
core   0: 3 0x800000c0 (0x0000006f)
core   0: 3 0x800000c0 (0x0000006f)
core   0: 3 0x800000c0 (0x0000006f)
core   0: 3 0x800000c0 (0x0000006f)
core   0: 3 0x800000c0 (0x0000006f)
core   0: 3 0x800000c0 (0x0000006f)
core   0: 3 0x800000c0 (0x0000006f)
core   0: 3 0x800000c0 (0x0000006f)
core   0: 3 0x800000c0 (0x0000006f)
core   0: 3 0x800000c0 (0x0000006f)
core   0: 3 0x800000c0 (0x0000006f)
core   0: 3 0x800000c0 (0x0000006f)
core   0: 3 0x800000c0 (0x0000006f)
core   0: 3 0x800000c0 (0x0000006f)
core   0: 3 0x800000c0 (0x0000006f)
core   0: 3 0x800000c0 (0x0000006f)
core   0: 3 0x800000c0 (0x0000006f)
core   0: 3 0x800000c0 (0x0000006f)
core   0: 3 0x800000c0 (0x0000006f)
core   0: 3 0x800000c0 (0x0000006f)
core   0: 3 0x800000c0 (0x0000006f)
core   0: 3 0x800000c0 (0x0000006f)
core   0: 3 0x800000c0 (0x0000006f)
core   0: 3 0x800000c0 (0x0000006f)
core   0: 3 0x800000c0 (0x0000006f)
core   0: 3 0x800000c0 (0x0000006f)
core   0: 3 0x800000c0 (0x0000006f)
core   0: 3 0x800000c0 (0x0000006f)
core   0: 3 0x800000c0 (0x0000006f)
core   0: 3 0x800000c0 (0x0000006f)
core   0: 3 0x800000c0 (0x0000006f)
core   0: 3 0x800000c0 (0x0000006f)
core   0: 3 0x800000c0 (0x0000006f)
core   0: 3 0x800000c0 (0x0000006f)
core   0: 3 0x800000c0 (0x0000006f)
core   0: 3 0x800000c0 (0x0000006f)
core   0: 3 0x800000c0 (0x0000006f)
core   0: 3 0x800000c0 (0x0000006f)
core   0: 3 0x800000c0 (0x0000006f)
core   0: 3 0x800000c0 (0x0000006f)
core   0: 3 0x800000c0 (0x0000006f)
core   0: 3 0x800000c0 (0x0000006f)
core   0: 3 0x800000c0 (0x0000006f)
core   0: 3 0x800000c0 (0x0000006f)
core   0: 3 0x800000c0 (0x0000006f)
core   0: 3 0x800000c0 (0x0000006f)
core   0: 3 0x800000c0 (0x0000006f)
core   0: 3 0x800000c0 (0x0000006f)
core   0: 3 0x800000c0 (0x0000006f)
core   0: 3 0x800000c0 (0x0000006f)
core   0: 3 0x800000c0 (0x0000006f)
core   0: 3 0x800000c0 (0x0000006f)
core   0: 3 0x800000c0 (0x0000006f)
core   0: 3 0x800000c0 (0x0000006f)
core   0: 3 0x800000c0 (0x0000006f)
core   0: 3 0x800000c0 (0x0000006f)
core   0: 3 0x800000c0 (0x0000006f)
core   0: 3 0x800000c0 (0x0000006f)
core   0: 3 0x800000c0 (0x0000006f)
core   0: 3 0x800000c0 (0x0000006f)
core   0: 3 0x800000c0 (0x0000006f)
core   0: 3 0x800000c0 (0x0000006f)
core   0: 3 0x800000c0 (0x0000006f)
core   0: 3 0x800000c0 (0x0000006f)
core   0: 3 0x800000c0 (0x0000006f)
core   0: 3 0x800000c0 (0x0000006f)
core   0: 3 0x800000c0 (0x0000006f)
core   0: 3 0x800000c0 (0x0000006f)
core   0: 3 0x800000c0 (0x0000006f)
core   0: 3 0x800000c0 (0x0000006f)
core   0: 3 0x800000c0 (0x0000006f)
core   0: 3 0x800000c0 (0x0000006f)
core   0: 3 0x800000c0 (0x0000006f)
core   0: 3 0x800000c0 (0x0000006f)
core   0: 3 0x800000c0 (0x0000006f)
core   0: 3 0x800000c0 (0x0000006f)
core   0: 3 0x800000c0 (0x0000006f)
core   0: 3 0x800000c0 (0x0000006f)
core   0: 3 0x800000c0 (0x0000006f)
core   0: 3 0x800000c0 (0x0000006f)
core   0: 3 0x800000c0 (0x0000006f)
core   0: 3 0x800000c0 (0x0000006f)
core   0: 3 0x800000c0 (0x0000006f)
core   0: 3 0x800000c0 (0x0000006f)
core   0: 3 0x800000c0 (0x0000006f)
core   0: 3 0x800000c0 (0x0000006f)
core   0: 3 0x800000c0 (0x0000006f)
core   0: 3 0x800000c0 (0x0000006f)
core   0: 3 0x800000c0 (0x0000006f)
core   0: 3 0x800000c0 (0x0000006f)
core   0: 3 0x800000c0 (0x0000006f)
core   0: 3 0x800000c0 (0x0000006f)
core   0: 3 0x800000c0 (0x0000006f)
