core   0: 3 0x00001000 (0x00000297) x5  0x00001000
core   0: 3 0x00001004 (0x02028593) x11 0x00001020
core   0: 3 0x00001008 (0xf1402573) x10 0x00000000
core   0: 3 0x0000100c (0x0182a283) x5  0x80000000 mem 0x00001018
core   0: 3 0x00001010 (0x00028067)
core   0: 3 0x80000000 (0x00000093) x1  0x00000000
core   0: 3 0x80000004 (0x00000113) x2  0x00000000
core   0: 3 0x80000008 (0x00000193) x3  0x00000000
core   0: 3 0x8000000c (0x00000213) x4  0x00000000
core   0: 3 0x80000010 (0x00000293) x5  0x00000000
core   0: 3 0x80000014 (0x00000313) x6  0x00000000
core   0: 3 0x80000018 (0x00000393) x7  0x00000000
core   0: 3 0x8000001c (0x00000413) x8  0x00000000
core   0: 3 0x80000020 (0x00000493) x9  0x00000000
core   0: 3 0x80000024 (0x00000513) x10 0x00000000
core   0: 3 0x80000028 (0x00000593) x11 0x00000000
core   0: 3 0x8000002c (0x00000613) x12 0x00000000
core   0: 3 0x80000030 (0x00000693) x13 0x00000000
core   0: 3 0x80000034 (0x00000713) x14 0x00000000
core   0: 3 0x80000038 (0x00000793) x15 0x00000000
core   0: 3 0x8000003c (0x00000813) x16 0x00000000
core   0: 3 0x80000040 (0x00000893) x17 0x00000000
core   0: 3 0x80000044 (0x00000913) x18 0x00000000
core   0: 3 0x80000048 (0x00000993) x19 0x00000000
core   0: 3 0x8000004c (0x00000a13) x20 0x00000000
core   0: 3 0x80000050 (0x00000a93) x21 0x00000000
core   0: 3 0x80000054 (0x00000b13) x22 0x00000000
core   0: 3 0x80000058 (0x00000b93) x23 0x00000000
core   0: 3 0x8000005c (0x00000c13) x24 0x00000000
core   0: 3 0x80000060 (0x00000c93) x25 0x00000000
core   0: 3 0x80000064 (0x00000d13) x26 0x00000000
core   0: 3 0x80000068 (0x00000d93) x27 0x00000000
core   0: 3 0x8000006c (0x00000e13) x28 0x00000000
core   0: 3 0x80000070 (0x00000e93) x29 0x00000000
core   0: 3 0x80000074 (0x00000f13) x30 0x00000000
core   0: 3 0x80000078 (0x00000f93) x31 0x00000000
core   0: 3 0x8000007c (0x00002197) x3  0x8000207c
core   0: 3 0x80000080 (0x50c18193) x3  0x80002588
core   0: 3 0x80000084 (0x00100117) x2  0x80100084
core   0: 3 0x80000088 (0xf7c10113) x2  0x80100000
core   0: 3 0x8000008c (0x00002297) x5  0x8000208c
core   0: 3 0x80000090 (0xcfc28293) x5  0x80001d88
core   0: 3 0x80000094 (0x00002317) x6  0x80002094
core   0: 3 0x80000098 (0xcf430313) x6  0x80001d88
core   0: 3 0x8000009c (0x0062f863)
core   0: 3 0x800000ac (0x01c000ef) x1  0x800000b0
core   0: 3 0x800000c8 (0x12345437) x8  0x12345000
core   0: 3 0x800000cc (0x67840413) x8  0x12345678
core   0: 3 0x800000d0 (0xff900493) x9  0xfffffff9
core   0: 3 0x800000d4 (0x00940533) x10 0x12345671
core   0: 3 0x800000d8 (0x12345fb7) x31 0x12345000
core   0: 3 0x800000dc (0x671f8f93) x31 0x12345671
core   0: 3 0x800000e0 (0x01f50663)
core   0: 3 0x800000ec (0x40940533) x10 0x1234567f
core   0: 3 0x800000f0 (0x12345fb7) x31 0x12345000
core   0: 3 0x800000f4 (0x67ff8f93) x31 0x1234567f
core   0: 3 0x800000f8 (0x01f50663)
core   0: 3 0x80000104 (0x00947533) x10 0x12345678
core   0: 3 0x80000108 (0x12345fb7) x31 0x12345000
core   0: 3 0x8000010c (0x678f8f93) x31 0x12345678
core   0: 3 0x80000110 (0x01f50663)
core   0: 3 0x8000011c (0x00946533) x10 0xfffffff9
core   0: 3 0x80000120 (0xff900f93) x31 0xfffffff9
core   0: 3 0x80000124 (0x01f50663)
core   0: 3 0x80000130 (0x00944533) x10 0xedcba981
core   0: 3 0x80000134 (0xedcbbfb7) x31 0xedcbb000
core   0: 3 0x80000138 (0x981f8f93) x31 0xedcba981
core   0: 3 0x8000013c (0x01f50663)
core   0: 3 0x80000148 (0x00941533) x10 0xf0000000
core   0: 3 0x8000014c (0xf0000fb7) x31 0xf0000000
core   0: 3 0x80000150 (0x01f50663)
core   0: 3 0x8000015c (0x00945533) x10 0x00000009
core   0: 3 0x80000160 (0x00900f93) x31 0x00000009
core   0: 3 0x80000164 (0x01f50663)
core   0: 3 0x80000170 (0x40945533) x10 0x00000009
core   0: 3 0x80000174 (0x00900f93) x31 0x00000009
core   0: 3 0x80000178 (0x01f50663)
core   0: 3 0x80000184 (0x00942533) x10 0x00000000
core   0: 3 0x80000188 (0x00000f93) x31 0x00000000
core   0: 3 0x8000018c (0x01f50663)
core   0: 3 0x80000198 (0x00943533) x10 0x00000001
core   0: 3 0x8000019c (0x00100f93) x31 0x00000001
core   0: 3 0x800001a0 (0x01f50663)
core   0: 3 0x800001ac (0x80000437) x8  0x80000000
core   0: 3 0x800001b0 (0x00100493) x9  0x00000001
core   0: 3 0x800001b4 (0x00940533) x10 0x80000001
core   0: 3 0x800001b8 (0x80000fb7) x31 0x80000000
core   0: 3 0x800001bc (0x001f8f93) x31 0x80000001
core   0: 3 0x800001c0 (0x01f50663)
core   0: 3 0x800001cc (0x40940533) x10 0x7fffffff
core   0: 3 0x800001d0 (0x80000fb7) x31 0x80000000
core   0: 3 0x800001d4 (0xffff8f93) x31 0x7fffffff
core   0: 3 0x800001d8 (0x01f50663)
core   0: 3 0x800001e4 (0x00947533) x10 0x00000000
core   0: 3 0x800001e8 (0x00000f93) x31 0x00000000
core   0: 3 0x800001ec (0x01f50663)
core   0: 3 0x800001f8 (0x00946533) x10 0x80000001
core   0: 3 0x800001fc (0x80000fb7) x31 0x80000000
core   0: 3 0x80000200 (0x001f8f93) x31 0x80000001
core   0: 3 0x80000204 (0x01f50663)
core   0: 3 0x80000210 (0x00944533) x10 0x80000001
core   0: 3 0x80000214 (0x80000fb7) x31 0x80000000
core   0: 3 0x80000218 (0x001f8f93) x31 0x80000001
core   0: 3 0x8000021c (0x01f50663)
core   0: 3 0x80000228 (0x00941533) x10 0x00000000
core   0: 3 0x8000022c (0x00000f93) x31 0x00000000
core   0: 3 0x80000230 (0x01f50663)
core   0: 3 0x8000023c (0x00945533) x10 0x40000000
core   0: 3 0x80000240 (0x40000fb7) x31 0x40000000
core   0: 3 0x80000244 (0x01f50663)
core   0: 3 0x80000250 (0x40945533) x10 0xc0000000
core   0: 3 0x80000254 (0xc0000fb7) x31 0xc0000000
core   0: 3 0x80000258 (0x01f50663)
core   0: 3 0x80000264 (0x00942533) x10 0x00000001
core   0: 3 0x80000268 (0x00100f93) x31 0x00000001
core   0: 3 0x8000026c (0x01f50663)
core   0: 3 0x80000278 (0x00943533) x10 0x00000000
core   0: 3 0x8000027c (0x00000f93) x31 0x00000000
core   0: 3 0x80000280 (0x01f50663)
core   0: 3 0x8000028c (0x80000437) x8  0x80000000
core   0: 3 0x80000290 (0xfff40413) x8  0x7fffffff
core   0: 3 0x80000294 (0x00100493) x9  0x00000001
core   0: 3 0x80000298 (0x00940533) x10 0x80000000
core   0: 3 0x8000029c (0x80000fb7) x31 0x80000000
core   0: 3 0x800002a0 (0x01f50663)
core   0: 3 0x800002ac (0x40940533) x10 0x7ffffffe
core   0: 3 0x800002b0 (0x80000fb7) x31 0x80000000
core   0: 3 0x800002b4 (0xffef8f93) x31 0x7ffffffe
core   0: 3 0x800002b8 (0x01f50663)
core   0: 3 0x800002c4 (0x00947533) x10 0x00000001
core   0: 3 0x800002c8 (0x00100f93) x31 0x00000001
core   0: 3 0x800002cc (0x01f50663)
core   0: 3 0x800002d8 (0x00946533) x10 0x7fffffff
core   0: 3 0x800002dc (0x80000fb7) x31 0x80000000
core   0: 3 0x800002e0 (0xffff8f93) x31 0x7fffffff
core   0: 3 0x800002e4 (0x01f50663)
core   0: 3 0x800002f0 (0x00944533) x10 0x7ffffffe
core   0: 3 0x800002f4 (0x80000fb7) x31 0x80000000
core   0: 3 0x800002f8 (0xffef8f93) x31 0x7ffffffe
core   0: 3 0x800002fc (0x01f50663)
core   0: 3 0x80000308 (0x00941533) x10 0xfffffffe
core   0: 3 0x8000030c (0xffe00f93) x31 0xfffffffe
core   0: 3 0x80000310 (0x01f50663)
core   0: 3 0x8000031c (0x00945533) x10 0x3fffffff
core   0: 3 0x80000320 (0x40000fb7) x31 0x40000000
core   0: 3 0x80000324 (0xffff8f93) x31 0x3fffffff
core   0: 3 0x80000328 (0x01f50663)
core   0: 3 0x80000334 (0x40945533) x10 0x3fffffff
core   0: 3 0x80000338 (0x40000fb7) x31 0x40000000
core   0: 3 0x8000033c (0xffff8f93) x31 0x3fffffff
core   0: 3 0x80000340 (0x01f50663)
core   0: 3 0x8000034c (0x00942533) x10 0x00000000
core   0: 3 0x80000350 (0x00000f93) x31 0x00000000
core   0: 3 0x80000354 (0x01f50663)
core   0: 3 0x80000360 (0x00943533) x10 0x00000000
core   0: 3 0x80000364 (0x00000f93) x31 0x00000000
core   0: 3 0x80000368 (0x01f50663)
core   0: 3 0x80000374 (0xfff00413) x8  0xffffffff
core   0: 3 0x80000378 (0xfff00493) x9  0xffffffff
core   0: 3 0x8000037c (0x00940533) x10 0xfffffffe
core   0: 3 0x80000380 (0xffe00f93) x31 0xfffffffe
core   0: 3 0x80000384 (0x01f50663)
core   0: 3 0x80000390 (0x40940533) x10 0x00000000
core   0: 3 0x80000394 (0x00000f93) x31 0x00000000
core   0: 3 0x80000398 (0x01f50663)
core   0: 3 0x800003a4 (0x00947533) x10 0xffffffff
core   0: 3 0x800003a8 (0xfff00f93) x31 0xffffffff
core   0: 3 0x800003ac (0x01f50663)
core   0: 3 0x800003b8 (0x00946533) x10 0xffffffff
core   0: 3 0x800003bc (0xfff00f93) x31 0xffffffff
core   0: 3 0x800003c0 (0x01f50663)
core   0: 3 0x800003cc (0x00944533) x10 0x00000000
core   0: 3 0x800003d0 (0x00000f93) x31 0x00000000
core   0: 3 0x800003d4 (0x01f50663)
core   0: 3 0x800003e0 (0x00941533) x10 0x80000000
core   0: 3 0x800003e4 (0x80000fb7) x31 0x80000000
core   0: 3 0x800003e8 (0x01f50663)
core   0: 3 0x800003f4 (0x00945533) x10 0x00000001
core   0: 3 0x800003f8 (0x00100f93) x31 0x00000001
core   0: 3 0x800003fc (0x01f50663)
core   0: 3 0x80000408 (0x40945533) x10 0xffffffff
core   0: 3 0x8000040c (0xfff00f93) x31 0xffffffff
core   0: 3 0x80000410 (0x01f50663)
core   0: 3 0x8000041c (0x00942533) x10 0x00000000
core   0: 3 0x80000420 (0x00000f93) x31 0x00000000
core   0: 3 0x80000424 (0x01f50663)
core   0: 3 0x80000430 (0x00943533) x10 0x00000000
core   0: 3 0x80000434 (0x00000f93) x31 0x00000000
core   0: 3 0x80000438 (0x01f50663)
core   0: 3 0x80000444 (0x80000437) x8  0x80000000
core   0: 3 0x80000448 (0x800004b7) x9  0x80000000
core   0: 3 0x8000044c (0xfff48493) x9  0x7fffffff
core   0: 3 0x80000450 (0x00940533) x10 0xffffffff
core   0: 3 0x80000454 (0xfff00f93) x31 0xffffffff
core   0: 3 0x80000458 (0x01f50663)
core   0: 3 0x80000464 (0x40940533) x10 0x00000001
core   0: 3 0x80000468 (0x00100f93) x31 0x00000001
core   0: 3 0x8000046c (0x01f50663)
core   0: 3 0x80000478 (0x00947533) x10 0x00000000
core   0: 3 0x8000047c (0x00000f93) x31 0x00000000
core   0: 3 0x80000480 (0x01f50663)
core   0: 3 0x8000048c (0x00946533) x10 0xffffffff
core   0: 3 0x80000490 (0xfff00f93) x31 0xffffffff
core   0: 3 0x80000494 (0x01f50663)
core   0: 3 0x800004a0 (0x00944533) x10 0xffffffff
core   0: 3 0x800004a4 (0xfff00f93) x31 0xffffffff
core   0: 3 0x800004a8 (0x01f50663)
core   0: 3 0x800004b4 (0x00941533) x10 0x00000000
core   0: 3 0x800004b8 (0x00000f93) x31 0x00000000
core   0: 3 0x800004bc (0x01f50663)
core   0: 3 0x800004c8 (0x00945533) x10 0x00000001
core   0: 3 0x800004cc (0x00100f93) x31 0x00000001
core   0: 3 0x800004d0 (0x01f50663)
core   0: 3 0x800004dc (0x40945533) x10 0xffffffff
core   0: 3 0x800004e0 (0xfff00f93) x31 0xffffffff
core   0: 3 0x800004e4 (0x01f50663)
core   0: 3 0x800004f0 (0x00942533) x10 0x00000001
core   0: 3 0x800004f4 (0x00100f93) x31 0x00000001
core   0: 3 0x800004f8 (0x01f50663)
core   0: 3 0x80000504 (0x00943533) x10 0x00000000
core   0: 3 0x80000508 (0x00000f93) x31 0x00000000
core   0: 3 0x8000050c (0x01f50663)
core   0: 3 0x80000518 (0xdeadc437) x8  0xdeadc000
core   0: 3 0x8000051c (0xeef40413) x8  0xdeadbeef
core   0: 3 0x80000520 (0x01f00493) x9  0x0000001f
core   0: 3 0x80000524 (0x00940533) x10 0xdeadbf0e
core   0: 3 0x80000528 (0xdeadcfb7) x31 0xdeadc000
core   0: 3 0x8000052c (0xf0ef8f93) x31 0xdeadbf0e
core   0: 3 0x80000530 (0x01f50663)
core   0: 3 0x8000053c (0x40940533) x10 0xdeadbed0
core   0: 3 0x80000540 (0xdeadcfb7) x31 0xdeadc000
core   0: 3 0x80000544 (0xed0f8f93) x31 0xdeadbed0
core   0: 3 0x80000548 (0x01f50663)
core   0: 3 0x80000554 (0x00947533) x10 0x0000000f
core   0: 3 0x80000558 (0x00f00f93) x31 0x0000000f
core   0: 3 0x8000055c (0x01f50663)
core   0: 3 0x80000568 (0x00946533) x10 0xdeadbeff
core   0: 3 0x8000056c (0xdeadcfb7) x31 0xdeadc000
core   0: 3 0x80000570 (0xefff8f93) x31 0xdeadbeff
core   0: 3 0x80000574 (0x01f50663)
core   0: 3 0x80000580 (0x00944533) x10 0xdeadbef0
core   0: 3 0x80000584 (0xdeadcfb7) x31 0xdeadc000
core   0: 3 0x80000588 (0xef0f8f93) x31 0xdeadbef0
core   0: 3 0x8000058c (0x01f50663)
core   0: 3 0x80000598 (0x00941533) x10 0x80000000
core   0: 3 0x8000059c (0x80000fb7) x31 0x80000000
core   0: 3 0x800005a0 (0x01f50663)
core   0: 3 0x800005ac (0x00945533) x10 0x00000001
core   0: 3 0x800005b0 (0x00100f93) x31 0x00000001
core   0: 3 0x800005b4 (0x01f50663)
core   0: 3 0x800005c0 (0x40945533) x10 0xffffffff
core   0: 3 0x800005c4 (0xfff00f93) x31 0xffffffff
core   0: 3 0x800005c8 (0x01f50663)
core   0: 3 0x800005d4 (0x00942533) x10 0x00000001
core   0: 3 0x800005d8 (0x00100f93) x31 0x00000001
core   0: 3 0x800005dc (0x01f50663)
core   0: 3 0x800005e8 (0x00943533) x10 0x00000000
core   0: 3 0x800005ec (0x00000f93) x31 0x00000000
core   0: 3 0x800005f0 (0x01f50663)
core   0: 3 0x800005fc (0x12345437) x8  0x12345000
core   0: 3 0x80000600 (0x67840413) x8  0x12345678
core   0: 3 0x80000604 (0x02000493) x9  0x00000020
core   0: 3 0x80000608 (0x00940533) x10 0x12345698
core   0: 3 0x8000060c (0x12345fb7) x31 0x12345000
core   0: 3 0x80000610 (0x698f8f93) x31 0x12345698
core   0: 3 0x80000614 (0x01f50663)
core   0: 3 0x80000620 (0x40940533) x10 0x12345658
core   0: 3 0x80000624 (0x12345fb7) x31 0x12345000
core   0: 3 0x80000628 (0x658f8f93) x31 0x12345658
core   0: 3 0x8000062c (0x01f50663)
core   0: 3 0x80000638 (0x00947533) x10 0x00000020
core   0: 3 0x8000063c (0x02000f93) x31 0x00000020
core   0: 3 0x80000640 (0x01f50663)
core   0: 3 0x8000064c (0x00946533) x10 0x12345678
core   0: 3 0x80000650 (0x12345fb7) x31 0x12345000
core   0: 3 0x80000654 (0x678f8f93) x31 0x12345678
core   0: 3 0x80000658 (0x01f50663)
core   0: 3 0x80000664 (0x00944533) x10 0x12345658
core   0: 3 0x80000668 (0x12345fb7) x31 0x12345000
core   0: 3 0x8000066c (0x658f8f93) x31 0x12345658
core   0: 3 0x80000670 (0x01f50663)
core   0: 3 0x8000067c (0x00941533) x10 0x12345678
core   0: 3 0x80000680 (0x12345fb7) x31 0x12345000
core   0: 3 0x80000684 (0x678f8f93) x31 0x12345678
core   0: 3 0x80000688 (0x01f50663)
core   0: 3 0x80000694 (0x00945533) x10 0x12345678
core   0: 3 0x80000698 (0x12345fb7) x31 0x12345000
core   0: 3 0x8000069c (0x678f8f93) x31 0x12345678
core   0: 3 0x800006a0 (0x01f50663)
core   0: 3 0x800006ac (0x40945533) x10 0x12345678
core   0: 3 0x800006b0 (0x12345fb7) x31 0x12345000
core   0: 3 0x800006b4 (0x678f8f93) x31 0x12345678
core   0: 3 0x800006b8 (0x01f50663)
core   0: 3 0x800006c4 (0x00942533) x10 0x00000000
core   0: 3 0x800006c8 (0x00000f93) x31 0x00000000
core   0: 3 0x800006cc (0x01f50663)
core   0: 3 0x800006d8 (0x00943533) x10 0x00000000
core   0: 3 0x800006dc (0x00000f93) x31 0x00000000
core   0: 3 0x800006e0 (0x01f50663)
core   0: 3 0x800006ec (0x00000413) x8  0x00000000
core   0: 3 0x800006f0 (0xfff00493) x9  0xffffffff
core   0: 3 0x800006f4 (0x00940533) x10 0xffffffff
core   0: 3 0x800006f8 (0xfff00f93) x31 0xffffffff
core   0: 3 0x800006fc (0x01f50663)
core   0: 3 0x80000708 (0x40940533) x10 0x00000001
core   0: 3 0x8000070c (0x00100f93) x31 0x00000001
core   0: 3 0x80000710 (0x01f50663)
core   0: 3 0x8000071c (0x00947533) x10 0x00000000
core   0: 3 0x80000720 (0x00000f93) x31 0x00000000
core   0: 3 0x80000724 (0x01f50663)
core   0: 3 0x80000730 (0x00946533) x10 0xffffffff
core   0: 3 0x80000734 (0xfff00f93) x31 0xffffffff
core   0: 3 0x80000738 (0x01f50663)
core   0: 3 0x80000744 (0x00944533) x10 0xffffffff
core   0: 3 0x80000748 (0xfff00f93) x31 0xffffffff
core   0: 3 0x8000074c (0x01f50663)
core   0: 3 0x80000758 (0x00941533) x10 0x00000000
core   0: 3 0x8000075c (0x00000f93) x31 0x00000000
core   0: 3 0x80000760 (0x01f50663)
core   0: 3 0x8000076c (0x00945533) x10 0x00000000
core   0: 3 0x80000770 (0x00000f93) x31 0x00000000
core   0: 3 0x80000774 (0x01f50663)
core   0: 3 0x80000780 (0x40945533) x10 0x00000000
core   0: 3 0x80000784 (0x00000f93) x31 0x00000000
core   0: 3 0x80000788 (0x01f50663)
core   0: 3 0x80000794 (0x00942533) x10 0x00000000
core   0: 3 0x80000798 (0x00000f93) x31 0x00000000
core   0: 3 0x8000079c (0x01f50663)
core   0: 3 0x800007a8 (0x00943533) x10 0x00000001
core   0: 3 0x800007ac (0x00100f93) x31 0x00000001
core   0: 3 0x800007b0 (0x01f50663)
core   0: 3 0x800007bc (0x00500413) x8  0x00000005
core   0: 3 0x800007c0 (0x00f00493) x9  0x0000000f
core   0: 3 0x800007c4 (0x00940533) x10 0x00000014
core   0: 3 0x800007c8 (0x01400f93) x31 0x00000014
core   0: 3 0x800007cc (0x01f50663)
core   0: 3 0x800007d8 (0x40940533) x10 0xfffffff6
core   0: 3 0x800007dc (0xff600f93) x31 0xfffffff6
core   0: 3 0x800007e0 (0x01f50663)
core   0: 3 0x800007ec (0x00947533) x10 0x00000005
core   0: 3 0x800007f0 (0x00500f93) x31 0x00000005
core   0: 3 0x800007f4 (0x01f50663)
core   0: 3 0x80000800 (0x00946533) x10 0x0000000f
core   0: 3 0x80000804 (0x00f00f93) x31 0x0000000f
core   0: 3 0x80000808 (0x01f50663)
core   0: 3 0x80000814 (0x00944533) x10 0x0000000a
core   0: 3 0x80000818 (0x00a00f93) x31 0x0000000a
core   0: 3 0x8000081c (0x01f50663)
core   0: 3 0x80000828 (0x00941533) x10 0x00028000
core   0: 3 0x8000082c (0x00028fb7) x31 0x00028000
core   0: 3 0x80000830 (0x01f50663)
core   0: 3 0x8000083c (0x00945533) x10 0x00000000
core   0: 3 0x80000840 (0x00000f93) x31 0x00000000
core   0: 3 0x80000844 (0x01f50663)
core   0: 3 0x80000850 (0x40945533) x10 0x00000000
core   0: 3 0x80000854 (0x00000f93) x31 0x00000000
core   0: 3 0x80000858 (0x01f50663)
core   0: 3 0x80000864 (0x00942533) x10 0x00000001
core   0: 3 0x80000868 (0x00100f93) x31 0x00000001
core   0: 3 0x8000086c (0x01f50663)
core   0: 3 0x80000878 (0x00943533) x10 0x00000001
core   0: 3 0x8000087c (0x00100f93) x31 0x00000001
core   0: 3 0x80000880 (0x01f50663)
core   0: 3 0x8000088c (0x00000413) x8  0x00000000
core   0: 3 0x80000890 (0x00040513) x10 0x00000000
core   0: 3 0x80000894 (0x00000f93) x31 0x00000000
core   0: 3 0x80000898 (0x01f50663)
core   0: 3 0x800008a4 (0x00047513) x10 0x00000000
core   0: 3 0x800008a8 (0x00000f93) x31 0x00000000
core   0: 3 0x800008ac (0x01f50663)
core   0: 3 0x800008b8 (0x00046513) x10 0x00000000
core   0: 3 0x800008bc (0x00000f93) x31 0x00000000
core   0: 3 0x800008c0 (0x01f50663)
core   0: 3 0x800008cc (0x00044513) x10 0x00000000
core   0: 3 0x800008d0 (0x00000f93) x31 0x00000000
core   0: 3 0x800008d4 (0x01f50663)
core   0: 3 0x800008e0 (0x00042513) x10 0x00000000
core   0: 3 0x800008e4 (0x00000f93) x31 0x00000000
core   0: 3 0x800008e8 (0x01f50663)
core   0: 3 0x800008f4 (0x00043513) x10 0x00000000
core   0: 3 0x800008f8 (0x00000f93) x31 0x00000000
core   0: 3 0x800008fc (0x01f50663)
core   0: 3 0x80000908 (0x00140513) x10 0x00000001
core   0: 3 0x8000090c (0x00100f93) x31 0x00000001
core   0: 3 0x80000910 (0x01f50663)
core   0: 3 0x8000091c (0x00147513) x10 0x00000000
core   0: 3 0x80000920 (0x00000f93) x31 0x00000000
core   0: 3 0x80000924 (0x01f50663)
core   0: 3 0x80000930 (0x00146513) x10 0x00000001
core   0: 3 0x80000934 (0x00100f93) x31 0x00000001
core   0: 3 0x80000938 (0x01f50663)
core   0: 3 0x80000944 (0x00144513) x10 0x00000001
core   0: 3 0x80000948 (0x00100f93) x31 0x00000001
core   0: 3 0x8000094c (0x01f50663)
core   0: 3 0x80000958 (0x00142513) x10 0x00000001
core   0: 3 0x8000095c (0x00100f93) x31 0x00000001
core   0: 3 0x80000960 (0x01f50663)
core   0: 3 0x8000096c (0x00143513) x10 0x00000001
core   0: 3 0x80000970 (0x00100f93) x31 0x00000001
core   0: 3 0x80000974 (0x01f50663)
core   0: 3 0x80000980 (0xfff40513) x10 0xffffffff
core   0: 3 0x80000984 (0xfff00f93) x31 0xffffffff
core   0: 3 0x80000988 (0x01f50663)
core   0: 3 0x80000994 (0xfff47513) x10 0x00000000
core   0: 3 0x80000998 (0x00000f93) x31 0x00000000
core   0: 3 0x8000099c (0x01f50663)
core   0: 3 0x800009a8 (0xfff46513) x10 0xffffffff
core   0: 3 0x800009ac (0xfff00f93) x31 0xffffffff
core   0: 3 0x800009b0 (0x01f50663)
core   0: 3 0x800009bc (0xfff44513) x10 0xffffffff
core   0: 3 0x800009c0 (0xfff00f93) x31 0xffffffff
core   0: 3 0x800009c4 (0x01f50663)
core   0: 3 0x800009d0 (0xfff42513) x10 0x00000000
core   0: 3 0x800009d4 (0x00000f93) x31 0x00000000
core   0: 3 0x800009d8 (0x01f50663)
core   0: 3 0x800009e4 (0xfff43513) x10 0x00000001
core   0: 3 0x800009e8 (0x00100f93) x31 0x00000001
core   0: 3 0x800009ec (0x01f50663)
core   0: 3 0x800009f8 (0x7ff40513) x10 0x000007ff
core   0: 3 0x800009fc (0x7ff00f93) x31 0x000007ff
core   0: 3 0x80000a00 (0x01f50663)
core   0: 3 0x80000a0c (0x7ff47513) x10 0x00000000
core   0: 3 0x80000a10 (0x00000f93) x31 0x00000000
core   0: 3 0x80000a14 (0x01f50663)
core   0: 3 0x80000a20 (0x7ff46513) x10 0x000007ff
core   0: 3 0x80000a24 (0x7ff00f93) x31 0x000007ff
core   0: 3 0x80000a28 (0x01f50663)
core   0: 3 0x80000a34 (0x7ff44513) x10 0x000007ff
core   0: 3 0x80000a38 (0x7ff00f93) x31 0x000007ff
core   0: 3 0x80000a3c (0x01f50663)
core   0: 3 0x80000a48 (0x7ff42513) x10 0x00000001
core   0: 3 0x80000a4c (0x00100f93) x31 0x00000001
core   0: 3 0x80000a50 (0x01f50663)
core   0: 3 0x80000a5c (0x7ff43513) x10 0x00000001
core   0: 3 0x80000a60 (0x00100f93) x31 0x00000001
core   0: 3 0x80000a64 (0x01f50663)
core   0: 3 0x80000a70 (0x80040513) x10 0xfffff800
core   0: 3 0x80000a74 (0x80000f93) x31 0xfffff800
core   0: 3 0x80000a78 (0x01f50663)
core   0: 3 0x80000a84 (0x80047513) x10 0x00000000
core   0: 3 0x80000a88 (0x00000f93) x31 0x00000000
core   0: 3 0x80000a8c (0x01f50663)
core   0: 3 0x80000a98 (0x80046513) x10 0xfffff800
core   0: 3 0x80000a9c (0x80000f93) x31 0xfffff800
core   0: 3 0x80000aa0 (0x01f50663)
core   0: 3 0x80000aac (0x80044513) x10 0xfffff800
core   0: 3 0x80000ab0 (0x80000f93) x31 0xfffff800
core   0: 3 0x80000ab4 (0x01f50663)
core   0: 3 0x80000ac0 (0x80042513) x10 0x00000000
core   0: 3 0x80000ac4 (0x00000f93) x31 0x00000000
core   0: 3 0x80000ac8 (0x01f50663)
core   0: 3 0x80000ad4 (0x80043513) x10 0x00000001
core   0: 3 0x80000ad8 (0x00100f93) x31 0x00000001
core   0: 3 0x80000adc (0x01f50663)
core   0: 3 0x80000ae8 (0x55540513) x10 0x00000555
core   0: 3 0x80000aec (0x55500f93) x31 0x00000555
core   0: 3 0x80000af0 (0x01f50663)
core   0: 3 0x80000afc (0x55547513) x10 0x00000000
core   0: 3 0x80000b00 (0x00000f93) x31 0x00000000
core   0: 3 0x80000b04 (0x01f50663)
core   0: 3 0x80000b10 (0x55546513) x10 0x00000555
core   0: 3 0x80000b14 (0x55500f93) x31 0x00000555
core   0: 3 0x80000b18 (0x01f50663)
core   0: 3 0x80000b24 (0x55544513) x10 0x00000555
core   0: 3 0x80000b28 (0x55500f93) x31 0x00000555
core   0: 3 0x80000b2c (0x01f50663)
core   0: 3 0x80000b38 (0x55542513) x10 0x00000001
core   0: 3 0x80000b3c (0x00100f93) x31 0x00000001
core   0: 3 0x80000b40 (0x01f50663)
core   0: 3 0x80000b4c (0x55543513) x10 0x00000001
core   0: 3 0x80000b50 (0x00100f93) x31 0x00000001
core   0: 3 0x80000b54 (0x01f50663)
core   0: 3 0x80000b60 (0x00041513) x10 0x00000000
core   0: 3 0x80000b64 (0x00000f93) x31 0x00000000
core   0: 3 0x80000b68 (0x01f50663)
core   0: 3 0x80000b74 (0x00045513) x10 0x00000000
core   0: 3 0x80000b78 (0x00000f93) x31 0x00000000
core   0: 3 0x80000b7c (0x01f50663)
core   0: 3 0x80000b88 (0x40045513) x10 0x00000000
core   0: 3 0x80000b8c (0x00000f93) x31 0x00000000
core   0: 3 0x80000b90 (0x01f50663)
core   0: 3 0x80000b9c (0x00141513) x10 0x00000000
core   0: 3 0x80000ba0 (0x00000f93) x31 0x00000000
core   0: 3 0x80000ba4 (0x01f50663)
core   0: 3 0x80000bb0 (0x00145513) x10 0x00000000
core   0: 3 0x80000bb4 (0x00000f93) x31 0x00000000
core   0: 3 0x80000bb8 (0x01f50663)
core   0: 3 0x80000bc4 (0x40145513) x10 0x00000000
core   0: 3 0x80000bc8 (0x00000f93) x31 0x00000000
core   0: 3 0x80000bcc (0x01f50663)
core   0: 3 0x80000bd8 (0x00441513) x10 0x00000000
core   0: 3 0x80000bdc (0x00000f93) x31 0x00000000
core   0: 3 0x80000be0 (0x01f50663)
core   0: 3 0x80000bec (0x00445513) x10 0x00000000
core   0: 3 0x80000bf0 (0x00000f93) x31 0x00000000
core   0: 3 0x80000bf4 (0x01f50663)
core   0: 3 0x80000c00 (0x40445513) x10 0x00000000
core   0: 3 0x80000c04 (0x00000f93) x31 0x00000000
core   0: 3 0x80000c08 (0x01f50663)
core   0: 3 0x80000c14 (0x01f41513) x10 0x00000000
core   0: 3 0x80000c18 (0x00000f93) x31 0x00000000
core   0: 3 0x80000c1c (0x01f50663)
core   0: 3 0x80000c28 (0x01f45513) x10 0x00000000
core   0: 3 0x80000c2c (0x00000f93) x31 0x00000000
core   0: 3 0x80000c30 (0x01f50663)
core   0: 3 0x80000c3c (0x41f45513) x10 0x00000000
core   0: 3 0x80000c40 (0x00000f93) x31 0x00000000
core   0: 3 0x80000c44 (0x01f50663)
core   0: 3 0x80000c50 (0x80000437) x8  0x80000000
core   0: 3 0x80000c54 (0x00040513) x10 0x80000000
core   0: 3 0x80000c58 (0x80000fb7) x31 0x80000000
core   0: 3 0x80000c5c (0x01f50663)
core   0: 3 0x80000c68 (0x00047513) x10 0x00000000
core   0: 3 0x80000c6c (0x00000f93) x31 0x00000000
core   0: 3 0x80000c70 (0x01f50663)
core   0: 3 0x80000c7c (0x00046513) x10 0x80000000
core   0: 3 0x80000c80 (0x80000fb7) x31 0x80000000
core   0: 3 0x80000c84 (0x01f50663)
core   0: 3 0x80000c90 (0x00044513) x10 0x80000000
core   0: 3 0x80000c94 (0x80000fb7) x31 0x80000000
core   0: 3 0x80000c98 (0x01f50663)
core   0: 3 0x80000ca4 (0x00042513) x10 0x00000001
core   0: 3 0x80000ca8 (0x00100f93) x31 0x00000001
core   0: 3 0x80000cac (0x01f50663)
core   0: 3 0x80000cb8 (0x00043513) x10 0x00000000
core   0: 3 0x80000cbc (0x00000f93) x31 0x00000000
core   0: 3 0x80000cc0 (0x01f50663)
core   0: 3 0x80000ccc (0x00140513) x10 0x80000001
core   0: 3 0x80000cd0 (0x80000fb7) x31 0x80000000
core   0: 3 0x80000cd4 (0x001f8f93) x31 0x80000001
core   0: 3 0x80000cd8 (0x01f50663)
core   0: 3 0x80000ce4 (0x00147513) x10 0x00000000
core   0: 3 0x80000ce8 (0x00000f93) x31 0x00000000
core   0: 3 0x80000cec (0x01f50663)
core   0: 3 0x80000cf8 (0x00146513) x10 0x80000001
core   0: 3 0x80000cfc (0x80000fb7) x31 0x80000000
core   0: 3 0x80000d00 (0x001f8f93) x31 0x80000001
core   0: 3 0x80000d04 (0x01f50663)
core   0: 3 0x80000d10 (0x00144513) x10 0x80000001
core   0: 3 0x80000d14 (0x80000fb7) x31 0x80000000
core   0: 3 0x80000d18 (0x001f8f93) x31 0x80000001
core   0: 3 0x80000d1c (0x01f50663)
core   0: 3 0x80000d28 (0x00142513) x10 0x00000001
core   0: 3 0x80000d2c (0x00100f93) x31 0x00000001
core   0: 3 0x80000d30 (0x01f50663)
core   0: 3 0x80000d3c (0x00143513) x10 0x00000000
core   0: 3 0x80000d40 (0x00000f93) x31 0x00000000
core   0: 3 0x80000d44 (0x01f50663)
core   0: 3 0x80000d50 (0xfff40513) x10 0x7fffffff
core   0: 3 0x80000d54 (0x80000fb7) x31 0x80000000
core   0: 3 0x80000d58 (0xffff8f93) x31 0x7fffffff
core   0: 3 0x80000d5c (0x01f50663)
core   0: 3 0x80000d68 (0xfff47513) x10 0x80000000
core   0: 3 0x80000d6c (0x80000fb7) x31 0x80000000
core   0: 3 0x80000d70 (0x01f50663)
core   0: 3 0x80000d7c (0xfff46513) x10 0xffffffff
core   0: 3 0x80000d80 (0xfff00f93) x31 0xffffffff
core   0: 3 0x80000d84 (0x01f50663)
core   0: 3 0x80000d90 (0xfff44513) x10 0x7fffffff
core   0: 3 0x80000d94 (0x80000fb7) x31 0x80000000
core   0: 3 0x80000d98 (0xffff8f93) x31 0x7fffffff
core   0: 3 0x80000d9c (0x01f50663)
core   0: 3 0x80000da8 (0xfff42513) x10 0x00000001
core   0: 3 0x80000dac (0x00100f93) x31 0x00000001
core   0: 3 0x80000db0 (0x01f50663)
core   0: 3 0x80000dbc (0xfff43513) x10 0x00000001
core   0: 3 0x80000dc0 (0x00100f93) x31 0x00000001
core   0: 3 0x80000dc4 (0x01f50663)
core   0: 3 0x80000dd0 (0x7ff40513) x10 0x800007ff
core   0: 3 0x80000dd4 (0x80000fb7) x31 0x80000000
core   0: 3 0x80000dd8 (0x7fff8f93) x31 0x800007ff
core   0: 3 0x80000ddc (0x01f50663)
core   0: 3 0x80000de8 (0x7ff47513) x10 0x00000000
core   0: 3 0x80000dec (0x00000f93) x31 0x00000000
core   0: 3 0x80000df0 (0x01f50663)
core   0: 3 0x80000dfc (0x7ff46513) x10 0x800007ff
core   0: 3 0x80000e00 (0x80000fb7) x31 0x80000000
core   0: 3 0x80000e04 (0x7fff8f93) x31 0x800007ff
core   0: 3 0x80000e08 (0x01f50663)
core   0: 3 0x80000e14 (0x7ff44513) x10 0x800007ff
core   0: 3 0x80000e18 (0x80000fb7) x31 0x80000000
core   0: 3 0x80000e1c (0x7fff8f93) x31 0x800007ff
core   0: 3 0x80000e20 (0x01f50663)
core   0: 3 0x80000e2c (0x7ff42513) x10 0x00000001
core   0: 3 0x80000e30 (0x00100f93) x31 0x00000001
core   0: 3 0x80000e34 (0x01f50663)
core   0: 3 0x80000e40 (0x7ff43513) x10 0x00000000
core   0: 3 0x80000e44 (0x00000f93) x31 0x00000000
core   0: 3 0x80000e48 (0x01f50663)
core   0: 3 0x80000e54 (0x80040513) x10 0x7ffff800
core   0: 3 0x80000e58 (0x80000fb7) x31 0x80000000
core   0: 3 0x80000e5c (0x800f8f93) x31 0x7ffff800
core   0: 3 0x80000e60 (0x01f50663)
core   0: 3 0x80000e6c (0x80047513) x10 0x80000000
core   0: 3 0x80000e70 (0x80000fb7) x31 0x80000000
core   0: 3 0x80000e74 (0x01f50663)
core   0: 3 0x80000e80 (0x80046513) x10 0xfffff800
core   0: 3 0x80000e84 (0x80000f93) x31 0xfffff800
core   0: 3 0x80000e88 (0x01f50663)
core   0: 3 0x80000e94 (0x80044513) x10 0x7ffff800
core   0: 3 0x80000e98 (0x80000fb7) x31 0x80000000
core   0: 3 0x80000e9c (0x800f8f93) x31 0x7ffff800
core   0: 3 0x80000ea0 (0x01f50663)
core   0: 3 0x80000eac (0x80042513) x10 0x00000001
core   0: 3 0x80000eb0 (0x00100f93) x31 0x00000001
core   0: 3 0x80000eb4 (0x01f50663)
core   0: 3 0x80000ec0 (0x80043513) x10 0x00000001
core   0: 3 0x80000ec4 (0x00100f93) x31 0x00000001
core   0: 3 0x80000ec8 (0x01f50663)
core   0: 3 0x80000ed4 (0x55540513) x10 0x80000555
core   0: 3 0x80000ed8 (0x80000fb7) x31 0x80000000
core   0: 3 0x80000edc (0x555f8f93) x31 0x80000555
core   0: 3 0x80000ee0 (0x01f50663)
core   0: 3 0x80000eec (0x55547513) x10 0x00000000
core   0: 3 0x80000ef0 (0x00000f93) x31 0x00000000
core   0: 3 0x80000ef4 (0x01f50663)
core   0: 3 0x80000f00 (0x55546513) x10 0x80000555
core   0: 3 0x80000f04 (0x80000fb7) x31 0x80000000
core   0: 3 0x80000f08 (0x555f8f93) x31 0x80000555
core   0: 3 0x80000f0c (0x01f50663)
core   0: 3 0x80000f18 (0x55544513) x10 0x80000555
core   0: 3 0x80000f1c (0x80000fb7) x31 0x80000000
core   0: 3 0x80000f20 (0x555f8f93) x31 0x80000555
core   0: 3 0x80000f24 (0x01f50663)
core   0: 3 0x80000f30 (0x55542513) x10 0x00000001
core   0: 3 0x80000f34 (0x00100f93) x31 0x00000001
core   0: 3 0x80000f38 (0x01f50663)
core   0: 3 0x80000f44 (0x55543513) x10 0x00000000
core   0: 3 0x80000f48 (0x00000f93) x31 0x00000000
core   0: 3 0x80000f4c (0x01f50663)
core   0: 3 0x80000f58 (0x00041513) x10 0x80000000
core   0: 3 0x80000f5c (0x80000fb7) x31 0x80000000
core   0: 3 0x80000f60 (0x01f50663)
core   0: 3 0x80000f6c (0x00045513) x10 0x80000000
core   0: 3 0x80000f70 (0x80000fb7) x31 0x80000000
core   0: 3 0x80000f74 (0x01f50663)
core   0: 3 0x80000f80 (0x40045513) x10 0x80000000
core   0: 3 0x80000f84 (0x80000fb7) x31 0x80000000
core   0: 3 0x80000f88 (0x01f50663)
core   0: 3 0x80000f94 (0x00141513) x10 0x00000000
core   0: 3 0x80000f98 (0x00000f93) x31 0x00000000
core   0: 3 0x80000f9c (0x01f50663)
core   0: 3 0x80000fa8 (0x00145513) x10 0x40000000
core   0: 3 0x80000fac (0x40000fb7) x31 0x40000000
core   0: 3 0x80000fb0 (0x01f50663)
core   0: 3 0x80000fbc (0x40145513) x10 0xc0000000
core   0: 3 0x80000fc0 (0xc0000fb7) x31 0xc0000000
core   0: 3 0x80000fc4 (0x01f50663)
core   0: 3 0x80000fd0 (0x00441513) x10 0x00000000
core   0: 3 0x80000fd4 (0x00000f93) x31 0x00000000
core   0: 3 0x80000fd8 (0x01f50663)
core   0: 3 0x80000fe4 (0x00445513) x10 0x08000000
core   0: 3 0x80000fe8 (0x08000fb7) x31 0x08000000
core   0: 3 0x80000fec (0x01f50663)
core   0: 3 0x80000ff8 (0x40445513) x10 0xf8000000
core   0: 3 0x80000ffc (0xf8000fb7) x31 0xf8000000
core   0: 3 0x80001000 (0x01f50663)
core   0: 3 0x8000100c (0x01f41513) x10 0x00000000
core   0: 3 0x80001010 (0x00000f93) x31 0x00000000
core   0: 3 0x80001014 (0x01f50663)
core   0: 3 0x80001020 (0x01f45513) x10 0x00000001
core   0: 3 0x80001024 (0x00100f93) x31 0x00000001
core   0: 3 0x80001028 (0x01f50663)
core   0: 3 0x80001034 (0x41f45513) x10 0xffffffff
core   0: 3 0x80001038 (0xfff00f93) x31 0xffffffff
core   0: 3 0x8000103c (0x01f50663)
core   0: 3 0x80001048 (0xfff00413) x8  0xffffffff
core   0: 3 0x8000104c (0x00040513) x10 0xffffffff
core   0: 3 0x80001050 (0xfff00f93) x31 0xffffffff
core   0: 3 0x80001054 (0x01f50663)
core   0: 3 0x80001060 (0x00047513) x10 0x00000000
core   0: 3 0x80001064 (0x00000f93) x31 0x00000000
core   0: 3 0x80001068 (0x01f50663)
core   0: 3 0x80001074 (0x00046513) x10 0xffffffff
core   0: 3 0x80001078 (0xfff00f93) x31 0xffffffff
core   0: 3 0x8000107c (0x01f50663)
core   0: 3 0x80001088 (0x00044513) x10 0xffffffff
core   0: 3 0x8000108c (0xfff00f93) x31 0xffffffff
core   0: 3 0x80001090 (0x01f50663)
core   0: 3 0x8000109c (0x00042513) x10 0x00000001
core   0: 3 0x800010a0 (0x00100f93) x31 0x00000001
core   0: 3 0x800010a4 (0x01f50663)
core   0: 3 0x800010b0 (0x00043513) x10 0x00000000
core   0: 3 0x800010b4 (0x00000f93) x31 0x00000000
core   0: 3 0x800010b8 (0x01f50663)
core   0: 3 0x800010c4 (0x00140513) x10 0x00000000
core   0: 3 0x800010c8 (0x00000f93) x31 0x00000000
core   0: 3 0x800010cc (0x01f50663)
core   0: 3 0x800010d8 (0x00147513) x10 0x00000001
core   0: 3 0x800010dc (0x00100f93) x31 0x00000001
core   0: 3 0x800010e0 (0x01f50663)
core   0: 3 0x800010ec (0x00146513) x10 0xffffffff
core   0: 3 0x800010f0 (0xfff00f93) x31 0xffffffff
core   0: 3 0x800010f4 (0x01f50663)
core   0: 3 0x80001100 (0x00144513) x10 0xfffffffe
core   0: 3 0x80001104 (0xffe00f93) x31 0xfffffffe
core   0: 3 0x80001108 (0x01f50663)
core   0: 3 0x80001114 (0x00142513) x10 0x00000001
core   0: 3 0x80001118 (0x00100f93) x31 0x00000001
core   0: 3 0x8000111c (0x01f50663)
core   0: 3 0x80001128 (0x00143513) x10 0x00000000
core   0: 3 0x8000112c (0x00000f93) x31 0x00000000
core   0: 3 0x80001130 (0x01f50663)
core   0: 3 0x8000113c (0xfff40513) x10 0xfffffffe
core   0: 3 0x80001140 (0xffe00f93) x31 0xfffffffe
core   0: 3 0x80001144 (0x01f50663)
core   0: 3 0x80001150 (0xfff47513) x10 0xffffffff
core   0: 3 0x80001154 (0xfff00f93) x31 0xffffffff
core   0: 3 0x80001158 (0x01f50663)
core   0: 3 0x80001164 (0xfff46513) x10 0xffffffff
core   0: 3 0x80001168 (0xfff00f93) x31 0xffffffff
core   0: 3 0x8000116c (0x01f50663)
core   0: 3 0x80001178 (0xfff44513) x10 0x00000000
core   0: 3 0x8000117c (0x00000f93) x31 0x00000000
core   0: 3 0x80001180 (0x01f50663)
core   0: 3 0x8000118c (0xfff42513) x10 0x00000000
core   0: 3 0x80001190 (0x00000f93) x31 0x00000000
core   0: 3 0x80001194 (0x01f50663)
core   0: 3 0x800011a0 (0xfff43513) x10 0x00000000
core   0: 3 0x800011a4 (0x00000f93) x31 0x00000000
core   0: 3 0x800011a8 (0x01f50663)
core   0: 3 0x800011b4 (0x7ff40513) x10 0x000007fe
core   0: 3 0x800011b8 (0x7fe00f93) x31 0x000007fe
core   0: 3 0x800011bc (0x01f50663)
core   0: 3 0x800011c8 (0x7ff47513) x10 0x000007ff
core   0: 3 0x800011cc (0x7ff00f93) x31 0x000007ff
core   0: 3 0x800011d0 (0x01f50663)
core   0: 3 0x800011dc (0x7ff46513) x10 0xffffffff
core   0: 3 0x800011e0 (0xfff00f93) x31 0xffffffff
core   0: 3 0x800011e4 (0x01f50663)
core   0: 3 0x800011f0 (0x7ff44513) x10 0xfffff800
core   0: 3 0x800011f4 (0x80000f93) x31 0xfffff800
core   0: 3 0x800011f8 (0x01f50663)
core   0: 3 0x80001204 (0x7ff42513) x10 0x00000001
core   0: 3 0x80001208 (0x00100f93) x31 0x00000001
core   0: 3 0x8000120c (0x01f50663)
core   0: 3 0x80001218 (0x7ff43513) x10 0x00000000
core   0: 3 0x8000121c (0x00000f93) x31 0x00000000
core   0: 3 0x80001220 (0x01f50663)
core   0: 3 0x8000122c (0x80040513) x10 0xfffff7ff
core   0: 3 0x80001230 (0xffffffb7) x31 0xfffff000
core   0: 3 0x80001234 (0x7fff8f93) x31 0xfffff7ff
core   0: 3 0x80001238 (0x01f50663)
core   0: 3 0x80001244 (0x80047513) x10 0xfffff800
core   0: 3 0x80001248 (0x80000f93) x31 0xfffff800
core   0: 3 0x8000124c (0x01f50663)
core   0: 3 0x80001258 (0x80046513) x10 0xffffffff
core   0: 3 0x8000125c (0xfff00f93) x31 0xffffffff
core   0: 3 0x80001260 (0x01f50663)
core   0: 3 0x8000126c (0x80044513) x10 0x000007ff
core   0: 3 0x80001270 (0x7ff00f93) x31 0x000007ff
core   0: 3 0x80001274 (0x01f50663)
core   0: 3 0x80001280 (0x80042513) x10 0x00000000
core   0: 3 0x80001284 (0x00000f93) x31 0x00000000
core   0: 3 0x80001288 (0x01f50663)
core   0: 3 0x80001294 (0x80043513) x10 0x00000000
core   0: 3 0x80001298 (0x00000f93) x31 0x00000000
core   0: 3 0x8000129c (0x01f50663)
core   0: 3 0x800012a8 (0x55540513) x10 0x00000554
core   0: 3 0x800012ac (0x55400f93) x31 0x00000554
core   0: 3 0x800012b0 (0x01f50663)
core   0: 3 0x800012bc (0x55547513) x10 0x00000555
core   0: 3 0x800012c0 (0x55500f93) x31 0x00000555
core   0: 3 0x800012c4 (0x01f50663)
core   0: 3 0x800012d0 (0x55546513) x10 0xffffffff
core   0: 3 0x800012d4 (0xfff00f93) x31 0xffffffff
core   0: 3 0x800012d8 (0x01f50663)
core   0: 3 0x800012e4 (0x55544513) x10 0xfffffaaa
core   0: 3 0x800012e8 (0xaaa00f93) x31 0xfffffaaa
core   0: 3 0x800012ec (0x01f50663)
core   0: 3 0x800012f8 (0x55542513) x10 0x00000001
core   0: 3 0x800012fc (0x00100f93) x31 0x00000001
core   0: 3 0x80001300 (0x01f50663)
core   0: 3 0x8000130c (0x55543513) x10 0x00000000
core   0: 3 0x80001310 (0x00000f93) x31 0x00000000
core   0: 3 0x80001314 (0x01f50663)
core   0: 3 0x80001320 (0x00041513) x10 0xffffffff
core   0: 3 0x80001324 (0xfff00f93) x31 0xffffffff
core   0: 3 0x80001328 (0x01f50663)
core   0: 3 0x80001334 (0x00045513) x10 0xffffffff
core   0: 3 0x80001338 (0xfff00f93) x31 0xffffffff
core   0: 3 0x8000133c (0x01f50663)
core   0: 3 0x80001348 (0x40045513) x10 0xffffffff
core   0: 3 0x8000134c (0xfff00f93) x31 0xffffffff
core   0: 3 0x80001350 (0x01f50663)
core   0: 3 0x8000135c (0x00141513) x10 0xfffffffe
core   0: 3 0x80001360 (0xffe00f93) x31 0xfffffffe
core   0: 3 0x80001364 (0x01f50663)
core   0: 3 0x80001370 (0x00145513) x10 0x7fffffff
core   0: 3 0x80001374 (0x80000fb7) x31 0x80000000
core   0: 3 0x80001378 (0xffff8f93) x31 0x7fffffff
core   0: 3 0x8000137c (0x01f50663)
core   0: 3 0x80001388 (0x40145513) x10 0xffffffff
core   0: 3 0x8000138c (0xfff00f93) x31 0xffffffff
core   0: 3 0x80001390 (0x01f50663)
core   0: 3 0x8000139c (0x00441513) x10 0xfffffff0
core   0: 3 0x800013a0 (0xff000f93) x31 0xfffffff0
core   0: 3 0x800013a4 (0x01f50663)
core   0: 3 0x800013b0 (0x00445513) x10 0x0fffffff
core   0: 3 0x800013b4 (0x10000fb7) x31 0x10000000
core   0: 3 0x800013b8 (0xffff8f93) x31 0x0fffffff
core   0: 3 0x800013bc (0x01f50663)
core   0: 3 0x800013c8 (0x40445513) x10 0xffffffff
core   0: 3 0x800013cc (0xfff00f93) x31 0xffffffff
core   0: 3 0x800013d0 (0x01f50663)
core   0: 3 0x800013dc (0x01f41513) x10 0x80000000
core   0: 3 0x800013e0 (0x80000fb7) x31 0x80000000
core   0: 3 0x800013e4 (0x01f50663)
core   0: 3 0x800013f0 (0x01f45513) x10 0x00000001
core   0: 3 0x800013f4 (0x00100f93) x31 0x00000001
core   0: 3 0x800013f8 (0x01f50663)
core   0: 3 0x80001404 (0x41f45513) x10 0xffffffff
core   0: 3 0x80001408 (0xfff00f93) x31 0xffffffff
core   0: 3 0x8000140c (0x01f50663)
core   0: 3 0x80001418 (0x12345437) x8  0x12345000
core   0: 3 0x8000141c (0x67840413) x8  0x12345678
core   0: 3 0x80001420 (0x00040513) x10 0x12345678
core   0: 3 0x80001424 (0x12345fb7) x31 0x12345000
core   0: 3 0x80001428 (0x678f8f93) x31 0x12345678
core   0: 3 0x8000142c (0x01f50663)
core   0: 3 0x80001438 (0x00047513) x10 0x00000000
core   0: 3 0x8000143c (0x00000f93) x31 0x00000000
core   0: 3 0x80001440 (0x01f50663)
core   0: 3 0x8000144c (0x00046513) x10 0x12345678
core   0: 3 0x80001450 (0x12345fb7) x31 0x12345000
core   0: 3 0x80001454 (0x678f8f93) x31 0x12345678
core   0: 3 0x80001458 (0x01f50663)
core   0: 3 0x80001464 (0x00044513) x10 0x12345678
core   0: 3 0x80001468 (0x12345fb7) x31 0x12345000
core   0: 3 0x8000146c (0x678f8f93) x31 0x12345678
core   0: 3 0x80001470 (0x01f50663)
core   0: 3 0x8000147c (0x00042513) x10 0x00000000
core   0: 3 0x80001480 (0x00000f93) x31 0x00000000
core   0: 3 0x80001484 (0x01f50663)
core   0: 3 0x80001490 (0x00043513) x10 0x00000000
core   0: 3 0x80001494 (0x00000f93) x31 0x00000000
core   0: 3 0x80001498 (0x01f50663)
core   0: 3 0x800014a4 (0x00140513) x10 0x12345679
core   0: 3 0x800014a8 (0x12345fb7) x31 0x12345000
core   0: 3 0x800014ac (0x679f8f93) x31 0x12345679
core   0: 3 0x800014b0 (0x01f50663)
core   0: 3 0x800014bc (0x00147513) x10 0x00000000
core   0: 3 0x800014c0 (0x00000f93) x31 0x00000000
core   0: 3 0x800014c4 (0x01f50663)
core   0: 3 0x800014d0 (0x00146513) x10 0x12345679
core   0: 3 0x800014d4 (0x12345fb7) x31 0x12345000
core   0: 3 0x800014d8 (0x679f8f93) x31 0x12345679
core   0: 3 0x800014dc (0x01f50663)
core   0: 3 0x800014e8 (0x00144513) x10 0x12345679
core   0: 3 0x800014ec (0x12345fb7) x31 0x12345000
core   0: 3 0x800014f0 (0x679f8f93) x31 0x12345679
core   0: 3 0x800014f4 (0x01f50663)
core   0: 3 0x80001500 (0x00142513) x10 0x00000000
core   0: 3 0x80001504 (0x00000f93) x31 0x00000000
core   0: 3 0x80001508 (0x01f50663)
core   0: 3 0x80001514 (0x00143513) x10 0x00000000
core   0: 3 0x80001518 (0x00000f93) x31 0x00000000
core   0: 3 0x8000151c (0x01f50663)
core   0: 3 0x80001528 (0xfff40513) x10 0x12345677
core   0: 3 0x8000152c (0x12345fb7) x31 0x12345000
core   0: 3 0x80001530 (0x677f8f93) x31 0x12345677
core   0: 3 0x80001534 (0x01f50663)
core   0: 3 0x80001540 (0xfff47513) x10 0x12345678
core   0: 3 0x80001544 (0x12345fb7) x31 0x12345000
core   0: 3 0x80001548 (0x678f8f93) x31 0x12345678
core   0: 3 0x8000154c (0x01f50663)
core   0: 3 0x80001558 (0xfff46513) x10 0xffffffff
core   0: 3 0x8000155c (0xfff00f93) x31 0xffffffff
core   0: 3 0x80001560 (0x01f50663)
core   0: 3 0x8000156c (0xfff44513) x10 0xedcba987
core   0: 3 0x80001570 (0xedcbbfb7) x31 0xedcbb000
core   0: 3 0x80001574 (0x987f8f93) x31 0xedcba987
core   0: 3 0x80001578 (0x01f50663)
core   0: 3 0x80001584 (0xfff42513) x10 0x00000000
core   0: 3 0x80001588 (0x00000f93) x31 0x00000000
core   0: 3 0x8000158c (0x01f50663)
core   0: 3 0x80001598 (0xfff43513) x10 0x00000001
core   0: 3 0x8000159c (0x00100f93) x31 0x00000001
core   0: 3 0x800015a0 (0x01f50663)
core   0: 3 0x800015ac (0x7ff40513) x10 0x12345e77
core   0: 3 0x800015b0 (0x12346fb7) x31 0x12346000
core   0: 3 0x800015b4 (0xe77f8f93) x31 0x12345e77
core   0: 3 0x800015b8 (0x01f50663)
core   0: 3 0x800015c4 (0x7ff47513) x10 0x00000678
core   0: 3 0x800015c8 (0x67800f93) x31 0x00000678
core   0: 3 0x800015cc (0x01f50663)
core   0: 3 0x800015d8 (0x7ff46513) x10 0x123457ff
core   0: 3 0x800015dc (0x12345fb7) x31 0x12345000
core   0: 3 0x800015e0 (0x7fff8f93) x31 0x123457ff
core   0: 3 0x800015e4 (0x01f50663)
core   0: 3 0x800015f0 (0x7ff44513) x10 0x12345187
core   0: 3 0x800015f4 (0x12345fb7) x31 0x12345000
core   0: 3 0x800015f8 (0x187f8f93) x31 0x12345187
core   0: 3 0x800015fc (0x01f50663)
core   0: 3 0x80001608 (0x7ff42513) x10 0x00000000
core   0: 3 0x8000160c (0x00000f93) x31 0x00000000
core   0: 3 0x80001610 (0x01f50663)
core   0: 3 0x8000161c (0x7ff43513) x10 0x00000000
core   0: 3 0x80001620 (0x00000f93) x31 0x00000000
core   0: 3 0x80001624 (0x01f50663)
core   0: 3 0x80001630 (0x80040513) x10 0x12344e78
core   0: 3 0x80001634 (0x12345fb7) x31 0x12345000
core   0: 3 0x80001638 (0xe78f8f93) x31 0x12344e78
core   0: 3 0x8000163c (0x01f50663)
core   0: 3 0x80001648 (0x80047513) x10 0x12345000
core   0: 3 0x8000164c (0x12345fb7) x31 0x12345000
core   0: 3 0x80001650 (0x01f50663)
core   0: 3 0x8000165c (0x80046513) x10 0xfffffe78
core   0: 3 0x80001660 (0xe7800f93) x31 0xfffffe78
core   0: 3 0x80001664 (0x01f50663)
core   0: 3 0x80001670 (0x80044513) x10 0xedcbae78
core   0: 3 0x80001674 (0xedcbbfb7) x31 0xedcbb000
core   0: 3 0x80001678 (0xe78f8f93) x31 0xedcbae78
core   0: 3 0x8000167c (0x01f50663)
core   0: 3 0x80001688 (0x80042513) x10 0x00000000
core   0: 3 0x8000168c (0x00000f93) x31 0x00000000
core   0: 3 0x80001690 (0x01f50663)
core   0: 3 0x8000169c (0x80043513) x10 0x00000001
core   0: 3 0x800016a0 (0x00100f93) x31 0x00000001
core   0: 3 0x800016a4 (0x01f50663)
core   0: 3 0x800016b0 (0x55540513) x10 0x12345bcd
core   0: 3 0x800016b4 (0x12346fb7) x31 0x12346000
core   0: 3 0x800016b8 (0xbcdf8f93) x31 0x12345bcd
core   0: 3 0x800016bc (0x01f50663)
core   0: 3 0x800016c8 (0x55547513) x10 0x00000450
core   0: 3 0x800016cc (0x45000f93) x31 0x00000450
core   0: 3 0x800016d0 (0x01f50663)
core   0: 3 0x800016dc (0x55546513) x10 0x1234577d
core   0: 3 0x800016e0 (0x12345fb7) x31 0x12345000
core   0: 3 0x800016e4 (0x77df8f93) x31 0x1234577d
core   0: 3 0x800016e8 (0x01f50663)
core   0: 3 0x800016f4 (0x55544513) x10 0x1234532d
core   0: 3 0x800016f8 (0x12345fb7) x31 0x12345000
core   0: 3 0x800016fc (0x32df8f93) x31 0x1234532d
core   0: 3 0x80001700 (0x01f50663)
core   0: 3 0x8000170c (0x55542513) x10 0x00000000
core   0: 3 0x80001710 (0x00000f93) x31 0x00000000
core   0: 3 0x80001714 (0x01f50663)
core   0: 3 0x80001720 (0x55543513) x10 0x00000000
core   0: 3 0x80001724 (0x00000f93) x31 0x00000000
core   0: 3 0x80001728 (0x01f50663)
core   0: 3 0x80001734 (0x00041513) x10 0x12345678
core   0: 3 0x80001738 (0x12345fb7) x31 0x12345000
core   0: 3 0x8000173c (0x678f8f93) x31 0x12345678
core   0: 3 0x80001740 (0x01f50663)
core   0: 3 0x8000174c (0x00045513) x10 0x12345678
core   0: 3 0x80001750 (0x12345fb7) x31 0x12345000
core   0: 3 0x80001754 (0x678f8f93) x31 0x12345678
core   0: 3 0x80001758 (0x01f50663)
core   0: 3 0x80001764 (0x40045513) x10 0x12345678
core   0: 3 0x80001768 (0x12345fb7) x31 0x12345000
core   0: 3 0x8000176c (0x678f8f93) x31 0x12345678
core   0: 3 0x80001770 (0x01f50663)
core   0: 3 0x8000177c (0x00141513) x10 0x2468acf0
core   0: 3 0x80001780 (0x2468bfb7) x31 0x2468b000
core   0: 3 0x80001784 (0xcf0f8f93) x31 0x2468acf0
core   0: 3 0x80001788 (0x01f50663)
core   0: 3 0x80001794 (0x00145513) x10 0x091a2b3c
core   0: 3 0x80001798 (0x091a3fb7) x31 0x091a3000
core   0: 3 0x8000179c (0xb3cf8f93) x31 0x091a2b3c
core   0: 3 0x800017a0 (0x01f50663)
core   0: 3 0x800017ac (0x40145513) x10 0x091a2b3c
core   0: 3 0x800017b0 (0x091a3fb7) x31 0x091a3000
core   0: 3 0x800017b4 (0xb3cf8f93) x31 0x091a2b3c
core   0: 3 0x800017b8 (0x01f50663)
core   0: 3 0x800017c4 (0x00441513) x10 0x23456780
core   0: 3 0x800017c8 (0x23456fb7) x31 0x23456000
core   0: 3 0x800017cc (0x780f8f93) x31 0x23456780
core   0: 3 0x800017d0 (0x01f50663)
core   0: 3 0x800017dc (0x00445513) x10 0x01234567
core   0: 3 0x800017e0 (0x01234fb7) x31 0x01234000
core   0: 3 0x800017e4 (0x567f8f93) x31 0x01234567
core   0: 3 0x800017e8 (0x01f50663)
core   0: 3 0x800017f4 (0x40445513) x10 0x01234567
core   0: 3 0x800017f8 (0x01234fb7) x31 0x01234000
core   0: 3 0x800017fc (0x567f8f93) x31 0x01234567
core   0: 3 0x80001800 (0x01f50663)
core   0: 3 0x8000180c (0x01f41513) x10 0x00000000
core   0: 3 0x80001810 (0x00000f93) x31 0x00000000
core   0: 3 0x80001814 (0x01f50663)
core   0: 3 0x80001820 (0x01f45513) x10 0x00000000
core   0: 3 0x80001824 (0x00000f93) x31 0x00000000
core   0: 3 0x80001828 (0x01f50663)
core   0: 3 0x80001834 (0x41f45513) x10 0x00000000
core   0: 3 0x80001838 (0x00000f93) x31 0x00000000
core   0: 3 0x8000183c (0x01f50663)
core   0: 3 0x80001848 (0x80000437) x8  0x80000000
core   0: 3 0x8000184c (0xfff40413) x8  0x7fffffff
core   0: 3 0x80001850 (0x00040513) x10 0x7fffffff
core   0: 3 0x80001854 (0x80000fb7) x31 0x80000000
core   0: 3 0x80001858 (0xffff8f93) x31 0x7fffffff
core   0: 3 0x8000185c (0x01f50663)
core   0: 3 0x80001868 (0x00047513) x10 0x00000000
core   0: 3 0x8000186c (0x00000f93) x31 0x00000000
core   0: 3 0x80001870 (0x01f50663)
core   0: 3 0x8000187c (0x00046513) x10 0x7fffffff
core   0: 3 0x80001880 (0x80000fb7) x31 0x80000000
core   0: 3 0x80001884 (0xffff8f93) x31 0x7fffffff
core   0: 3 0x80001888 (0x01f50663)
core   0: 3 0x80001894 (0x00044513) x10 0x7fffffff
core   0: 3 0x80001898 (0x80000fb7) x31 0x80000000
core   0: 3 0x8000189c (0xffff8f93) x31 0x7fffffff
core   0: 3 0x800018a0 (0x01f50663)
core   0: 3 0x800018ac (0x00042513) x10 0x00000000
core   0: 3 0x800018b0 (0x00000f93) x31 0x00000000
core   0: 3 0x800018b4 (0x01f50663)
core   0: 3 0x800018c0 (0x00043513) x10 0x00000000
core   0: 3 0x800018c4 (0x00000f93) x31 0x00000000
core   0: 3 0x800018c8 (0x01f50663)
core   0: 3 0x800018d4 (0x00140513) x10 0x80000000
core   0: 3 0x800018d8 (0x80000fb7) x31 0x80000000
core   0: 3 0x800018dc (0x01f50663)
core   0: 3 0x800018e8 (0x00147513) x10 0x00000001
core   0: 3 0x800018ec (0x00100f93) x31 0x00000001
core   0: 3 0x800018f0 (0x01f50663)
core   0: 3 0x800018fc (0x00146513) x10 0x7fffffff
core   0: 3 0x80001900 (0x80000fb7) x31 0x80000000
core   0: 3 0x80001904 (0xffff8f93) x31 0x7fffffff
core   0: 3 0x80001908 (0x01f50663)
core   0: 3 0x80001914 (0x00144513) x10 0x7ffffffe
core   0: 3 0x80001918 (0x80000fb7) x31 0x80000000
core   0: 3 0x8000191c (0xffef8f93) x31 0x7ffffffe
core   0: 3 0x80001920 (0x01f50663)
core   0: 3 0x8000192c (0x00142513) x10 0x00000000
core   0: 3 0x80001930 (0x00000f93) x31 0x00000000
core   0: 3 0x80001934 (0x01f50663)
core   0: 3 0x80001940 (0x00143513) x10 0x00000000
core   0: 3 0x80001944 (0x00000f93) x31 0x00000000
core   0: 3 0x80001948 (0x01f50663)
core   0: 3 0x80001954 (0xfff40513) x10 0x7ffffffe
core   0: 3 0x80001958 (0x80000fb7) x31 0x80000000
core   0: 3 0x8000195c (0xffef8f93) x31 0x7ffffffe
core   0: 3 0x80001960 (0x01f50663)
core   0: 3 0x8000196c (0xfff47513) x10 0x7fffffff
core   0: 3 0x80001970 (0x80000fb7) x31 0x80000000
core   0: 3 0x80001974 (0xffff8f93) x31 0x7fffffff
core   0: 3 0x80001978 (0x01f50663)
core   0: 3 0x80001984 (0xfff46513) x10 0xffffffff
core   0: 3 0x80001988 (0xfff00f93) x31 0xffffffff
core   0: 3 0x8000198c (0x01f50663)
core   0: 3 0x80001998 (0xfff44513) x10 0x80000000
core   0: 3 0x8000199c (0x80000fb7) x31 0x80000000
core   0: 3 0x800019a0 (0x01f50663)
core   0: 3 0x800019ac (0xfff42513) x10 0x00000000
core   0: 3 0x800019b0 (0x00000f93) x31 0x00000000
core   0: 3 0x800019b4 (0x01f50663)
core   0: 3 0x800019c0 (0xfff43513) x10 0x00000001
core   0: 3 0x800019c4 (0x00100f93) x31 0x00000001
core   0: 3 0x800019c8 (0x01f50663)
core   0: 3 0x800019d4 (0x7ff40513) x10 0x800007fe
core   0: 3 0x800019d8 (0x80000fb7) x31 0x80000000
core   0: 3 0x800019dc (0x7fef8f93) x31 0x800007fe
core   0: 3 0x800019e0 (0x01f50663)
core   0: 3 0x800019ec (0x7ff47513) x10 0x000007ff
core   0: 3 0x800019f0 (0x7ff00f93) x31 0x000007ff
core   0: 3 0x800019f4 (0x01f50663)
core   0: 3 0x80001a00 (0x7ff46513) x10 0x7fffffff
core   0: 3 0x80001a04 (0x80000fb7) x31 0x80000000
core   0: 3 0x80001a08 (0xffff8f93) x31 0x7fffffff
core   0: 3 0x80001a0c (0x01f50663)
core   0: 3 0x80001a18 (0x7ff44513) x10 0x7ffff800
core   0: 3 0x80001a1c (0x80000fb7) x31 0x80000000
core   0: 3 0x80001a20 (0x800f8f93) x31 0x7ffff800
core   0: 3 0x80001a24 (0x01f50663)
core   0: 3 0x80001a30 (0x7ff42513) x10 0x00000000
core   0: 3 0x80001a34 (0x00000f93) x31 0x00000000
core   0: 3 0x80001a38 (0x01f50663)
core   0: 3 0x80001a44 (0x7ff43513) x10 0x00000000
core   0: 3 0x80001a48 (0x00000f93) x31 0x00000000
core   0: 3 0x80001a4c (0x01f50663)
core   0: 3 0x80001a58 (0x80040513) x10 0x7ffff7ff
core   0: 3 0x80001a5c (0x7fffffb7) x31 0x7ffff000
core   0: 3 0x80001a60 (0x7fff8f93) x31 0x7ffff7ff
core   0: 3 0x80001a64 (0x01f50663)
core   0: 3 0x80001a70 (0x80047513) x10 0x7ffff800
core   0: 3 0x80001a74 (0x80000fb7) x31 0x80000000
core   0: 3 0x80001a78 (0x800f8f93) x31 0x7ffff800
core   0: 3 0x80001a7c (0x01f50663)
core   0: 3 0x80001a88 (0x80046513) x10 0xffffffff
core   0: 3 0x80001a8c (0xfff00f93) x31 0xffffffff
core   0: 3 0x80001a90 (0x01f50663)
core   0: 3 0x80001a9c (0x80044513) x10 0x800007ff
core   0: 3 0x80001aa0 (0x80000fb7) x31 0x80000000
core   0: 3 0x80001aa4 (0x7fff8f93) x31 0x800007ff
core   0: 3 0x80001aa8 (0x01f50663)
core   0: 3 0x80001ab4 (0x80042513) x10 0x00000000
core   0: 3 0x80001ab8 (0x00000f93) x31 0x00000000
core   0: 3 0x80001abc (0x01f50663)
core   0: 3 0x80001ac8 (0x80043513) x10 0x00000001
core   0: 3 0x80001acc (0x00100f93) x31 0x00000001
core   0: 3 0x80001ad0 (0x01f50663)
core   0: 3 0x80001adc (0x55540513) x10 0x80000554
core   0: 3 0x80001ae0 (0x80000fb7) x31 0x80000000
core   0: 3 0x80001ae4 (0x554f8f93) x31 0x80000554
core   0: 3 0x80001ae8 (0x01f50663)
core   0: 3 0x80001af4 (0x55547513) x10 0x00000555
core   0: 3 0x80001af8 (0x55500f93) x31 0x00000555
core   0: 3 0x80001afc (0x01f50663)
core   0: 3 0x80001b08 (0x55546513) x10 0x7fffffff
core   0: 3 0x80001b0c (0x80000fb7) x31 0x80000000
core   0: 3 0x80001b10 (0xffff8f93) x31 0x7fffffff
core   0: 3 0x80001b14 (0x01f50663)
core   0: 3 0x80001b20 (0x55544513) x10 0x7ffffaaa
core   0: 3 0x80001b24 (0x80000fb7) x31 0x80000000
core   0: 3 0x80001b28 (0xaaaf8f93) x31 0x7ffffaaa
core   0: 3 0x80001b2c (0x01f50663)
core   0: 3 0x80001b38 (0x55542513) x10 0x00000000
core   0: 3 0x80001b3c (0x00000f93) x31 0x00000000
core   0: 3 0x80001b40 (0x01f50663)
core   0: 3 0x80001b4c (0x55543513) x10 0x00000000
core   0: 3 0x80001b50 (0x00000f93) x31 0x00000000
core   0: 3 0x80001b54 (0x01f50663)
core   0: 3 0x80001b60 (0x00041513) x10 0x7fffffff
core   0: 3 0x80001b64 (0x80000fb7) x31 0x80000000
core   0: 3 0x80001b68 (0xffff8f93) x31 0x7fffffff
core   0: 3 0x80001b6c (0x01f50663)
core   0: 3 0x80001b78 (0x00045513) x10 0x7fffffff
core   0: 3 0x80001b7c (0x80000fb7) x31 0x80000000
core   0: 3 0x80001b80 (0xffff8f93) x31 0x7fffffff
core   0: 3 0x80001b84 (0x01f50663)
core   0: 3 0x80001b90 (0x40045513) x10 0x7fffffff
core   0: 3 0x80001b94 (0x80000fb7) x31 0x80000000
core   0: 3 0x80001b98 (0xffff8f93) x31 0x7fffffff
core   0: 3 0x80001b9c (0x01f50663)
core   0: 3 0x80001ba8 (0x00141513) x10 0xfffffffe
core   0: 3 0x80001bac (0xffe00f93) x31 0xfffffffe
core   0: 3 0x80001bb0 (0x01f50663)
core   0: 3 0x80001bbc (0x00145513) x10 0x3fffffff
core   0: 3 0x80001bc0 (0x40000fb7) x31 0x40000000
core   0: 3 0x80001bc4 (0xffff8f93) x31 0x3fffffff
core   0: 3 0x80001bc8 (0x01f50663)
core   0: 3 0x80001bd4 (0x40145513) x10 0x3fffffff
core   0: 3 0x80001bd8 (0x40000fb7) x31 0x40000000
core   0: 3 0x80001bdc (0xffff8f93) x31 0x3fffffff
core   0: 3 0x80001be0 (0x01f50663)
core   0: 3 0x80001bec (0x00441513) x10 0xfffffff0
core   0: 3 0x80001bf0 (0xff000f93) x31 0xfffffff0
core   0: 3 0x80001bf4 (0x01f50663)
core   0: 3 0x80001c00 (0x00445513) x10 0x07ffffff
core   0: 3 0x80001c04 (0x08000fb7) x31 0x08000000
core   0: 3 0x80001c08 (0xffff8f93) x31 0x07ffffff
core   0: 3 0x80001c0c (0x01f50663)
core   0: 3 0x80001c18 (0x40445513) x10 0x07ffffff
core   0: 3 0x80001c1c (0x08000fb7) x31 0x08000000
core   0: 3 0x80001c20 (0xffff8f93) x31 0x07ffffff
core   0: 3 0x80001c24 (0x01f50663)
core   0: 3 0x80001c30 (0x01f41513) x10 0x80000000
core   0: 3 0x80001c34 (0x80000fb7) x31 0x80000000
core   0: 3 0x80001c38 (0x01f50663)
core   0: 3 0x80001c44 (0x01f45513) x10 0x00000000
core   0: 3 0x80001c48 (0x00000f93) x31 0x00000000
core   0: 3 0x80001c4c (0x01f50663)
core   0: 3 0x80001c58 (0x41f45513) x10 0x00000000
core   0: 3 0x80001c5c (0x00000f93) x31 0x00000000
core   0: 3 0x80001c60 (0x01f50663)
core   0: 3 0x80001c6c (0x00000537) x10 0x00000000
core   0: 3 0x80001c70 (0x00000f93) x31 0x00000000
core   0: 3 0x80001c74 (0x01f50663)
core   0: 3 0x80001c80 (0x00001537) x10 0x00001000
core   0: 3 0x80001c84 (0x00001fb7) x31 0x00001000
core   0: 3 0x80001c88 (0x01f50663)
core   0: 3 0x80001c94 (0x80000537) x10 0x80000000
core   0: 3 0x80001c98 (0x80000fb7) x31 0x80000000
core   0: 3 0x80001c9c (0x01f50663)
core   0: 3 0x80001ca8 (0xfffff537) x10 0xfffff000
core   0: 3 0x80001cac (0xffffffb7) x31 0xfffff000
core   0: 3 0x80001cb0 (0x01f50663)
core   0: 3 0x80001cbc (0x12345537) x10 0x12345000
core   0: 3 0x80001cc0 (0x12345fb7) x31 0x12345000
core   0: 3 0x80001cc4 (0x01f50663)
core   0: 3 0x80001cd0 (0x00000517) x10 0x80001cd0
core   0: 3 0x80001cd4 (0x00000597) x11 0x80001cd4
core   0: 3 0x80001cd8 (0xffc58593) x11 0x80001cd0
core   0: 3 0x80001cdc (0x02b51e63)
core   0: 3 0x80001ce0 (0x00010517) x10 0x80011ce0
core   0: 3 0x80001ce4 (0x00000597) x11 0x80001ce4
core   0: 3 0x80001ce8 (0xffc58593) x11 0x80001ce0
core   0: 3 0x80001cec (0x000102b7) x5  0x00010000
core   0: 3 0x80001cf0 (0x005585b3) x11 0x80011ce0
core   0: 3 0x80001cf4 (0x02b51263)
core   0: 3 0x80001cf8 (0x00500013)
core   0: 3 0x80001cfc (0x12345037)
core   0: 3 0x80001d00 (0x00000f93) x31 0x00000000
core   0: 3 0x80001d04 (0x01f00663)
core   0: 3 0x80001d10 (0x00000513) x10 0x00000000
core   0: 3 0x80001d14 (0xb9cfe06f)
core   0: 3 0x800000b0 (0x00151513) x10 0x00000000
core   0: 3 0x800000b4 (0x00156513) x10 0x00000001
core   0: 3 0x800000b8 (0x00002297) x5  0x800020b8
core   0: 3 0x800000bc (0xc8828293) x5  0x80001d40
core   0: 3 0x800000c0 (0x00a2a023) mem 0x80001d40 0x00000001
core   0: 3 0x800000c4 (0x0000006f)
core   0: 3 0x800000c4 (0x0000006f)
core   0: 3 0x800000c4 (0x0000006f)
core   0: 3 0x800000c4 (0x0000006f)
core   0: 3 0x800000c4 (0x0000006f)
core   0: 3 0x800000c4 (0x0000006f)
core   0: 3 0x800000c4 (0x0000006f)
core   0: 3 0x800000c4 (0x0000006f)
core   0: 3 0x800000c4 (0x0000006f)
core   0: 3 0x800000c4 (0x0000006f)
core   0: 3 0x800000c4 (0x0000006f)
core   0: 3 0x800000c4 (0x0000006f)
core   0: 3 0x800000c4 (0x0000006f)
core   0: 3 0x800000c4 (0x0000006f)
core   0: 3 0x800000c4 (0x0000006f)
core   0: 3 0x800000c4 (0x0000006f)
core   0: 3 0x800000c4 (0x0000006f)
core   0: 3 0x800000c4 (0x0000006f)
core   0: 3 0x800000c4 (0x0000006f)
core   0: 3 0x800000c4 (0x0000006f)
core   0: 3 0x800000c4 (0x0000006f)
core   0: 3 0x800000c4 (0x0000006f)
core   0: 3 0x800000c4 (0x0000006f)
core   0: 3 0x800000c4 (0x0000006f)
core   0: 3 0x800000c4 (0x0000006f)
core   0: 3 0x800000c4 (0x0000006f)
core   0: 3 0x800000c4 (0x0000006f)
core   0: 3 0x800000c4 (0x0000006f)
core   0: 3 0x800000c4 (0x0000006f)
core   0: 3 0x800000c4 (0x0000006f)
core   0: 3 0x800000c4 (0x0000006f)
core   0: 3 0x800000c4 (0x0000006f)
core   0: 3 0x800000c4 (0x0000006f)
core   0: 3 0x800000c4 (0x0000006f)
core   0: 3 0x800000c4 (0x0000006f)
core   0: 3 0x800000c4 (0x0000006f)
core   0: 3 0x800000c4 (0x0000006f)
core   0: 3 0x800000c4 (0x0000006f)
core   0: 3 0x800000c4 (0x0000006f)
core   0: 3 0x800000c4 (0x0000006f)
core   0: 3 0x800000c4 (0x0000006f)
core   0: 3 0x800000c4 (0x0000006f)
core   0: 3 0x800000c4 (0x0000006f)
core   0: 3 0x800000c4 (0x0000006f)
core   0: 3 0x800000c4 (0x0000006f)
core   0: 3 0x800000c4 (0x0000006f)
core   0: 3 0x800000c4 (0x0000006f)
core   0: 3 0x800000c4 (0x0000006f)
core   0: 3 0x800000c4 (0x0000006f)
core   0: 3 0x800000c4 (0x0000006f)
core   0: 3 0x800000c4 (0x0000006f)
core   0: 3 0x800000c4 (0x0000006f)
core   0: 3 0x800000c4 (0x0000006f)
core   0: 3 0x800000c4 (0x0000006f)
core   0: 3 0x800000c4 (0x0000006f)
core   0: 3 0x800000c4 (0x0000006f)
core   0: 3 0x800000c4 (0x0000006f)
core   0: 3 0x800000c4 (0x0000006f)
core   0: 3 0x800000c4 (0x0000006f)
core   0: 3 0x800000c4 (0x0000006f)
core   0: 3 0x800000c4 (0x0000006f)
core   0: 3 0x800000c4 (0x0000006f)
core   0: 3 0x800000c4 (0x0000006f)
core   0: 3 0x800000c4 (0x0000006f)
core   0: 3 0x800000c4 (0x0000006f)
core   0: 3 0x800000c4 (0x0000006f)
core   0: 3 0x800000c4 (0x0000006f)
core   0: 3 0x800000c4 (0x0000006f)
core   0: 3 0x800000c4 (0x0000006f)
core   0: 3 0x800000c4 (0x0000006f)
core   0: 3 0x800000c4 (0x0000006f)
core   0: 3 0x800000c4 (0x0000006f)
core   0: 3 0x800000c4 (0x0000006f)
core   0: 3 0x800000c4 (0x0000006f)
core   0: 3 0x800000c4 (0x0000006f)
core   0: 3 0x800000c4 (0x0000006f)
core   0: 3 0x800000c4 (0x0000006f)
core   0: 3 0x800000c4 (0x0000006f)
core   0: 3 0x800000c4 (0x0000006f)
core   0: 3 0x800000c4 (0x0000006f)
core   0: 3 0x800000c4 (0x0000006f)
core   0: 3 0x800000c4 (0x0000006f)
core   0: 3 0x800000c4 (0x0000006f)
core   0: 3 0x800000c4 (0x0000006f)
core   0: 3 0x800000c4 (0x0000006f)
core   0: 3 0x800000c4 (0x0000006f)
core   0: 3 0x800000c4 (0x0000006f)
core   0: 3 0x800000c4 (0x0000006f)
core   0: 3 0x800000c4 (0x0000006f)
core   0: 3 0x800000c4 (0x0000006f)
core   0: 3 0x800000c4 (0x0000006f)
core   0: 3 0x800000c4 (0x0000006f)
core   0: 3 0x800000c4 (0x0000006f)
core   0: 3 0x800000c4 (0x0000006f)
core   0: 3 0x800000c4 (0x0000006f)
core   0: 3 0x800000c4 (0x0000006f)
core   0: 3 0x800000c4 (0x0000006f)
core   0: 3 0x800000c4 (0x0000006f)
core   0: 3 0x800000c4 (0x0000006f)
core   0: 3 0x800000c4 (0x0000006f)
core   0: 3 0x800000c4 (0x0000006f)
core   0: 3 0x800000c4 (0x0000006f)
core   0: 3 0x800000c4 (0x0000006f)
core   0: 3 0x800000c4 (0x0000006f)
core   0: 3 0x800000c4 (0x0000006f)
core   0: 3 0x800000c4 (0x0000006f)
core   0: 3 0x800000c4 (0x0000006f)
core   0: 3 0x800000c4 (0x0000006f)
core   0: 3 0x800000c4 (0x0000006f)
core   0: 3 0x800000c4 (0x0000006f)
core   0: 3 0x800000c4 (0x0000006f)
core   0: 3 0x800000c4 (0x0000006f)
core   0: 3 0x800000c4 (0x0000006f)
core   0: 3 0x800000c4 (0x0000006f)
core   0: 3 0x800000c4 (0x0000006f)
core   0: 3 0x800000c4 (0x0000006f)
core   0: 3 0x800000c4 (0x0000006f)
core   0: 3 0x800000c4 (0x0000006f)
core   0: 3 0x800000c4 (0x0000006f)
core   0: 3 0x800000c4 (0x0000006f)
core   0: 3 0x800000c4 (0x0000006f)
core   0: 3 0x800000c4 (0x0000006f)
core   0: 3 0x800000c4 (0x0000006f)
core   0: 3 0x800000c4 (0x0000006f)
core   0: 3 0x800000c4 (0x0000006f)
core   0: 3 0x800000c4 (0x0000006f)
core   0: 3 0x800000c4 (0x0000006f)
core   0: 3 0x800000c4 (0x0000006f)
core   0: 3 0x800000c4 (0x0000006f)
core   0: 3 0x800000c4 (0x0000006f)
core   0: 3 0x800000c4 (0x0000006f)
core   0: 3 0x800000c4 (0x0000006f)
core   0: 3 0x800000c4 (0x0000006f)
core   0: 3 0x800000c4 (0x0000006f)
core   0: 3 0x800000c4 (0x0000006f)
core   0: 3 0x800000c4 (0x0000006f)
core   0: 3 0x800000c4 (0x0000006f)
core   0: 3 0x800000c4 (0x0000006f)
core   0: 3 0x800000c4 (0x0000006f)
core   0: 3 0x800000c4 (0x0000006f)
core   0: 3 0x800000c4 (0x0000006f)
core   0: 3 0x800000c4 (0x0000006f)
core   0: 3 0x800000c4 (0x0000006f)
core   0: 3 0x800000c4 (0x0000006f)
core   0: 3 0x800000c4 (0x0000006f)
core   0: 3 0x800000c4 (0x0000006f)
core   0: 3 0x800000c4 (0x0000006f)
core   0: 3 0x800000c4 (0x0000006f)
core   0: 3 0x800000c4 (0x0000006f)
core   0: 3 0x800000c4 (0x0000006f)
core   0: 3 0x800000c4 (0x0000006f)
core   0: 3 0x800000c4 (0x0000006f)
core   0: 3 0x800000c4 (0x0000006f)
core   0: 3 0x800000c4 (0x0000006f)
core   0: 3 0x800000c4 (0x0000006f)
core   0: 3 0x800000c4 (0x0000006f)
core   0: 3 0x800000c4 (0x0000006f)
core   0: 3 0x800000c4 (0x0000006f)
core   0: 3 0x800000c4 (0x0000006f)
core   0: 3 0x800000c4 (0x0000006f)
core   0: 3 0x800000c4 (0x0000006f)
core   0: 3 0x800000c4 (0x0000006f)
core   0: 3 0x800000c4 (0x0000006f)
core   0: 3 0x800000c4 (0x0000006f)
core   0: 3 0x800000c4 (0x0000006f)
core   0: 3 0x800000c4 (0x0000006f)
core   0: 3 0x800000c4 (0x0000006f)
core   0: 3 0x800000c4 (0x0000006f)
core   0: 3 0x800000c4 (0x0000006f)
core   0: 3 0x800000c4 (0x0000006f)
core   0: 3 0x800000c4 (0x0000006f)
core   0: 3 0x800000c4 (0x0000006f)
core   0: 3 0x800000c4 (0x0000006f)
core   0: 3 0x800000c4 (0x0000006f)
core   0: 3 0x800000c4 (0x0000006f)
core   0: 3 0x800000c4 (0x0000006f)
core   0: 3 0x800000c4 (0x0000006f)
core   0: 3 0x800000c4 (0x0000006f)
core   0: 3 0x800000c4 (0x0000006f)
core   0: 3 0x800000c4 (0x0000006f)
core   0: 3 0x800000c4 (0x0000006f)
core   0: 3 0x800000c4 (0x0000006f)
core   0: 3 0x800000c4 (0x0000006f)
core   0: 3 0x800000c4 (0x0000006f)
core   0: 3 0x800000c4 (0x0000006f)
core   0: 3 0x800000c4 (0x0000006f)
core   0: 3 0x800000c4 (0x0000006f)
core   0: 3 0x800000c4 (0x0000006f)
core   0: 3 0x800000c4 (0x0000006f)
core   0: 3 0x800000c4 (0x0000006f)
core   0: 3 0x800000c4 (0x0000006f)
core   0: 3 0x800000c4 (0x0000006f)
core   0: 3 0x800000c4 (0x0000006f)
core   0: 3 0x800000c4 (0x0000006f)
core   0: 3 0x800000c4 (0x0000006f)
core   0: 3 0x800000c4 (0x0000006f)
core   0: 3 0x800000c4 (0x0000006f)
core   0: 3 0x800000c4 (0x0000006f)
core   0: 3 0x800000c4 (0x0000006f)
core   0: 3 0x800000c4 (0x0000006f)
core   0: 3 0x800000c4 (0x0000006f)
core   0: 3 0x800000c4 (0x0000006f)
core   0: 3 0x800000c4 (0x0000006f)
core   0: 3 0x800000c4 (0x0000006f)
core   0: 3 0x800000c4 (0x0000006f)
core   0: 3 0x800000c4 (0x0000006f)
core   0: 3 0x800000c4 (0x0000006f)
core   0: 3 0x800000c4 (0x0000006f)
core   0: 3 0x800000c4 (0x0000006f)
core   0: 3 0x800000c4 (0x0000006f)
core   0: 3 0x800000c4 (0x0000006f)
core   0: 3 0x800000c4 (0x0000006f)
core   0: 3 0x800000c4 (0x0000006f)
core   0: 3 0x800000c4 (0x0000006f)
core   0: 3 0x800000c4 (0x0000006f)
core   0: 3 0x800000c4 (0x0000006f)
core   0: 3 0x800000c4 (0x0000006f)
core   0: 3 0x800000c4 (0x0000006f)
core   0: 3 0x800000c4 (0x0000006f)
core   0: 3 0x800000c4 (0x0000006f)
core   0: 3 0x800000c4 (0x0000006f)
core   0: 3 0x800000c4 (0x0000006f)
core   0: 3 0x800000c4 (0x0000006f)
core   0: 3 0x800000c4 (0x0000006f)
core   0: 3 0x800000c4 (0x0000006f)
core   0: 3 0x800000c4 (0x0000006f)
core   0: 3 0x800000c4 (0x0000006f)
core   0: 3 0x800000c4 (0x0000006f)
core   0: 3 0x800000c4 (0x0000006f)
core   0: 3 0x800000c4 (0x0000006f)
core   0: 3 0x800000c4 (0x0000006f)
core   0: 3 0x800000c4 (0x0000006f)
core   0: 3 0x800000c4 (0x0000006f)
core   0: 3 0x800000c4 (0x0000006f)
core   0: 3 0x800000c4 (0x0000006f)
core   0: 3 0x800000c4 (0x0000006f)
core   0: 3 0x800000c4 (0x0000006f)
core   0: 3 0x800000c4 (0x0000006f)
core   0: 3 0x800000c4 (0x0000006f)
core   0: 3 0x800000c4 (0x0000006f)
core   0: 3 0x800000c4 (0x0000006f)
core   0: 3 0x800000c4 (0x0000006f)
core   0: 3 0x800000c4 (0x0000006f)
core   0: 3 0x800000c4 (0x0000006f)
core   0: 3 0x800000c4 (0x0000006f)
core   0: 3 0x800000c4 (0x0000006f)
core   0: 3 0x800000c4 (0x0000006f)
core   0: 3 0x800000c4 (0x0000006f)
core   0: 3 0x800000c4 (0x0000006f)
core   0: 3 0x800000c4 (0x0000006f)
core   0: 3 0x800000c4 (0x0000006f)
core   0: 3 0x800000c4 (0x0000006f)
core   0: 3 0x800000c4 (0x0000006f)
core   0: 3 0x800000c4 (0x0000006f)
core   0: 3 0x800000c4 (0x0000006f)
core   0: 3 0x800000c4 (0x0000006f)
core   0: 3 0x800000c4 (0x0000006f)
core   0: 3 0x800000c4 (0x0000006f)
core   0: 3 0x800000c4 (0x0000006f)
core   0: 3 0x800000c4 (0x0000006f)
core   0: 3 0x800000c4 (0x0000006f)
core   0: 3 0x800000c4 (0x0000006f)
core   0: 3 0x800000c4 (0x0000006f)
core   0: 3 0x800000c4 (0x0000006f)
core   0: 3 0x800000c4 (0x0000006f)
core   0: 3 0x800000c4 (0x0000006f)
core   0: 3 0x800000c4 (0x0000006f)
core   0: 3 0x800000c4 (0x0000006f)
core   0: 3 0x800000c4 (0x0000006f)
core   0: 3 0x800000c4 (0x0000006f)
core   0: 3 0x800000c4 (0x0000006f)
core   0: 3 0x800000c4 (0x0000006f)
core   0: 3 0x800000c4 (0x0000006f)
core   0: 3 0x800000c4 (0x0000006f)
core   0: 3 0x800000c4 (0x0000006f)
core   0: 3 0x800000c4 (0x0000006f)
core   0: 3 0x800000c4 (0x0000006f)
core   0: 3 0x800000c4 (0x0000006f)
core   0: 3 0x800000c4 (0x0000006f)
core   0: 3 0x800000c4 (0x0000006f)
core   0: 3 0x800000c4 (0x0000006f)
core   0: 3 0x800000c4 (0x0000006f)
core   0: 3 0x800000c4 (0x0000006f)
core   0: 3 0x800000c4 (0x0000006f)
core   0: 3 0x800000c4 (0x0000006f)
core   0: 3 0x800000c4 (0x0000006f)
core   0: 3 0x800000c4 (0x0000006f)
core   0: 3 0x800000c4 (0x0000006f)
core   0: 3 0x800000c4 (0x0000006f)
core   0: 3 0x800000c4 (0x0000006f)
core   0: 3 0x800000c4 (0x0000006f)
core   0: 3 0x800000c4 (0x0000006f)
core   0: 3 0x800000c4 (0x0000006f)
core   0: 3 0x800000c4 (0x0000006f)
core   0: 3 0x800000c4 (0x0000006f)
core   0: 3 0x800000c4 (0x0000006f)
core   0: 3 0x800000c4 (0x0000006f)
core   0: 3 0x800000c4 (0x0000006f)
core   0: 3 0x800000c4 (0x0000006f)
core   0: 3 0x800000c4 (0x0000006f)
core   0: 3 0x800000c4 (0x0000006f)
core   0: 3 0x800000c4 (0x0000006f)
core   0: 3 0x800000c4 (0x0000006f)
core   0: 3 0x800000c4 (0x0000006f)
core   0: 3 0x800000c4 (0x0000006f)
core   0: 3 0x800000c4 (0x0000006f)
core   0: 3 0x800000c4 (0x0000006f)
core   0: 3 0x800000c4 (0x0000006f)
core   0: 3 0x800000c4 (0x0000006f)
core   0: 3 0x800000c4 (0x0000006f)
core   0: 3 0x800000c4 (0x0000006f)
core   0: 3 0x800000c4 (0x0000006f)
core   0: 3 0x800000c4 (0x0000006f)
core   0: 3 0x800000c4 (0x0000006f)
core   0: 3 0x800000c4 (0x0000006f)
core   0: 3 0x800000c4 (0x0000006f)
core   0: 3 0x800000c4 (0x0000006f)
core   0: 3 0x800000c4 (0x0000006f)
core   0: 3 0x800000c4 (0x0000006f)
core   0: 3 0x800000c4 (0x0000006f)
core   0: 3 0x800000c4 (0x0000006f)
core   0: 3 0x800000c4 (0x0000006f)
core   0: 3 0x800000c4 (0x0000006f)
core   0: 3 0x800000c4 (0x0000006f)
core   0: 3 0x800000c4 (0x0000006f)
core   0: 3 0x800000c4 (0x0000006f)
core   0: 3 0x800000c4 (0x0000006f)
core   0: 3 0x800000c4 (0x0000006f)
core   0: 3 0x800000c4 (0x0000006f)
core   0: 3 0x800000c4 (0x0000006f)
core   0: 3 0x800000c4 (0x0000006f)
core   0: 3 0x800000c4 (0x0000006f)
core   0: 3 0x800000c4 (0x0000006f)
core   0: 3 0x800000c4 (0x0000006f)
core   0: 3 0x800000c4 (0x0000006f)
core   0: 3 0x800000c4 (0x0000006f)
core   0: 3 0x800000c4 (0x0000006f)
core   0: 3 0x800000c4 (0x0000006f)
core   0: 3 0x800000c4 (0x0000006f)
core   0: 3 0x800000c4 (0x0000006f)
core   0: 3 0x800000c4 (0x0000006f)
core   0: 3 0x800000c4 (0x0000006f)
core   0: 3 0x800000c4 (0x0000006f)
core   0: 3 0x800000c4 (0x0000006f)
core   0: 3 0x800000c4 (0x0000006f)
core   0: 3 0x800000c4 (0x0000006f)
core   0: 3 0x800000c4 (0x0000006f)
core   0: 3 0x800000c4 (0x0000006f)
core   0: 3 0x800000c4 (0x0000006f)
core   0: 3 0x800000c4 (0x0000006f)
core   0: 3 0x800000c4 (0x0000006f)
core   0: 3 0x800000c4 (0x0000006f)
core   0: 3 0x800000c4 (0x0000006f)
core   0: 3 0x800000c4 (0x0000006f)
core   0: 3 0x800000c4 (0x0000006f)
core   0: 3 0x800000c4 (0x0000006f)
core   0: 3 0x800000c4 (0x0000006f)
core   0: 3 0x800000c4 (0x0000006f)
core   0: 3 0x800000c4 (0x0000006f)
core   0: 3 0x800000c4 (0x0000006f)
core   0: 3 0x800000c4 (0x0000006f)
core   0: 3 0x800000c4 (0x0000006f)
core   0: 3 0x800000c4 (0x0000006f)
core   0: 3 0x800000c4 (0x0000006f)
core   0: 3 0x800000c4 (0x0000006f)
core   0: 3 0x800000c4 (0x0000006f)
core   0: 3 0x800000c4 (0x0000006f)
core   0: 3 0x800000c4 (0x0000006f)
core   0: 3 0x800000c4 (0x0000006f)
core   0: 3 0x800000c4 (0x0000006f)
core   0: 3 0x800000c4 (0x0000006f)
core   0: 3 0x800000c4 (0x0000006f)
core   0: 3 0x800000c4 (0x0000006f)
core   0: 3 0x800000c4 (0x0000006f)
core   0: 3 0x800000c4 (0x0000006f)
core   0: 3 0x800000c4 (0x0000006f)
core   0: 3 0x800000c4 (0x0000006f)
core   0: 3 0x800000c4 (0x0000006f)
core   0: 3 0x800000c4 (0x0000006f)
core   0: 3 0x800000c4 (0x0000006f)
core   0: 3 0x800000c4 (0x0000006f)
core   0: 3 0x800000c4 (0x0000006f)
core   0: 3 0x800000c4 (0x0000006f)
core   0: 3 0x800000c4 (0x0000006f)
core   0: 3 0x800000c4 (0x0000006f)
core   0: 3 0x800000c4 (0x0000006f)
core   0: 3 0x800000c4 (0x0000006f)
core   0: 3 0x800000c4 (0x0000006f)
core   0: 3 0x800000c4 (0x0000006f)
core   0: 3 0x800000c4 (0x0000006f)
core   0: 3 0x800000c4 (0x0000006f)
core   0: 3 0x800000c4 (0x0000006f)
core   0: 3 0x800000c4 (0x0000006f)
core   0: 3 0x800000c4 (0x0000006f)
core   0: 3 0x800000c4 (0x0000006f)
core   0: 3 0x800000c4 (0x0000006f)
core   0: 3 0x800000c4 (0x0000006f)
core   0: 3 0x800000c4 (0x0000006f)
core   0: 3 0x800000c4 (0x0000006f)
core   0: 3 0x800000c4 (0x0000006f)
core   0: 3 0x800000c4 (0x0000006f)
core   0: 3 0x800000c4 (0x0000006f)
core   0: 3 0x800000c4 (0x0000006f)
core   0: 3 0x800000c4 (0x0000006f)
core   0: 3 0x800000c4 (0x0000006f)
core   0: 3 0x800000c4 (0x0000006f)
core   0: 3 0x800000c4 (0x0000006f)
core   0: 3 0x800000c4 (0x0000006f)
core   0: 3 0x800000c4 (0x0000006f)
core   0: 3 0x800000c4 (0x0000006f)
core   0: 3 0x800000c4 (0x0000006f)
core   0: 3 0x800000c4 (0x0000006f)
core   0: 3 0x800000c4 (0x0000006f)
core   0: 3 0x800000c4 (0x0000006f)
core   0: 3 0x800000c4 (0x0000006f)
core   0: 3 0x800000c4 (0x0000006f)
core   0: 3 0x800000c4 (0x0000006f)
core   0: 3 0x800000c4 (0x0000006f)
core   0: 3 0x800000c4 (0x0000006f)
core   0: 3 0x800000c4 (0x0000006f)
core   0: 3 0x800000c4 (0x0000006f)
core   0: 3 0x800000c4 (0x0000006f)
core   0: 3 0x800000c4 (0x0000006f)
core   0: 3 0x800000c4 (0x0000006f)
core   0: 3 0x800000c4 (0x0000006f)
core   0: 3 0x800000c4 (0x0000006f)
core   0: 3 0x800000c4 (0x0000006f)
core   0: 3 0x800000c4 (0x0000006f)
core   0: 3 0x800000c4 (0x0000006f)
core   0: 3 0x800000c4 (0x0000006f)
core   0: 3 0x800000c4 (0x0000006f)
core   0: 3 0x800000c4 (0x0000006f)
core   0: 3 0x800000c4 (0x0000006f)
core   0: 3 0x800000c4 (0x0000006f)
core   0: 3 0x800000c4 (0x0000006f)
core   0: 3 0x800000c4 (0x0000006f)
core   0: 3 0x800000c4 (0x0000006f)
core   0: 3 0x800000c4 (0x0000006f)
core   0: 3 0x800000c4 (0x0000006f)
core   0: 3 0x800000c4 (0x0000006f)
core   0: 3 0x800000c4 (0x0000006f)
core   0: 3 0x800000c4 (0x0000006f)
core   0: 3 0x800000c4 (0x0000006f)
core   0: 3 0x800000c4 (0x0000006f)
core   0: 3 0x800000c4 (0x0000006f)
core   0: 3 0x800000c4 (0x0000006f)
core   0: 3 0x800000c4 (0x0000006f)
core   0: 3 0x800000c4 (0x0000006f)
core   0: 3 0x800000c4 (0x0000006f)
core   0: 3 0x800000c4 (0x0000006f)
core   0: 3 0x800000c4 (0x0000006f)
core   0: 3 0x800000c4 (0x0000006f)
core   0: 3 0x800000c4 (0x0000006f)
core   0: 3 0x800000c4 (0x0000006f)
core   0: 3 0x800000c4 (0x0000006f)
core   0: 3 0x800000c4 (0x0000006f)
core   0: 3 0x800000c4 (0x0000006f)
core   0: 3 0x800000c4 (0x0000006f)
core   0: 3 0x800000c4 (0x0000006f)
core   0: 3 0x800000c4 (0x0000006f)
core   0: 3 0x800000c4 (0x0000006f)
core   0: 3 0x800000c4 (0x0000006f)
core   0: 3 0x800000c4 (0x0000006f)
core   0: 3 0x800000c4 (0x0000006f)
core   0: 3 0x800000c4 (0x0000006f)
core   0: 3 0x800000c4 (0x0000006f)
core   0: 3 0x800000c4 (0x0000006f)
core   0: 3 0x800000c4 (0x0000006f)
core   0: 3 0x800000c4 (0x0000006f)
core   0: 3 0x800000c4 (0x0000006f)
core   0: 3 0x800000c4 (0x0000006f)
core   0: 3 0x800000c4 (0x0000006f)
core   0: 3 0x800000c4 (0x0000006f)
core   0: 3 0x800000c4 (0x0000006f)
core   0: 3 0x800000c4 (0x0000006f)
core   0: 3 0x800000c4 (0x0000006f)
core   0: 3 0x800000c4 (0x0000006f)
core   0: 3 0x800000c4 (0x0000006f)
core   0: 3 0x800000c4 (0x0000006f)
core   0: 3 0x800000c4 (0x0000006f)
core   0: 3 0x800000c4 (0x0000006f)
core   0: 3 0x800000c4 (0x0000006f)
core   0: 3 0x800000c4 (0x0000006f)
core   0: 3 0x800000c4 (0x0000006f)
core   0: 3 0x800000c4 (0x0000006f)
core   0: 3 0x800000c4 (0x0000006f)
core   0: 3 0x800000c4 (0x0000006f)
core   0: 3 0x800000c4 (0x0000006f)
core   0: 3 0x800000c4 (0x0000006f)
core   0: 3 0x800000c4 (0x0000006f)
core   0: 3 0x800000c4 (0x0000006f)
core   0: 3 0x800000c4 (0x0000006f)
core   0: 3 0x800000c4 (0x0000006f)
core   0: 3 0x800000c4 (0x0000006f)
core   0: 3 0x800000c4 (0x0000006f)
core   0: 3 0x800000c4 (0x0000006f)
core   0: 3 0x800000c4 (0x0000006f)
core   0: 3 0x800000c4 (0x0000006f)
core   0: 3 0x800000c4 (0x0000006f)
core   0: 3 0x800000c4 (0x0000006f)
core   0: 3 0x800000c4 (0x0000006f)
core   0: 3 0x800000c4 (0x0000006f)
core   0: 3 0x800000c4 (0x0000006f)
core   0: 3 0x800000c4 (0x0000006f)
core   0: 3 0x800000c4 (0x0000006f)
core   0: 3 0x800000c4 (0x0000006f)
core   0: 3 0x800000c4 (0x0000006f)
core   0: 3 0x800000c4 (0x0000006f)
core   0: 3 0x800000c4 (0x0000006f)
core   0: 3 0x800000c4 (0x0000006f)
core   0: 3 0x800000c4 (0x0000006f)
core   0: 3 0x800000c4 (0x0000006f)
core   0: 3 0x800000c4 (0x0000006f)
core   0: 3 0x800000c4 (0x0000006f)
core   0: 3 0x800000c4 (0x0000006f)
core   0: 3 0x800000c4 (0x0000006f)
core   0: 3 0x800000c4 (0x0000006f)
core   0: 3 0x800000c4 (0x0000006f)
core   0: 3 0x800000c4 (0x0000006f)
core   0: 3 0x800000c4 (0x0000006f)
core   0: 3 0x800000c4 (0x0000006f)
core   0: 3 0x800000c4 (0x0000006f)
core   0: 3 0x800000c4 (0x0000006f)
core   0: 3 0x800000c4 (0x0000006f)
core   0: 3 0x800000c4 (0x0000006f)
core   0: 3 0x800000c4 (0x0000006f)
core   0: 3 0x800000c4 (0x0000006f)
core   0: 3 0x800000c4 (0x0000006f)
core   0: 3 0x800000c4 (0x0000006f)
core   0: 3 0x800000c4 (0x0000006f)
core   0: 3 0x800000c4 (0x0000006f)
core   0: 3 0x800000c4 (0x0000006f)
core   0: 3 0x800000c4 (0x0000006f)
core   0: 3 0x800000c4 (0x0000006f)
core   0: 3 0x800000c4 (0x0000006f)
core   0: 3 0x800000c4 (0x0000006f)
core   0: 3 0x800000c4 (0x0000006f)
core   0: 3 0x800000c4 (0x0000006f)
core   0: 3 0x800000c4 (0x0000006f)
core   0: 3 0x800000c4 (0x0000006f)
core   0: 3 0x800000c4 (0x0000006f)
core   0: 3 0x800000c4 (0x0000006f)
core   0: 3 0x800000c4 (0x0000006f)
core   0: 3 0x800000c4 (0x0000006f)
core   0: 3 0x800000c4 (0x0000006f)
core   0: 3 0x800000c4 (0x0000006f)
core   0: 3 0x800000c4 (0x0000006f)
core   0: 3 0x800000c4 (0x0000006f)
core   0: 3 0x800000c4 (0x0000006f)
core   0: 3 0x800000c4 (0x0000006f)
core   0: 3 0x800000c4 (0x0000006f)
core   0: 3 0x800000c4 (0x0000006f)
core   0: 3 0x800000c4 (0x0000006f)
core   0: 3 0x800000c4 (0x0000006f)
core   0: 3 0x800000c4 (0x0000006f)
core   0: 3 0x800000c4 (0x0000006f)
core   0: 3 0x800000c4 (0x0000006f)
core   0: 3 0x800000c4 (0x0000006f)
core   0: 3 0x800000c4 (0x0000006f)
core   0: 3 0x800000c4 (0x0000006f)
core   0: 3 0x800000c4 (0x0000006f)
core   0: 3 0x800000c4 (0x0000006f)
core   0: 3 0x800000c4 (0x0000006f)
core   0: 3 0x800000c4 (0x0000006f)
core   0: 3 0x800000c4 (0x0000006f)
core   0: 3 0x800000c4 (0x0000006f)
core   0: 3 0x800000c4 (0x0000006f)
core   0: 3 0x800000c4 (0x0000006f)
core   0: 3 0x800000c4 (0x0000006f)
core   0: 3 0x800000c4 (0x0000006f)
core   0: 3 0x800000c4 (0x0000006f)
core   0: 3 0x800000c4 (0x0000006f)
core   0: 3 0x800000c4 (0x0000006f)
core   0: 3 0x800000c4 (0x0000006f)
core   0: 3 0x800000c4 (0x0000006f)
core   0: 3 0x800000c4 (0x0000006f)
core   0: 3 0x800000c4 (0x0000006f)
core   0: 3 0x800000c4 (0x0000006f)
core   0: 3 0x800000c4 (0x0000006f)
core   0: 3 0x800000c4 (0x0000006f)
core   0: 3 0x800000c4 (0x0000006f)
core   0: 3 0x800000c4 (0x0000006f)
core   0: 3 0x800000c4 (0x0000006f)
core   0: 3 0x800000c4 (0x0000006f)
core   0: 3 0x800000c4 (0x0000006f)
core   0: 3 0x800000c4 (0x0000006f)
core   0: 3 0x800000c4 (0x0000006f)
core   0: 3 0x800000c4 (0x0000006f)
core   0: 3 0x800000c4 (0x0000006f)
core   0: 3 0x800000c4 (0x0000006f)
core   0: 3 0x800000c4 (0x0000006f)
core   0: 3 0x800000c4 (0x0000006f)
core   0: 3 0x800000c4 (0x0000006f)
core   0: 3 0x800000c4 (0x0000006f)
core   0: 3 0x800000c4 (0x0000006f)
core   0: 3 0x800000c4 (0x0000006f)
core   0: 3 0x800000c4 (0x0000006f)
core   0: 3 0x800000c4 (0x0000006f)
core   0: 3 0x800000c4 (0x0000006f)
core   0: 3 0x800000c4 (0x0000006f)
core   0: 3 0x800000c4 (0x0000006f)
core   0: 3 0x800000c4 (0x0000006f)
core   0: 3 0x800000c4 (0x0000006f)
core   0: 3 0x800000c4 (0x0000006f)
core   0: 3 0x800000c4 (0x0000006f)
core   0: 3 0x800000c4 (0x0000006f)
core   0: 3 0x800000c4 (0x0000006f)
core   0: 3 0x800000c4 (0x0000006f)
core   0: 3 0x800000c4 (0x0000006f)
core   0: 3 0x800000c4 (0x0000006f)
core   0: 3 0x800000c4 (0x0000006f)
core   0: 3 0x800000c4 (0x0000006f)
core   0: 3 0x800000c4 (0x0000006f)
core   0: 3 0x800000c4 (0x0000006f)
core   0: 3 0x800000c4 (0x0000006f)
core   0: 3 0x800000c4 (0x0000006f)
core   0: 3 0x800000c4 (0x0000006f)
core   0: 3 0x800000c4 (0x0000006f)
core   0: 3 0x800000c4 (0x0000006f)
core   0: 3 0x800000c4 (0x0000006f)
core   0: 3 0x800000c4 (0x0000006f)
core   0: 3 0x800000c4 (0x0000006f)
core   0: 3 0x800000c4 (0x0000006f)
core   0: 3 0x800000c4 (0x0000006f)
core   0: 3 0x800000c4 (0x0000006f)
core   0: 3 0x800000c4 (0x0000006f)
core   0: 3 0x800000c4 (0x0000006f)
core   0: 3 0x800000c4 (0x0000006f)
core   0: 3 0x800000c4 (0x0000006f)
core   0: 3 0x800000c4 (0x0000006f)
core   0: 3 0x800000c4 (0x0000006f)
core   0: 3 0x800000c4 (0x0000006f)
core   0: 3 0x800000c4 (0x0000006f)
core   0: 3 0x800000c4 (0x0000006f)
core   0: 3 0x800000c4 (0x0000006f)
core   0: 3 0x800000c4 (0x0000006f)
core   0: 3 0x800000c4 (0x0000006f)
core   0: 3 0x800000c4 (0x0000006f)
core   0: 3 0x800000c4 (0x0000006f)
core   0: 3 0x800000c4 (0x0000006f)
core   0: 3 0x800000c4 (0x0000006f)
core   0: 3 0x800000c4 (0x0000006f)
core   0: 3 0x800000c4 (0x0000006f)
core   0: 3 0x800000c4 (0x0000006f)
core   0: 3 0x800000c4 (0x0000006f)
core   0: 3 0x800000c4 (0x0000006f)
core   0: 3 0x800000c4 (0x0000006f)
core   0: 3 0x800000c4 (0x0000006f)
core   0: 3 0x800000c4 (0x0000006f)
core   0: 3 0x800000c4 (0x0000006f)
core   0: 3 0x800000c4 (0x0000006f)
core   0: 3 0x800000c4 (0x0000006f)
core   0: 3 0x800000c4 (0x0000006f)
core   0: 3 0x800000c4 (0x0000006f)
core   0: 3 0x800000c4 (0x0000006f)
core   0: 3 0x800000c4 (0x0000006f)
core   0: 3 0x800000c4 (0x0000006f)
core   0: 3 0x800000c4 (0x0000006f)
core   0: 3 0x800000c4 (0x0000006f)
core   0: 3 0x800000c4 (0x0000006f)
core   0: 3 0x800000c4 (0x0000006f)
core   0: 3 0x800000c4 (0x0000006f)
core   0: 3 0x800000c4 (0x0000006f)
core   0: 3 0x800000c4 (0x0000006f)
core   0: 3 0x800000c4 (0x0000006f)
core   0: 3 0x800000c4 (0x0000006f)
core   0: 3 0x800000c4 (0x0000006f)
core   0: 3 0x800000c4 (0x0000006f)
core   0: 3 0x800000c4 (0x0000006f)
core   0: 3 0x800000c4 (0x0000006f)
core   0: 3 0x800000c4 (0x0000006f)
core   0: 3 0x800000c4 (0x0000006f)
core   0: 3 0x800000c4 (0x0000006f)
core   0: 3 0x800000c4 (0x0000006f)
core   0: 3 0x800000c4 (0x0000006f)
core   0: 3 0x800000c4 (0x0000006f)
core   0: 3 0x800000c4 (0x0000006f)
core   0: 3 0x800000c4 (0x0000006f)
core   0: 3 0x800000c4 (0x0000006f)
core   0: 3 0x800000c4 (0x0000006f)
core   0: 3 0x800000c4 (0x0000006f)
core   0: 3 0x800000c4 (0x0000006f)
core   0: 3 0x800000c4 (0x0000006f)
core   0: 3 0x800000c4 (0x0000006f)
core   0: 3 0x800000c4 (0x0000006f)
core   0: 3 0x800000c4 (0x0000006f)
core   0: 3 0x800000c4 (0x0000006f)
core   0: 3 0x800000c4 (0x0000006f)
core   0: 3 0x800000c4 (0x0000006f)
core   0: 3 0x800000c4 (0x0000006f)
core   0: 3 0x800000c4 (0x0000006f)
core   0: 3 0x800000c4 (0x0000006f)
core   0: 3 0x800000c4 (0x0000006f)
core   0: 3 0x800000c4 (0x0000006f)
core   0: 3 0x800000c4 (0x0000006f)
core   0: 3 0x800000c4 (0x0000006f)
core   0: 3 0x800000c4 (0x0000006f)
core   0: 3 0x800000c4 (0x0000006f)
core   0: 3 0x800000c4 (0x0000006f)
core   0: 3 0x800000c4 (0x0000006f)
core   0: 3 0x800000c4 (0x0000006f)
core   0: 3 0x800000c4 (0x0000006f)
core   0: 3 0x800000c4 (0x0000006f)
core   0: 3 0x800000c4 (0x0000006f)
core   0: 3 0x800000c4 (0x0000006f)
core   0: 3 0x800000c4 (0x0000006f)
core   0: 3 0x800000c4 (0x0000006f)
core   0: 3 0x800000c4 (0x0000006f)
core   0: 3 0x800000c4 (0x0000006f)
core   0: 3 0x800000c4 (0x0000006f)
core   0: 3 0x800000c4 (0x0000006f)
core   0: 3 0x800000c4 (0x0000006f)
core   0: 3 0x800000c4 (0x0000006f)
core   0: 3 0x800000c4 (0x0000006f)
core   0: 3 0x800000c4 (0x0000006f)
core   0: 3 0x800000c4 (0x0000006f)
core   0: 3 0x800000c4 (0x0000006f)
core   0: 3 0x800000c4 (0x0000006f)
core   0: 3 0x800000c4 (0x0000006f)
core   0: 3 0x800000c4 (0x0000006f)
core   0: 3 0x800000c4 (0x0000006f)
core   0: 3 0x800000c4 (0x0000006f)
core   0: 3 0x800000c4 (0x0000006f)
core   0: 3 0x800000c4 (0x0000006f)
core   0: 3 0x800000c4 (0x0000006f)
core   0: 3 0x800000c4 (0x0000006f)
core   0: 3 0x800000c4 (0x0000006f)
core   0: 3 0x800000c4 (0x0000006f)
core   0: 3 0x800000c4 (0x0000006f)
core   0: 3 0x800000c4 (0x0000006f)
core   0: 3 0x800000c4 (0x0000006f)
core   0: 3 0x800000c4 (0x0000006f)
core   0: 3 0x800000c4 (0x0000006f)
core   0: 3 0x800000c4 (0x0000006f)
core   0: 3 0x800000c4 (0x0000006f)
core   0: 3 0x800000c4 (0x0000006f)
core   0: 3 0x800000c4 (0x0000006f)
core   0: 3 0x800000c4 (0x0000006f)
core   0: 3 0x800000c4 (0x0000006f)
core   0: 3 0x800000c4 (0x0000006f)
core   0: 3 0x800000c4 (0x0000006f)
core   0: 3 0x800000c4 (0x0000006f)
core   0: 3 0x800000c4 (0x0000006f)
core   0: 3 0x800000c4 (0x0000006f)
core   0: 3 0x800000c4 (0x0000006f)
core   0: 3 0x800000c4 (0x0000006f)
core   0: 3 0x800000c4 (0x0000006f)
core   0: 3 0x800000c4 (0x0000006f)
core   0: 3 0x800000c4 (0x0000006f)
core   0: 3 0x800000c4 (0x0000006f)
core   0: 3 0x800000c4 (0x0000006f)
core   0: 3 0x800000c4 (0x0000006f)
core   0: 3 0x800000c4 (0x0000006f)
core   0: 3 0x800000c4 (0x0000006f)
core   0: 3 0x800000c4 (0x0000006f)
core   0: 3 0x800000c4 (0x0000006f)
core   0: 3 0x800000c4 (0x0000006f)
core   0: 3 0x800000c4 (0x0000006f)
core   0: 3 0x800000c4 (0x0000006f)
core   0: 3 0x800000c4 (0x0000006f)
core   0: 3 0x800000c4 (0x0000006f)
core   0: 3 0x800000c4 (0x0000006f)
core   0: 3 0x800000c4 (0x0000006f)
core   0: 3 0x800000c4 (0x0000006f)
core   0: 3 0x800000c4 (0x0000006f)
core   0: 3 0x800000c4 (0x0000006f)
core   0: 3 0x800000c4 (0x0000006f)
core   0: 3 0x800000c4 (0x0000006f)
core   0: 3 0x800000c4 (0x0000006f)
core   0: 3 0x800000c4 (0x0000006f)
core   0: 3 0x800000c4 (0x0000006f)
core   0: 3 0x800000c4 (0x0000006f)
core   0: 3 0x800000c4 (0x0000006f)
core   0: 3 0x800000c4 (0x0000006f)
core   0: 3 0x800000c4 (0x0000006f)
core   0: 3 0x800000c4 (0x0000006f)
core   0: 3 0x800000c4 (0x0000006f)
core   0: 3 0x800000c4 (0x0000006f)
core   0: 3 0x800000c4 (0x0000006f)
core   0: 3 0x800000c4 (0x0000006f)
core   0: 3 0x800000c4 (0x0000006f)
core   0: 3 0x800000c4 (0x0000006f)
core   0: 3 0x800000c4 (0x0000006f)
core   0: 3 0x800000c4 (0x0000006f)
core   0: 3 0x800000c4 (0x0000006f)
core   0: 3 0x800000c4 (0x0000006f)
core   0: 3 0x800000c4 (0x0000006f)
core   0: 3 0x800000c4 (0x0000006f)
core   0: 3 0x800000c4 (0x0000006f)
core   0: 3 0x800000c4 (0x0000006f)
core   0: 3 0x800000c4 (0x0000006f)
core   0: 3 0x800000c4 (0x0000006f)
core   0: 3 0x800000c4 (0x0000006f)
core   0: 3 0x800000c4 (0x0000006f)
core   0: 3 0x800000c4 (0x0000006f)
core   0: 3 0x800000c4 (0x0000006f)
core   0: 3 0x800000c4 (0x0000006f)
core   0: 3 0x800000c4 (0x0000006f)
core   0: 3 0x800000c4 (0x0000006f)
core   0: 3 0x800000c4 (0x0000006f)
core   0: 3 0x800000c4 (0x0000006f)
core   0: 3 0x800000c4 (0x0000006f)
core   0: 3 0x800000c4 (0x0000006f)
core   0: 3 0x800000c4 (0x0000006f)
core   0: 3 0x800000c4 (0x0000006f)
core   0: 3 0x800000c4 (0x0000006f)
core   0: 3 0x800000c4 (0x0000006f)
core   0: 3 0x800000c4 (0x0000006f)
core   0: 3 0x800000c4 (0x0000006f)
core   0: 3 0x800000c4 (0x0000006f)
core   0: 3 0x800000c4 (0x0000006f)
core   0: 3 0x800000c4 (0x0000006f)
core   0: 3 0x800000c4 (0x0000006f)
core   0: 3 0x800000c4 (0x0000006f)
core   0: 3 0x800000c4 (0x0000006f)
core   0: 3 0x800000c4 (0x0000006f)
core   0: 3 0x800000c4 (0x0000006f)
core   0: 3 0x800000c4 (0x0000006f)
core   0: 3 0x800000c4 (0x0000006f)
core   0: 3 0x800000c4 (0x0000006f)
core   0: 3 0x800000c4 (0x0000006f)
core   0: 3 0x800000c4 (0x0000006f)
core   0: 3 0x800000c4 (0x0000006f)
core   0: 3 0x800000c4 (0x0000006f)
core   0: 3 0x800000c4 (0x0000006f)
core   0: 3 0x800000c4 (0x0000006f)
core   0: 3 0x800000c4 (0x0000006f)
core   0: 3 0x800000c4 (0x0000006f)
core   0: 3 0x800000c4 (0x0000006f)
core   0: 3 0x800000c4 (0x0000006f)
core   0: 3 0x800000c4 (0x0000006f)
core   0: 3 0x800000c4 (0x0000006f)
core   0: 3 0x800000c4 (0x0000006f)
core   0: 3 0x800000c4 (0x0000006f)
core   0: 3 0x800000c4 (0x0000006f)
core   0: 3 0x800000c4 (0x0000006f)
core   0: 3 0x800000c4 (0x0000006f)
core   0: 3 0x800000c4 (0x0000006f)
core   0: 3 0x800000c4 (0x0000006f)
core   0: 3 0x800000c4 (0x0000006f)
core   0: 3 0x800000c4 (0x0000006f)
core   0: 3 0x800000c4 (0x0000006f)
core   0: 3 0x800000c4 (0x0000006f)
core   0: 3 0x800000c4 (0x0000006f)
core   0: 3 0x800000c4 (0x0000006f)
core   0: 3 0x800000c4 (0x0000006f)
core   0: 3 0x800000c4 (0x0000006f)
core   0: 3 0x800000c4 (0x0000006f)
core   0: 3 0x800000c4 (0x0000006f)
core   0: 3 0x800000c4 (0x0000006f)
core   0: 3 0x800000c4 (0x0000006f)
core   0: 3 0x800000c4 (0x0000006f)
core   0: 3 0x800000c4 (0x0000006f)
core   0: 3 0x800000c4 (0x0000006f)
core   0: 3 0x800000c4 (0x0000006f)
core   0: 3 0x800000c4 (0x0000006f)
core   0: 3 0x800000c4 (0x0000006f)
core   0: 3 0x800000c4 (0x0000006f)
core   0: 3 0x800000c4 (0x0000006f)
core   0: 3 0x800000c4 (0x0000006f)
core   0: 3 0x800000c4 (0x0000006f)
core   0: 3 0x800000c4 (0x0000006f)
core   0: 3 0x800000c4 (0x0000006f)
core   0: 3 0x800000c4 (0x0000006f)
core   0: 3 0x800000c4 (0x0000006f)
core   0: 3 0x800000c4 (0x0000006f)
core   0: 3 0x800000c4 (0x0000006f)
core   0: 3 0x800000c4 (0x0000006f)
core   0: 3 0x800000c4 (0x0000006f)
core   0: 3 0x800000c4 (0x0000006f)
core   0: 3 0x800000c4 (0x0000006f)
core   0: 3 0x800000c4 (0x0000006f)
core   0: 3 0x800000c4 (0x0000006f)
core   0: 3 0x800000c4 (0x0000006f)
core   0: 3 0x800000c4 (0x0000006f)
core   0: 3 0x800000c4 (0x0000006f)
core   0: 3 0x800000c4 (0x0000006f)
core   0: 3 0x800000c4 (0x0000006f)
core   0: 3 0x800000c4 (0x0000006f)
core   0: 3 0x800000c4 (0x0000006f)
core   0: 3 0x800000c4 (0x0000006f)
core   0: 3 0x800000c4 (0x0000006f)
core   0: 3 0x800000c4 (0x0000006f)
core   0: 3 0x800000c4 (0x0000006f)
core   0: 3 0x800000c4 (0x0000006f)
core   0: 3 0x800000c4 (0x0000006f)
core   0: 3 0x800000c4 (0x0000006f)
core   0: 3 0x800000c4 (0x0000006f)
core   0: 3 0x800000c4 (0x0000006f)
core   0: 3 0x800000c4 (0x0000006f)
core   0: 3 0x800000c4 (0x0000006f)
core   0: 3 0x800000c4 (0x0000006f)
core   0: 3 0x800000c4 (0x0000006f)
core   0: 3 0x800000c4 (0x0000006f)
core   0: 3 0x800000c4 (0x0000006f)
core   0: 3 0x800000c4 (0x0000006f)
core   0: 3 0x800000c4 (0x0000006f)
core   0: 3 0x800000c4 (0x0000006f)
core   0: 3 0x800000c4 (0x0000006f)
core   0: 3 0x800000c4 (0x0000006f)
core   0: 3 0x800000c4 (0x0000006f)
core   0: 3 0x800000c4 (0x0000006f)
core   0: 3 0x800000c4 (0x0000006f)
core   0: 3 0x800000c4 (0x0000006f)
core   0: 3 0x800000c4 (0x0000006f)
core   0: 3 0x800000c4 (0x0000006f)
core   0: 3 0x800000c4 (0x0000006f)
core   0: 3 0x800000c4 (0x0000006f)
core   0: 3 0x800000c4 (0x0000006f)
core   0: 3 0x800000c4 (0x0000006f)
core   0: 3 0x800000c4 (0x0000006f)
core   0: 3 0x800000c4 (0x0000006f)
core   0: 3 0x800000c4 (0x0000006f)
core   0: 3 0x800000c4 (0x0000006f)
core   0: 3 0x800000c4 (0x0000006f)
core   0: 3 0x800000c4 (0x0000006f)
core   0: 3 0x800000c4 (0x0000006f)
core   0: 3 0x800000c4 (0x0000006f)
core   0: 3 0x800000c4 (0x0000006f)
core   0: 3 0x800000c4 (0x0000006f)
core   0: 3 0x800000c4 (0x0000006f)
core   0: 3 0x800000c4 (0x0000006f)
core   0: 3 0x800000c4 (0x0000006f)
core   0: 3 0x800000c4 (0x0000006f)
core   0: 3 0x800000c4 (0x0000006f)
core   0: 3 0x800000c4 (0x0000006f)
core   0: 3 0x800000c4 (0x0000006f)
core   0: 3 0x800000c4 (0x0000006f)
core   0: 3 0x800000c4 (0x0000006f)
core   0: 3 0x800000c4 (0x0000006f)
core   0: 3 0x800000c4 (0x0000006f)
core   0: 3 0x800000c4 (0x0000006f)
core   0: 3 0x800000c4 (0x0000006f)
core   0: 3 0x800000c4 (0x0000006f)
core   0: 3 0x800000c4 (0x0000006f)
core   0: 3 0x800000c4 (0x0000006f)
core   0: 3 0x800000c4 (0x0000006f)
core   0: 3 0x800000c4 (0x0000006f)
core   0: 3 0x800000c4 (0x0000006f)
core   0: 3 0x800000c4 (0x0000006f)
core   0: 3 0x800000c4 (0x0000006f)
core   0: 3 0x800000c4 (0x0000006f)
core   0: 3 0x800000c4 (0x0000006f)
core   0: 3 0x800000c4 (0x0000006f)
core   0: 3 0x800000c4 (0x0000006f)
core   0: 3 0x800000c4 (0x0000006f)
core   0: 3 0x800000c4 (0x0000006f)
core   0: 3 0x800000c4 (0x0000006f)
core   0: 3 0x800000c4 (0x0000006f)
core   0: 3 0x800000c4 (0x0000006f)
core   0: 3 0x800000c4 (0x0000006f)
core   0: 3 0x800000c4 (0x0000006f)
core   0: 3 0x800000c4 (0x0000006f)
core   0: 3 0x800000c4 (0x0000006f)
core   0: 3 0x800000c4 (0x0000006f)
core   0: 3 0x800000c4 (0x0000006f)
core   0: 3 0x800000c4 (0x0000006f)
core   0: 3 0x800000c4 (0x0000006f)
core   0: 3 0x800000c4 (0x0000006f)
core   0: 3 0x800000c4 (0x0000006f)
core   0: 3 0x800000c4 (0x0000006f)
core   0: 3 0x800000c4 (0x0000006f)
core   0: 3 0x800000c4 (0x0000006f)
core   0: 3 0x800000c4 (0x0000006f)
core   0: 3 0x800000c4 (0x0000006f)
core   0: 3 0x800000c4 (0x0000006f)
core   0: 3 0x800000c4 (0x0000006f)
core   0: 3 0x800000c4 (0x0000006f)
core   0: 3 0x800000c4 (0x0000006f)
core   0: 3 0x800000c4 (0x0000006f)
core   0: 3 0x800000c4 (0x0000006f)
core   0: 3 0x800000c4 (0x0000006f)
core   0: 3 0x800000c4 (0x0000006f)
core   0: 3 0x800000c4 (0x0000006f)
core   0: 3 0x800000c4 (0x0000006f)
core   0: 3 0x800000c4 (0x0000006f)
core   0: 3 0x800000c4 (0x0000006f)
core   0: 3 0x800000c4 (0x0000006f)
core   0: 3 0x800000c4 (0x0000006f)
core   0: 3 0x800000c4 (0x0000006f)
core   0: 3 0x800000c4 (0x0000006f)
core   0: 3 0x800000c4 (0x0000006f)
core   0: 3 0x800000c4 (0x0000006f)
core   0: 3 0x800000c4 (0x0000006f)
core   0: 3 0x800000c4 (0x0000006f)
core   0: 3 0x800000c4 (0x0000006f)
core   0: 3 0x800000c4 (0x0000006f)
core   0: 3 0x800000c4 (0x0000006f)
core   0: 3 0x800000c4 (0x0000006f)
core   0: 3 0x800000c4 (0x0000006f)
core   0: 3 0x800000c4 (0x0000006f)
core   0: 3 0x800000c4 (0x0000006f)
core   0: 3 0x800000c4 (0x0000006f)
core   0: 3 0x800000c4 (0x0000006f)
core   0: 3 0x800000c4 (0x0000006f)
core   0: 3 0x800000c4 (0x0000006f)
core   0: 3 0x800000c4 (0x0000006f)
core   0: 3 0x800000c4 (0x0000006f)
core   0: 3 0x800000c4 (0x0000006f)
core   0: 3 0x800000c4 (0x0000006f)
core   0: 3 0x800000c4 (0x0000006f)
core   0: 3 0x800000c4 (0x0000006f)
core   0: 3 0x800000c4 (0x0000006f)
core   0: 3 0x800000c4 (0x0000006f)
core   0: 3 0x800000c4 (0x0000006f)
core   0: 3 0x800000c4 (0x0000006f)
core   0: 3 0x800000c4 (0x0000006f)
core   0: 3 0x800000c4 (0x0000006f)
core   0: 3 0x800000c4 (0x0000006f)
core   0: 3 0x800000c4 (0x0000006f)
core   0: 3 0x800000c4 (0x0000006f)
core   0: 3 0x800000c4 (0x0000006f)
core   0: 3 0x800000c4 (0x0000006f)
core   0: 3 0x800000c4 (0x0000006f)
core   0: 3 0x800000c4 (0x0000006f)
core   0: 3 0x800000c4 (0x0000006f)
core   0: 3 0x800000c4 (0x0000006f)
core   0: 3 0x800000c4 (0x0000006f)
core   0: 3 0x800000c4 (0x0000006f)
core   0: 3 0x800000c4 (0x0000006f)
core   0: 3 0x800000c4 (0x0000006f)
core   0: 3 0x800000c4 (0x0000006f)
core   0: 3 0x800000c4 (0x0000006f)
core   0: 3 0x800000c4 (0x0000006f)
core   0: 3 0x800000c4 (0x0000006f)
core   0: 3 0x800000c4 (0x0000006f)
core   0: 3 0x800000c4 (0x0000006f)
core   0: 3 0x800000c4 (0x0000006f)
core   0: 3 0x800000c4 (0x0000006f)
core   0: 3 0x800000c4 (0x0000006f)
core   0: 3 0x800000c4 (0x0000006f)
core   0: 3 0x800000c4 (0x0000006f)
core   0: 3 0x800000c4 (0x0000006f)
core   0: 3 0x800000c4 (0x0000006f)
core   0: 3 0x800000c4 (0x0000006f)
core   0: 3 0x800000c4 (0x0000006f)
core   0: 3 0x800000c4 (0x0000006f)
core   0: 3 0x800000c4 (0x0000006f)
core   0: 3 0x800000c4 (0x0000006f)
core   0: 3 0x800000c4 (0x0000006f)
core   0: 3 0x800000c4 (0x0000006f)
core   0: 3 0x800000c4 (0x0000006f)
core   0: 3 0x800000c4 (0x0000006f)
core   0: 3 0x800000c4 (0x0000006f)
core   0: 3 0x800000c4 (0x0000006f)
core   0: 3 0x800000c4 (0x0000006f)
core   0: 3 0x800000c4 (0x0000006f)
core   0: 3 0x800000c4 (0x0000006f)
core   0: 3 0x800000c4 (0x0000006f)
core   0: 3 0x800000c4 (0x0000006f)
core   0: 3 0x800000c4 (0x0000006f)
core   0: 3 0x800000c4 (0x0000006f)
core   0: 3 0x800000c4 (0x0000006f)
core   0: 3 0x800000c4 (0x0000006f)
core   0: 3 0x800000c4 (0x0000006f)
core   0: 3 0x800000c4 (0x0000006f)
core   0: 3 0x800000c4 (0x0000006f)
core   0: 3 0x800000c4 (0x0000006f)
core   0: 3 0x800000c4 (0x0000006f)
core   0: 3 0x800000c4 (0x0000006f)
core   0: 3 0x800000c4 (0x0000006f)
core   0: 3 0x800000c4 (0x0000006f)
core   0: 3 0x800000c4 (0x0000006f)
core   0: 3 0x800000c4 (0x0000006f)
core   0: 3 0x800000c4 (0x0000006f)
core   0: 3 0x800000c4 (0x0000006f)
core   0: 3 0x800000c4 (0x0000006f)
core   0: 3 0x800000c4 (0x0000006f)
core   0: 3 0x800000c4 (0x0000006f)
core   0: 3 0x800000c4 (0x0000006f)
core   0: 3 0x800000c4 (0x0000006f)
core   0: 3 0x800000c4 (0x0000006f)
core   0: 3 0x800000c4 (0x0000006f)
core   0: 3 0x800000c4 (0x0000006f)
core   0: 3 0x800000c4 (0x0000006f)
core   0: 3 0x800000c4 (0x0000006f)
core   0: 3 0x800000c4 (0x0000006f)
core   0: 3 0x800000c4 (0x0000006f)
core   0: 3 0x800000c4 (0x0000006f)
core   0: 3 0x800000c4 (0x0000006f)
core   0: 3 0x800000c4 (0x0000006f)
core   0: 3 0x800000c4 (0x0000006f)
core   0: 3 0x800000c4 (0x0000006f)
core   0: 3 0x800000c4 (0x0000006f)
core   0: 3 0x800000c4 (0x0000006f)
core   0: 3 0x800000c4 (0x0000006f)
core   0: 3 0x800000c4 (0x0000006f)
core   0: 3 0x800000c4 (0x0000006f)
core   0: 3 0x800000c4 (0x0000006f)
core   0: 3 0x800000c4 (0x0000006f)
core   0: 3 0x800000c4 (0x0000006f)
core   0: 3 0x800000c4 (0x0000006f)
core   0: 3 0x800000c4 (0x0000006f)
core   0: 3 0x800000c4 (0x0000006f)
core   0: 3 0x800000c4 (0x0000006f)
core   0: 3 0x800000c4 (0x0000006f)
core   0: 3 0x800000c4 (0x0000006f)
core   0: 3 0x800000c4 (0x0000006f)
core   0: 3 0x800000c4 (0x0000006f)
core   0: 3 0x800000c4 (0x0000006f)
core   0: 3 0x800000c4 (0x0000006f)
core   0: 3 0x800000c4 (0x0000006f)
core   0: 3 0x800000c4 (0x0000006f)
core   0: 3 0x800000c4 (0x0000006f)
core   0: 3 0x800000c4 (0x0000006f)
core   0: 3 0x800000c4 (0x0000006f)
core   0: 3 0x800000c4 (0x0000006f)
core   0: 3 0x800000c4 (0x0000006f)
core   0: 3 0x800000c4 (0x0000006f)
core   0: 3 0x800000c4 (0x0000006f)
core   0: 3 0x800000c4 (0x0000006f)
core   0: 3 0x800000c4 (0x0000006f)
core   0: 3 0x800000c4 (0x0000006f)
core   0: 3 0x800000c4 (0x0000006f)
core   0: 3 0x800000c4 (0x0000006f)
core   0: 3 0x800000c4 (0x0000006f)
core   0: 3 0x800000c4 (0x0000006f)
core   0: 3 0x800000c4 (0x0000006f)
core   0: 3 0x800000c4 (0x0000006f)
core   0: 3 0x800000c4 (0x0000006f)
core   0: 3 0x800000c4 (0x0000006f)
core   0: 3 0x800000c4 (0x0000006f)
core   0: 3 0x800000c4 (0x0000006f)
core   0: 3 0x800000c4 (0x0000006f)
core   0: 3 0x800000c4 (0x0000006f)
core   0: 3 0x800000c4 (0x0000006f)
core   0: 3 0x800000c4 (0x0000006f)
core   0: 3 0x800000c4 (0x0000006f)
core   0: 3 0x800000c4 (0x0000006f)
core   0: 3 0x800000c4 (0x0000006f)
core   0: 3 0x800000c4 (0x0000006f)
core   0: 3 0x800000c4 (0x0000006f)
core   0: 3 0x800000c4 (0x0000006f)
core   0: 3 0x800000c4 (0x0000006f)
core   0: 3 0x800000c4 (0x0000006f)
core   0: 3 0x800000c4 (0x0000006f)
core   0: 3 0x800000c4 (0x0000006f)
core   0: 3 0x800000c4 (0x0000006f)
core   0: 3 0x800000c4 (0x0000006f)
core   0: 3 0x800000c4 (0x0000006f)
core   0: 3 0x800000c4 (0x0000006f)
core   0: 3 0x800000c4 (0x0000006f)
core   0: 3 0x800000c4 (0x0000006f)
core   0: 3 0x800000c4 (0x0000006f)
core   0: 3 0x800000c4 (0x0000006f)
core   0: 3 0x800000c4 (0x0000006f)
core   0: 3 0x800000c4 (0x0000006f)
core   0: 3 0x800000c4 (0x0000006f)
core   0: 3 0x800000c4 (0x0000006f)
core   0: 3 0x800000c4 (0x0000006f)
core   0: 3 0x800000c4 (0x0000006f)
core   0: 3 0x800000c4 (0x0000006f)
core   0: 3 0x800000c4 (0x0000006f)
core   0: 3 0x800000c4 (0x0000006f)
core   0: 3 0x800000c4 (0x0000006f)
core   0: 3 0x800000c4 (0x0000006f)
core   0: 3 0x800000c4 (0x0000006f)
core   0: 3 0x800000c4 (0x0000006f)
core   0: 3 0x800000c4 (0x0000006f)
core   0: 3 0x800000c4 (0x0000006f)
core   0: 3 0x800000c4 (0x0000006f)
core   0: 3 0x800000c4 (0x0000006f)
core   0: 3 0x800000c4 (0x0000006f)
core   0: 3 0x800000c4 (0x0000006f)
core   0: 3 0x800000c4 (0x0000006f)
core   0: 3 0x800000c4 (0x0000006f)
core   0: 3 0x800000c4 (0x0000006f)
core   0: 3 0x800000c4 (0x0000006f)
core   0: 3 0x800000c4 (0x0000006f)
core   0: 3 0x800000c4 (0x0000006f)
core   0: 3 0x800000c4 (0x0000006f)
core   0: 3 0x800000c4 (0x0000006f)
core   0: 3 0x800000c4 (0x0000006f)
core   0: 3 0x800000c4 (0x0000006f)
core   0: 3 0x800000c4 (0x0000006f)
core   0: 3 0x800000c4 (0x0000006f)
core   0: 3 0x800000c4 (0x0000006f)
core   0: 3 0x800000c4 (0x0000006f)
core   0: 3 0x800000c4 (0x0000006f)
core   0: 3 0x800000c4 (0x0000006f)
core   0: 3 0x800000c4 (0x0000006f)
core   0: 3 0x800000c4 (0x0000006f)
core   0: 3 0x800000c4 (0x0000006f)
core   0: 3 0x800000c4 (0x0000006f)
core   0: 3 0x800000c4 (0x0000006f)
core   0: 3 0x800000c4 (0x0000006f)
core   0: 3 0x800000c4 (0x0000006f)
core   0: 3 0x800000c4 (0x0000006f)
core   0: 3 0x800000c4 (0x0000006f)
core   0: 3 0x800000c4 (0x0000006f)
core   0: 3 0x800000c4 (0x0000006f)
core   0: 3 0x800000c4 (0x0000006f)
core   0: 3 0x800000c4 (0x0000006f)
core   0: 3 0x800000c4 (0x0000006f)
core   0: 3 0x800000c4 (0x0000006f)
core   0: 3 0x800000c4 (0x0000006f)
core   0: 3 0x800000c4 (0x0000006f)
core   0: 3 0x800000c4 (0x0000006f)
core   0: 3 0x800000c4 (0x0000006f)
core   0: 3 0x800000c4 (0x0000006f)
core   0: 3 0x800000c4 (0x0000006f)
core   0: 3 0x800000c4 (0x0000006f)
core   0: 3 0x800000c4 (0x0000006f)
core   0: 3 0x800000c4 (0x0000006f)
core   0: 3 0x800000c4 (0x0000006f)
core   0: 3 0x800000c4 (0x0000006f)
core   0: 3 0x800000c4 (0x0000006f)
core   0: 3 0x800000c4 (0x0000006f)
core   0: 3 0x800000c4 (0x0000006f)
core   0: 3 0x800000c4 (0x0000006f)
core   0: 3 0x800000c4 (0x0000006f)
core   0: 3 0x800000c4 (0x0000006f)
core   0: 3 0x800000c4 (0x0000006f)
core   0: 3 0x800000c4 (0x0000006f)
core   0: 3 0x800000c4 (0x0000006f)
core   0: 3 0x800000c4 (0x0000006f)
core   0: 3 0x800000c4 (0x0000006f)
core   0: 3 0x800000c4 (0x0000006f)
core   0: 3 0x800000c4 (0x0000006f)
core   0: 3 0x800000c4 (0x0000006f)
core   0: 3 0x800000c4 (0x0000006f)
core   0: 3 0x800000c4 (0x0000006f)
core   0: 3 0x800000c4 (0x0000006f)
core   0: 3 0x800000c4 (0x0000006f)
core   0: 3 0x800000c4 (0x0000006f)
core   0: 3 0x800000c4 (0x0000006f)
core   0: 3 0x800000c4 (0x0000006f)
core   0: 3 0x800000c4 (0x0000006f)
core   0: 3 0x800000c4 (0x0000006f)
core   0: 3 0x800000c4 (0x0000006f)
core   0: 3 0x800000c4 (0x0000006f)
core   0: 3 0x800000c4 (0x0000006f)
core   0: 3 0x800000c4 (0x0000006f)
core   0: 3 0x800000c4 (0x0000006f)
core   0: 3 0x800000c4 (0x0000006f)
core   0: 3 0x800000c4 (0x0000006f)
core   0: 3 0x800000c4 (0x0000006f)
core   0: 3 0x800000c4 (0x0000006f)
core   0: 3 0x800000c4 (0x0000006f)
core   0: 3 0x800000c4 (0x0000006f)
core   0: 3 0x800000c4 (0x0000006f)
core   0: 3 0x800000c4 (0x0000006f)
core   0: 3 0x800000c4 (0x0000006f)
core   0: 3 0x800000c4 (0x0000006f)
core   0: 3 0x800000c4 (0x0000006f)
core   0: 3 0x800000c4 (0x0000006f)
core   0: 3 0x800000c4 (0x0000006f)
core   0: 3 0x800000c4 (0x0000006f)
core   0: 3 0x800000c4 (0x0000006f)
core   0: 3 0x800000c4 (0x0000006f)
core   0: 3 0x800000c4 (0x0000006f)
core   0: 3 0x800000c4 (0x0000006f)
core   0: 3 0x800000c4 (0x0000006f)
core   0: 3 0x800000c4 (0x0000006f)
core   0: 3 0x800000c4 (0x0000006f)
core   0: 3 0x800000c4 (0x0000006f)
core   0: 3 0x800000c4 (0x0000006f)
core   0: 3 0x800000c4 (0x0000006f)
core   0: 3 0x800000c4 (0x0000006f)
core   0: 3 0x800000c4 (0x0000006f)
core   0: 3 0x800000c4 (0x0000006f)
core   0: 3 0x800000c4 (0x0000006f)
core   0: 3 0x800000c4 (0x0000006f)
core   0: 3 0x800000c4 (0x0000006f)
core   0: 3 0x800000c4 (0x0000006f)
core   0: 3 0x800000c4 (0x0000006f)
core   0: 3 0x800000c4 (0x0000006f)
core   0: 3 0x800000c4 (0x0000006f)
core   0: 3 0x800000c4 (0x0000006f)
core   0: 3 0x800000c4 (0x0000006f)
core   0: 3 0x800000c4 (0x0000006f)
core   0: 3 0x800000c4 (0x0000006f)
core   0: 3 0x800000c4 (0x0000006f)
core   0: 3 0x800000c4 (0x0000006f)
core   0: 3 0x800000c4 (0x0000006f)
core   0: 3 0x800000c4 (0x0000006f)
core   0: 3 0x800000c4 (0x0000006f)
core   0: 3 0x800000c4 (0x0000006f)
core   0: 3 0x800000c4 (0x0000006f)
core   0: 3 0x800000c4 (0x0000006f)
core   0: 3 0x800000c4 (0x0000006f)
core   0: 3 0x800000c4 (0x0000006f)
core   0: 3 0x800000c4 (0x0000006f)
core   0: 3 0x800000c4 (0x0000006f)
core   0: 3 0x800000c4 (0x0000006f)
core   0: 3 0x800000c4 (0x0000006f)
core   0: 3 0x800000c4 (0x0000006f)
core   0: 3 0x800000c4 (0x0000006f)
core   0: 3 0x800000c4 (0x0000006f)
core   0: 3 0x800000c4 (0x0000006f)
core   0: 3 0x800000c4 (0x0000006f)
core   0: 3 0x800000c4 (0x0000006f)
core   0: 3 0x800000c4 (0x0000006f)
core   0: 3 0x800000c4 (0x0000006f)
core   0: 3 0x800000c4 (0x0000006f)
core   0: 3 0x800000c4 (0x0000006f)
core   0: 3 0x800000c4 (0x0000006f)
core   0: 3 0x800000c4 (0x0000006f)
core   0: 3 0x800000c4 (0x0000006f)
core   0: 3 0x800000c4 (0x0000006f)
core   0: 3 0x800000c4 (0x0000006f)
core   0: 3 0x800000c4 (0x0000006f)
core   0: 3 0x800000c4 (0x0000006f)
core   0: 3 0x800000c4 (0x0000006f)
core   0: 3 0x800000c4 (0x0000006f)
core   0: 3 0x800000c4 (0x0000006f)
core   0: 3 0x800000c4 (0x0000006f)
core   0: 3 0x800000c4 (0x0000006f)
core   0: 3 0x800000c4 (0x0000006f)
core   0: 3 0x800000c4 (0x0000006f)
core   0: 3 0x800000c4 (0x0000006f)
core   0: 3 0x800000c4 (0x0000006f)
core   0: 3 0x800000c4 (0x0000006f)
core   0: 3 0x800000c4 (0x0000006f)
core   0: 3 0x800000c4 (0x0000006f)
core   0: 3 0x800000c4 (0x0000006f)
core   0: 3 0x800000c4 (0x0000006f)
core   0: 3 0x800000c4 (0x0000006f)
core   0: 3 0x800000c4 (0x0000006f)
core   0: 3 0x800000c4 (0x0000006f)
core   0: 3 0x800000c4 (0x0000006f)
core   0: 3 0x800000c4 (0x0000006f)
core   0: 3 0x800000c4 (0x0000006f)
core   0: 3 0x800000c4 (0x0000006f)
core   0: 3 0x800000c4 (0x0000006f)
core   0: 3 0x800000c4 (0x0000006f)
core   0: 3 0x800000c4 (0x0000006f)
core   0: 3 0x800000c4 (0x0000006f)
core   0: 3 0x800000c4 (0x0000006f)
core   0: 3 0x800000c4 (0x0000006f)
core   0: 3 0x800000c4 (0x0000006f)
core   0: 3 0x800000c4 (0x0000006f)
core   0: 3 0x800000c4 (0x0000006f)
core   0: 3 0x800000c4 (0x0000006f)
core   0: 3 0x800000c4 (0x0000006f)
core   0: 3 0x800000c4 (0x0000006f)
core   0: 3 0x800000c4 (0x0000006f)
core   0: 3 0x800000c4 (0x0000006f)
core   0: 3 0x800000c4 (0x0000006f)
core   0: 3 0x800000c4 (0x0000006f)
core   0: 3 0x800000c4 (0x0000006f)
core   0: 3 0x800000c4 (0x0000006f)
core   0: 3 0x800000c4 (0x0000006f)
core   0: 3 0x800000c4 (0x0000006f)
core   0: 3 0x800000c4 (0x0000006f)
core   0: 3 0x800000c4 (0x0000006f)
core   0: 3 0x800000c4 (0x0000006f)
core   0: 3 0x800000c4 (0x0000006f)
core   0: 3 0x800000c4 (0x0000006f)
core   0: 3 0x800000c4 (0x0000006f)
core   0: 3 0x800000c4 (0x0000006f)
core   0: 3 0x800000c4 (0x0000006f)
core   0: 3 0x800000c4 (0x0000006f)
core   0: 3 0x800000c4 (0x0000006f)
core   0: 3 0x800000c4 (0x0000006f)
core   0: 3 0x800000c4 (0x0000006f)
core   0: 3 0x800000c4 (0x0000006f)
core   0: 3 0x800000c4 (0x0000006f)
core   0: 3 0x800000c4 (0x0000006f)
core   0: 3 0x800000c4 (0x0000006f)
core   0: 3 0x800000c4 (0x0000006f)
core   0: 3 0x800000c4 (0x0000006f)
core   0: 3 0x800000c4 (0x0000006f)
core   0: 3 0x800000c4 (0x0000006f)
core   0: 3 0x800000c4 (0x0000006f)
core   0: 3 0x800000c4 (0x0000006f)
core   0: 3 0x800000c4 (0x0000006f)
core   0: 3 0x800000c4 (0x0000006f)
core   0: 3 0x800000c4 (0x0000006f)
core   0: 3 0x800000c4 (0x0000006f)
core   0: 3 0x800000c4 (0x0000006f)
core   0: 3 0x800000c4 (0x0000006f)
core   0: 3 0x800000c4 (0x0000006f)
core   0: 3 0x800000c4 (0x0000006f)
core   0: 3 0x800000c4 (0x0000006f)
core   0: 3 0x800000c4 (0x0000006f)
core   0: 3 0x800000c4 (0x0000006f)
core   0: 3 0x800000c4 (0x0000006f)
core   0: 3 0x800000c4 (0x0000006f)
core   0: 3 0x800000c4 (0x0000006f)
core   0: 3 0x800000c4 (0x0000006f)
core   0: 3 0x800000c4 (0x0000006f)
core   0: 3 0x800000c4 (0x0000006f)
core   0: 3 0x800000c4 (0x0000006f)
core   0: 3 0x800000c4 (0x0000006f)
core   0: 3 0x800000c4 (0x0000006f)
core   0: 3 0x800000c4 (0x0000006f)
core   0: 3 0x800000c4 (0x0000006f)
core   0: 3 0x800000c4 (0x0000006f)
core   0: 3 0x800000c4 (0x0000006f)
core   0: 3 0x800000c4 (0x0000006f)
core   0: 3 0x800000c4 (0x0000006f)
core   0: 3 0x800000c4 (0x0000006f)
core   0: 3 0x800000c4 (0x0000006f)
core   0: 3 0x800000c4 (0x0000006f)
core   0: 3 0x800000c4 (0x0000006f)
core   0: 3 0x800000c4 (0x0000006f)
core   0: 3 0x800000c4 (0x0000006f)
core   0: 3 0x800000c4 (0x0000006f)
core   0: 3 0x800000c4 (0x0000006f)
core   0: 3 0x800000c4 (0x0000006f)
core   0: 3 0x800000c4 (0x0000006f)
core   0: 3 0x800000c4 (0x0000006f)
core   0: 3 0x800000c4 (0x0000006f)
core   0: 3 0x800000c4 (0x0000006f)
core   0: 3 0x800000c4 (0x0000006f)
core   0: 3 0x800000c4 (0x0000006f)
core   0: 3 0x800000c4 (0x0000006f)
core   0: 3 0x800000c4 (0x0000006f)
core   0: 3 0x800000c4 (0x0000006f)
core   0: 3 0x800000c4 (0x0000006f)
core   0: 3 0x800000c4 (0x0000006f)
core   0: 3 0x800000c4 (0x0000006f)
core   0: 3 0x800000c4 (0x0000006f)
core   0: 3 0x800000c4 (0x0000006f)
core   0: 3 0x800000c4 (0x0000006f)
core   0: 3 0x800000c4 (0x0000006f)
core   0: 3 0x800000c4 (0x0000006f)
core   0: 3 0x800000c4 (0x0000006f)
core   0: 3 0x800000c4 (0x0000006f)
core   0: 3 0x800000c4 (0x0000006f)
core   0: 3 0x800000c4 (0x0000006f)
core   0: 3 0x800000c4 (0x0000006f)
core   0: 3 0x800000c4 (0x0000006f)
core   0: 3 0x800000c4 (0x0000006f)
core   0: 3 0x800000c4 (0x0000006f)
core   0: 3 0x800000c4 (0x0000006f)
core   0: 3 0x800000c4 (0x0000006f)
core   0: 3 0x800000c4 (0x0000006f)
core   0: 3 0x800000c4 (0x0000006f)
core   0: 3 0x800000c4 (0x0000006f)
core   0: 3 0x800000c4 (0x0000006f)
core   0: 3 0x800000c4 (0x0000006f)
core   0: 3 0x800000c4 (0x0000006f)
core   0: 3 0x800000c4 (0x0000006f)
core   0: 3 0x800000c4 (0x0000006f)
core   0: 3 0x800000c4 (0x0000006f)
core   0: 3 0x800000c4 (0x0000006f)
core   0: 3 0x800000c4 (0x0000006f)
core   0: 3 0x800000c4 (0x0000006f)
core   0: 3 0x800000c4 (0x0000006f)
core   0: 3 0x800000c4 (0x0000006f)
core   0: 3 0x800000c4 (0x0000006f)
core   0: 3 0x800000c4 (0x0000006f)
core   0: 3 0x800000c4 (0x0000006f)
core   0: 3 0x800000c4 (0x0000006f)
core   0: 3 0x800000c4 (0x0000006f)
core   0: 3 0x800000c4 (0x0000006f)
core   0: 3 0x800000c4 (0x0000006f)
core   0: 3 0x800000c4 (0x0000006f)
core   0: 3 0x800000c4 (0x0000006f)
core   0: 3 0x800000c4 (0x0000006f)
core   0: 3 0x800000c4 (0x0000006f)
core   0: 3 0x800000c4 (0x0000006f)
core   0: 3 0x800000c4 (0x0000006f)
core   0: 3 0x800000c4 (0x0000006f)
core   0: 3 0x800000c4 (0x0000006f)
core   0: 3 0x800000c4 (0x0000006f)
core   0: 3 0x800000c4 (0x0000006f)
core   0: 3 0x800000c4 (0x0000006f)
core   0: 3 0x800000c4 (0x0000006f)
core   0: 3 0x800000c4 (0x0000006f)
core   0: 3 0x800000c4 (0x0000006f)
core   0: 3 0x800000c4 (0x0000006f)
core   0: 3 0x800000c4 (0x0000006f)
core   0: 3 0x800000c4 (0x0000006f)
core   0: 3 0x800000c4 (0x0000006f)
core   0: 3 0x800000c4 (0x0000006f)
core   0: 3 0x800000c4 (0x0000006f)
core   0: 3 0x800000c4 (0x0000006f)
core   0: 3 0x800000c4 (0x0000006f)
core   0: 3 0x800000c4 (0x0000006f)
core   0: 3 0x800000c4 (0x0000006f)
core   0: 3 0x800000c4 (0x0000006f)
core   0: 3 0x800000c4 (0x0000006f)
core   0: 3 0x800000c4 (0x0000006f)
core   0: 3 0x800000c4 (0x0000006f)
core   0: 3 0x800000c4 (0x0000006f)
core   0: 3 0x800000c4 (0x0000006f)
core   0: 3 0x800000c4 (0x0000006f)
core   0: 3 0x800000c4 (0x0000006f)
core   0: 3 0x800000c4 (0x0000006f)
core   0: 3 0x800000c4 (0x0000006f)
core   0: 3 0x800000c4 (0x0000006f)
core   0: 3 0x800000c4 (0x0000006f)
core   0: 3 0x800000c4 (0x0000006f)
core   0: 3 0x800000c4 (0x0000006f)
core   0: 3 0x800000c4 (0x0000006f)
core   0: 3 0x800000c4 (0x0000006f)
core   0: 3 0x800000c4 (0x0000006f)
core   0: 3 0x800000c4 (0x0000006f)
core   0: 3 0x800000c4 (0x0000006f)
core   0: 3 0x800000c4 (0x0000006f)
core   0: 3 0x800000c4 (0x0000006f)
core   0: 3 0x800000c4 (0x0000006f)
core   0: 3 0x800000c4 (0x0000006f)
core   0: 3 0x800000c4 (0x0000006f)
core   0: 3 0x800000c4 (0x0000006f)
core   0: 3 0x800000c4 (0x0000006f)
core   0: 3 0x800000c4 (0x0000006f)
core   0: 3 0x800000c4 (0x0000006f)
core   0: 3 0x800000c4 (0x0000006f)
core   0: 3 0x800000c4 (0x0000006f)
core   0: 3 0x800000c4 (0x0000006f)
core   0: 3 0x800000c4 (0x0000006f)
core   0: 3 0x800000c4 (0x0000006f)
core   0: 3 0x800000c4 (0x0000006f)
core   0: 3 0x800000c4 (0x0000006f)
core   0: 3 0x800000c4 (0x0000006f)
core   0: 3 0x800000c4 (0x0000006f)
core   0: 3 0x800000c4 (0x0000006f)
core   0: 3 0x800000c4 (0x0000006f)
core   0: 3 0x800000c4 (0x0000006f)
core   0: 3 0x800000c4 (0x0000006f)
core   0: 3 0x800000c4 (0x0000006f)
core   0: 3 0x800000c4 (0x0000006f)
core   0: 3 0x800000c4 (0x0000006f)
core   0: 3 0x800000c4 (0x0000006f)
core   0: 3 0x800000c4 (0x0000006f)
core   0: 3 0x800000c4 (0x0000006f)
core   0: 3 0x800000c4 (0x0000006f)
core   0: 3 0x800000c4 (0x0000006f)
core   0: 3 0x800000c4 (0x0000006f)
core   0: 3 0x800000c4 (0x0000006f)
core   0: 3 0x800000c4 (0x0000006f)
core   0: 3 0x800000c4 (0x0000006f)
core   0: 3 0x800000c4 (0x0000006f)
core   0: 3 0x800000c4 (0x0000006f)
core   0: 3 0x800000c4 (0x0000006f)
core   0: 3 0x800000c4 (0x0000006f)
core   0: 3 0x800000c4 (0x0000006f)
core   0: 3 0x800000c4 (0x0000006f)
core   0: 3 0x800000c4 (0x0000006f)
core   0: 3 0x800000c4 (0x0000006f)
core   0: 3 0x800000c4 (0x0000006f)
core   0: 3 0x800000c4 (0x0000006f)
core   0: 3 0x800000c4 (0x0000006f)
core   0: 3 0x800000c4 (0x0000006f)
core   0: 3 0x800000c4 (0x0000006f)
core   0: 3 0x800000c4 (0x0000006f)
core   0: 3 0x800000c4 (0x0000006f)
core   0: 3 0x800000c4 (0x0000006f)
core   0: 3 0x800000c4 (0x0000006f)
core   0: 3 0x800000c4 (0x0000006f)
core   0: 3 0x800000c4 (0x0000006f)
core   0: 3 0x800000c4 (0x0000006f)
core   0: 3 0x800000c4 (0x0000006f)
core   0: 3 0x800000c4 (0x0000006f)
core   0: 3 0x800000c4 (0x0000006f)
core   0: 3 0x800000c4 (0x0000006f)
core   0: 3 0x800000c4 (0x0000006f)
core   0: 3 0x800000c4 (0x0000006f)
core   0: 3 0x800000c4 (0x0000006f)
core   0: 3 0x800000c4 (0x0000006f)
core   0: 3 0x800000c4 (0x0000006f)
core   0: 3 0x800000c4 (0x0000006f)
core   0: 3 0x800000c4 (0x0000006f)
core   0: 3 0x800000c4 (0x0000006f)
core   0: 3 0x800000c4 (0x0000006f)
core   0: 3 0x800000c4 (0x0000006f)
core   0: 3 0x800000c4 (0x0000006f)
core   0: 3 0x800000c4 (0x0000006f)
core   0: 3 0x800000c4 (0x0000006f)
core   0: 3 0x800000c4 (0x0000006f)
core   0: 3 0x800000c4 (0x0000006f)
core   0: 3 0x800000c4 (0x0000006f)
core   0: 3 0x800000c4 (0x0000006f)
core   0: 3 0x800000c4 (0x0000006f)
core   0: 3 0x800000c4 (0x0000006f)
core   0: 3 0x800000c4 (0x0000006f)
core   0: 3 0x800000c4 (0x0000006f)
core   0: 3 0x800000c4 (0x0000006f)
core   0: 3 0x800000c4 (0x0000006f)
core   0: 3 0x800000c4 (0x0000006f)
core   0: 3 0x800000c4 (0x0000006f)
core   0: 3 0x800000c4 (0x0000006f)
core   0: 3 0x800000c4 (0x0000006f)
core   0: 3 0x800000c4 (0x0000006f)
core   0: 3 0x800000c4 (0x0000006f)
core   0: 3 0x800000c4 (0x0000006f)
core   0: 3 0x800000c4 (0x0000006f)
core   0: 3 0x800000c4 (0x0000006f)
core   0: 3 0x800000c4 (0x0000006f)
core   0: 3 0x800000c4 (0x0000006f)
core   0: 3 0x800000c4 (0x0000006f)
core   0: 3 0x800000c4 (0x0000006f)
core   0: 3 0x800000c4 (0x0000006f)
core   0: 3 0x800000c4 (0x0000006f)
core   0: 3 0x800000c4 (0x0000006f)
core   0: 3 0x800000c4 (0x0000006f)
core   0: 3 0x800000c4 (0x0000006f)
core   0: 3 0x800000c4 (0x0000006f)
core   0: 3 0x800000c4 (0x0000006f)
core   0: 3 0x800000c4 (0x0000006f)
core   0: 3 0x800000c4 (0x0000006f)
core   0: 3 0x800000c4 (0x0000006f)
core   0: 3 0x800000c4 (0x0000006f)
core   0: 3 0x800000c4 (0x0000006f)
core   0: 3 0x800000c4 (0x0000006f)
core   0: 3 0x800000c4 (0x0000006f)
core   0: 3 0x800000c4 (0x0000006f)
core   0: 3 0x800000c4 (0x0000006f)
core   0: 3 0x800000c4 (0x0000006f)
core   0: 3 0x800000c4 (0x0000006f)
core   0: 3 0x800000c4 (0x0000006f)
core   0: 3 0x800000c4 (0x0000006f)
core   0: 3 0x800000c4 (0x0000006f)
core   0: 3 0x800000c4 (0x0000006f)
core   0: 3 0x800000c4 (0x0000006f)
core   0: 3 0x800000c4 (0x0000006f)
core   0: 3 0x800000c4 (0x0000006f)
core   0: 3 0x800000c4 (0x0000006f)
core   0: 3 0x800000c4 (0x0000006f)
core   0: 3 0x800000c4 (0x0000006f)
core   0: 3 0x800000c4 (0x0000006f)
core   0: 3 0x800000c4 (0x0000006f)
core   0: 3 0x800000c4 (0x0000006f)
core   0: 3 0x800000c4 (0x0000006f)
core   0: 3 0x800000c4 (0x0000006f)
core   0: 3 0x800000c4 (0x0000006f)
core   0: 3 0x800000c4 (0x0000006f)
core   0: 3 0x800000c4 (0x0000006f)
core   0: 3 0x800000c4 (0x0000006f)
core   0: 3 0x800000c4 (0x0000006f)
core   0: 3 0x800000c4 (0x0000006f)
core   0: 3 0x800000c4 (0x0000006f)
core   0: 3 0x800000c4 (0x0000006f)
core   0: 3 0x800000c4 (0x0000006f)
core   0: 3 0x800000c4 (0x0000006f)
core   0: 3 0x800000c4 (0x0000006f)
core   0: 3 0x800000c4 (0x0000006f)
core   0: 3 0x800000c4 (0x0000006f)
core   0: 3 0x800000c4 (0x0000006f)
core   0: 3 0x800000c4 (0x0000006f)
core   0: 3 0x800000c4 (0x0000006f)
core   0: 3 0x800000c4 (0x0000006f)
core   0: 3 0x800000c4 (0x0000006f)
core   0: 3 0x800000c4 (0x0000006f)
core   0: 3 0x800000c4 (0x0000006f)
core   0: 3 0x800000c4 (0x0000006f)
core   0: 3 0x800000c4 (0x0000006f)
core   0: 3 0x800000c4 (0x0000006f)
core   0: 3 0x800000c4 (0x0000006f)
core   0: 3 0x800000c4 (0x0000006f)
core   0: 3 0x800000c4 (0x0000006f)
core   0: 3 0x800000c4 (0x0000006f)
core   0: 3 0x800000c4 (0x0000006f)
core   0: 3 0x800000c4 (0x0000006f)
core   0: 3 0x800000c4 (0x0000006f)
core   0: 3 0x800000c4 (0x0000006f)
core   0: 3 0x800000c4 (0x0000006f)
core   0: 3 0x800000c4 (0x0000006f)
core   0: 3 0x800000c4 (0x0000006f)
core   0: 3 0x800000c4 (0x0000006f)
core   0: 3 0x800000c4 (0x0000006f)
core   0: 3 0x800000c4 (0x0000006f)
core   0: 3 0x800000c4 (0x0000006f)
core   0: 3 0x800000c4 (0x0000006f)
core   0: 3 0x800000c4 (0x0000006f)
core   0: 3 0x800000c4 (0x0000006f)
core   0: 3 0x800000c4 (0x0000006f)
core   0: 3 0x800000c4 (0x0000006f)
core   0: 3 0x800000c4 (0x0000006f)
core   0: 3 0x800000c4 (0x0000006f)
core   0: 3 0x800000c4 (0x0000006f)
core   0: 3 0x800000c4 (0x0000006f)
core   0: 3 0x800000c4 (0x0000006f)
core   0: 3 0x800000c4 (0x0000006f)
core   0: 3 0x800000c4 (0x0000006f)
core   0: 3 0x800000c4 (0x0000006f)
core   0: 3 0x800000c4 (0x0000006f)
core   0: 3 0x800000c4 (0x0000006f)
core   0: 3 0x800000c4 (0x0000006f)
core   0: 3 0x800000c4 (0x0000006f)
core   0: 3 0x800000c4 (0x0000006f)
core   0: 3 0x800000c4 (0x0000006f)
core   0: 3 0x800000c4 (0x0000006f)
core   0: 3 0x800000c4 (0x0000006f)
core   0: 3 0x800000c4 (0x0000006f)
core   0: 3 0x800000c4 (0x0000006f)
core   0: 3 0x800000c4 (0x0000006f)
core   0: 3 0x800000c4 (0x0000006f)
core   0: 3 0x800000c4 (0x0000006f)
core   0: 3 0x800000c4 (0x0000006f)
core   0: 3 0x800000c4 (0x0000006f)
core   0: 3 0x800000c4 (0x0000006f)
core   0: 3 0x800000c4 (0x0000006f)
core   0: 3 0x800000c4 (0x0000006f)
core   0: 3 0x800000c4 (0x0000006f)
core   0: 3 0x800000c4 (0x0000006f)
core   0: 3 0x800000c4 (0x0000006f)
core   0: 3 0x800000c4 (0x0000006f)
core   0: 3 0x800000c4 (0x0000006f)
core   0: 3 0x800000c4 (0x0000006f)
core   0: 3 0x800000c4 (0x0000006f)
core   0: 3 0x800000c4 (0x0000006f)
core   0: 3 0x800000c4 (0x0000006f)
core   0: 3 0x800000c4 (0x0000006f)
core   0: 3 0x800000c4 (0x0000006f)
core   0: 3 0x800000c4 (0x0000006f)
core   0: 3 0x800000c4 (0x0000006f)
core   0: 3 0x800000c4 (0x0000006f)
core   0: 3 0x800000c4 (0x0000006f)
core   0: 3 0x800000c4 (0x0000006f)
core   0: 3 0x800000c4 (0x0000006f)
core   0: 3 0x800000c4 (0x0000006f)
core   0: 3 0x800000c4 (0x0000006f)
core   0: 3 0x800000c4 (0x0000006f)
core   0: 3 0x800000c4 (0x0000006f)
core   0: 3 0x800000c4 (0x0000006f)
core   0: 3 0x800000c4 (0x0000006f)
core   0: 3 0x800000c4 (0x0000006f)
core   0: 3 0x800000c4 (0x0000006f)
core   0: 3 0x800000c4 (0x0000006f)
core   0: 3 0x800000c4 (0x0000006f)
core   0: 3 0x800000c4 (0x0000006f)
core   0: 3 0x800000c4 (0x0000006f)
core   0: 3 0x800000c4 (0x0000006f)
core   0: 3 0x800000c4 (0x0000006f)
core   0: 3 0x800000c4 (0x0000006f)
core   0: 3 0x800000c4 (0x0000006f)
core   0: 3 0x800000c4 (0x0000006f)
core   0: 3 0x800000c4 (0x0000006f)
core   0: 3 0x800000c4 (0x0000006f)
core   0: 3 0x800000c4 (0x0000006f)
core   0: 3 0x800000c4 (0x0000006f)
core   0: 3 0x800000c4 (0x0000006f)
core   0: 3 0x800000c4 (0x0000006f)
core   0: 3 0x800000c4 (0x0000006f)
core   0: 3 0x800000c4 (0x0000006f)
core   0: 3 0x800000c4 (0x0000006f)
core   0: 3 0x800000c4 (0x0000006f)
core   0: 3 0x800000c4 (0x0000006f)
core   0: 3 0x800000c4 (0x0000006f)
core   0: 3 0x800000c4 (0x0000006f)
core   0: 3 0x800000c4 (0x0000006f)
core   0: 3 0x800000c4 (0x0000006f)
core   0: 3 0x800000c4 (0x0000006f)
core   0: 3 0x800000c4 (0x0000006f)
core   0: 3 0x800000c4 (0x0000006f)
core   0: 3 0x800000c4 (0x0000006f)
core   0: 3 0x800000c4 (0x0000006f)
core   0: 3 0x800000c4 (0x0000006f)
core   0: 3 0x800000c4 (0x0000006f)
core   0: 3 0x800000c4 (0x0000006f)
core   0: 3 0x800000c4 (0x0000006f)
core   0: 3 0x800000c4 (0x0000006f)
core   0: 3 0x800000c4 (0x0000006f)
core   0: 3 0x800000c4 (0x0000006f)
core   0: 3 0x800000c4 (0x0000006f)
core   0: 3 0x800000c4 (0x0000006f)
core   0: 3 0x800000c4 (0x0000006f)
core   0: 3 0x800000c4 (0x0000006f)
core   0: 3 0x800000c4 (0x0000006f)
core   0: 3 0x800000c4 (0x0000006f)
core   0: 3 0x800000c4 (0x0000006f)
core   0: 3 0x800000c4 (0x0000006f)
core   0: 3 0x800000c4 (0x0000006f)
core   0: 3 0x800000c4 (0x0000006f)
core   0: 3 0x800000c4 (0x0000006f)
core   0: 3 0x800000c4 (0x0000006f)
core   0: 3 0x800000c4 (0x0000006f)
core   0: 3 0x800000c4 (0x0000006f)
core   0: 3 0x800000c4 (0x0000006f)
core   0: 3 0x800000c4 (0x0000006f)
core   0: 3 0x800000c4 (0x0000006f)
core   0: 3 0x800000c4 (0x0000006f)
core   0: 3 0x800000c4 (0x0000006f)
core   0: 3 0x800000c4 (0x0000006f)
core   0: 3 0x800000c4 (0x0000006f)
core   0: 3 0x800000c4 (0x0000006f)
core   0: 3 0x800000c4 (0x0000006f)
core   0: 3 0x800000c4 (0x0000006f)
core   0: 3 0x800000c4 (0x0000006f)
core   0: 3 0x800000c4 (0x0000006f)
core   0: 3 0x800000c4 (0x0000006f)
core   0: 3 0x800000c4 (0x0000006f)
core   0: 3 0x800000c4 (0x0000006f)
core   0: 3 0x800000c4 (0x0000006f)
core   0: 3 0x800000c4 (0x0000006f)
core   0: 3 0x800000c4 (0x0000006f)
core   0: 3 0x800000c4 (0x0000006f)
core   0: 3 0x800000c4 (0x0000006f)
core   0: 3 0x800000c4 (0x0000006f)
core   0: 3 0x800000c4 (0x0000006f)
core   0: 3 0x800000c4 (0x0000006f)
core   0: 3 0x800000c4 (0x0000006f)
core   0: 3 0x800000c4 (0x0000006f)
core   0: 3 0x800000c4 (0x0000006f)
core   0: 3 0x800000c4 (0x0000006f)
core   0: 3 0x800000c4 (0x0000006f)
core   0: 3 0x800000c4 (0x0000006f)
core   0: 3 0x800000c4 (0x0000006f)
core   0: 3 0x800000c4 (0x0000006f)
core   0: 3 0x800000c4 (0x0000006f)
core   0: 3 0x800000c4 (0x0000006f)
core   0: 3 0x800000c4 (0x0000006f)
core   0: 3 0x800000c4 (0x0000006f)
core   0: 3 0x800000c4 (0x0000006f)
core   0: 3 0x800000c4 (0x0000006f)
core   0: 3 0x800000c4 (0x0000006f)
core   0: 3 0x800000c4 (0x0000006f)
core   0: 3 0x800000c4 (0x0000006f)
core   0: 3 0x800000c4 (0x0000006f)
core   0: 3 0x800000c4 (0x0000006f)
core   0: 3 0x800000c4 (0x0000006f)
core   0: 3 0x800000c4 (0x0000006f)
core   0: 3 0x800000c4 (0x0000006f)
core   0: 3 0x800000c4 (0x0000006f)
core   0: 3 0x800000c4 (0x0000006f)
core   0: 3 0x800000c4 (0x0000006f)
core   0: 3 0x800000c4 (0x0000006f)
core   0: 3 0x800000c4 (0x0000006f)
core   0: 3 0x800000c4 (0x0000006f)
core   0: 3 0x800000c4 (0x0000006f)
core   0: 3 0x800000c4 (0x0000006f)
core   0: 3 0x800000c4 (0x0000006f)
core   0: 3 0x800000c4 (0x0000006f)
core   0: 3 0x800000c4 (0x0000006f)
core   0: 3 0x800000c4 (0x0000006f)
core   0: 3 0x800000c4 (0x0000006f)
core   0: 3 0x800000c4 (0x0000006f)
core   0: 3 0x800000c4 (0x0000006f)
core   0: 3 0x800000c4 (0x0000006f)
core   0: 3 0x800000c4 (0x0000006f)
core   0: 3 0x800000c4 (0x0000006f)
core   0: 3 0x800000c4 (0x0000006f)
core   0: 3 0x800000c4 (0x0000006f)
core   0: 3 0x800000c4 (0x0000006f)
core   0: 3 0x800000c4 (0x0000006f)
core   0: 3 0x800000c4 (0x0000006f)
core   0: 3 0x800000c4 (0x0000006f)
core   0: 3 0x800000c4 (0x0000006f)
core   0: 3 0x800000c4 (0x0000006f)
core   0: 3 0x800000c4 (0x0000006f)
core   0: 3 0x800000c4 (0x0000006f)
core   0: 3 0x800000c4 (0x0000006f)
core   0: 3 0x800000c4 (0x0000006f)
core   0: 3 0x800000c4 (0x0000006f)
core   0: 3 0x800000c4 (0x0000006f)
core   0: 3 0x800000c4 (0x0000006f)
core   0: 3 0x800000c4 (0x0000006f)
core   0: 3 0x800000c4 (0x0000006f)
core   0: 3 0x800000c4 (0x0000006f)
core   0: 3 0x800000c4 (0x0000006f)
core   0: 3 0x800000c4 (0x0000006f)
core   0: 3 0x800000c4 (0x0000006f)
core   0: 3 0x800000c4 (0x0000006f)
core   0: 3 0x800000c4 (0x0000006f)
core   0: 3 0x800000c4 (0x0000006f)
core   0: 3 0x800000c4 (0x0000006f)
core   0: 3 0x800000c4 (0x0000006f)
core   0: 3 0x800000c4 (0x0000006f)
core   0: 3 0x800000c4 (0x0000006f)
core   0: 3 0x800000c4 (0x0000006f)
core   0: 3 0x800000c4 (0x0000006f)
core   0: 3 0x800000c4 (0x0000006f)
core   0: 3 0x800000c4 (0x0000006f)
core   0: 3 0x800000c4 (0x0000006f)
core   0: 3 0x800000c4 (0x0000006f)
core   0: 3 0x800000c4 (0x0000006f)
core   0: 3 0x800000c4 (0x0000006f)
core   0: 3 0x800000c4 (0x0000006f)
core   0: 3 0x800000c4 (0x0000006f)
core   0: 3 0x800000c4 (0x0000006f)
core   0: 3 0x800000c4 (0x0000006f)
core   0: 3 0x800000c4 (0x0000006f)
core   0: 3 0x800000c4 (0x0000006f)
core   0: 3 0x800000c4 (0x0000006f)
core   0: 3 0x800000c4 (0x0000006f)
core   0: 3 0x800000c4 (0x0000006f)
core   0: 3 0x800000c4 (0x0000006f)
core   0: 3 0x800000c4 (0x0000006f)
core   0: 3 0x800000c4 (0x0000006f)
core   0: 3 0x800000c4 (0x0000006f)
core   0: 3 0x800000c4 (0x0000006f)
core   0: 3 0x800000c4 (0x0000006f)
core   0: 3 0x800000c4 (0x0000006f)
core   0: 3 0x800000c4 (0x0000006f)
core   0: 3 0x800000c4 (0x0000006f)
core   0: 3 0x800000c4 (0x0000006f)
core   0: 3 0x800000c4 (0x0000006f)
core   0: 3 0x800000c4 (0x0000006f)
core   0: 3 0x800000c4 (0x0000006f)
core   0: 3 0x800000c4 (0x0000006f)
core   0: 3 0x800000c4 (0x0000006f)
core   0: 3 0x800000c4 (0x0000006f)
core   0: 3 0x800000c4 (0x0000006f)
core   0: 3 0x800000c4 (0x0000006f)
core   0: 3 0x800000c4 (0x0000006f)
core   0: 3 0x800000c4 (0x0000006f)
core   0: 3 0x800000c4 (0x0000006f)
core   0: 3 0x800000c4 (0x0000006f)
core   0: 3 0x800000c4 (0x0000006f)
core   0: 3 0x800000c4 (0x0000006f)
core   0: 3 0x800000c4 (0x0000006f)
core   0: 3 0x800000c4 (0x0000006f)
core   0: 3 0x800000c4 (0x0000006f)
core   0: 3 0x800000c4 (0x0000006f)
core   0: 3 0x800000c4 (0x0000006f)
core   0: 3 0x800000c4 (0x0000006f)
core   0: 3 0x800000c4 (0x0000006f)
core   0: 3 0x800000c4 (0x0000006f)
core   0: 3 0x800000c4 (0x0000006f)
core   0: 3 0x800000c4 (0x0000006f)
core   0: 3 0x800000c4 (0x0000006f)
core   0: 3 0x800000c4 (0x0000006f)
core   0: 3 0x800000c4 (0x0000006f)
core   0: 3 0x800000c4 (0x0000006f)
core   0: 3 0x800000c4 (0x0000006f)
core   0: 3 0x800000c4 (0x0000006f)
core   0: 3 0x800000c4 (0x0000006f)
core   0: 3 0x800000c4 (0x0000006f)
core   0: 3 0x800000c4 (0x0000006f)
core   0: 3 0x800000c4 (0x0000006f)
core   0: 3 0x800000c4 (0x0000006f)
core   0: 3 0x800000c4 (0x0000006f)
core   0: 3 0x800000c4 (0x0000006f)
core   0: 3 0x800000c4 (0x0000006f)
core   0: 3 0x800000c4 (0x0000006f)
core   0: 3 0x800000c4 (0x0000006f)
core   0: 3 0x800000c4 (0x0000006f)
core   0: 3 0x800000c4 (0x0000006f)
core   0: 3 0x800000c4 (0x0000006f)
core   0: 3 0x800000c4 (0x0000006f)
core   0: 3 0x800000c4 (0x0000006f)
core   0: 3 0x800000c4 (0x0000006f)
core   0: 3 0x800000c4 (0x0000006f)
core   0: 3 0x800000c4 (0x0000006f)
core   0: 3 0x800000c4 (0x0000006f)
core   0: 3 0x800000c4 (0x0000006f)
core   0: 3 0x800000c4 (0x0000006f)
core   0: 3 0x800000c4 (0x0000006f)
core   0: 3 0x800000c4 (0x0000006f)
core   0: 3 0x800000c4 (0x0000006f)
core   0: 3 0x800000c4 (0x0000006f)
core   0: 3 0x800000c4 (0x0000006f)
core   0: 3 0x800000c4 (0x0000006f)
core   0: 3 0x800000c4 (0x0000006f)
core   0: 3 0x800000c4 (0x0000006f)
core   0: 3 0x800000c4 (0x0000006f)
core   0: 3 0x800000c4 (0x0000006f)
core   0: 3 0x800000c4 (0x0000006f)
core   0: 3 0x800000c4 (0x0000006f)
core   0: 3 0x800000c4 (0x0000006f)
core   0: 3 0x800000c4 (0x0000006f)
core   0: 3 0x800000c4 (0x0000006f)
core   0: 3 0x800000c4 (0x0000006f)
core   0: 3 0x800000c4 (0x0000006f)
core   0: 3 0x800000c4 (0x0000006f)
core   0: 3 0x800000c4 (0x0000006f)
core   0: 3 0x800000c4 (0x0000006f)
core   0: 3 0x800000c4 (0x0000006f)
core   0: 3 0x800000c4 (0x0000006f)
core   0: 3 0x800000c4 (0x0000006f)
core   0: 3 0x800000c4 (0x0000006f)
core   0: 3 0x800000c4 (0x0000006f)
core   0: 3 0x800000c4 (0x0000006f)
core   0: 3 0x800000c4 (0x0000006f)
core   0: 3 0x800000c4 (0x0000006f)
core   0: 3 0x800000c4 (0x0000006f)
core   0: 3 0x800000c4 (0x0000006f)
core   0: 3 0x800000c4 (0x0000006f)
core   0: 3 0x800000c4 (0x0000006f)
core   0: 3 0x800000c4 (0x0000006f)
core   0: 3 0x800000c4 (0x0000006f)
core   0: 3 0x800000c4 (0x0000006f)
core   0: 3 0x800000c4 (0x0000006f)
core   0: 3 0x800000c4 (0x0000006f)
core   0: 3 0x800000c4 (0x0000006f)
core   0: 3 0x800000c4 (0x0000006f)
core   0: 3 0x800000c4 (0x0000006f)
core   0: 3 0x800000c4 (0x0000006f)
core   0: 3 0x800000c4 (0x0000006f)
core   0: 3 0x800000c4 (0x0000006f)
core   0: 3 0x800000c4 (0x0000006f)
core   0: 3 0x800000c4 (0x0000006f)
core   0: 3 0x800000c4 (0x0000006f)
core   0: 3 0x800000c4 (0x0000006f)
core   0: 3 0x800000c4 (0x0000006f)
core   0: 3 0x800000c4 (0x0000006f)
core   0: 3 0x800000c4 (0x0000006f)
core   0: 3 0x800000c4 (0x0000006f)
core   0: 3 0x800000c4 (0x0000006f)
core   0: 3 0x800000c4 (0x0000006f)
core   0: 3 0x800000c4 (0x0000006f)
core   0: 3 0x800000c4 (0x0000006f)
core   0: 3 0x800000c4 (0x0000006f)
core   0: 3 0x800000c4 (0x0000006f)
core   0: 3 0x800000c4 (0x0000006f)
core   0: 3 0x800000c4 (0x0000006f)
core   0: 3 0x800000c4 (0x0000006f)
core   0: 3 0x800000c4 (0x0000006f)
core   0: 3 0x800000c4 (0x0000006f)
core   0: 3 0x800000c4 (0x0000006f)
core   0: 3 0x800000c4 (0x0000006f)
core   0: 3 0x800000c4 (0x0000006f)
core   0: 3 0x800000c4 (0x0000006f)
core   0: 3 0x800000c4 (0x0000006f)
core   0: 3 0x800000c4 (0x0000006f)
core   0: 3 0x800000c4 (0x0000006f)
core   0: 3 0x800000c4 (0x0000006f)
core   0: 3 0x800000c4 (0x0000006f)
core   0: 3 0x800000c4 (0x0000006f)
core   0: 3 0x800000c4 (0x0000006f)
core   0: 3 0x800000c4 (0x0000006f)
core   0: 3 0x800000c4 (0x0000006f)
core   0: 3 0x800000c4 (0x0000006f)
core   0: 3 0x800000c4 (0x0000006f)
core   0: 3 0x800000c4 (0x0000006f)
core   0: 3 0x800000c4 (0x0000006f)
core   0: 3 0x800000c4 (0x0000006f)
core   0: 3 0x800000c4 (0x0000006f)
core   0: 3 0x800000c4 (0x0000006f)
core   0: 3 0x800000c4 (0x0000006f)
core   0: 3 0x800000c4 (0x0000006f)
core   0: 3 0x800000c4 (0x0000006f)
core   0: 3 0x800000c4 (0x0000006f)
core   0: 3 0x800000c4 (0x0000006f)
core   0: 3 0x800000c4 (0x0000006f)
core   0: 3 0x800000c4 (0x0000006f)
core   0: 3 0x800000c4 (0x0000006f)
core   0: 3 0x800000c4 (0x0000006f)
core   0: 3 0x800000c4 (0x0000006f)
core   0: 3 0x800000c4 (0x0000006f)
core   0: 3 0x800000c4 (0x0000006f)
core   0: 3 0x800000c4 (0x0000006f)
core   0: 3 0x800000c4 (0x0000006f)
core   0: 3 0x800000c4 (0x0000006f)
core   0: 3 0x800000c4 (0x0000006f)
core   0: 3 0x800000c4 (0x0000006f)
core   0: 3 0x800000c4 (0x0000006f)
core   0: 3 0x800000c4 (0x0000006f)
core   0: 3 0x800000c4 (0x0000006f)
core   0: 3 0x800000c4 (0x0000006f)
core   0: 3 0x800000c4 (0x0000006f)
core   0: 3 0x800000c4 (0x0000006f)
core   0: 3 0x800000c4 (0x0000006f)
core   0: 3 0x800000c4 (0x0000006f)
core   0: 3 0x800000c4 (0x0000006f)
core   0: 3 0x800000c4 (0x0000006f)
core   0: 3 0x800000c4 (0x0000006f)
core   0: 3 0x800000c4 (0x0000006f)
core   0: 3 0x800000c4 (0x0000006f)
core   0: 3 0x800000c4 (0x0000006f)
core   0: 3 0x800000c4 (0x0000006f)
core   0: 3 0x800000c4 (0x0000006f)
core   0: 3 0x800000c4 (0x0000006f)
core   0: 3 0x800000c4 (0x0000006f)
core   0: 3 0x800000c4 (0x0000006f)
core   0: 3 0x800000c4 (0x0000006f)
core   0: 3 0x800000c4 (0x0000006f)
core   0: 3 0x800000c4 (0x0000006f)
core   0: 3 0x800000c4 (0x0000006f)
core   0: 3 0x800000c4 (0x0000006f)
core   0: 3 0x800000c4 (0x0000006f)
core   0: 3 0x800000c4 (0x0000006f)
core   0: 3 0x800000c4 (0x0000006f)
core   0: 3 0x800000c4 (0x0000006f)
core   0: 3 0x800000c4 (0x0000006f)
core   0: 3 0x800000c4 (0x0000006f)
core   0: 3 0x800000c4 (0x0000006f)
core   0: 3 0x800000c4 (0x0000006f)
core   0: 3 0x800000c4 (0x0000006f)
core   0: 3 0x800000c4 (0x0000006f)
core   0: 3 0x800000c4 (0x0000006f)
core   0: 3 0x800000c4 (0x0000006f)
core   0: 3 0x800000c4 (0x0000006f)
core   0: 3 0x800000c4 (0x0000006f)
core   0: 3 0x800000c4 (0x0000006f)
core   0: 3 0x800000c4 (0x0000006f)
core   0: 3 0x800000c4 (0x0000006f)
core   0: 3 0x800000c4 (0x0000006f)
core   0: 3 0x800000c4 (0x0000006f)
core   0: 3 0x800000c4 (0x0000006f)
core   0: 3 0x800000c4 (0x0000006f)
core   0: 3 0x800000c4 (0x0000006f)
core   0: 3 0x800000c4 (0x0000006f)
core   0: 3 0x800000c4 (0x0000006f)
core   0: 3 0x800000c4 (0x0000006f)
core   0: 3 0x800000c4 (0x0000006f)
core   0: 3 0x800000c4 (0x0000006f)
core   0: 3 0x800000c4 (0x0000006f)
core   0: 3 0x800000c4 (0x0000006f)
core   0: 3 0x800000c4 (0x0000006f)
core   0: 3 0x800000c4 (0x0000006f)
core   0: 3 0x800000c4 (0x0000006f)
core   0: 3 0x800000c4 (0x0000006f)
core   0: 3 0x800000c4 (0x0000006f)
core   0: 3 0x800000c4 (0x0000006f)
core   0: 3 0x800000c4 (0x0000006f)
core   0: 3 0x800000c4 (0x0000006f)
core   0: 3 0x800000c4 (0x0000006f)
core   0: 3 0x800000c4 (0x0000006f)
core   0: 3 0x800000c4 (0x0000006f)
core   0: 3 0x800000c4 (0x0000006f)
core   0: 3 0x800000c4 (0x0000006f)
core   0: 3 0x800000c4 (0x0000006f)
core   0: 3 0x800000c4 (0x0000006f)
core   0: 3 0x800000c4 (0x0000006f)
core   0: 3 0x800000c4 (0x0000006f)
core   0: 3 0x800000c4 (0x0000006f)
core   0: 3 0x800000c4 (0x0000006f)
core   0: 3 0x800000c4 (0x0000006f)
core   0: 3 0x800000c4 (0x0000006f)
core   0: 3 0x800000c4 (0x0000006f)
core   0: 3 0x800000c4 (0x0000006f)
core   0: 3 0x800000c4 (0x0000006f)
core   0: 3 0x800000c4 (0x0000006f)
core   0: 3 0x800000c4 (0x0000006f)
core   0: 3 0x800000c4 (0x0000006f)
core   0: 3 0x800000c4 (0x0000006f)
core   0: 3 0x800000c4 (0x0000006f)
core   0: 3 0x800000c4 (0x0000006f)
core   0: 3 0x800000c4 (0x0000006f)
core   0: 3 0x800000c4 (0x0000006f)
core   0: 3 0x800000c4 (0x0000006f)
core   0: 3 0x800000c4 (0x0000006f)
core   0: 3 0x800000c4 (0x0000006f)
core   0: 3 0x800000c4 (0x0000006f)
core   0: 3 0x800000c4 (0x0000006f)
core   0: 3 0x800000c4 (0x0000006f)
core   0: 3 0x800000c4 (0x0000006f)
core   0: 3 0x800000c4 (0x0000006f)
core   0: 3 0x800000c4 (0x0000006f)
core   0: 3 0x800000c4 (0x0000006f)
core   0: 3 0x800000c4 (0x0000006f)
core   0: 3 0x800000c4 (0x0000006f)
core   0: 3 0x800000c4 (0x0000006f)
core   0: 3 0x800000c4 (0x0000006f)
core   0: 3 0x800000c4 (0x0000006f)
core   0: 3 0x800000c4 (0x0000006f)
core   0: 3 0x800000c4 (0x0000006f)
core   0: 3 0x800000c4 (0x0000006f)
core   0: 3 0x800000c4 (0x0000006f)
core   0: 3 0x800000c4 (0x0000006f)
core   0: 3 0x800000c4 (0x0000006f)
core   0: 3 0x800000c4 (0x0000006f)
core   0: 3 0x800000c4 (0x0000006f)
core   0: 3 0x800000c4 (0x0000006f)
core   0: 3 0x800000c4 (0x0000006f)
core   0: 3 0x800000c4 (0x0000006f)
core   0: 3 0x800000c4 (0x0000006f)
core   0: 3 0x800000c4 (0x0000006f)
core   0: 3 0x800000c4 (0x0000006f)
core   0: 3 0x800000c4 (0x0000006f)
core   0: 3 0x800000c4 (0x0000006f)
core   0: 3 0x800000c4 (0x0000006f)
core   0: 3 0x800000c4 (0x0000006f)
core   0: 3 0x800000c4 (0x0000006f)
core   0: 3 0x800000c4 (0x0000006f)
core   0: 3 0x800000c4 (0x0000006f)
core   0: 3 0x800000c4 (0x0000006f)
core   0: 3 0x800000c4 (0x0000006f)
core   0: 3 0x800000c4 (0x0000006f)
core   0: 3 0x800000c4 (0x0000006f)
core   0: 3 0x800000c4 (0x0000006f)
core   0: 3 0x800000c4 (0x0000006f)
core   0: 3 0x800000c4 (0x0000006f)
core   0: 3 0x800000c4 (0x0000006f)
core   0: 3 0x800000c4 (0x0000006f)
core   0: 3 0x800000c4 (0x0000006f)
core   0: 3 0x800000c4 (0x0000006f)
core   0: 3 0x800000c4 (0x0000006f)
core   0: 3 0x800000c4 (0x0000006f)
core   0: 3 0x800000c4 (0x0000006f)
core   0: 3 0x800000c4 (0x0000006f)
core   0: 3 0x800000c4 (0x0000006f)
core   0: 3 0x800000c4 (0x0000006f)
core   0: 3 0x800000c4 (0x0000006f)
core   0: 3 0x800000c4 (0x0000006f)
core   0: 3 0x800000c4 (0x0000006f)
core   0: 3 0x800000c4 (0x0000006f)
core   0: 3 0x800000c4 (0x0000006f)
core   0: 3 0x800000c4 (0x0000006f)
core   0: 3 0x800000c4 (0x0000006f)
core   0: 3 0x800000c4 (0x0000006f)
core   0: 3 0x800000c4 (0x0000006f)
core   0: 3 0x800000c4 (0x0000006f)
core   0: 3 0x800000c4 (0x0000006f)
core   0: 3 0x800000c4 (0x0000006f)
core   0: 3 0x800000c4 (0x0000006f)
core   0: 3 0x800000c4 (0x0000006f)
core   0: 3 0x800000c4 (0x0000006f)
core   0: 3 0x800000c4 (0x0000006f)
core   0: 3 0x800000c4 (0x0000006f)
core   0: 3 0x800000c4 (0x0000006f)
core   0: 3 0x800000c4 (0x0000006f)
core   0: 3 0x800000c4 (0x0000006f)
core   0: 3 0x800000c4 (0x0000006f)
core   0: 3 0x800000c4 (0x0000006f)
core   0: 3 0x800000c4 (0x0000006f)
core   0: 3 0x800000c4 (0x0000006f)
core   0: 3 0x800000c4 (0x0000006f)
core   0: 3 0x800000c4 (0x0000006f)
core   0: 3 0x800000c4 (0x0000006f)
core   0: 3 0x800000c4 (0x0000006f)
core   0: 3 0x800000c4 (0x0000006f)
core   0: 3 0x800000c4 (0x0000006f)
core   0: 3 0x800000c4 (0x0000006f)
core   0: 3 0x800000c4 (0x0000006f)
core   0: 3 0x800000c4 (0x0000006f)
core   0: 3 0x800000c4 (0x0000006f)
core   0: 3 0x800000c4 (0x0000006f)
core   0: 3 0x800000c4 (0x0000006f)
core   0: 3 0x800000c4 (0x0000006f)
core   0: 3 0x800000c4 (0x0000006f)
core   0: 3 0x800000c4 (0x0000006f)
core   0: 3 0x800000c4 (0x0000006f)
core   0: 3 0x800000c4 (0x0000006f)
core   0: 3 0x800000c4 (0x0000006f)
core   0: 3 0x800000c4 (0x0000006f)
core   0: 3 0x800000c4 (0x0000006f)
core   0: 3 0x800000c4 (0x0000006f)
core   0: 3 0x800000c4 (0x0000006f)
core   0: 3 0x800000c4 (0x0000006f)
core   0: 3 0x800000c4 (0x0000006f)
core   0: 3 0x800000c4 (0x0000006f)
core   0: 3 0x800000c4 (0x0000006f)
core   0: 3 0x800000c4 (0x0000006f)
core   0: 3 0x800000c4 (0x0000006f)
core   0: 3 0x800000c4 (0x0000006f)
core   0: 3 0x800000c4 (0x0000006f)
core   0: 3 0x800000c4 (0x0000006f)
core   0: 3 0x800000c4 (0x0000006f)
core   0: 3 0x800000c4 (0x0000006f)
core   0: 3 0x800000c4 (0x0000006f)
core   0: 3 0x800000c4 (0x0000006f)
core   0: 3 0x800000c4 (0x0000006f)
core   0: 3 0x800000c4 (0x0000006f)
core   0: 3 0x800000c4 (0x0000006f)
core   0: 3 0x800000c4 (0x0000006f)
core   0: 3 0x800000c4 (0x0000006f)
core   0: 3 0x800000c4 (0x0000006f)
core   0: 3 0x800000c4 (0x0000006f)
core   0: 3 0x800000c4 (0x0000006f)
core   0: 3 0x800000c4 (0x0000006f)
core   0: 3 0x800000c4 (0x0000006f)
core   0: 3 0x800000c4 (0x0000006f)
core   0: 3 0x800000c4 (0x0000006f)
core   0: 3 0x800000c4 (0x0000006f)
core   0: 3 0x800000c4 (0x0000006f)
core   0: 3 0x800000c4 (0x0000006f)
core   0: 3 0x800000c4 (0x0000006f)
core   0: 3 0x800000c4 (0x0000006f)
core   0: 3 0x800000c4 (0x0000006f)
core   0: 3 0x800000c4 (0x0000006f)
core   0: 3 0x800000c4 (0x0000006f)
core   0: 3 0x800000c4 (0x0000006f)
core   0: 3 0x800000c4 (0x0000006f)
core   0: 3 0x800000c4 (0x0000006f)
core   0: 3 0x800000c4 (0x0000006f)
core   0: 3 0x800000c4 (0x0000006f)
core   0: 3 0x800000c4 (0x0000006f)
core   0: 3 0x800000c4 (0x0000006f)
core   0: 3 0x800000c4 (0x0000006f)
core   0: 3 0x800000c4 (0x0000006f)
core   0: 3 0x800000c4 (0x0000006f)
core   0: 3 0x800000c4 (0x0000006f)
core   0: 3 0x800000c4 (0x0000006f)
core   0: 3 0x800000c4 (0x0000006f)
core   0: 3 0x800000c4 (0x0000006f)
core   0: 3 0x800000c4 (0x0000006f)
core   0: 3 0x800000c4 (0x0000006f)
core   0: 3 0x800000c4 (0x0000006f)
core   0: 3 0x800000c4 (0x0000006f)
core   0: 3 0x800000c4 (0x0000006f)
core   0: 3 0x800000c4 (0x0000006f)
core   0: 3 0x800000c4 (0x0000006f)
core   0: 3 0x800000c4 (0x0000006f)
core   0: 3 0x800000c4 (0x0000006f)
core   0: 3 0x800000c4 (0x0000006f)
core   0: 3 0x800000c4 (0x0000006f)
core   0: 3 0x800000c4 (0x0000006f)
core   0: 3 0x800000c4 (0x0000006f)
core   0: 3 0x800000c4 (0x0000006f)
core   0: 3 0x800000c4 (0x0000006f)
core   0: 3 0x800000c4 (0x0000006f)
core   0: 3 0x800000c4 (0x0000006f)
core   0: 3 0x800000c4 (0x0000006f)
core   0: 3 0x800000c4 (0x0000006f)
core   0: 3 0x800000c4 (0x0000006f)
core   0: 3 0x800000c4 (0x0000006f)
core   0: 3 0x800000c4 (0x0000006f)
core   0: 3 0x800000c4 (0x0000006f)
core   0: 3 0x800000c4 (0x0000006f)
core   0: 3 0x800000c4 (0x0000006f)
core   0: 3 0x800000c4 (0x0000006f)
core   0: 3 0x800000c4 (0x0000006f)
core   0: 3 0x800000c4 (0x0000006f)
core   0: 3 0x800000c4 (0x0000006f)
core   0: 3 0x800000c4 (0x0000006f)
core   0: 3 0x800000c4 (0x0000006f)
core   0: 3 0x800000c4 (0x0000006f)
core   0: 3 0x800000c4 (0x0000006f)
core   0: 3 0x800000c4 (0x0000006f)
core   0: 3 0x800000c4 (0x0000006f)
core   0: 3 0x800000c4 (0x0000006f)
core   0: 3 0x800000c4 (0x0000006f)
core   0: 3 0x800000c4 (0x0000006f)
core   0: 3 0x800000c4 (0x0000006f)
core   0: 3 0x800000c4 (0x0000006f)
core   0: 3 0x800000c4 (0x0000006f)
core   0: 3 0x800000c4 (0x0000006f)
core   0: 3 0x800000c4 (0x0000006f)
core   0: 3 0x800000c4 (0x0000006f)
core   0: 3 0x800000c4 (0x0000006f)
core   0: 3 0x800000c4 (0x0000006f)
core   0: 3 0x800000c4 (0x0000006f)
core   0: 3 0x800000c4 (0x0000006f)
core   0: 3 0x800000c4 (0x0000006f)
core   0: 3 0x800000c4 (0x0000006f)
core   0: 3 0x800000c4 (0x0000006f)
core   0: 3 0x800000c4 (0x0000006f)
core   0: 3 0x800000c4 (0x0000006f)
core   0: 3 0x800000c4 (0x0000006f)
core   0: 3 0x800000c4 (0x0000006f)
core   0: 3 0x800000c4 (0x0000006f)
core   0: 3 0x800000c4 (0x0000006f)
core   0: 3 0x800000c4 (0x0000006f)
core   0: 3 0x800000c4 (0x0000006f)
core   0: 3 0x800000c4 (0x0000006f)
core   0: 3 0x800000c4 (0x0000006f)
core   0: 3 0x800000c4 (0x0000006f)
core   0: 3 0x800000c4 (0x0000006f)
core   0: 3 0x800000c4 (0x0000006f)
core   0: 3 0x800000c4 (0x0000006f)
core   0: 3 0x800000c4 (0x0000006f)
core   0: 3 0x800000c4 (0x0000006f)
core   0: 3 0x800000c4 (0x0000006f)
core   0: 3 0x800000c4 (0x0000006f)
core   0: 3 0x800000c4 (0x0000006f)
core   0: 3 0x800000c4 (0x0000006f)
core   0: 3 0x800000c4 (0x0000006f)
core   0: 3 0x800000c4 (0x0000006f)
core   0: 3 0x800000c4 (0x0000006f)
core   0: 3 0x800000c4 (0x0000006f)
core   0: 3 0x800000c4 (0x0000006f)
core   0: 3 0x800000c4 (0x0000006f)
core   0: 3 0x800000c4 (0x0000006f)
core   0: 3 0x800000c4 (0x0000006f)
core   0: 3 0x800000c4 (0x0000006f)
core   0: 3 0x800000c4 (0x0000006f)
core   0: 3 0x800000c4 (0x0000006f)
core   0: 3 0x800000c4 (0x0000006f)
core   0: 3 0x800000c4 (0x0000006f)
core   0: 3 0x800000c4 (0x0000006f)
core   0: 3 0x800000c4 (0x0000006f)
core   0: 3 0x800000c4 (0x0000006f)
core   0: 3 0x800000c4 (0x0000006f)
core   0: 3 0x800000c4 (0x0000006f)
core   0: 3 0x800000c4 (0x0000006f)
core   0: 3 0x800000c4 (0x0000006f)
core   0: 3 0x800000c4 (0x0000006f)
core   0: 3 0x800000c4 (0x0000006f)
core   0: 3 0x800000c4 (0x0000006f)
core   0: 3 0x800000c4 (0x0000006f)
core   0: 3 0x800000c4 (0x0000006f)
core   0: 3 0x800000c4 (0x0000006f)
core   0: 3 0x800000c4 (0x0000006f)
core   0: 3 0x800000c4 (0x0000006f)
core   0: 3 0x800000c4 (0x0000006f)
core   0: 3 0x800000c4 (0x0000006f)
core   0: 3 0x800000c4 (0x0000006f)
core   0: 3 0x800000c4 (0x0000006f)
core   0: 3 0x800000c4 (0x0000006f)
core   0: 3 0x800000c4 (0x0000006f)
core   0: 3 0x800000c4 (0x0000006f)
core   0: 3 0x800000c4 (0x0000006f)
core   0: 3 0x800000c4 (0x0000006f)
core   0: 3 0x800000c4 (0x0000006f)
core   0: 3 0x800000c4 (0x0000006f)
core   0: 3 0x800000c4 (0x0000006f)
core   0: 3 0x800000c4 (0x0000006f)
core   0: 3 0x800000c4 (0x0000006f)
core   0: 3 0x800000c4 (0x0000006f)
core   0: 3 0x800000c4 (0x0000006f)
core   0: 3 0x800000c4 (0x0000006f)
core   0: 3 0x800000c4 (0x0000006f)
core   0: 3 0x800000c4 (0x0000006f)
core   0: 3 0x800000c4 (0x0000006f)
core   0: 3 0x800000c4 (0x0000006f)
core   0: 3 0x800000c4 (0x0000006f)
core   0: 3 0x800000c4 (0x0000006f)
core   0: 3 0x800000c4 (0x0000006f)
core   0: 3 0x800000c4 (0x0000006f)
core   0: 3 0x800000c4 (0x0000006f)
core   0: 3 0x800000c4 (0x0000006f)
core   0: 3 0x800000c4 (0x0000006f)
core   0: 3 0x800000c4 (0x0000006f)
core   0: 3 0x800000c4 (0x0000006f)
core   0: 3 0x800000c4 (0x0000006f)
core   0: 3 0x800000c4 (0x0000006f)
core   0: 3 0x800000c4 (0x0000006f)
core   0: 3 0x800000c4 (0x0000006f)
core   0: 3 0x800000c4 (0x0000006f)
core   0: 3 0x800000c4 (0x0000006f)
core   0: 3 0x800000c4 (0x0000006f)
core   0: 3 0x800000c4 (0x0000006f)
core   0: 3 0x800000c4 (0x0000006f)
core   0: 3 0x800000c4 (0x0000006f)
core   0: 3 0x800000c4 (0x0000006f)
core   0: 3 0x800000c4 (0x0000006f)
core   0: 3 0x800000c4 (0x0000006f)
core   0: 3 0x800000c4 (0x0000006f)
core   0: 3 0x800000c4 (0x0000006f)
core   0: 3 0x800000c4 (0x0000006f)
core   0: 3 0x800000c4 (0x0000006f)
core   0: 3 0x800000c4 (0x0000006f)
core   0: 3 0x800000c4 (0x0000006f)
core   0: 3 0x800000c4 (0x0000006f)
core   0: 3 0x800000c4 (0x0000006f)
core   0: 3 0x800000c4 (0x0000006f)
core   0: 3 0x800000c4 (0x0000006f)
core   0: 3 0x800000c4 (0x0000006f)
core   0: 3 0x800000c4 (0x0000006f)
core   0: 3 0x800000c4 (0x0000006f)
core   0: 3 0x800000c4 (0x0000006f)
core   0: 3 0x800000c4 (0x0000006f)
core   0: 3 0x800000c4 (0x0000006f)
core   0: 3 0x800000c4 (0x0000006f)
core   0: 3 0x800000c4 (0x0000006f)
core   0: 3 0x800000c4 (0x0000006f)
core   0: 3 0x800000c4 (0x0000006f)
core   0: 3 0x800000c4 (0x0000006f)
core   0: 3 0x800000c4 (0x0000006f)
core   0: 3 0x800000c4 (0x0000006f)
core   0: 3 0x800000c4 (0x0000006f)
core   0: 3 0x800000c4 (0x0000006f)
core   0: 3 0x800000c4 (0x0000006f)
core   0: 3 0x800000c4 (0x0000006f)
core   0: 3 0x800000c4 (0x0000006f)
core   0: 3 0x800000c4 (0x0000006f)
core   0: 3 0x800000c4 (0x0000006f)
core   0: 3 0x800000c4 (0x0000006f)
core   0: 3 0x800000c4 (0x0000006f)
core   0: 3 0x800000c4 (0x0000006f)
core   0: 3 0x800000c4 (0x0000006f)
core   0: 3 0x800000c4 (0x0000006f)
core   0: 3 0x800000c4 (0x0000006f)
core   0: 3 0x800000c4 (0x0000006f)
core   0: 3 0x800000c4 (0x0000006f)
core   0: 3 0x800000c4 (0x0000006f)
core   0: 3 0x800000c4 (0x0000006f)
core   0: 3 0x800000c4 (0x0000006f)
core   0: 3 0x800000c4 (0x0000006f)
core   0: 3 0x800000c4 (0x0000006f)
core   0: 3 0x800000c4 (0x0000006f)
core   0: 3 0x800000c4 (0x0000006f)
core   0: 3 0x800000c4 (0x0000006f)
core   0: 3 0x800000c4 (0x0000006f)
core   0: 3 0x800000c4 (0x0000006f)
core   0: 3 0x800000c4 (0x0000006f)
core   0: 3 0x800000c4 (0x0000006f)
core   0: 3 0x800000c4 (0x0000006f)
core   0: 3 0x800000c4 (0x0000006f)
core   0: 3 0x800000c4 (0x0000006f)
core   0: 3 0x800000c4 (0x0000006f)
core   0: 3 0x800000c4 (0x0000006f)
core   0: 3 0x800000c4 (0x0000006f)
core   0: 3 0x800000c4 (0x0000006f)
core   0: 3 0x800000c4 (0x0000006f)
core   0: 3 0x800000c4 (0x0000006f)
core   0: 3 0x800000c4 (0x0000006f)
core   0: 3 0x800000c4 (0x0000006f)
core   0: 3 0x800000c4 (0x0000006f)
core   0: 3 0x800000c4 (0x0000006f)
core   0: 3 0x800000c4 (0x0000006f)
core   0: 3 0x800000c4 (0x0000006f)
core   0: 3 0x800000c4 (0x0000006f)
core   0: 3 0x800000c4 (0x0000006f)
core   0: 3 0x800000c4 (0x0000006f)
core   0: 3 0x800000c4 (0x0000006f)
core   0: 3 0x800000c4 (0x0000006f)
core   0: 3 0x800000c4 (0x0000006f)
core   0: 3 0x800000c4 (0x0000006f)
core   0: 3 0x800000c4 (0x0000006f)
core   0: 3 0x800000c4 (0x0000006f)
core   0: 3 0x800000c4 (0x0000006f)
core   0: 3 0x800000c4 (0x0000006f)
core   0: 3 0x800000c4 (0x0000006f)
core   0: 3 0x800000c4 (0x0000006f)
core   0: 3 0x800000c4 (0x0000006f)
core   0: 3 0x800000c4 (0x0000006f)
core   0: 3 0x800000c4 (0x0000006f)
core   0: 3 0x800000c4 (0x0000006f)
core   0: 3 0x800000c4 (0x0000006f)
core   0: 3 0x800000c4 (0x0000006f)
core   0: 3 0x800000c4 (0x0000006f)
core   0: 3 0x800000c4 (0x0000006f)
core   0: 3 0x800000c4 (0x0000006f)
core   0: 3 0x800000c4 (0x0000006f)
core   0: 3 0x800000c4 (0x0000006f)
core   0: 3 0x800000c4 (0x0000006f)
core   0: 3 0x800000c4 (0x0000006f)
core   0: 3 0x800000c4 (0x0000006f)
core   0: 3 0x800000c4 (0x0000006f)
core   0: 3 0x800000c4 (0x0000006f)
core   0: 3 0x800000c4 (0x0000006f)
core   0: 3 0x800000c4 (0x0000006f)
core   0: 3 0x800000c4 (0x0000006f)
core   0: 3 0x800000c4 (0x0000006f)
core   0: 3 0x800000c4 (0x0000006f)
core   0: 3 0x800000c4 (0x0000006f)
core   0: 3 0x800000c4 (0x0000006f)
core   0: 3 0x800000c4 (0x0000006f)
core   0: 3 0x800000c4 (0x0000006f)
core   0: 3 0x800000c4 (0x0000006f)
core   0: 3 0x800000c4 (0x0000006f)
core   0: 3 0x800000c4 (0x0000006f)
core   0: 3 0x800000c4 (0x0000006f)
core   0: 3 0x800000c4 (0x0000006f)
core   0: 3 0x800000c4 (0x0000006f)
core   0: 3 0x800000c4 (0x0000006f)
core   0: 3 0x800000c4 (0x0000006f)
core   0: 3 0x800000c4 (0x0000006f)
core   0: 3 0x800000c4 (0x0000006f)
core   0: 3 0x800000c4 (0x0000006f)
core   0: 3 0x800000c4 (0x0000006f)
core   0: 3 0x800000c4 (0x0000006f)
core   0: 3 0x800000c4 (0x0000006f)
core   0: 3 0x800000c4 (0x0000006f)
core   0: 3 0x800000c4 (0x0000006f)
core   0: 3 0x800000c4 (0x0000006f)
core   0: 3 0x800000c4 (0x0000006f)
core   0: 3 0x800000c4 (0x0000006f)
core   0: 3 0x800000c4 (0x0000006f)
core   0: 3 0x800000c4 (0x0000006f)
core   0: 3 0x800000c4 (0x0000006f)
core   0: 3 0x800000c4 (0x0000006f)
core   0: 3 0x800000c4 (0x0000006f)
core   0: 3 0x800000c4 (0x0000006f)
core   0: 3 0x800000c4 (0x0000006f)
core   0: 3 0x800000c4 (0x0000006f)
core   0: 3 0x800000c4 (0x0000006f)
core   0: 3 0x800000c4 (0x0000006f)
core   0: 3 0x800000c4 (0x0000006f)
core   0: 3 0x800000c4 (0x0000006f)
core   0: 3 0x800000c4 (0x0000006f)
core   0: 3 0x800000c4 (0x0000006f)
core   0: 3 0x800000c4 (0x0000006f)
core   0: 3 0x800000c4 (0x0000006f)
core   0: 3 0x800000c4 (0x0000006f)
core   0: 3 0x800000c4 (0x0000006f)
core   0: 3 0x800000c4 (0x0000006f)
core   0: 3 0x800000c4 (0x0000006f)
core   0: 3 0x800000c4 (0x0000006f)
core   0: 3 0x800000c4 (0x0000006f)
core   0: 3 0x800000c4 (0x0000006f)
core   0: 3 0x800000c4 (0x0000006f)
core   0: 3 0x800000c4 (0x0000006f)
core   0: 3 0x800000c4 (0x0000006f)
core   0: 3 0x800000c4 (0x0000006f)
core   0: 3 0x800000c4 (0x0000006f)
core   0: 3 0x800000c4 (0x0000006f)
core   0: 3 0x800000c4 (0x0000006f)
core   0: 3 0x800000c4 (0x0000006f)
core   0: 3 0x800000c4 (0x0000006f)
core   0: 3 0x800000c4 (0x0000006f)
core   0: 3 0x800000c4 (0x0000006f)
core   0: 3 0x800000c4 (0x0000006f)
core   0: 3 0x800000c4 (0x0000006f)
core   0: 3 0x800000c4 (0x0000006f)
core   0: 3 0x800000c4 (0x0000006f)
core   0: 3 0x800000c4 (0x0000006f)
core   0: 3 0x800000c4 (0x0000006f)
core   0: 3 0x800000c4 (0x0000006f)
core   0: 3 0x800000c4 (0x0000006f)
core   0: 3 0x800000c4 (0x0000006f)
core   0: 3 0x800000c4 (0x0000006f)
core   0: 3 0x800000c4 (0x0000006f)
core   0: 3 0x800000c4 (0x0000006f)
core   0: 3 0x800000c4 (0x0000006f)
core   0: 3 0x800000c4 (0x0000006f)
core   0: 3 0x800000c4 (0x0000006f)
core   0: 3 0x800000c4 (0x0000006f)
core   0: 3 0x800000c4 (0x0000006f)
core   0: 3 0x800000c4 (0x0000006f)
core   0: 3 0x800000c4 (0x0000006f)
core   0: 3 0x800000c4 (0x0000006f)
core   0: 3 0x800000c4 (0x0000006f)
core   0: 3 0x800000c4 (0x0000006f)
core   0: 3 0x800000c4 (0x0000006f)
core   0: 3 0x800000c4 (0x0000006f)
core   0: 3 0x800000c4 (0x0000006f)
core   0: 3 0x800000c4 (0x0000006f)
core   0: 3 0x800000c4 (0x0000006f)
core   0: 3 0x800000c4 (0x0000006f)
core   0: 3 0x800000c4 (0x0000006f)
core   0: 3 0x800000c4 (0x0000006f)
core   0: 3 0x800000c4 (0x0000006f)
core   0: 3 0x800000c4 (0x0000006f)
core   0: 3 0x800000c4 (0x0000006f)
core   0: 3 0x800000c4 (0x0000006f)
core   0: 3 0x800000c4 (0x0000006f)
core   0: 3 0x800000c4 (0x0000006f)
core   0: 3 0x800000c4 (0x0000006f)
core   0: 3 0x800000c4 (0x0000006f)
core   0: 3 0x800000c4 (0x0000006f)
core   0: 3 0x800000c4 (0x0000006f)
core   0: 3 0x800000c4 (0x0000006f)
core   0: 3 0x800000c4 (0x0000006f)
core   0: 3 0x800000c4 (0x0000006f)
core   0: 3 0x800000c4 (0x0000006f)
core   0: 3 0x800000c4 (0x0000006f)
core   0: 3 0x800000c4 (0x0000006f)
core   0: 3 0x800000c4 (0x0000006f)
core   0: 3 0x800000c4 (0x0000006f)
core   0: 3 0x800000c4 (0x0000006f)
core   0: 3 0x800000c4 (0x0000006f)
core   0: 3 0x800000c4 (0x0000006f)
core   0: 3 0x800000c4 (0x0000006f)
core   0: 3 0x800000c4 (0x0000006f)
core   0: 3 0x800000c4 (0x0000006f)
core   0: 3 0x800000c4 (0x0000006f)
core   0: 3 0x800000c4 (0x0000006f)
core   0: 3 0x800000c4 (0x0000006f)
core   0: 3 0x800000c4 (0x0000006f)
core   0: 3 0x800000c4 (0x0000006f)
core   0: 3 0x800000c4 (0x0000006f)
core   0: 3 0x800000c4 (0x0000006f)
core   0: 3 0x800000c4 (0x0000006f)
core   0: 3 0x800000c4 (0x0000006f)
core   0: 3 0x800000c4 (0x0000006f)
core   0: 3 0x800000c4 (0x0000006f)
core   0: 3 0x800000c4 (0x0000006f)
core   0: 3 0x800000c4 (0x0000006f)
core   0: 3 0x800000c4 (0x0000006f)
core   0: 3 0x800000c4 (0x0000006f)
core   0: 3 0x800000c4 (0x0000006f)
core   0: 3 0x800000c4 (0x0000006f)
core   0: 3 0x800000c4 (0x0000006f)
core   0: 3 0x800000c4 (0x0000006f)
core   0: 3 0x800000c4 (0x0000006f)
core   0: 3 0x800000c4 (0x0000006f)
core   0: 3 0x800000c4 (0x0000006f)
core   0: 3 0x800000c4 (0x0000006f)
core   0: 3 0x800000c4 (0x0000006f)
core   0: 3 0x800000c4 (0x0000006f)
core   0: 3 0x800000c4 (0x0000006f)
core   0: 3 0x800000c4 (0x0000006f)
core   0: 3 0x800000c4 (0x0000006f)
core   0: 3 0x800000c4 (0x0000006f)
core   0: 3 0x800000c4 (0x0000006f)
core   0: 3 0x800000c4 (0x0000006f)
core   0: 3 0x800000c4 (0x0000006f)
core   0: 3 0x800000c4 (0x0000006f)
core   0: 3 0x800000c4 (0x0000006f)
core   0: 3 0x800000c4 (0x0000006f)
core   0: 3 0x800000c4 (0x0000006f)
core   0: 3 0x800000c4 (0x0000006f)
core   0: 3 0x800000c4 (0x0000006f)
core   0: 3 0x800000c4 (0x0000006f)
core   0: 3 0x800000c4 (0x0000006f)
core   0: 3 0x800000c4 (0x0000006f)
core   0: 3 0x800000c4 (0x0000006f)
core   0: 3 0x800000c4 (0x0000006f)
core   0: 3 0x800000c4 (0x0000006f)
core   0: 3 0x800000c4 (0x0000006f)
core   0: 3 0x800000c4 (0x0000006f)
core   0: 3 0x800000c4 (0x0000006f)
core   0: 3 0x800000c4 (0x0000006f)
core   0: 3 0x800000c4 (0x0000006f)
core   0: 3 0x800000c4 (0x0000006f)
core   0: 3 0x800000c4 (0x0000006f)
core   0: 3 0x800000c4 (0x0000006f)
core   0: 3 0x800000c4 (0x0000006f)
core   0: 3 0x800000c4 (0x0000006f)
core   0: 3 0x800000c4 (0x0000006f)
core   0: 3 0x800000c4 (0x0000006f)
core   0: 3 0x800000c4 (0x0000006f)
core   0: 3 0x800000c4 (0x0000006f)
core   0: 3 0x800000c4 (0x0000006f)
core   0: 3 0x800000c4 (0x0000006f)
core   0: 3 0x800000c4 (0x0000006f)
core   0: 3 0x800000c4 (0x0000006f)
core   0: 3 0x800000c4 (0x0000006f)
core   0: 3 0x800000c4 (0x0000006f)
core   0: 3 0x800000c4 (0x0000006f)
core   0: 3 0x800000c4 (0x0000006f)
core   0: 3 0x800000c4 (0x0000006f)
core   0: 3 0x800000c4 (0x0000006f)
core   0: 3 0x800000c4 (0x0000006f)
core   0: 3 0x800000c4 (0x0000006f)
core   0: 3 0x800000c4 (0x0000006f)
core   0: 3 0x800000c4 (0x0000006f)
core   0: 3 0x800000c4 (0x0000006f)
core   0: 3 0x800000c4 (0x0000006f)
core   0: 3 0x800000c4 (0x0000006f)
core   0: 3 0x800000c4 (0x0000006f)
core   0: 3 0x800000c4 (0x0000006f)
core   0: 3 0x800000c4 (0x0000006f)
core   0: 3 0x800000c4 (0x0000006f)
core   0: 3 0x800000c4 (0x0000006f)
core   0: 3 0x800000c4 (0x0000006f)
core   0: 3 0x800000c4 (0x0000006f)
core   0: 3 0x800000c4 (0x0000006f)
core   0: 3 0x800000c4 (0x0000006f)
core   0: 3 0x800000c4 (0x0000006f)
core   0: 3 0x800000c4 (0x0000006f)
core   0: 3 0x800000c4 (0x0000006f)
core   0: 3 0x800000c4 (0x0000006f)
core   0: 3 0x800000c4 (0x0000006f)
core   0: 3 0x800000c4 (0x0000006f)
core   0: 3 0x800000c4 (0x0000006f)
core   0: 3 0x800000c4 (0x0000006f)
core   0: 3 0x800000c4 (0x0000006f)
core   0: 3 0x800000c4 (0x0000006f)
core   0: 3 0x800000c4 (0x0000006f)
core   0: 3 0x800000c4 (0x0000006f)
core   0: 3 0x800000c4 (0x0000006f)
core   0: 3 0x800000c4 (0x0000006f)
core   0: 3 0x800000c4 (0x0000006f)
core   0: 3 0x800000c4 (0x0000006f)
core   0: 3 0x800000c4 (0x0000006f)
core   0: 3 0x800000c4 (0x0000006f)
core   0: 3 0x800000c4 (0x0000006f)
core   0: 3 0x800000c4 (0x0000006f)
core   0: 3 0x800000c4 (0x0000006f)
core   0: 3 0x800000c4 (0x0000006f)
core   0: 3 0x800000c4 (0x0000006f)
core   0: 3 0x800000c4 (0x0000006f)
core   0: 3 0x800000c4 (0x0000006f)
core   0: 3 0x800000c4 (0x0000006f)
core   0: 3 0x800000c4 (0x0000006f)
core   0: 3 0x800000c4 (0x0000006f)
core   0: 3 0x800000c4 (0x0000006f)
core   0: 3 0x800000c4 (0x0000006f)
core   0: 3 0x800000c4 (0x0000006f)
core   0: 3 0x800000c4 (0x0000006f)
core   0: 3 0x800000c4 (0x0000006f)
core   0: 3 0x800000c4 (0x0000006f)
core   0: 3 0x800000c4 (0x0000006f)
core   0: 3 0x800000c4 (0x0000006f)
core   0: 3 0x800000c4 (0x0000006f)
core   0: 3 0x800000c4 (0x0000006f)
core   0: 3 0x800000c4 (0x0000006f)
core   0: 3 0x800000c4 (0x0000006f)
core   0: 3 0x800000c4 (0x0000006f)
core   0: 3 0x800000c4 (0x0000006f)
core   0: 3 0x800000c4 (0x0000006f)
core   0: 3 0x800000c4 (0x0000006f)
core   0: 3 0x800000c4 (0x0000006f)
core   0: 3 0x800000c4 (0x0000006f)
core   0: 3 0x800000c4 (0x0000006f)
core   0: 3 0x800000c4 (0x0000006f)
core   0: 3 0x800000c4 (0x0000006f)
core   0: 3 0x800000c4 (0x0000006f)
core   0: 3 0x800000c4 (0x0000006f)
core   0: 3 0x800000c4 (0x0000006f)
core   0: 3 0x800000c4 (0x0000006f)
core   0: 3 0x800000c4 (0x0000006f)
core   0: 3 0x800000c4 (0x0000006f)
core   0: 3 0x800000c4 (0x0000006f)
core   0: 3 0x800000c4 (0x0000006f)
core   0: 3 0x800000c4 (0x0000006f)
core   0: 3 0x800000c4 (0x0000006f)
core   0: 3 0x800000c4 (0x0000006f)
core   0: 3 0x800000c4 (0x0000006f)
core   0: 3 0x800000c4 (0x0000006f)
core   0: 3 0x800000c4 (0x0000006f)
core   0: 3 0x800000c4 (0x0000006f)
core   0: 3 0x800000c4 (0x0000006f)
core   0: 3 0x800000c4 (0x0000006f)
core   0: 3 0x800000c4 (0x0000006f)
core   0: 3 0x800000c4 (0x0000006f)
core   0: 3 0x800000c4 (0x0000006f)
core   0: 3 0x800000c4 (0x0000006f)
core   0: 3 0x800000c4 (0x0000006f)
core   0: 3 0x800000c4 (0x0000006f)
core   0: 3 0x800000c4 (0x0000006f)
core   0: 3 0x800000c4 (0x0000006f)
core   0: 3 0x800000c4 (0x0000006f)
core   0: 3 0x800000c4 (0x0000006f)
core   0: 3 0x800000c4 (0x0000006f)
core   0: 3 0x800000c4 (0x0000006f)
core   0: 3 0x800000c4 (0x0000006f)
core   0: 3 0x800000c4 (0x0000006f)
core   0: 3 0x800000c4 (0x0000006f)
core   0: 3 0x800000c4 (0x0000006f)
core   0: 3 0x800000c4 (0x0000006f)
core   0: 3 0x800000c4 (0x0000006f)
core   0: 3 0x800000c4 (0x0000006f)
core   0: 3 0x800000c4 (0x0000006f)
core   0: 3 0x800000c4 (0x0000006f)
core   0: 3 0x800000c4 (0x0000006f)
core   0: 3 0x800000c4 (0x0000006f)
core   0: 3 0x800000c4 (0x0000006f)
core   0: 3 0x800000c4 (0x0000006f)
core   0: 3 0x800000c4 (0x0000006f)
core   0: 3 0x800000c4 (0x0000006f)
core   0: 3 0x800000c4 (0x0000006f)
core   0: 3 0x800000c4 (0x0000006f)
core   0: 3 0x800000c4 (0x0000006f)
core   0: 3 0x800000c4 (0x0000006f)
core   0: 3 0x800000c4 (0x0000006f)
core   0: 3 0x800000c4 (0x0000006f)
core   0: 3 0x800000c4 (0x0000006f)
core   0: 3 0x800000c4 (0x0000006f)
core   0: 3 0x800000c4 (0x0000006f)
core   0: 3 0x800000c4 (0x0000006f)
core   0: 3 0x800000c4 (0x0000006f)
core   0: 3 0x800000c4 (0x0000006f)
core   0: 3 0x800000c4 (0x0000006f)
core   0: 3 0x800000c4 (0x0000006f)
core   0: 3 0x800000c4 (0x0000006f)
core   0: 3 0x800000c4 (0x0000006f)
core   0: 3 0x800000c4 (0x0000006f)
core   0: 3 0x800000c4 (0x0000006f)
core   0: 3 0x800000c4 (0x0000006f)
core   0: 3 0x800000c4 (0x0000006f)
core   0: 3 0x800000c4 (0x0000006f)
core   0: 3 0x800000c4 (0x0000006f)
core   0: 3 0x800000c4 (0x0000006f)
core   0: 3 0x800000c4 (0x0000006f)
core   0: 3 0x800000c4 (0x0000006f)
core   0: 3 0x800000c4 (0x0000006f)
core   0: 3 0x800000c4 (0x0000006f)
core   0: 3 0x800000c4 (0x0000006f)
core   0: 3 0x800000c4 (0x0000006f)
core   0: 3 0x800000c4 (0x0000006f)
core   0: 3 0x800000c4 (0x0000006f)
core   0: 3 0x800000c4 (0x0000006f)
core   0: 3 0x800000c4 (0x0000006f)
core   0: 3 0x800000c4 (0x0000006f)
core   0: 3 0x800000c4 (0x0000006f)
core   0: 3 0x800000c4 (0x0000006f)
core   0: 3 0x800000c4 (0x0000006f)
core   0: 3 0x800000c4 (0x0000006f)
core   0: 3 0x800000c4 (0x0000006f)
core   0: 3 0x800000c4 (0x0000006f)
core   0: 3 0x800000c4 (0x0000006f)
core   0: 3 0x800000c4 (0x0000006f)
core   0: 3 0x800000c4 (0x0000006f)
core   0: 3 0x800000c4 (0x0000006f)
core   0: 3 0x800000c4 (0x0000006f)
core   0: 3 0x800000c4 (0x0000006f)
core   0: 3 0x800000c4 (0x0000006f)
core   0: 3 0x800000c4 (0x0000006f)
core   0: 3 0x800000c4 (0x0000006f)
core   0: 3 0x800000c4 (0x0000006f)
core   0: 3 0x800000c4 (0x0000006f)
core   0: 3 0x800000c4 (0x0000006f)
core   0: 3 0x800000c4 (0x0000006f)
core   0: 3 0x800000c4 (0x0000006f)
core   0: 3 0x800000c4 (0x0000006f)
core   0: 3 0x800000c4 (0x0000006f)
core   0: 3 0x800000c4 (0x0000006f)
core   0: 3 0x800000c4 (0x0000006f)
core   0: 3 0x800000c4 (0x0000006f)
core   0: 3 0x800000c4 (0x0000006f)
core   0: 3 0x800000c4 (0x0000006f)
core   0: 3 0x800000c4 (0x0000006f)
core   0: 3 0x800000c4 (0x0000006f)
core   0: 3 0x800000c4 (0x0000006f)
core   0: 3 0x800000c4 (0x0000006f)
core   0: 3 0x800000c4 (0x0000006f)
core   0: 3 0x800000c4 (0x0000006f)
core   0: 3 0x800000c4 (0x0000006f)
core   0: 3 0x800000c4 (0x0000006f)
core   0: 3 0x800000c4 (0x0000006f)
core   0: 3 0x800000c4 (0x0000006f)
core   0: 3 0x800000c4 (0x0000006f)
core   0: 3 0x800000c4 (0x0000006f)
core   0: 3 0x800000c4 (0x0000006f)
core   0: 3 0x800000c4 (0x0000006f)
core   0: 3 0x800000c4 (0x0000006f)
core   0: 3 0x800000c4 (0x0000006f)
core   0: 3 0x800000c4 (0x0000006f)
core   0: 3 0x800000c4 (0x0000006f)
core   0: 3 0x800000c4 (0x0000006f)
core   0: 3 0x800000c4 (0x0000006f)
core   0: 3 0x800000c4 (0x0000006f)
core   0: 3 0x800000c4 (0x0000006f)
core   0: 3 0x800000c4 (0x0000006f)
core   0: 3 0x800000c4 (0x0000006f)
core   0: 3 0x800000c4 (0x0000006f)
core   0: 3 0x800000c4 (0x0000006f)
core   0: 3 0x800000c4 (0x0000006f)
core   0: 3 0x800000c4 (0x0000006f)
core   0: 3 0x800000c4 (0x0000006f)
core   0: 3 0x800000c4 (0x0000006f)
core   0: 3 0x800000c4 (0x0000006f)
core   0: 3 0x800000c4 (0x0000006f)
core   0: 3 0x800000c4 (0x0000006f)
core   0: 3 0x800000c4 (0x0000006f)
core   0: 3 0x800000c4 (0x0000006f)
core   0: 3 0x800000c4 (0x0000006f)
core   0: 3 0x800000c4 (0x0000006f)
core   0: 3 0x800000c4 (0x0000006f)
core   0: 3 0x800000c4 (0x0000006f)
core   0: 3 0x800000c4 (0x0000006f)
core   0: 3 0x800000c4 (0x0000006f)
core   0: 3 0x800000c4 (0x0000006f)
core   0: 3 0x800000c4 (0x0000006f)
core   0: 3 0x800000c4 (0x0000006f)
core   0: 3 0x800000c4 (0x0000006f)
core   0: 3 0x800000c4 (0x0000006f)
core   0: 3 0x800000c4 (0x0000006f)
core   0: 3 0x800000c4 (0x0000006f)
core   0: 3 0x800000c4 (0x0000006f)
core   0: 3 0x800000c4 (0x0000006f)
core   0: 3 0x800000c4 (0x0000006f)
core   0: 3 0x800000c4 (0x0000006f)
core   0: 3 0x800000c4 (0x0000006f)
core   0: 3 0x800000c4 (0x0000006f)
core   0: 3 0x800000c4 (0x0000006f)
core   0: 3 0x800000c4 (0x0000006f)
core   0: 3 0x800000c4 (0x0000006f)
core   0: 3 0x800000c4 (0x0000006f)
core   0: 3 0x800000c4 (0x0000006f)
core   0: 3 0x800000c4 (0x0000006f)
core   0: 3 0x800000c4 (0x0000006f)
core   0: 3 0x800000c4 (0x0000006f)
core   0: 3 0x800000c4 (0x0000006f)
core   0: 3 0x800000c4 (0x0000006f)
core   0: 3 0x800000c4 (0x0000006f)
core   0: 3 0x800000c4 (0x0000006f)
core   0: 3 0x800000c4 (0x0000006f)
core   0: 3 0x800000c4 (0x0000006f)
core   0: 3 0x800000c4 (0x0000006f)
core   0: 3 0x800000c4 (0x0000006f)
core   0: 3 0x800000c4 (0x0000006f)
core   0: 3 0x800000c4 (0x0000006f)
core   0: 3 0x800000c4 (0x0000006f)
core   0: 3 0x800000c4 (0x0000006f)
core   0: 3 0x800000c4 (0x0000006f)
core   0: 3 0x800000c4 (0x0000006f)
core   0: 3 0x800000c4 (0x0000006f)
core   0: 3 0x800000c4 (0x0000006f)
core   0: 3 0x800000c4 (0x0000006f)
core   0: 3 0x800000c4 (0x0000006f)
core   0: 3 0x800000c4 (0x0000006f)
core   0: 3 0x800000c4 (0x0000006f)
core   0: 3 0x800000c4 (0x0000006f)
core   0: 3 0x800000c4 (0x0000006f)
core   0: 3 0x800000c4 (0x0000006f)
core   0: 3 0x800000c4 (0x0000006f)
core   0: 3 0x800000c4 (0x0000006f)
core   0: 3 0x800000c4 (0x0000006f)
core   0: 3 0x800000c4 (0x0000006f)
core   0: 3 0x800000c4 (0x0000006f)
core   0: 3 0x800000c4 (0x0000006f)
core   0: 3 0x800000c4 (0x0000006f)
core   0: 3 0x800000c4 (0x0000006f)
core   0: 3 0x800000c4 (0x0000006f)
core   0: 3 0x800000c4 (0x0000006f)
core   0: 3 0x800000c4 (0x0000006f)
core   0: 3 0x800000c4 (0x0000006f)
core   0: 3 0x800000c4 (0x0000006f)
core   0: 3 0x800000c4 (0x0000006f)
core   0: 3 0x800000c4 (0x0000006f)
core   0: 3 0x800000c4 (0x0000006f)
core   0: 3 0x800000c4 (0x0000006f)
core   0: 3 0x800000c4 (0x0000006f)
core   0: 3 0x800000c4 (0x0000006f)
core   0: 3 0x800000c4 (0x0000006f)
core   0: 3 0x800000c4 (0x0000006f)
core   0: 3 0x800000c4 (0x0000006f)
core   0: 3 0x800000c4 (0x0000006f)
core   0: 3 0x800000c4 (0x0000006f)
core   0: 3 0x800000c4 (0x0000006f)
core   0: 3 0x800000c4 (0x0000006f)
core   0: 3 0x800000c4 (0x0000006f)
core   0: 3 0x800000c4 (0x0000006f)
core   0: 3 0x800000c4 (0x0000006f)
core   0: 3 0x800000c4 (0x0000006f)
core   0: 3 0x800000c4 (0x0000006f)
core   0: 3 0x800000c4 (0x0000006f)
core   0: 3 0x800000c4 (0x0000006f)
core   0: 3 0x800000c4 (0x0000006f)
core   0: 3 0x800000c4 (0x0000006f)
core   0: 3 0x800000c4 (0x0000006f)
core   0: 3 0x800000c4 (0x0000006f)
core   0: 3 0x800000c4 (0x0000006f)
core   0: 3 0x800000c4 (0x0000006f)
core   0: 3 0x800000c4 (0x0000006f)
core   0: 3 0x800000c4 (0x0000006f)
core   0: 3 0x800000c4 (0x0000006f)
core   0: 3 0x800000c4 (0x0000006f)
core   0: 3 0x800000c4 (0x0000006f)
core   0: 3 0x800000c4 (0x0000006f)
core   0: 3 0x800000c4 (0x0000006f)
core   0: 3 0x800000c4 (0x0000006f)
core   0: 3 0x800000c4 (0x0000006f)
core   0: 3 0x800000c4 (0x0000006f)
core   0: 3 0x800000c4 (0x0000006f)
core   0: 3 0x800000c4 (0x0000006f)
core   0: 3 0x800000c4 (0x0000006f)
core   0: 3 0x800000c4 (0x0000006f)
core   0: 3 0x800000c4 (0x0000006f)
core   0: 3 0x800000c4 (0x0000006f)
core   0: 3 0x800000c4 (0x0000006f)
core   0: 3 0x800000c4 (0x0000006f)
core   0: 3 0x800000c4 (0x0000006f)
core   0: 3 0x800000c4 (0x0000006f)
core   0: 3 0x800000c4 (0x0000006f)
core   0: 3 0x800000c4 (0x0000006f)
core   0: 3 0x800000c4 (0x0000006f)
core   0: 3 0x800000c4 (0x0000006f)
core   0: 3 0x800000c4 (0x0000006f)
core   0: 3 0x800000c4 (0x0000006f)
core   0: 3 0x800000c4 (0x0000006f)
core   0: 3 0x800000c4 (0x0000006f)
core   0: 3 0x800000c4 (0x0000006f)
core   0: 3 0x800000c4 (0x0000006f)
core   0: 3 0x800000c4 (0x0000006f)
core   0: 3 0x800000c4 (0x0000006f)
core   0: 3 0x800000c4 (0x0000006f)
core   0: 3 0x800000c4 (0x0000006f)
core   0: 3 0x800000c4 (0x0000006f)
core   0: 3 0x800000c4 (0x0000006f)
core   0: 3 0x800000c4 (0x0000006f)
core   0: 3 0x800000c4 (0x0000006f)
core   0: 3 0x800000c4 (0x0000006f)
core   0: 3 0x800000c4 (0x0000006f)
core   0: 3 0x800000c4 (0x0000006f)
core   0: 3 0x800000c4 (0x0000006f)
core   0: 3 0x800000c4 (0x0000006f)
core   0: 3 0x800000c4 (0x0000006f)
core   0: 3 0x800000c4 (0x0000006f)
core   0: 3 0x800000c4 (0x0000006f)
core   0: 3 0x800000c4 (0x0000006f)
core   0: 3 0x800000c4 (0x0000006f)
core   0: 3 0x800000c4 (0x0000006f)
core   0: 3 0x800000c4 (0x0000006f)
core   0: 3 0x800000c4 (0x0000006f)
core   0: 3 0x800000c4 (0x0000006f)
core   0: 3 0x800000c4 (0x0000006f)
core   0: 3 0x800000c4 (0x0000006f)
core   0: 3 0x800000c4 (0x0000006f)
core   0: 3 0x800000c4 (0x0000006f)
core   0: 3 0x800000c4 (0x0000006f)
core   0: 3 0x800000c4 (0x0000006f)
core   0: 3 0x800000c4 (0x0000006f)
core   0: 3 0x800000c4 (0x0000006f)
core   0: 3 0x800000c4 (0x0000006f)
core   0: 3 0x800000c4 (0x0000006f)
core   0: 3 0x800000c4 (0x0000006f)
core   0: 3 0x800000c4 (0x0000006f)
core   0: 3 0x800000c4 (0x0000006f)
core   0: 3 0x800000c4 (0x0000006f)
core   0: 3 0x800000c4 (0x0000006f)
core   0: 3 0x800000c4 (0x0000006f)
core   0: 3 0x800000c4 (0x0000006f)
core   0: 3 0x800000c4 (0x0000006f)
core   0: 3 0x800000c4 (0x0000006f)
core   0: 3 0x800000c4 (0x0000006f)
core   0: 3 0x800000c4 (0x0000006f)
core   0: 3 0x800000c4 (0x0000006f)
core   0: 3 0x800000c4 (0x0000006f)
core   0: 3 0x800000c4 (0x0000006f)
core   0: 3 0x800000c4 (0x0000006f)
core   0: 3 0x800000c4 (0x0000006f)
core   0: 3 0x800000c4 (0x0000006f)
core   0: 3 0x800000c4 (0x0000006f)
core   0: 3 0x800000c4 (0x0000006f)
core   0: 3 0x800000c4 (0x0000006f)
core   0: 3 0x800000c4 (0x0000006f)
core   0: 3 0x800000c4 (0x0000006f)
core   0: 3 0x800000c4 (0x0000006f)
core   0: 3 0x800000c4 (0x0000006f)
core   0: 3 0x800000c4 (0x0000006f)
core   0: 3 0x800000c4 (0x0000006f)
core   0: 3 0x800000c4 (0x0000006f)
core   0: 3 0x800000c4 (0x0000006f)
core   0: 3 0x800000c4 (0x0000006f)
core   0: 3 0x800000c4 (0x0000006f)
core   0: 3 0x800000c4 (0x0000006f)
core   0: 3 0x800000c4 (0x0000006f)
core   0: 3 0x800000c4 (0x0000006f)
core   0: 3 0x800000c4 (0x0000006f)
core   0: 3 0x800000c4 (0x0000006f)
core   0: 3 0x800000c4 (0x0000006f)
core   0: 3 0x800000c4 (0x0000006f)
core   0: 3 0x800000c4 (0x0000006f)
core   0: 3 0x800000c4 (0x0000006f)
core   0: 3 0x800000c4 (0x0000006f)
core   0: 3 0x800000c4 (0x0000006f)
core   0: 3 0x800000c4 (0x0000006f)
core   0: 3 0x800000c4 (0x0000006f)
core   0: 3 0x800000c4 (0x0000006f)
core   0: 3 0x800000c4 (0x0000006f)
core   0: 3 0x800000c4 (0x0000006f)
core   0: 3 0x800000c4 (0x0000006f)
core   0: 3 0x800000c4 (0x0000006f)
core   0: 3 0x800000c4 (0x0000006f)
core   0: 3 0x800000c4 (0x0000006f)
core   0: 3 0x800000c4 (0x0000006f)
core   0: 3 0x800000c4 (0x0000006f)
core   0: 3 0x800000c4 (0x0000006f)
core   0: 3 0x800000c4 (0x0000006f)
core   0: 3 0x800000c4 (0x0000006f)
core   0: 3 0x800000c4 (0x0000006f)
core   0: 3 0x800000c4 (0x0000006f)
core   0: 3 0x800000c4 (0x0000006f)
core   0: 3 0x800000c4 (0x0000006f)
core   0: 3 0x800000c4 (0x0000006f)
core   0: 3 0x800000c4 (0x0000006f)
core   0: 3 0x800000c4 (0x0000006f)
core   0: 3 0x800000c4 (0x0000006f)
core   0: 3 0x800000c4 (0x0000006f)
core   0: 3 0x800000c4 (0x0000006f)
core   0: 3 0x800000c4 (0x0000006f)
core   0: 3 0x800000c4 (0x0000006f)
core   0: 3 0x800000c4 (0x0000006f)
core   0: 3 0x800000c4 (0x0000006f)
core   0: 3 0x800000c4 (0x0000006f)
core   0: 3 0x800000c4 (0x0000006f)
core   0: 3 0x800000c4 (0x0000006f)
core   0: 3 0x800000c4 (0x0000006f)
core   0: 3 0x800000c4 (0x0000006f)
core   0: 3 0x800000c4 (0x0000006f)
core   0: 3 0x800000c4 (0x0000006f)
core   0: 3 0x800000c4 (0x0000006f)
core   0: 3 0x800000c4 (0x0000006f)
core   0: 3 0x800000c4 (0x0000006f)
core   0: 3 0x800000c4 (0x0000006f)
core   0: 3 0x800000c4 (0x0000006f)
core   0: 3 0x800000c4 (0x0000006f)
core   0: 3 0x800000c4 (0x0000006f)
core   0: 3 0x800000c4 (0x0000006f)
core   0: 3 0x800000c4 (0x0000006f)
core   0: 3 0x800000c4 (0x0000006f)
core   0: 3 0x800000c4 (0x0000006f)
core   0: 3 0x800000c4 (0x0000006f)
core   0: 3 0x800000c4 (0x0000006f)
core   0: 3 0x800000c4 (0x0000006f)
core   0: 3 0x800000c4 (0x0000006f)
core   0: 3 0x800000c4 (0x0000006f)
core   0: 3 0x800000c4 (0x0000006f)
core   0: 3 0x800000c4 (0x0000006f)
core   0: 3 0x800000c4 (0x0000006f)
core   0: 3 0x800000c4 (0x0000006f)
core   0: 3 0x800000c4 (0x0000006f)
core   0: 3 0x800000c4 (0x0000006f)
core   0: 3 0x800000c4 (0x0000006f)
core   0: 3 0x800000c4 (0x0000006f)
core   0: 3 0x800000c4 (0x0000006f)
core   0: 3 0x800000c4 (0x0000006f)
core   0: 3 0x800000c4 (0x0000006f)
core   0: 3 0x800000c4 (0x0000006f)
core   0: 3 0x800000c4 (0x0000006f)
core   0: 3 0x800000c4 (0x0000006f)
core   0: 3 0x800000c4 (0x0000006f)
core   0: 3 0x800000c4 (0x0000006f)
core   0: 3 0x800000c4 (0x0000006f)
core   0: 3 0x800000c4 (0x0000006f)
core   0: 3 0x800000c4 (0x0000006f)
core   0: 3 0x800000c4 (0x0000006f)
core   0: 3 0x800000c4 (0x0000006f)
core   0: 3 0x800000c4 (0x0000006f)
core   0: 3 0x800000c4 (0x0000006f)
core   0: 3 0x800000c4 (0x0000006f)
core   0: 3 0x800000c4 (0x0000006f)
core   0: 3 0x800000c4 (0x0000006f)
core   0: 3 0x800000c4 (0x0000006f)
core   0: 3 0x800000c4 (0x0000006f)
core   0: 3 0x800000c4 (0x0000006f)
core   0: 3 0x800000c4 (0x0000006f)
core   0: 3 0x800000c4 (0x0000006f)
core   0: 3 0x800000c4 (0x0000006f)
core   0: 3 0x800000c4 (0x0000006f)
core   0: 3 0x800000c4 (0x0000006f)
core   0: 3 0x800000c4 (0x0000006f)
core   0: 3 0x800000c4 (0x0000006f)
core   0: 3 0x800000c4 (0x0000006f)
core   0: 3 0x800000c4 (0x0000006f)
core   0: 3 0x800000c4 (0x0000006f)
core   0: 3 0x800000c4 (0x0000006f)
core   0: 3 0x800000c4 (0x0000006f)
core   0: 3 0x800000c4 (0x0000006f)
core   0: 3 0x800000c4 (0x0000006f)
core   0: 3 0x800000c4 (0x0000006f)
core   0: 3 0x800000c4 (0x0000006f)
core   0: 3 0x800000c4 (0x0000006f)
core   0: 3 0x800000c4 (0x0000006f)
core   0: 3 0x800000c4 (0x0000006f)
core   0: 3 0x800000c4 (0x0000006f)
core   0: 3 0x800000c4 (0x0000006f)
core   0: 3 0x800000c4 (0x0000006f)
core   0: 3 0x800000c4 (0x0000006f)
core   0: 3 0x800000c4 (0x0000006f)
core   0: 3 0x800000c4 (0x0000006f)
core   0: 3 0x800000c4 (0x0000006f)
core   0: 3 0x800000c4 (0x0000006f)
core   0: 3 0x800000c4 (0x0000006f)
core   0: 3 0x800000c4 (0x0000006f)
core   0: 3 0x800000c4 (0x0000006f)
core   0: 3 0x800000c4 (0x0000006f)
core   0: 3 0x800000c4 (0x0000006f)
core   0: 3 0x800000c4 (0x0000006f)
core   0: 3 0x800000c4 (0x0000006f)
core   0: 3 0x800000c4 (0x0000006f)
core   0: 3 0x800000c4 (0x0000006f)
core   0: 3 0x800000c4 (0x0000006f)
core   0: 3 0x800000c4 (0x0000006f)
core   0: 3 0x800000c4 (0x0000006f)
core   0: 3 0x800000c4 (0x0000006f)
core   0: 3 0x800000c4 (0x0000006f)
core   0: 3 0x800000c4 (0x0000006f)
core   0: 3 0x800000c4 (0x0000006f)
core   0: 3 0x800000c4 (0x0000006f)
core   0: 3 0x800000c4 (0x0000006f)
core   0: 3 0x800000c4 (0x0000006f)
core   0: 3 0x800000c4 (0x0000006f)
core   0: 3 0x800000c4 (0x0000006f)
core   0: 3 0x800000c4 (0x0000006f)
core   0: 3 0x800000c4 (0x0000006f)
core   0: 3 0x800000c4 (0x0000006f)
core   0: 3 0x800000c4 (0x0000006f)
core   0: 3 0x800000c4 (0x0000006f)
core   0: 3 0x800000c4 (0x0000006f)
core   0: 3 0x800000c4 (0x0000006f)
core   0: 3 0x800000c4 (0x0000006f)
core   0: 3 0x800000c4 (0x0000006f)
core   0: 3 0x800000c4 (0x0000006f)
core   0: 3 0x800000c4 (0x0000006f)
core   0: 3 0x800000c4 (0x0000006f)
core   0: 3 0x800000c4 (0x0000006f)
core   0: 3 0x800000c4 (0x0000006f)
core   0: 3 0x800000c4 (0x0000006f)
core   0: 3 0x800000c4 (0x0000006f)
core   0: 3 0x800000c4 (0x0000006f)
core   0: 3 0x800000c4 (0x0000006f)
core   0: 3 0x800000c4 (0x0000006f)
core   0: 3 0x800000c4 (0x0000006f)
core   0: 3 0x800000c4 (0x0000006f)
core   0: 3 0x800000c4 (0x0000006f)
core   0: 3 0x800000c4 (0x0000006f)
core   0: 3 0x800000c4 (0x0000006f)
core   0: 3 0x800000c4 (0x0000006f)
core   0: 3 0x800000c4 (0x0000006f)
core   0: 3 0x800000c4 (0x0000006f)
core   0: 3 0x800000c4 (0x0000006f)
core   0: 3 0x800000c4 (0x0000006f)
core   0: 3 0x800000c4 (0x0000006f)
core   0: 3 0x800000c4 (0x0000006f)
core   0: 3 0x800000c4 (0x0000006f)
core   0: 3 0x800000c4 (0x0000006f)
core   0: 3 0x800000c4 (0x0000006f)
core   0: 3 0x800000c4 (0x0000006f)
core   0: 3 0x800000c4 (0x0000006f)
core   0: 3 0x800000c4 (0x0000006f)
core   0: 3 0x800000c4 (0x0000006f)
core   0: 3 0x800000c4 (0x0000006f)
core   0: 3 0x800000c4 (0x0000006f)
core   0: 3 0x800000c4 (0x0000006f)
core   0: 3 0x800000c4 (0x0000006f)
core   0: 3 0x800000c4 (0x0000006f)
core   0: 3 0x800000c4 (0x0000006f)
core   0: 3 0x800000c4 (0x0000006f)
core   0: 3 0x800000c4 (0x0000006f)
core   0: 3 0x800000c4 (0x0000006f)
core   0: 3 0x800000c4 (0x0000006f)
core   0: 3 0x800000c4 (0x0000006f)
core   0: 3 0x800000c4 (0x0000006f)
core   0: 3 0x800000c4 (0x0000006f)
core   0: 3 0x800000c4 (0x0000006f)
core   0: 3 0x800000c4 (0x0000006f)
core   0: 3 0x800000c4 (0x0000006f)
core   0: 3 0x800000c4 (0x0000006f)
core   0: 3 0x800000c4 (0x0000006f)
core   0: 3 0x800000c4 (0x0000006f)
core   0: 3 0x800000c4 (0x0000006f)
core   0: 3 0x800000c4 (0x0000006f)
core   0: 3 0x800000c4 (0x0000006f)
core   0: 3 0x800000c4 (0x0000006f)
core   0: 3 0x800000c4 (0x0000006f)
core   0: 3 0x800000c4 (0x0000006f)
core   0: 3 0x800000c4 (0x0000006f)
core   0: 3 0x800000c4 (0x0000006f)
core   0: 3 0x800000c4 (0x0000006f)
core   0: 3 0x800000c4 (0x0000006f)
core   0: 3 0x800000c4 (0x0000006f)
core   0: 3 0x800000c4 (0x0000006f)
core   0: 3 0x800000c4 (0x0000006f)
core   0: 3 0x800000c4 (0x0000006f)
core   0: 3 0x800000c4 (0x0000006f)
core   0: 3 0x800000c4 (0x0000006f)
core   0: 3 0x800000c4 (0x0000006f)
core   0: 3 0x800000c4 (0x0000006f)
core   0: 3 0x800000c4 (0x0000006f)
core   0: 3 0x800000c4 (0x0000006f)
core   0: 3 0x800000c4 (0x0000006f)
core   0: 3 0x800000c4 (0x0000006f)
core   0: 3 0x800000c4 (0x0000006f)
core   0: 3 0x800000c4 (0x0000006f)
core   0: 3 0x800000c4 (0x0000006f)
core   0: 3 0x800000c4 (0x0000006f)
core   0: 3 0x800000c4 (0x0000006f)
core   0: 3 0x800000c4 (0x0000006f)
core   0: 3 0x800000c4 (0x0000006f)
core   0: 3 0x800000c4 (0x0000006f)
core   0: 3 0x800000c4 (0x0000006f)
core   0: 3 0x800000c4 (0x0000006f)
core   0: 3 0x800000c4 (0x0000006f)
core   0: 3 0x800000c4 (0x0000006f)
core   0: 3 0x800000c4 (0x0000006f)
core   0: 3 0x800000c4 (0x0000006f)
core   0: 3 0x800000c4 (0x0000006f)
core   0: 3 0x800000c4 (0x0000006f)
core   0: 3 0x800000c4 (0x0000006f)
core   0: 3 0x800000c4 (0x0000006f)
core   0: 3 0x800000c4 (0x0000006f)
core   0: 3 0x800000c4 (0x0000006f)
core   0: 3 0x800000c4 (0x0000006f)
core   0: 3 0x800000c4 (0x0000006f)
core   0: 3 0x800000c4 (0x0000006f)
core   0: 3 0x800000c4 (0x0000006f)
core   0: 3 0x800000c4 (0x0000006f)
core   0: 3 0x800000c4 (0x0000006f)
core   0: 3 0x800000c4 (0x0000006f)
core   0: 3 0x800000c4 (0x0000006f)
core   0: 3 0x800000c4 (0x0000006f)
core   0: 3 0x800000c4 (0x0000006f)
core   0: 3 0x800000c4 (0x0000006f)
core   0: 3 0x800000c4 (0x0000006f)
core   0: 3 0x800000c4 (0x0000006f)
core   0: 3 0x800000c4 (0x0000006f)
core   0: 3 0x800000c4 (0x0000006f)
core   0: 3 0x800000c4 (0x0000006f)
core   0: 3 0x800000c4 (0x0000006f)
core   0: 3 0x800000c4 (0x0000006f)
core   0: 3 0x800000c4 (0x0000006f)
core   0: 3 0x800000c4 (0x0000006f)
core   0: 3 0x800000c4 (0x0000006f)
core   0: 3 0x800000c4 (0x0000006f)
core   0: 3 0x800000c4 (0x0000006f)
core   0: 3 0x800000c4 (0x0000006f)
core   0: 3 0x800000c4 (0x0000006f)
core   0: 3 0x800000c4 (0x0000006f)
core   0: 3 0x800000c4 (0x0000006f)
core   0: 3 0x800000c4 (0x0000006f)
core   0: 3 0x800000c4 (0x0000006f)
core   0: 3 0x800000c4 (0x0000006f)
core   0: 3 0x800000c4 (0x0000006f)
core   0: 3 0x800000c4 (0x0000006f)
core   0: 3 0x800000c4 (0x0000006f)
core   0: 3 0x800000c4 (0x0000006f)
core   0: 3 0x800000c4 (0x0000006f)
core   0: 3 0x800000c4 (0x0000006f)
core   0: 3 0x800000c4 (0x0000006f)
core   0: 3 0x800000c4 (0x0000006f)
core   0: 3 0x800000c4 (0x0000006f)
core   0: 3 0x800000c4 (0x0000006f)
core   0: 3 0x800000c4 (0x0000006f)
core   0: 3 0x800000c4 (0x0000006f)
core   0: 3 0x800000c4 (0x0000006f)
core   0: 3 0x800000c4 (0x0000006f)
core   0: 3 0x800000c4 (0x0000006f)
core   0: 3 0x800000c4 (0x0000006f)
core   0: 3 0x800000c4 (0x0000006f)
core   0: 3 0x800000c4 (0x0000006f)
core   0: 3 0x800000c4 (0x0000006f)
core   0: 3 0x800000c4 (0x0000006f)
core   0: 3 0x800000c4 (0x0000006f)
core   0: 3 0x800000c4 (0x0000006f)
core   0: 3 0x800000c4 (0x0000006f)
core   0: 3 0x800000c4 (0x0000006f)
core   0: 3 0x800000c4 (0x0000006f)
core   0: 3 0x800000c4 (0x0000006f)
core   0: 3 0x800000c4 (0x0000006f)
core   0: 3 0x800000c4 (0x0000006f)
core   0: 3 0x800000c4 (0x0000006f)
core   0: 3 0x800000c4 (0x0000006f)
core   0: 3 0x800000c4 (0x0000006f)
core   0: 3 0x800000c4 (0x0000006f)
core   0: 3 0x800000c4 (0x0000006f)
core   0: 3 0x800000c4 (0x0000006f)
core   0: 3 0x800000c4 (0x0000006f)
core   0: 3 0x800000c4 (0x0000006f)
core   0: 3 0x800000c4 (0x0000006f)
core   0: 3 0x800000c4 (0x0000006f)
core   0: 3 0x800000c4 (0x0000006f)
core   0: 3 0x800000c4 (0x0000006f)
core   0: 3 0x800000c4 (0x0000006f)
core   0: 3 0x800000c4 (0x0000006f)
core   0: 3 0x800000c4 (0x0000006f)
core   0: 3 0x800000c4 (0x0000006f)
core   0: 3 0x800000c4 (0x0000006f)
core   0: 3 0x800000c4 (0x0000006f)
core   0: 3 0x800000c4 (0x0000006f)
core   0: 3 0x800000c4 (0x0000006f)
core   0: 3 0x800000c4 (0x0000006f)
core   0: 3 0x800000c4 (0x0000006f)
core   0: 3 0x800000c4 (0x0000006f)
core   0: 3 0x800000c4 (0x0000006f)
core   0: 3 0x800000c4 (0x0000006f)
core   0: 3 0x800000c4 (0x0000006f)
core   0: 3 0x800000c4 (0x0000006f)
core   0: 3 0x800000c4 (0x0000006f)
core   0: 3 0x800000c4 (0x0000006f)
core   0: 3 0x800000c4 (0x0000006f)
core   0: 3 0x800000c4 (0x0000006f)
core   0: 3 0x800000c4 (0x0000006f)
core   0: 3 0x800000c4 (0x0000006f)
core   0: 3 0x800000c4 (0x0000006f)
core   0: 3 0x800000c4 (0x0000006f)
core   0: 3 0x800000c4 (0x0000006f)
core   0: 3 0x800000c4 (0x0000006f)
core   0: 3 0x800000c4 (0x0000006f)
core   0: 3 0x800000c4 (0x0000006f)
core   0: 3 0x800000c4 (0x0000006f)
core   0: 3 0x800000c4 (0x0000006f)
core   0: 3 0x800000c4 (0x0000006f)
core   0: 3 0x800000c4 (0x0000006f)
core   0: 3 0x800000c4 (0x0000006f)
core   0: 3 0x800000c4 (0x0000006f)
core   0: 3 0x800000c4 (0x0000006f)
core   0: 3 0x800000c4 (0x0000006f)
core   0: 3 0x800000c4 (0x0000006f)
core   0: 3 0x800000c4 (0x0000006f)
core   0: 3 0x800000c4 (0x0000006f)
core   0: 3 0x800000c4 (0x0000006f)
core   0: 3 0x800000c4 (0x0000006f)
core   0: 3 0x800000c4 (0x0000006f)
core   0: 3 0x800000c4 (0x0000006f)
core   0: 3 0x800000c4 (0x0000006f)
core   0: 3 0x800000c4 (0x0000006f)
core   0: 3 0x800000c4 (0x0000006f)
core   0: 3 0x800000c4 (0x0000006f)
core   0: 3 0x800000c4 (0x0000006f)
core   0: 3 0x800000c4 (0x0000006f)
core   0: 3 0x800000c4 (0x0000006f)
core   0: 3 0x800000c4 (0x0000006f)
core   0: 3 0x800000c4 (0x0000006f)
core   0: 3 0x800000c4 (0x0000006f)
core   0: 3 0x800000c4 (0x0000006f)
core   0: 3 0x800000c4 (0x0000006f)
core   0: 3 0x800000c4 (0x0000006f)
core   0: 3 0x800000c4 (0x0000006f)
core   0: 3 0x800000c4 (0x0000006f)
core   0: 3 0x800000c4 (0x0000006f)
core   0: 3 0x800000c4 (0x0000006f)
core   0: 3 0x800000c4 (0x0000006f)
core   0: 3 0x800000c4 (0x0000006f)
core   0: 3 0x800000c4 (0x0000006f)
core   0: 3 0x800000c4 (0x0000006f)
core   0: 3 0x800000c4 (0x0000006f)
core   0: 3 0x800000c4 (0x0000006f)
core   0: 3 0x800000c4 (0x0000006f)
core   0: 3 0x800000c4 (0x0000006f)
core   0: 3 0x800000c4 (0x0000006f)
core   0: 3 0x800000c4 (0x0000006f)
core   0: 3 0x800000c4 (0x0000006f)
core   0: 3 0x800000c4 (0x0000006f)
core   0: 3 0x800000c4 (0x0000006f)
core   0: 3 0x800000c4 (0x0000006f)
core   0: 3 0x800000c4 (0x0000006f)
core   0: 3 0x800000c4 (0x0000006f)
core   0: 3 0x800000c4 (0x0000006f)
core   0: 3 0x800000c4 (0x0000006f)
core   0: 3 0x800000c4 (0x0000006f)
core   0: 3 0x800000c4 (0x0000006f)
core   0: 3 0x800000c4 (0x0000006f)
core   0: 3 0x800000c4 (0x0000006f)
core   0: 3 0x800000c4 (0x0000006f)
core   0: 3 0x800000c4 (0x0000006f)
core   0: 3 0x800000c4 (0x0000006f)
core   0: 3 0x800000c4 (0x0000006f)
core   0: 3 0x800000c4 (0x0000006f)
core   0: 3 0x800000c4 (0x0000006f)
core   0: 3 0x800000c4 (0x0000006f)
core   0: 3 0x800000c4 (0x0000006f)
core   0: 3 0x800000c4 (0x0000006f)
core   0: 3 0x800000c4 (0x0000006f)
core   0: 3 0x800000c4 (0x0000006f)
core   0: 3 0x800000c4 (0x0000006f)
core   0: 3 0x800000c4 (0x0000006f)
core   0: 3 0x800000c4 (0x0000006f)
core   0: 3 0x800000c4 (0x0000006f)
core   0: 3 0x800000c4 (0x0000006f)
core   0: 3 0x800000c4 (0x0000006f)
core   0: 3 0x800000c4 (0x0000006f)
core   0: 3 0x800000c4 (0x0000006f)
core   0: 3 0x800000c4 (0x0000006f)
core   0: 3 0x800000c4 (0x0000006f)
core   0: 3 0x800000c4 (0x0000006f)
core   0: 3 0x800000c4 (0x0000006f)
core   0: 3 0x800000c4 (0x0000006f)
core   0: 3 0x800000c4 (0x0000006f)
core   0: 3 0x800000c4 (0x0000006f)
core   0: 3 0x800000c4 (0x0000006f)
core   0: 3 0x800000c4 (0x0000006f)
core   0: 3 0x800000c4 (0x0000006f)
core   0: 3 0x800000c4 (0x0000006f)
core   0: 3 0x800000c4 (0x0000006f)
core   0: 3 0x800000c4 (0x0000006f)
core   0: 3 0x800000c4 (0x0000006f)
core   0: 3 0x800000c4 (0x0000006f)
core   0: 3 0x800000c4 (0x0000006f)
core   0: 3 0x800000c4 (0x0000006f)
core   0: 3 0x800000c4 (0x0000006f)
core   0: 3 0x800000c4 (0x0000006f)
core   0: 3 0x800000c4 (0x0000006f)
core   0: 3 0x800000c4 (0x0000006f)
core   0: 3 0x800000c4 (0x0000006f)
core   0: 3 0x800000c4 (0x0000006f)
core   0: 3 0x800000c4 (0x0000006f)
core   0: 3 0x800000c4 (0x0000006f)
core   0: 3 0x800000c4 (0x0000006f)
core   0: 3 0x800000c4 (0x0000006f)
core   0: 3 0x800000c4 (0x0000006f)
core   0: 3 0x800000c4 (0x0000006f)
core   0: 3 0x800000c4 (0x0000006f)
core   0: 3 0x800000c4 (0x0000006f)
core   0: 3 0x800000c4 (0x0000006f)
core   0: 3 0x800000c4 (0x0000006f)
core   0: 3 0x800000c4 (0x0000006f)
core   0: 3 0x800000c4 (0x0000006f)
core   0: 3 0x800000c4 (0x0000006f)
core   0: 3 0x800000c4 (0x0000006f)
core   0: 3 0x800000c4 (0x0000006f)
core   0: 3 0x800000c4 (0x0000006f)
core   0: 3 0x800000c4 (0x0000006f)
core   0: 3 0x800000c4 (0x0000006f)
core   0: 3 0x800000c4 (0x0000006f)
core   0: 3 0x800000c4 (0x0000006f)
core   0: 3 0x800000c4 (0x0000006f)
core   0: 3 0x800000c4 (0x0000006f)
core   0: 3 0x800000c4 (0x0000006f)
core   0: 3 0x800000c4 (0x0000006f)
core   0: 3 0x800000c4 (0x0000006f)
core   0: 3 0x800000c4 (0x0000006f)
core   0: 3 0x800000c4 (0x0000006f)
core   0: 3 0x800000c4 (0x0000006f)
core   0: 3 0x800000c4 (0x0000006f)
core   0: 3 0x800000c4 (0x0000006f)
core   0: 3 0x800000c4 (0x0000006f)
core   0: 3 0x800000c4 (0x0000006f)
core   0: 3 0x800000c4 (0x0000006f)
core   0: 3 0x800000c4 (0x0000006f)
core   0: 3 0x800000c4 (0x0000006f)
core   0: 3 0x800000c4 (0x0000006f)
core   0: 3 0x800000c4 (0x0000006f)
core   0: 3 0x800000c4 (0x0000006f)
core   0: 3 0x800000c4 (0x0000006f)
core   0: 3 0x800000c4 (0x0000006f)
core   0: 3 0x800000c4 (0x0000006f)
core   0: 3 0x800000c4 (0x0000006f)
core   0: 3 0x800000c4 (0x0000006f)
core   0: 3 0x800000c4 (0x0000006f)
core   0: 3 0x800000c4 (0x0000006f)
core   0: 3 0x800000c4 (0x0000006f)
core   0: 3 0x800000c4 (0x0000006f)
core   0: 3 0x800000c4 (0x0000006f)
core   0: 3 0x800000c4 (0x0000006f)
core   0: 3 0x800000c4 (0x0000006f)
core   0: 3 0x800000c4 (0x0000006f)
core   0: 3 0x800000c4 (0x0000006f)
core   0: 3 0x800000c4 (0x0000006f)
core   0: 3 0x800000c4 (0x0000006f)
core   0: 3 0x800000c4 (0x0000006f)
core   0: 3 0x800000c4 (0x0000006f)
core   0: 3 0x800000c4 (0x0000006f)
core   0: 3 0x800000c4 (0x0000006f)
core   0: 3 0x800000c4 (0x0000006f)
core   0: 3 0x800000c4 (0x0000006f)
core   0: 3 0x800000c4 (0x0000006f)
core   0: 3 0x800000c4 (0x0000006f)
core   0: 3 0x800000c4 (0x0000006f)
core   0: 3 0x800000c4 (0x0000006f)
core   0: 3 0x800000c4 (0x0000006f)
core   0: 3 0x800000c4 (0x0000006f)
core   0: 3 0x800000c4 (0x0000006f)
core   0: 3 0x800000c4 (0x0000006f)
core   0: 3 0x800000c4 (0x0000006f)
core   0: 3 0x800000c4 (0x0000006f)
core   0: 3 0x800000c4 (0x0000006f)
core   0: 3 0x800000c4 (0x0000006f)
core   0: 3 0x800000c4 (0x0000006f)
core   0: 3 0x800000c4 (0x0000006f)
core   0: 3 0x800000c4 (0x0000006f)
core   0: 3 0x800000c4 (0x0000006f)
core   0: 3 0x800000c4 (0x0000006f)
core   0: 3 0x800000c4 (0x0000006f)
core   0: 3 0x800000c4 (0x0000006f)
core   0: 3 0x800000c4 (0x0000006f)
core   0: 3 0x800000c4 (0x0000006f)
core   0: 3 0x800000c4 (0x0000006f)
core   0: 3 0x800000c4 (0x0000006f)
core   0: 3 0x800000c4 (0x0000006f)
core   0: 3 0x800000c4 (0x0000006f)
core   0: 3 0x800000c4 (0x0000006f)
core   0: 3 0x800000c4 (0x0000006f)
core   0: 3 0x800000c4 (0x0000006f)
core   0: 3 0x800000c4 (0x0000006f)
core   0: 3 0x800000c4 (0x0000006f)
core   0: 3 0x800000c4 (0x0000006f)
core   0: 3 0x800000c4 (0x0000006f)
core   0: 3 0x800000c4 (0x0000006f)
core   0: 3 0x800000c4 (0x0000006f)
core   0: 3 0x800000c4 (0x0000006f)
core   0: 3 0x800000c4 (0x0000006f)
core   0: 3 0x800000c4 (0x0000006f)
core   0: 3 0x800000c4 (0x0000006f)
core   0: 3 0x800000c4 (0x0000006f)
core   0: 3 0x800000c4 (0x0000006f)
core   0: 3 0x800000c4 (0x0000006f)
core   0: 3 0x800000c4 (0x0000006f)
core   0: 3 0x800000c4 (0x0000006f)
core   0: 3 0x800000c4 (0x0000006f)
core   0: 3 0x800000c4 (0x0000006f)
core   0: 3 0x800000c4 (0x0000006f)
core   0: 3 0x800000c4 (0x0000006f)
core   0: 3 0x800000c4 (0x0000006f)
core   0: 3 0x800000c4 (0x0000006f)
core   0: 3 0x800000c4 (0x0000006f)
core   0: 3 0x800000c4 (0x0000006f)
core   0: 3 0x800000c4 (0x0000006f)
core   0: 3 0x800000c4 (0x0000006f)
core   0: 3 0x800000c4 (0x0000006f)
core   0: 3 0x800000c4 (0x0000006f)
core   0: 3 0x800000c4 (0x0000006f)
core   0: 3 0x800000c4 (0x0000006f)
core   0: 3 0x800000c4 (0x0000006f)
core   0: 3 0x800000c4 (0x0000006f)
core   0: 3 0x800000c4 (0x0000006f)
core   0: 3 0x800000c4 (0x0000006f)
core   0: 3 0x800000c4 (0x0000006f)
core   0: 3 0x800000c4 (0x0000006f)
core   0: 3 0x800000c4 (0x0000006f)
core   0: 3 0x800000c4 (0x0000006f)
core   0: 3 0x800000c4 (0x0000006f)
core   0: 3 0x800000c4 (0x0000006f)
core   0: 3 0x800000c4 (0x0000006f)
core   0: 3 0x800000c4 (0x0000006f)
core   0: 3 0x800000c4 (0x0000006f)
core   0: 3 0x800000c4 (0x0000006f)
core   0: 3 0x800000c4 (0x0000006f)
core   0: 3 0x800000c4 (0x0000006f)
core   0: 3 0x800000c4 (0x0000006f)
core   0: 3 0x800000c4 (0x0000006f)
core   0: 3 0x800000c4 (0x0000006f)
core   0: 3 0x800000c4 (0x0000006f)
core   0: 3 0x800000c4 (0x0000006f)
core   0: 3 0x800000c4 (0x0000006f)
core   0: 3 0x800000c4 (0x0000006f)
core   0: 3 0x800000c4 (0x0000006f)
core   0: 3 0x800000c4 (0x0000006f)
core   0: 3 0x800000c4 (0x0000006f)
core   0: 3 0x800000c4 (0x0000006f)
core   0: 3 0x800000c4 (0x0000006f)
core   0: 3 0x800000c4 (0x0000006f)
core   0: 3 0x800000c4 (0x0000006f)
core   0: 3 0x800000c4 (0x0000006f)
core   0: 3 0x800000c4 (0x0000006f)
core   0: 3 0x800000c4 (0x0000006f)
core   0: 3 0x800000c4 (0x0000006f)
core   0: 3 0x800000c4 (0x0000006f)
core   0: 3 0x800000c4 (0x0000006f)
core   0: 3 0x800000c4 (0x0000006f)
core   0: 3 0x800000c4 (0x0000006f)
core   0: 3 0x800000c4 (0x0000006f)
core   0: 3 0x800000c4 (0x0000006f)
core   0: 3 0x800000c4 (0x0000006f)
core   0: 3 0x800000c4 (0x0000006f)
core   0: 3 0x800000c4 (0x0000006f)
core   0: 3 0x800000c4 (0x0000006f)
core   0: 3 0x800000c4 (0x0000006f)
core   0: 3 0x800000c4 (0x0000006f)
core   0: 3 0x800000c4 (0x0000006f)
core   0: 3 0x800000c4 (0x0000006f)
core   0: 3 0x800000c4 (0x0000006f)
core   0: 3 0x800000c4 (0x0000006f)
core   0: 3 0x800000c4 (0x0000006f)
core   0: 3 0x800000c4 (0x0000006f)
core   0: 3 0x800000c4 (0x0000006f)
core   0: 3 0x800000c4 (0x0000006f)
core   0: 3 0x800000c4 (0x0000006f)
core   0: 3 0x800000c4 (0x0000006f)
core   0: 3 0x800000c4 (0x0000006f)
core   0: 3 0x800000c4 (0x0000006f)
core   0: 3 0x800000c4 (0x0000006f)
core   0: 3 0x800000c4 (0x0000006f)
core   0: 3 0x800000c4 (0x0000006f)
core   0: 3 0x800000c4 (0x0000006f)
core   0: 3 0x800000c4 (0x0000006f)
core   0: 3 0x800000c4 (0x0000006f)
core   0: 3 0x800000c4 (0x0000006f)
core   0: 3 0x800000c4 (0x0000006f)
core   0: 3 0x800000c4 (0x0000006f)
core   0: 3 0x800000c4 (0x0000006f)
core   0: 3 0x800000c4 (0x0000006f)
core   0: 3 0x800000c4 (0x0000006f)
core   0: 3 0x800000c4 (0x0000006f)
core   0: 3 0x800000c4 (0x0000006f)
core   0: 3 0x800000c4 (0x0000006f)
core   0: 3 0x800000c4 (0x0000006f)
core   0: 3 0x800000c4 (0x0000006f)
core   0: 3 0x800000c4 (0x0000006f)
core   0: 3 0x800000c4 (0x0000006f)
core   0: 3 0x800000c4 (0x0000006f)
core   0: 3 0x800000c4 (0x0000006f)
core   0: 3 0x800000c4 (0x0000006f)
core   0: 3 0x800000c4 (0x0000006f)
core   0: 3 0x800000c4 (0x0000006f)
core   0: 3 0x800000c4 (0x0000006f)
core   0: 3 0x800000c4 (0x0000006f)
core   0: 3 0x800000c4 (0x0000006f)
core   0: 3 0x800000c4 (0x0000006f)
core   0: 3 0x800000c4 (0x0000006f)
core   0: 3 0x800000c4 (0x0000006f)
core   0: 3 0x800000c4 (0x0000006f)
core   0: 3 0x800000c4 (0x0000006f)
core   0: 3 0x800000c4 (0x0000006f)
core   0: 3 0x800000c4 (0x0000006f)
core   0: 3 0x800000c4 (0x0000006f)
core   0: 3 0x800000c4 (0x0000006f)
core   0: 3 0x800000c4 (0x0000006f)
core   0: 3 0x800000c4 (0x0000006f)
core   0: 3 0x800000c4 (0x0000006f)
core   0: 3 0x800000c4 (0x0000006f)
core   0: 3 0x800000c4 (0x0000006f)
core   0: 3 0x800000c4 (0x0000006f)
core   0: 3 0x800000c4 (0x0000006f)
core   0: 3 0x800000c4 (0x0000006f)
core   0: 3 0x800000c4 (0x0000006f)
core   0: 3 0x800000c4 (0x0000006f)
core   0: 3 0x800000c4 (0x0000006f)
core   0: 3 0x800000c4 (0x0000006f)
core   0: 3 0x800000c4 (0x0000006f)
core   0: 3 0x800000c4 (0x0000006f)
core   0: 3 0x800000c4 (0x0000006f)
core   0: 3 0x800000c4 (0x0000006f)
core   0: 3 0x800000c4 (0x0000006f)
core   0: 3 0x800000c4 (0x0000006f)
core   0: 3 0x800000c4 (0x0000006f)
core   0: 3 0x800000c4 (0x0000006f)
core   0: 3 0x800000c4 (0x0000006f)
core   0: 3 0x800000c4 (0x0000006f)
core   0: 3 0x800000c4 (0x0000006f)
core   0: 3 0x800000c4 (0x0000006f)
core   0: 3 0x800000c4 (0x0000006f)
core   0: 3 0x800000c4 (0x0000006f)
core   0: 3 0x800000c4 (0x0000006f)
core   0: 3 0x800000c4 (0x0000006f)
core   0: 3 0x800000c4 (0x0000006f)
core   0: 3 0x800000c4 (0x0000006f)
core   0: 3 0x800000c4 (0x0000006f)
core   0: 3 0x800000c4 (0x0000006f)
core   0: 3 0x800000c4 (0x0000006f)
core   0: 3 0x800000c4 (0x0000006f)
core   0: 3 0x800000c4 (0x0000006f)
core   0: 3 0x800000c4 (0x0000006f)
core   0: 3 0x800000c4 (0x0000006f)
core   0: 3 0x800000c4 (0x0000006f)
core   0: 3 0x800000c4 (0x0000006f)
core   0: 3 0x800000c4 (0x0000006f)
core   0: 3 0x800000c4 (0x0000006f)
core   0: 3 0x800000c4 (0x0000006f)
core   0: 3 0x800000c4 (0x0000006f)
core   0: 3 0x800000c4 (0x0000006f)
core   0: 3 0x800000c4 (0x0000006f)
core   0: 3 0x800000c4 (0x0000006f)
core   0: 3 0x800000c4 (0x0000006f)
core   0: 3 0x800000c4 (0x0000006f)
core   0: 3 0x800000c4 (0x0000006f)
core   0: 3 0x800000c4 (0x0000006f)
core   0: 3 0x800000c4 (0x0000006f)
core   0: 3 0x800000c4 (0x0000006f)
core   0: 3 0x800000c4 (0x0000006f)
core   0: 3 0x800000c4 (0x0000006f)
core   0: 3 0x800000c4 (0x0000006f)
core   0: 3 0x800000c4 (0x0000006f)
core   0: 3 0x800000c4 (0x0000006f)
core   0: 3 0x800000c4 (0x0000006f)
core   0: 3 0x800000c4 (0x0000006f)
core   0: 3 0x800000c4 (0x0000006f)
core   0: 3 0x800000c4 (0x0000006f)
core   0: 3 0x800000c4 (0x0000006f)
core   0: 3 0x800000c4 (0x0000006f)
core   0: 3 0x800000c4 (0x0000006f)
core   0: 3 0x800000c4 (0x0000006f)
core   0: 3 0x800000c4 (0x0000006f)
core   0: 3 0x800000c4 (0x0000006f)
core   0: 3 0x800000c4 (0x0000006f)
core   0: 3 0x800000c4 (0x0000006f)
core   0: 3 0x800000c4 (0x0000006f)
core   0: 3 0x800000c4 (0x0000006f)
core   0: 3 0x800000c4 (0x0000006f)
core   0: 3 0x800000c4 (0x0000006f)
core   0: 3 0x800000c4 (0x0000006f)
core   0: 3 0x800000c4 (0x0000006f)
core   0: 3 0x800000c4 (0x0000006f)
core   0: 3 0x800000c4 (0x0000006f)
core   0: 3 0x800000c4 (0x0000006f)
core   0: 3 0x800000c4 (0x0000006f)
core   0: 3 0x800000c4 (0x0000006f)
core   0: 3 0x800000c4 (0x0000006f)
core   0: 3 0x800000c4 (0x0000006f)
core   0: 3 0x800000c4 (0x0000006f)
core   0: 3 0x800000c4 (0x0000006f)
core   0: 3 0x800000c4 (0x0000006f)
core   0: 3 0x800000c4 (0x0000006f)
core   0: 3 0x800000c4 (0x0000006f)
core   0: 3 0x800000c4 (0x0000006f)
core   0: 3 0x800000c4 (0x0000006f)
core   0: 3 0x800000c4 (0x0000006f)
core   0: 3 0x800000c4 (0x0000006f)
core   0: 3 0x800000c4 (0x0000006f)
core   0: 3 0x800000c4 (0x0000006f)
core   0: 3 0x800000c4 (0x0000006f)
core   0: 3 0x800000c4 (0x0000006f)
core   0: 3 0x800000c4 (0x0000006f)
core   0: 3 0x800000c4 (0x0000006f)
core   0: 3 0x800000c4 (0x0000006f)
core   0: 3 0x800000c4 (0x0000006f)
