core   0: 3 0x00001000 (0x00000297) x5  0x00001000
core   0: 3 0x00001004 (0x02028593) x11 0x00001020
core   0: 3 0x00001008 (0xf1402573) x10 0x00000000
core   0: 3 0x0000100c (0x0182a283) x5  0x80000000 mem 0x00001018
core   0: 3 0x00001010 (0x00028067)
core   0: 3 0x80000000 (0x00000093) x1  0x00000000
core   0: 3 0x80000004 (0x00000113) x2  0x00000000
core   0: 3 0x80000008 (0x00000193) x3  0x00000000
core   0: 3 0x8000000c (0x00000213) x4  0x00000000
core   0: 3 0x80000010 (0x00000293) x5  0x00000000
core   0: 3 0x80000014 (0x00000313) x6  0x00000000
core   0: 3 0x80000018 (0x00000393) x7  0x00000000
core   0: 3 0x8000001c (0x00000413) x8  0x00000000
core   0: 3 0x80000020 (0x00000493) x9  0x00000000
core   0: 3 0x80000024 (0x00000513) x10 0x00000000
core   0: 3 0x80000028 (0x00000593) x11 0x00000000
core   0: 3 0x8000002c (0x00000613) x12 0x00000000
core   0: 3 0x80000030 (0x00000693) x13 0x00000000
core   0: 3 0x80000034 (0x00000713) x14 0x00000000
core   0: 3 0x80000038 (0x00000793) x15 0x00000000
core   0: 3 0x8000003c (0x00000813) x16 0x00000000
core   0: 3 0x80000040 (0x00000893) x17 0x00000000
core   0: 3 0x80000044 (0x00000913) x18 0x00000000
core   0: 3 0x80000048 (0x00000993) x19 0x00000000
core   0: 3 0x8000004c (0x00000a13) x20 0x00000000
core   0: 3 0x80000050 (0x00000a93) x21 0x00000000
core   0: 3 0x80000054 (0x00000b13) x22 0x00000000
core   0: 3 0x80000058 (0x00000b93) x23 0x00000000
core   0: 3 0x8000005c (0x00000c13) x24 0x00000000
core   0: 3 0x80000060 (0x00000c93) x25 0x00000000
core   0: 3 0x80000064 (0x00000d13) x26 0x00000000
core   0: 3 0x80000068 (0x00000d93) x27 0x00000000
core   0: 3 0x8000006c (0x00000e13) x28 0x00000000
core   0: 3 0x80000070 (0x00000e93) x29 0x00000000
core   0: 3 0x80000074 (0x00000f13) x30 0x00000000
core   0: 3 0x80000078 (0x00000f93) x31 0x00000000
core   0: 3 0x8000007c (0x00001197) x3  0x8000107c
core   0: 3 0x80000080 (0xb7418193) x3  0x80000bf0
core   0: 3 0x80000084 (0x00100117) x2  0x80100084
core   0: 3 0x80000088 (0xf7c10113) x2  0x80100000
core   0: 3 0x8000008c (0x00000297) x5  0x8000008c
core   0: 3 0x80000090 (0x36428293) x5  0x800003f0
core   0: 3 0x80000094 (0x00000317) x6  0x80000094
core   0: 3 0x80000098 (0x35c30313) x6  0x800003f0
core   0: 3 0x8000009c (0x0062f863)
core   0: 3 0x800000ac (0x01c000ef) x1  0x800000b0
core   0: 3 0x800000c8 (0x00000417) x8  0x800000c8
core   0: 3 0x800000cc (0x30040413) x8  0x800003c8
core   0: 3 0x800000d0 (0x00042503) x10 0x8899aabb mem 0x800003c8
core   0: 3 0x800000d4 (0x8899bfb7) x31 0x8899b000
core   0: 3 0x800000d8 (0xabbf8f93) x31 0x8899aabb
core   0: 3 0x800000dc (0x01f50663)
core   0: 3 0x800000e8 (0x00040503) x10 0xffffffbb mem 0x800003c8
core   0: 3 0x800000ec (0xfbb00f93) x31 0xffffffbb
core   0: 3 0x800000f0 (0x01f50663)
core   0: 3 0x800000fc (0x00140503) x10 0xffffffaa mem 0x800003c9
core   0: 3 0x80000100 (0xfaa00f93) x31 0xffffffaa
core   0: 3 0x80000104 (0x01f50663)
core   0: 3 0x80000110 (0x00240503) x10 0xffffff99 mem 0x800003ca
core   0: 3 0x80000114 (0xf9900f93) x31 0xffffff99
core   0: 3 0x80000118 (0x01f50663)
core   0: 3 0x80000124 (0x00340503) x10 0xffffff88 mem 0x800003cb
core   0: 3 0x80000128 (0xf8800f93) x31 0xffffff88
core   0: 3 0x8000012c (0x01f50663)
core   0: 3 0x80000138 (0x00044503) x10 0x000000bb mem 0x800003c8
core   0: 3 0x8000013c (0x0bb00f93) x31 0x000000bb
core   0: 3 0x80000140 (0x01f50663)
core   0: 3 0x8000014c (0x00344503) x10 0x00000088 mem 0x800003cb
core   0: 3 0x80000150 (0x08800f93) x31 0x00000088
core   0: 3 0x80000154 (0x01f50663)
core   0: 3 0x80000160 (0x00041503) x10 0xffffaabb mem 0x800003c8
core   0: 3 0x80000164 (0xffffbfb7) x31 0xffffb000
core   0: 3 0x80000168 (0xabbf8f93) x31 0xffffaabb
core   0: 3 0x8000016c (0x01f50663)
core   0: 3 0x80000178 (0x00241503) x10 0xffff8899 mem 0x800003ca
core   0: 3 0x8000017c (0xffff9fb7) x31 0xffff9000
core   0: 3 0x80000180 (0x899f8f93) x31 0xffff8899
core   0: 3 0x80000184 (0x01f50663)
core   0: 3 0x80000190 (0x00045503) x10 0x0000aabb mem 0x800003c8
core   0: 3 0x80000194 (0x0000bfb7) x31 0x0000b000
core   0: 3 0x80000198 (0xabbf8f93) x31 0x0000aabb
core   0: 3 0x8000019c (0x01f50663)
core   0: 3 0x800001a8 (0x00245503) x10 0x00008899 mem 0x800003ca
core   0: 3 0x800001ac (0x00009fb7) x31 0x00009000
core   0: 3 0x800001b0 (0x899f8f93) x31 0x00008899
core   0: 3 0x800001b4 (0x01f50663)
core   0: 3 0x800001c0 (0x00440503) x10 0x00000044 mem 0x800003cc
core   0: 3 0x800001c4 (0x04400f93) x31 0x00000044
core   0: 3 0x800001c8 (0x01f50663)
core   0: 3 0x800001d4 (0x00641503) x10 0x00001122 mem 0x800003ce
core   0: 3 0x800001d8 (0x00001fb7) x31 0x00001000
core   0: 3 0x800001dc (0x122f8f93) x31 0x00001122
core   0: 3 0x800001e0 (0x01f50663)
core   0: 3 0x800001ec (0x00442503) x10 0x11223344 mem 0x800003cc
core   0: 3 0x800001f0 (0x11223fb7) x31 0x11223000
core   0: 3 0x800001f4 (0x344f8f93) x31 0x11223344
core   0: 3 0x800001f8 (0x01f50663)
core   0: 3 0x80000204 (0x00840493) x9  0x800003d0
core   0: 3 0x80000208 (0xff84a503) x10 0x8899aabb mem 0x800003c8
core   0: 3 0x8000020c (0x8899bfb7) x31 0x8899b000
core   0: 3 0x80000210 (0xabbf8f93) x31 0x8899aabb
core   0: 3 0x80000214 (0x01f50663)
core   0: 3 0x80000220 (0xfff4c503) x10 0x00000011 mem 0x800003cf
core   0: 3 0x80000224 (0x01100f93) x31 0x00000011
core   0: 3 0x80000228 (0x01f50663)
core   0: 3 0x80000234 (0x00042423) mem 0x800003d0 0x00000000
core   0: 3 0x80000238 (0x0a100293) x5  0x000000a1
core   0: 3 0x8000023c (0x00540423) mem 0x800003d0 0xa1
core   0: 3 0x80000240 (0x0b200293) x5  0x000000b2
core   0: 3 0x80000244 (0x005404a3) mem 0x800003d1 0xb2
core   0: 3 0x80000248 (0x0c300293) x5  0x000000c3
core   0: 3 0x8000024c (0x00540523) mem 0x800003d2 0xc3
core   0: 3 0x80000250 (0x123502b7) x5  0x12350000
core   0: 3 0x80000254 (0xfd428293) x5  0x1234ffd4
core   0: 3 0x80000258 (0x005405a3) mem 0x800003d3 0xd4
core   0: 3 0x8000025c (0x00842503) x10 0xd4c3b2a1 mem 0x800003d0
core   0: 3 0x80000260 (0xd4c3bfb7) x31 0xd4c3b000
core   0: 3 0x80000264 (0x2a1f8f93) x31 0xd4c3b2a1
core   0: 3 0x80000268 (0x01f50663)
core   0: 3 0x80000274 (0x00042623) mem 0x800003d4 0x00000000
core   0: 3 0x80000278 (0xdead52b7) x5  0xdead5000
core   0: 3 0x8000027c (0x67828293) x5  0xdead5678
core   0: 3 0x80000280 (0x00541623) mem 0x800003d4 0x5678
core   0: 3 0x80000284 (0xbeef12b7) x5  0xbeef1000
core   0: 3 0x80000288 (0x23428293) x5  0xbeef1234
core   0: 3 0x8000028c (0x00541723) mem 0x800003d6 0x1234
core   0: 3 0x80000290 (0x00c42503) x10 0x12345678 mem 0x800003d4
core   0: 3 0x80000294 (0x12345fb7) x31 0x12345000
core   0: 3 0x80000298 (0x678f8f93) x31 0x12345678
core   0: 3 0x8000029c (0x01f50663)
core   0: 3 0x800002a8 (0x112232b7) x5  0x11223000
core   0: 3 0x800002ac (0x34428293) x5  0x11223344
core   0: 3 0x800002b0 (0x00542823) mem 0x800003d8 0x11223344
core   0: 3 0x800002b4 (0x0ff00293) x5  0x000000ff
core   0: 3 0x800002b8 (0x005408a3) mem 0x800003d9 0xff
core   0: 3 0x800002bc (0x01042503) x10 0x1122ff44 mem 0x800003d8
core   0: 3 0x800002c0 (0x11230fb7) x31 0x11230000
core   0: 3 0x800002c4 (0xf44f8f93) x31 0x1122ff44
core   0: 3 0x800002c8 (0x01f50663)
core   0: 3 0x800002d4 (0x01045503) x10 0x0000ff44 mem 0x800003d8
core   0: 3 0x800002d8 (0x00010fb7) x31 0x00010000
core   0: 3 0x800002dc (0xf44f8f93) x31 0x0000ff44
core   0: 3 0x800002e0 (0x01f50663)
core   0: 3 0x800002ec (0x5a5a62b7) x5  0x5a5a6000
core   0: 3 0x800002f0 (0xa5a28293) x5  0x5a5a5a5a
core   0: 3 0x800002f4 (0x00542a23) mem 0x800003dc 0x5a5a5a5a
core   0: 3 0x800002f8 (0x01442503) x10 0x5a5a5a5a mem 0x800003dc
core   0: 3 0x800002fc (0x5a5a6fb7) x31 0x5a5a6000
core   0: 3 0x80000300 (0xa5af8f93) x31 0x5a5a5a5a
core   0: 3 0x80000304 (0x01f50663)
core   0: 3 0x80000310 (0x00040a23) mem 0x800003dc 0x00
core   0: 3 0x80000314 (0x01442503) x10 0x5a5a5a00 mem 0x800003dc
core   0: 3 0x80000318 (0x5a5a6fb7) x31 0x5a5a6000
core   0: 3 0x8000031c (0xa00f8f93) x31 0x5a5a5a00
core   0: 3 0x80000320 (0x01f50663)
core   0: 3 0x8000032c (0x00042003) mem 0x800003c8
core   0: 3 0x80000330 (0x00000f93) x31 0x00000000
core   0: 3 0x80000334 (0x01f00663)
core   0: 3 0x80000340 (0x00000513) x10 0x00000000
core   0: 3 0x80000344 (0xd6dff06f)
core   0: 3 0x800000b0 (0x00151513) x10 0x00000000
core   0: 3 0x800000b4 (0x00156513) x10 0x00000001
core   0: 3 0x800000b8 (0x00000297) x5  0x800000b8
core   0: 3 0x800000bc (0x2c828293) x5  0x80000380
core   0: 3 0x800000c0 (0x00a2a023) mem 0x80000380 0x00000001
core   0: 3 0x800000c4 (0x0000006f)
core   0: 3 0x800000c4 (0x0000006f)
core   0: 3 0x800000c4 (0x0000006f)
core   0: 3 0x800000c4 (0x0000006f)
core   0: 3 0x800000c4 (0x0000006f)
core   0: 3 0x800000c4 (0x0000006f)
core   0: 3 0x800000c4 (0x0000006f)
core   0: 3 0x800000c4 (0x0000006f)
core   0: 3 0x800000c4 (0x0000006f)
core   0: 3 0x800000c4 (0x0000006f)
core   0: 3 0x800000c4 (0x0000006f)
core   0: 3 0x800000c4 (0x0000006f)
core   0: 3 0x800000c4 (0x0000006f)
core   0: 3 0x800000c4 (0x0000006f)
core   0: 3 0x800000c4 (0x0000006f)
core   0: 3 0x800000c4 (0x0000006f)
core   0: 3 0x800000c4 (0x0000006f)
core   0: 3 0x800000c4 (0x0000006f)
core   0: 3 0x800000c4 (0x0000006f)
core   0: 3 0x800000c4 (0x0000006f)
core   0: 3 0x800000c4 (0x0000006f)
core   0: 3 0x800000c4 (0x0000006f)
core   0: 3 0x800000c4 (0x0000006f)
core   0: 3 0x800000c4 (0x0000006f)
core   0: 3 0x800000c4 (0x0000006f)
core   0: 3 0x800000c4 (0x0000006f)
core   0: 3 0x800000c4 (0x0000006f)
core   0: 3 0x800000c4 (0x0000006f)
core   0: 3 0x800000c4 (0x0000006f)
core   0: 3 0x800000c4 (0x0000006f)
core   0: 3 0x800000c4 (0x0000006f)
core   0: 3 0x800000c4 (0x0000006f)
core   0: 3 0x800000c4 (0x0000006f)
core   0: 3 0x800000c4 (0x0000006f)
core   0: 3 0x800000c4 (0x0000006f)
core   0: 3 0x800000c4 (0x0000006f)
core   0: 3 0x800000c4 (0x0000006f)
core   0: 3 0x800000c4 (0x0000006f)
core   0: 3 0x800000c4 (0x0000006f)
core   0: 3 0x800000c4 (0x0000006f)
core   0: 3 0x800000c4 (0x0000006f)
core   0: 3 0x800000c4 (0x0000006f)
core   0: 3 0x800000c4 (0x0000006f)
core   0: 3 0x800000c4 (0x0000006f)
core   0: 3 0x800000c4 (0x0000006f)
core   0: 3 0x800000c4 (0x0000006f)
core   0: 3 0x800000c4 (0x0000006f)
core   0: 3 0x800000c4 (0x0000006f)
core   0: 3 0x800000c4 (0x0000006f)
core   0: 3 0x800000c4 (0x0000006f)
core   0: 3 0x800000c4 (0x0000006f)
core   0: 3 0x800000c4 (0x0000006f)
core   0: 3 0x800000c4 (0x0000006f)
core   0: 3 0x800000c4 (0x0000006f)
core   0: 3 0x800000c4 (0x0000006f)
core   0: 3 0x800000c4 (0x0000006f)
core   0: 3 0x800000c4 (0x0000006f)
core   0: 3 0x800000c4 (0x0000006f)
core   0: 3 0x800000c4 (0x0000006f)
core   0: 3 0x800000c4 (0x0000006f)
core   0: 3 0x800000c4 (0x0000006f)
core   0: 3 0x800000c4 (0x0000006f)
core   0: 3 0x800000c4 (0x0000006f)
core   0: 3 0x800000c4 (0x0000006f)
core   0: 3 0x800000c4 (0x0000006f)
core   0: 3 0x800000c4 (0x0000006f)
core   0: 3 0x800000c4 (0x0000006f)
core   0: 3 0x800000c4 (0x0000006f)
core   0: 3 0x800000c4 (0x0000006f)
core   0: 3 0x800000c4 (0x0000006f)
core   0: 3 0x800000c4 (0x0000006f)
core   0: 3 0x800000c4 (0x0000006f)
core   0: 3 0x800000c4 (0x0000006f)
core   0: 3 0x800000c4 (0x0000006f)
core   0: 3 0x800000c4 (0x0000006f)
core   0: 3 0x800000c4 (0x0000006f)
core   0: 3 0x800000c4 (0x0000006f)
core   0: 3 0x800000c4 (0x0000006f)
core   0: 3 0x800000c4 (0x0000006f)
core   0: 3 0x800000c4 (0x0000006f)
core   0: 3 0x800000c4 (0x0000006f)
core   0: 3 0x800000c4 (0x0000006f)
core   0: 3 0x800000c4 (0x0000006f)
core   0: 3 0x800000c4 (0x0000006f)
core   0: 3 0x800000c4 (0x0000006f)
core   0: 3 0x800000c4 (0x0000006f)
core   0: 3 0x800000c4 (0x0000006f)
core   0: 3 0x800000c4 (0x0000006f)
core   0: 3 0x800000c4 (0x0000006f)
core   0: 3 0x800000c4 (0x0000006f)
core   0: 3 0x800000c4 (0x0000006f)
core   0: 3 0x800000c4 (0x0000006f)
core   0: 3 0x800000c4 (0x0000006f)
core   0: 3 0x800000c4 (0x0000006f)
core   0: 3 0x800000c4 (0x0000006f)
core   0: 3 0x800000c4 (0x0000006f)
core   0: 3 0x800000c4 (0x0000006f)
core   0: 3 0x800000c4 (0x0000006f)
core   0: 3 0x800000c4 (0x0000006f)
core   0: 3 0x800000c4 (0x0000006f)
core   0: 3 0x800000c4 (0x0000006f)
core   0: 3 0x800000c4 (0x0000006f)
core   0: 3 0x800000c4 (0x0000006f)
core   0: 3 0x800000c4 (0x0000006f)
core   0: 3 0x800000c4 (0x0000006f)
core   0: 3 0x800000c4 (0x0000006f)
core   0: 3 0x800000c4 (0x0000006f)
core   0: 3 0x800000c4 (0x0000006f)
core   0: 3 0x800000c4 (0x0000006f)
core   0: 3 0x800000c4 (0x0000006f)
core   0: 3 0x800000c4 (0x0000006f)
core   0: 3 0x800000c4 (0x0000006f)
core   0: 3 0x800000c4 (0x0000006f)
core   0: 3 0x800000c4 (0x0000006f)
core   0: 3 0x800000c4 (0x0000006f)
core   0: 3 0x800000c4 (0x0000006f)
core   0: 3 0x800000c4 (0x0000006f)
core   0: 3 0x800000c4 (0x0000006f)
core   0: 3 0x800000c4 (0x0000006f)
core   0: 3 0x800000c4 (0x0000006f)
core   0: 3 0x800000c4 (0x0000006f)
core   0: 3 0x800000c4 (0x0000006f)
core   0: 3 0x800000c4 (0x0000006f)
core   0: 3 0x800000c4 (0x0000006f)
core   0: 3 0x800000c4 (0x0000006f)
core   0: 3 0x800000c4 (0x0000006f)
core   0: 3 0x800000c4 (0x0000006f)
core   0: 3 0x800000c4 (0x0000006f)
core   0: 3 0x800000c4 (0x0000006f)
core   0: 3 0x800000c4 (0x0000006f)
core   0: 3 0x800000c4 (0x0000006f)
core   0: 3 0x800000c4 (0x0000006f)
core   0: 3 0x800000c4 (0x0000006f)
core   0: 3 0x800000c4 (0x0000006f)
core   0: 3 0x800000c4 (0x0000006f)
core   0: 3 0x800000c4 (0x0000006f)
core   0: 3 0x800000c4 (0x0000006f)
core   0: 3 0x800000c4 (0x0000006f)
core   0: 3 0x800000c4 (0x0000006f)
core   0: 3 0x800000c4 (0x0000006f)
core   0: 3 0x800000c4 (0x0000006f)
core   0: 3 0x800000c4 (0x0000006f)
core   0: 3 0x800000c4 (0x0000006f)
core   0: 3 0x800000c4 (0x0000006f)
core   0: 3 0x800000c4 (0x0000006f)
core   0: 3 0x800000c4 (0x0000006f)
core   0: 3 0x800000c4 (0x0000006f)
core   0: 3 0x800000c4 (0x0000006f)
core   0: 3 0x800000c4 (0x0000006f)
core   0: 3 0x800000c4 (0x0000006f)
core   0: 3 0x800000c4 (0x0000006f)
core   0: 3 0x800000c4 (0x0000006f)
core   0: 3 0x800000c4 (0x0000006f)
core   0: 3 0x800000c4 (0x0000006f)
core   0: 3 0x800000c4 (0x0000006f)
core   0: 3 0x800000c4 (0x0000006f)
core   0: 3 0x800000c4 (0x0000006f)
core   0: 3 0x800000c4 (0x0000006f)
core   0: 3 0x800000c4 (0x0000006f)
core   0: 3 0x800000c4 (0x0000006f)
core   0: 3 0x800000c4 (0x0000006f)
core   0: 3 0x800000c4 (0x0000006f)
core   0: 3 0x800000c4 (0x0000006f)
core   0: 3 0x800000c4 (0x0000006f)
core   0: 3 0x800000c4 (0x0000006f)
core   0: 3 0x800000c4 (0x0000006f)
core   0: 3 0x800000c4 (0x0000006f)
core   0: 3 0x800000c4 (0x0000006f)
core   0: 3 0x800000c4 (0x0000006f)
core   0: 3 0x800000c4 (0x0000006f)
core   0: 3 0x800000c4 (0x0000006f)
core   0: 3 0x800000c4 (0x0000006f)
core   0: 3 0x800000c4 (0x0000006f)
core   0: 3 0x800000c4 (0x0000006f)
core   0: 3 0x800000c4 (0x0000006f)
core   0: 3 0x800000c4 (0x0000006f)
core   0: 3 0x800000c4 (0x0000006f)
core   0: 3 0x800000c4 (0x0000006f)
core   0: 3 0x800000c4 (0x0000006f)
core   0: 3 0x800000c4 (0x0000006f)
core   0: 3 0x800000c4 (0x0000006f)
core   0: 3 0x800000c4 (0x0000006f)
core   0: 3 0x800000c4 (0x0000006f)
core   0: 3 0x800000c4 (0x0000006f)
core   0: 3 0x800000c4 (0x0000006f)
core   0: 3 0x800000c4 (0x0000006f)
core   0: 3 0x800000c4 (0x0000006f)
core   0: 3 0x800000c4 (0x0000006f)
core   0: 3 0x800000c4 (0x0000006f)
core   0: 3 0x800000c4 (0x0000006f)
core   0: 3 0x800000c4 (0x0000006f)
core   0: 3 0x800000c4 (0x0000006f)
core   0: 3 0x800000c4 (0x0000006f)
core   0: 3 0x800000c4 (0x0000006f)
core   0: 3 0x800000c4 (0x0000006f)
core   0: 3 0x800000c4 (0x0000006f)
core   0: 3 0x800000c4 (0x0000006f)
core   0: 3 0x800000c4 (0x0000006f)
core   0: 3 0x800000c4 (0x0000006f)
core   0: 3 0x800000c4 (0x0000006f)
core   0: 3 0x800000c4 (0x0000006f)
core   0: 3 0x800000c4 (0x0000006f)
core   0: 3 0x800000c4 (0x0000006f)
core   0: 3 0x800000c4 (0x0000006f)
core   0: 3 0x800000c4 (0x0000006f)
core   0: 3 0x800000c4 (0x0000006f)
core   0: 3 0x800000c4 (0x0000006f)
core   0: 3 0x800000c4 (0x0000006f)
core   0: 3 0x800000c4 (0x0000006f)
core   0: 3 0x800000c4 (0x0000006f)
core   0: 3 0x800000c4 (0x0000006f)
core   0: 3 0x800000c4 (0x0000006f)
core   0: 3 0x800000c4 (0x0000006f)
core   0: 3 0x800000c4 (0x0000006f)
core   0: 3 0x800000c4 (0x0000006f)
core   0: 3 0x800000c4 (0x0000006f)
core   0: 3 0x800000c4 (0x0000006f)
core   0: 3 0x800000c4 (0x0000006f)
core   0: 3 0x800000c4 (0x0000006f)
core   0: 3 0x800000c4 (0x0000006f)
core   0: 3 0x800000c4 (0x0000006f)
core   0: 3 0x800000c4 (0x0000006f)
core   0: 3 0x800000c4 (0x0000006f)
core   0: 3 0x800000c4 (0x0000006f)
core   0: 3 0x800000c4 (0x0000006f)
core   0: 3 0x800000c4 (0x0000006f)
core   0: 3 0x800000c4 (0x0000006f)
core   0: 3 0x800000c4 (0x0000006f)
core   0: 3 0x800000c4 (0x0000006f)
core   0: 3 0x800000c4 (0x0000006f)
core   0: 3 0x800000c4 (0x0000006f)
core   0: 3 0x800000c4 (0x0000006f)
core   0: 3 0x800000c4 (0x0000006f)
core   0: 3 0x800000c4 (0x0000006f)
core   0: 3 0x800000c4 (0x0000006f)
core   0: 3 0x800000c4 (0x0000006f)
core   0: 3 0x800000c4 (0x0000006f)
core   0: 3 0x800000c4 (0x0000006f)
core   0: 3 0x800000c4 (0x0000006f)
core   0: 3 0x800000c4 (0x0000006f)
core   0: 3 0x800000c4 (0x0000006f)
core   0: 3 0x800000c4 (0x0000006f)
core   0: 3 0x800000c4 (0x0000006f)
core   0: 3 0x800000c4 (0x0000006f)
core   0: 3 0x800000c4 (0x0000006f)
core   0: 3 0x800000c4 (0x0000006f)
core   0: 3 0x800000c4 (0x0000006f)
core   0: 3 0x800000c4 (0x0000006f)
core   0: 3 0x800000c4 (0x0000006f)
core   0: 3 0x800000c4 (0x0000006f)
core   0: 3 0x800000c4 (0x0000006f)
core   0: 3 0x800000c4 (0x0000006f)
core   0: 3 0x800000c4 (0x0000006f)
core   0: 3 0x800000c4 (0x0000006f)
core   0: 3 0x800000c4 (0x0000006f)
core   0: 3 0x800000c4 (0x0000006f)
core   0: 3 0x800000c4 (0x0000006f)
core   0: 3 0x800000c4 (0x0000006f)
core   0: 3 0x800000c4 (0x0000006f)
core   0: 3 0x800000c4 (0x0000006f)
core   0: 3 0x800000c4 (0x0000006f)
core   0: 3 0x800000c4 (0x0000006f)
core   0: 3 0x800000c4 (0x0000006f)
core   0: 3 0x800000c4 (0x0000006f)
core   0: 3 0x800000c4 (0x0000006f)
core   0: 3 0x800000c4 (0x0000006f)
core   0: 3 0x800000c4 (0x0000006f)
core   0: 3 0x800000c4 (0x0000006f)
core   0: 3 0x800000c4 (0x0000006f)
core   0: 3 0x800000c4 (0x0000006f)
core   0: 3 0x800000c4 (0x0000006f)
core   0: 3 0x800000c4 (0x0000006f)
core   0: 3 0x800000c4 (0x0000006f)
core   0: 3 0x800000c4 (0x0000006f)
core   0: 3 0x800000c4 (0x0000006f)
core   0: 3 0x800000c4 (0x0000006f)
core   0: 3 0x800000c4 (0x0000006f)
core   0: 3 0x800000c4 (0x0000006f)
core   0: 3 0x800000c4 (0x0000006f)
core   0: 3 0x800000c4 (0x0000006f)
core   0: 3 0x800000c4 (0x0000006f)
core   0: 3 0x800000c4 (0x0000006f)
core   0: 3 0x800000c4 (0x0000006f)
core   0: 3 0x800000c4 (0x0000006f)
core   0: 3 0x800000c4 (0x0000006f)
core   0: 3 0x800000c4 (0x0000006f)
core   0: 3 0x800000c4 (0x0000006f)
core   0: 3 0x800000c4 (0x0000006f)
core   0: 3 0x800000c4 (0x0000006f)
core   0: 3 0x800000c4 (0x0000006f)
core   0: 3 0x800000c4 (0x0000006f)
core   0: 3 0x800000c4 (0x0000006f)
core   0: 3 0x800000c4 (0x0000006f)
core   0: 3 0x800000c4 (0x0000006f)
core   0: 3 0x800000c4 (0x0000006f)
core   0: 3 0x800000c4 (0x0000006f)
core   0: 3 0x800000c4 (0x0000006f)
core   0: 3 0x800000c4 (0x0000006f)
core   0: 3 0x800000c4 (0x0000006f)
core   0: 3 0x800000c4 (0x0000006f)
core   0: 3 0x800000c4 (0x0000006f)
core   0: 3 0x800000c4 (0x0000006f)
core   0: 3 0x800000c4 (0x0000006f)
core   0: 3 0x800000c4 (0x0000006f)
core   0: 3 0x800000c4 (0x0000006f)
core   0: 3 0x800000c4 (0x0000006f)
core   0: 3 0x800000c4 (0x0000006f)
core   0: 3 0x800000c4 (0x0000006f)
core   0: 3 0x800000c4 (0x0000006f)
core   0: 3 0x800000c4 (0x0000006f)
core   0: 3 0x800000c4 (0x0000006f)
core   0: 3 0x800000c4 (0x0000006f)
core   0: 3 0x800000c4 (0x0000006f)
core   0: 3 0x800000c4 (0x0000006f)
core   0: 3 0x800000c4 (0x0000006f)
core   0: 3 0x800000c4 (0x0000006f)
core   0: 3 0x800000c4 (0x0000006f)
core   0: 3 0x800000c4 (0x0000006f)
core   0: 3 0x800000c4 (0x0000006f)
core   0: 3 0x800000c4 (0x0000006f)
core   0: 3 0x800000c4 (0x0000006f)
core   0: 3 0x800000c4 (0x0000006f)
core   0: 3 0x800000c4 (0x0000006f)
core   0: 3 0x800000c4 (0x0000006f)
core   0: 3 0x800000c4 (0x0000006f)
core   0: 3 0x800000c4 (0x0000006f)
core   0: 3 0x800000c4 (0x0000006f)
core   0: 3 0x800000c4 (0x0000006f)
core   0: 3 0x800000c4 (0x0000006f)
core   0: 3 0x800000c4 (0x0000006f)
core   0: 3 0x800000c4 (0x0000006f)
core   0: 3 0x800000c4 (0x0000006f)
core   0: 3 0x800000c4 (0x0000006f)
core   0: 3 0x800000c4 (0x0000006f)
core   0: 3 0x800000c4 (0x0000006f)
core   0: 3 0x800000c4 (0x0000006f)
core   0: 3 0x800000c4 (0x0000006f)
core   0: 3 0x800000c4 (0x0000006f)
core   0: 3 0x800000c4 (0x0000006f)
core   0: 3 0x800000c4 (0x0000006f)
core   0: 3 0x800000c4 (0x0000006f)
core   0: 3 0x800000c4 (0x0000006f)
core   0: 3 0x800000c4 (0x0000006f)
core   0: 3 0x800000c4 (0x0000006f)
core   0: 3 0x800000c4 (0x0000006f)
core   0: 3 0x800000c4 (0x0000006f)
core   0: 3 0x800000c4 (0x0000006f)
core   0: 3 0x800000c4 (0x0000006f)
core   0: 3 0x800000c4 (0x0000006f)
core   0: 3 0x800000c4 (0x0000006f)
core   0: 3 0x800000c4 (0x0000006f)
core   0: 3 0x800000c4 (0x0000006f)
core   0: 3 0x800000c4 (0x0000006f)
core   0: 3 0x800000c4 (0x0000006f)
core   0: 3 0x800000c4 (0x0000006f)
core   0: 3 0x800000c4 (0x0000006f)
core   0: 3 0x800000c4 (0x0000006f)
core   0: 3 0x800000c4 (0x0000006f)
core   0: 3 0x800000c4 (0x0000006f)
core   0: 3 0x800000c4 (0x0000006f)
core   0: 3 0x800000c4 (0x0000006f)
core   0: 3 0x800000c4 (0x0000006f)
core   0: 3 0x800000c4 (0x0000006f)
core   0: 3 0x800000c4 (0x0000006f)
core   0: 3 0x800000c4 (0x0000006f)
core   0: 3 0x800000c4 (0x0000006f)
core   0: 3 0x800000c4 (0x0000006f)
core   0: 3 0x800000c4 (0x0000006f)
core   0: 3 0x800000c4 (0x0000006f)
core   0: 3 0x800000c4 (0x0000006f)
core   0: 3 0x800000c4 (0x0000006f)
core   0: 3 0x800000c4 (0x0000006f)
core   0: 3 0x800000c4 (0x0000006f)
core   0: 3 0x800000c4 (0x0000006f)
core   0: 3 0x800000c4 (0x0000006f)
core   0: 3 0x800000c4 (0x0000006f)
core   0: 3 0x800000c4 (0x0000006f)
core   0: 3 0x800000c4 (0x0000006f)
core   0: 3 0x800000c4 (0x0000006f)
core   0: 3 0x800000c4 (0x0000006f)
core   0: 3 0x800000c4 (0x0000006f)
core   0: 3 0x800000c4 (0x0000006f)
core   0: 3 0x800000c4 (0x0000006f)
core   0: 3 0x800000c4 (0x0000006f)
core   0: 3 0x800000c4 (0x0000006f)
core   0: 3 0x800000c4 (0x0000006f)
core   0: 3 0x800000c4 (0x0000006f)
core   0: 3 0x800000c4 (0x0000006f)
core   0: 3 0x800000c4 (0x0000006f)
core   0: 3 0x800000c4 (0x0000006f)
core   0: 3 0x800000c4 (0x0000006f)
core   0: 3 0x800000c4 (0x0000006f)
core   0: 3 0x800000c4 (0x0000006f)
core   0: 3 0x800000c4 (0x0000006f)
core   0: 3 0x800000c4 (0x0000006f)
core   0: 3 0x800000c4 (0x0000006f)
core   0: 3 0x800000c4 (0x0000006f)
core   0: 3 0x800000c4 (0x0000006f)
core   0: 3 0x800000c4 (0x0000006f)
core   0: 3 0x800000c4 (0x0000006f)
core   0: 3 0x800000c4 (0x0000006f)
core   0: 3 0x800000c4 (0x0000006f)
core   0: 3 0x800000c4 (0x0000006f)
core   0: 3 0x800000c4 (0x0000006f)
core   0: 3 0x800000c4 (0x0000006f)
core   0: 3 0x800000c4 (0x0000006f)
core   0: 3 0x800000c4 (0x0000006f)
core   0: 3 0x800000c4 (0x0000006f)
core   0: 3 0x800000c4 (0x0000006f)
core   0: 3 0x800000c4 (0x0000006f)
core   0: 3 0x800000c4 (0x0000006f)
core   0: 3 0x800000c4 (0x0000006f)
core   0: 3 0x800000c4 (0x0000006f)
core   0: 3 0x800000c4 (0x0000006f)
core   0: 3 0x800000c4 (0x0000006f)
core   0: 3 0x800000c4 (0x0000006f)
core   0: 3 0x800000c4 (0x0000006f)
core   0: 3 0x800000c4 (0x0000006f)
core   0: 3 0x800000c4 (0x0000006f)
core   0: 3 0x800000c4 (0x0000006f)
core   0: 3 0x800000c4 (0x0000006f)
core   0: 3 0x800000c4 (0x0000006f)
core   0: 3 0x800000c4 (0x0000006f)
core   0: 3 0x800000c4 (0x0000006f)
core   0: 3 0x800000c4 (0x0000006f)
core   0: 3 0x800000c4 (0x0000006f)
core   0: 3 0x800000c4 (0x0000006f)
core   0: 3 0x800000c4 (0x0000006f)
core   0: 3 0x800000c4 (0x0000006f)
core   0: 3 0x800000c4 (0x0000006f)
core   0: 3 0x800000c4 (0x0000006f)
core   0: 3 0x800000c4 (0x0000006f)
core   0: 3 0x800000c4 (0x0000006f)
core   0: 3 0x800000c4 (0x0000006f)
core   0: 3 0x800000c4 (0x0000006f)
core   0: 3 0x800000c4 (0x0000006f)
core   0: 3 0x800000c4 (0x0000006f)
core   0: 3 0x800000c4 (0x0000006f)
core   0: 3 0x800000c4 (0x0000006f)
core   0: 3 0x800000c4 (0x0000006f)
core   0: 3 0x800000c4 (0x0000006f)
core   0: 3 0x800000c4 (0x0000006f)
core   0: 3 0x800000c4 (0x0000006f)
core   0: 3 0x800000c4 (0x0000006f)
core   0: 3 0x800000c4 (0x0000006f)
core   0: 3 0x800000c4 (0x0000006f)
core   0: 3 0x800000c4 (0x0000006f)
core   0: 3 0x800000c4 (0x0000006f)
core   0: 3 0x800000c4 (0x0000006f)
core   0: 3 0x800000c4 (0x0000006f)
core   0: 3 0x800000c4 (0x0000006f)
core   0: 3 0x800000c4 (0x0000006f)
core   0: 3 0x800000c4 (0x0000006f)
core   0: 3 0x800000c4 (0x0000006f)
core   0: 3 0x800000c4 (0x0000006f)
core   0: 3 0x800000c4 (0x0000006f)
core   0: 3 0x800000c4 (0x0000006f)
core   0: 3 0x800000c4 (0x0000006f)
core   0: 3 0x800000c4 (0x0000006f)
core   0: 3 0x800000c4 (0x0000006f)
core   0: 3 0x800000c4 (0x0000006f)
core   0: 3 0x800000c4 (0x0000006f)
core   0: 3 0x800000c4 (0x0000006f)
core   0: 3 0x800000c4 (0x0000006f)
core   0: 3 0x800000c4 (0x0000006f)
core   0: 3 0x800000c4 (0x0000006f)
core   0: 3 0x800000c4 (0x0000006f)
core   0: 3 0x800000c4 (0x0000006f)
core   0: 3 0x800000c4 (0x0000006f)
core   0: 3 0x800000c4 (0x0000006f)
core   0: 3 0x800000c4 (0x0000006f)
core   0: 3 0x800000c4 (0x0000006f)
core   0: 3 0x800000c4 (0x0000006f)
core   0: 3 0x800000c4 (0x0000006f)
core   0: 3 0x800000c4 (0x0000006f)
core   0: 3 0x800000c4 (0x0000006f)
core   0: 3 0x800000c4 (0x0000006f)
core   0: 3 0x800000c4 (0x0000006f)
core   0: 3 0x800000c4 (0x0000006f)
core   0: 3 0x800000c4 (0x0000006f)
core   0: 3 0x800000c4 (0x0000006f)
core   0: 3 0x800000c4 (0x0000006f)
core   0: 3 0x800000c4 (0x0000006f)
core   0: 3 0x800000c4 (0x0000006f)
core   0: 3 0x800000c4 (0x0000006f)
core   0: 3 0x800000c4 (0x0000006f)
core   0: 3 0x800000c4 (0x0000006f)
core   0: 3 0x800000c4 (0x0000006f)
core   0: 3 0x800000c4 (0x0000006f)
core   0: 3 0x800000c4 (0x0000006f)
core   0: 3 0x800000c4 (0x0000006f)
core   0: 3 0x800000c4 (0x0000006f)
core   0: 3 0x800000c4 (0x0000006f)
core   0: 3 0x800000c4 (0x0000006f)
core   0: 3 0x800000c4 (0x0000006f)
core   0: 3 0x800000c4 (0x0000006f)
core   0: 3 0x800000c4 (0x0000006f)
core   0: 3 0x800000c4 (0x0000006f)
core   0: 3 0x800000c4 (0x0000006f)
core   0: 3 0x800000c4 (0x0000006f)
core   0: 3 0x800000c4 (0x0000006f)
core   0: 3 0x800000c4 (0x0000006f)
core   0: 3 0x800000c4 (0x0000006f)
core   0: 3 0x800000c4 (0x0000006f)
core   0: 3 0x800000c4 (0x0000006f)
core   0: 3 0x800000c4 (0x0000006f)
core   0: 3 0x800000c4 (0x0000006f)
core   0: 3 0x800000c4 (0x0000006f)
core   0: 3 0x800000c4 (0x0000006f)
core   0: 3 0x800000c4 (0x0000006f)
core   0: 3 0x800000c4 (0x0000006f)
core   0: 3 0x800000c4 (0x0000006f)
core   0: 3 0x800000c4 (0x0000006f)
core   0: 3 0x800000c4 (0x0000006f)
core   0: 3 0x800000c4 (0x0000006f)
core   0: 3 0x800000c4 (0x0000006f)
core   0: 3 0x800000c4 (0x0000006f)
core   0: 3 0x800000c4 (0x0000006f)
core   0: 3 0x800000c4 (0x0000006f)
core   0: 3 0x800000c4 (0x0000006f)
core   0: 3 0x800000c4 (0x0000006f)
core   0: 3 0x800000c4 (0x0000006f)
core   0: 3 0x800000c4 (0x0000006f)
core   0: 3 0x800000c4 (0x0000006f)
core   0: 3 0x800000c4 (0x0000006f)
core   0: 3 0x800000c4 (0x0000006f)
core   0: 3 0x800000c4 (0x0000006f)
core   0: 3 0x800000c4 (0x0000006f)
core   0: 3 0x800000c4 (0x0000006f)
core   0: 3 0x800000c4 (0x0000006f)
core   0: 3 0x800000c4 (0x0000006f)
core   0: 3 0x800000c4 (0x0000006f)
core   0: 3 0x800000c4 (0x0000006f)
core   0: 3 0x800000c4 (0x0000006f)
core   0: 3 0x800000c4 (0x0000006f)
core   0: 3 0x800000c4 (0x0000006f)
core   0: 3 0x800000c4 (0x0000006f)
core   0: 3 0x800000c4 (0x0000006f)
core   0: 3 0x800000c4 (0x0000006f)
core   0: 3 0x800000c4 (0x0000006f)
core   0: 3 0x800000c4 (0x0000006f)
core   0: 3 0x800000c4 (0x0000006f)
core   0: 3 0x800000c4 (0x0000006f)
core   0: 3 0x800000c4 (0x0000006f)
core   0: 3 0x800000c4 (0x0000006f)
core   0: 3 0x800000c4 (0x0000006f)
core   0: 3 0x800000c4 (0x0000006f)
core   0: 3 0x800000c4 (0x0000006f)
core   0: 3 0x800000c4 (0x0000006f)
core   0: 3 0x800000c4 (0x0000006f)
core   0: 3 0x800000c4 (0x0000006f)
core   0: 3 0x800000c4 (0x0000006f)
core   0: 3 0x800000c4 (0x0000006f)
core   0: 3 0x800000c4 (0x0000006f)
core   0: 3 0x800000c4 (0x0000006f)
core   0: 3 0x800000c4 (0x0000006f)
core   0: 3 0x800000c4 (0x0000006f)
core   0: 3 0x800000c4 (0x0000006f)
core   0: 3 0x800000c4 (0x0000006f)
core   0: 3 0x800000c4 (0x0000006f)
core   0: 3 0x800000c4 (0x0000006f)
core   0: 3 0x800000c4 (0x0000006f)
core   0: 3 0x800000c4 (0x0000006f)
core   0: 3 0x800000c4 (0x0000006f)
core   0: 3 0x800000c4 (0x0000006f)
core   0: 3 0x800000c4 (0x0000006f)
core   0: 3 0x800000c4 (0x0000006f)
core   0: 3 0x800000c4 (0x0000006f)
core   0: 3 0x800000c4 (0x0000006f)
core   0: 3 0x800000c4 (0x0000006f)
core   0: 3 0x800000c4 (0x0000006f)
core   0: 3 0x800000c4 (0x0000006f)
core   0: 3 0x800000c4 (0x0000006f)
core   0: 3 0x800000c4 (0x0000006f)
core   0: 3 0x800000c4 (0x0000006f)
core   0: 3 0x800000c4 (0x0000006f)
core   0: 3 0x800000c4 (0x0000006f)
core   0: 3 0x800000c4 (0x0000006f)
core   0: 3 0x800000c4 (0x0000006f)
core   0: 3 0x800000c4 (0x0000006f)
core   0: 3 0x800000c4 (0x0000006f)
core   0: 3 0x800000c4 (0x0000006f)
core   0: 3 0x800000c4 (0x0000006f)
core   0: 3 0x800000c4 (0x0000006f)
core   0: 3 0x800000c4 (0x0000006f)
core   0: 3 0x800000c4 (0x0000006f)
core   0: 3 0x800000c4 (0x0000006f)
core   0: 3 0x800000c4 (0x0000006f)
core   0: 3 0x800000c4 (0x0000006f)
core   0: 3 0x800000c4 (0x0000006f)
core   0: 3 0x800000c4 (0x0000006f)
core   0: 3 0x800000c4 (0x0000006f)
core   0: 3 0x800000c4 (0x0000006f)
core   0: 3 0x800000c4 (0x0000006f)
core   0: 3 0x800000c4 (0x0000006f)
core   0: 3 0x800000c4 (0x0000006f)
core   0: 3 0x800000c4 (0x0000006f)
core   0: 3 0x800000c4 (0x0000006f)
core   0: 3 0x800000c4 (0x0000006f)
core   0: 3 0x800000c4 (0x0000006f)
core   0: 3 0x800000c4 (0x0000006f)
core   0: 3 0x800000c4 (0x0000006f)
core   0: 3 0x800000c4 (0x0000006f)
core   0: 3 0x800000c4 (0x0000006f)
core   0: 3 0x800000c4 (0x0000006f)
core   0: 3 0x800000c4 (0x0000006f)
core   0: 3 0x800000c4 (0x0000006f)
core   0: 3 0x800000c4 (0x0000006f)
core   0: 3 0x800000c4 (0x0000006f)
core   0: 3 0x800000c4 (0x0000006f)
core   0: 3 0x800000c4 (0x0000006f)
core   0: 3 0x800000c4 (0x0000006f)
core   0: 3 0x800000c4 (0x0000006f)
core   0: 3 0x800000c4 (0x0000006f)
core   0: 3 0x800000c4 (0x0000006f)
core   0: 3 0x800000c4 (0x0000006f)
core   0: 3 0x800000c4 (0x0000006f)
core   0: 3 0x800000c4 (0x0000006f)
core   0: 3 0x800000c4 (0x0000006f)
core   0: 3 0x800000c4 (0x0000006f)
core   0: 3 0x800000c4 (0x0000006f)
core   0: 3 0x800000c4 (0x0000006f)
core   0: 3 0x800000c4 (0x0000006f)
core   0: 3 0x800000c4 (0x0000006f)
core   0: 3 0x800000c4 (0x0000006f)
core   0: 3 0x800000c4 (0x0000006f)
core   0: 3 0x800000c4 (0x0000006f)
core   0: 3 0x800000c4 (0x0000006f)
core   0: 3 0x800000c4 (0x0000006f)
core   0: 3 0x800000c4 (0x0000006f)
core   0: 3 0x800000c4 (0x0000006f)
core   0: 3 0x800000c4 (0x0000006f)
core   0: 3 0x800000c4 (0x0000006f)
core   0: 3 0x800000c4 (0x0000006f)
core   0: 3 0x800000c4 (0x0000006f)
core   0: 3 0x800000c4 (0x0000006f)
core   0: 3 0x800000c4 (0x0000006f)
core   0: 3 0x800000c4 (0x0000006f)
core   0: 3 0x800000c4 (0x0000006f)
core   0: 3 0x800000c4 (0x0000006f)
core   0: 3 0x800000c4 (0x0000006f)
core   0: 3 0x800000c4 (0x0000006f)
core   0: 3 0x800000c4 (0x0000006f)
core   0: 3 0x800000c4 (0x0000006f)
core   0: 3 0x800000c4 (0x0000006f)
core   0: 3 0x800000c4 (0x0000006f)
core   0: 3 0x800000c4 (0x0000006f)
core   0: 3 0x800000c4 (0x0000006f)
core   0: 3 0x800000c4 (0x0000006f)
core   0: 3 0x800000c4 (0x0000006f)
core   0: 3 0x800000c4 (0x0000006f)
core   0: 3 0x800000c4 (0x0000006f)
core   0: 3 0x800000c4 (0x0000006f)
core   0: 3 0x800000c4 (0x0000006f)
core   0: 3 0x800000c4 (0x0000006f)
core   0: 3 0x800000c4 (0x0000006f)
core   0: 3 0x800000c4 (0x0000006f)
core   0: 3 0x800000c4 (0x0000006f)
core   0: 3 0x800000c4 (0x0000006f)
core   0: 3 0x800000c4 (0x0000006f)
core   0: 3 0x800000c4 (0x0000006f)
core   0: 3 0x800000c4 (0x0000006f)
core   0: 3 0x800000c4 (0x0000006f)
core   0: 3 0x800000c4 (0x0000006f)
core   0: 3 0x800000c4 (0x0000006f)
core   0: 3 0x800000c4 (0x0000006f)
core   0: 3 0x800000c4 (0x0000006f)
core   0: 3 0x800000c4 (0x0000006f)
core   0: 3 0x800000c4 (0x0000006f)
core   0: 3 0x800000c4 (0x0000006f)
core   0: 3 0x800000c4 (0x0000006f)
core   0: 3 0x800000c4 (0x0000006f)
core   0: 3 0x800000c4 (0x0000006f)
core   0: 3 0x800000c4 (0x0000006f)
core   0: 3 0x800000c4 (0x0000006f)
core   0: 3 0x800000c4 (0x0000006f)
core   0: 3 0x800000c4 (0x0000006f)
core   0: 3 0x800000c4 (0x0000006f)
core   0: 3 0x800000c4 (0x0000006f)
core   0: 3 0x800000c4 (0x0000006f)
core   0: 3 0x800000c4 (0x0000006f)
core   0: 3 0x800000c4 (0x0000006f)
core   0: 3 0x800000c4 (0x0000006f)
core   0: 3 0x800000c4 (0x0000006f)
core   0: 3 0x800000c4 (0x0000006f)
core   0: 3 0x800000c4 (0x0000006f)
core   0: 3 0x800000c4 (0x0000006f)
core   0: 3 0x800000c4 (0x0000006f)
core   0: 3 0x800000c4 (0x0000006f)
core   0: 3 0x800000c4 (0x0000006f)
core   0: 3 0x800000c4 (0x0000006f)
core   0: 3 0x800000c4 (0x0000006f)
core   0: 3 0x800000c4 (0x0000006f)
core   0: 3 0x800000c4 (0x0000006f)
core   0: 3 0x800000c4 (0x0000006f)
core   0: 3 0x800000c4 (0x0000006f)
core   0: 3 0x800000c4 (0x0000006f)
core   0: 3 0x800000c4 (0x0000006f)
core   0: 3 0x800000c4 (0x0000006f)
core   0: 3 0x800000c4 (0x0000006f)
core   0: 3 0x800000c4 (0x0000006f)
core   0: 3 0x800000c4 (0x0000006f)
core   0: 3 0x800000c4 (0x0000006f)
core   0: 3 0x800000c4 (0x0000006f)
core   0: 3 0x800000c4 (0x0000006f)
core   0: 3 0x800000c4 (0x0000006f)
core   0: 3 0x800000c4 (0x0000006f)
core   0: 3 0x800000c4 (0x0000006f)
core   0: 3 0x800000c4 (0x0000006f)
core   0: 3 0x800000c4 (0x0000006f)
core   0: 3 0x800000c4 (0x0000006f)
core   0: 3 0x800000c4 (0x0000006f)
core   0: 3 0x800000c4 (0x0000006f)
core   0: 3 0x800000c4 (0x0000006f)
core   0: 3 0x800000c4 (0x0000006f)
core   0: 3 0x800000c4 (0x0000006f)
core   0: 3 0x800000c4 (0x0000006f)
core   0: 3 0x800000c4 (0x0000006f)
core   0: 3 0x800000c4 (0x0000006f)
core   0: 3 0x800000c4 (0x0000006f)
core   0: 3 0x800000c4 (0x0000006f)
core   0: 3 0x800000c4 (0x0000006f)
core   0: 3 0x800000c4 (0x0000006f)
core   0: 3 0x800000c4 (0x0000006f)
core   0: 3 0x800000c4 (0x0000006f)
core   0: 3 0x800000c4 (0x0000006f)
core   0: 3 0x800000c4 (0x0000006f)
core   0: 3 0x800000c4 (0x0000006f)
core   0: 3 0x800000c4 (0x0000006f)
core   0: 3 0x800000c4 (0x0000006f)
core   0: 3 0x800000c4 (0x0000006f)
core   0: 3 0x800000c4 (0x0000006f)
core   0: 3 0x800000c4 (0x0000006f)
core   0: 3 0x800000c4 (0x0000006f)
core   0: 3 0x800000c4 (0x0000006f)
core   0: 3 0x800000c4 (0x0000006f)
core   0: 3 0x800000c4 (0x0000006f)
core   0: 3 0x800000c4 (0x0000006f)
core   0: 3 0x800000c4 (0x0000006f)
core   0: 3 0x800000c4 (0x0000006f)
core   0: 3 0x800000c4 (0x0000006f)
core   0: 3 0x800000c4 (0x0000006f)
core   0: 3 0x800000c4 (0x0000006f)
core   0: 3 0x800000c4 (0x0000006f)
core   0: 3 0x800000c4 (0x0000006f)
core   0: 3 0x800000c4 (0x0000006f)
core   0: 3 0x800000c4 (0x0000006f)
core   0: 3 0x800000c4 (0x0000006f)
core   0: 3 0x800000c4 (0x0000006f)
core   0: 3 0x800000c4 (0x0000006f)
core   0: 3 0x800000c4 (0x0000006f)
core   0: 3 0x800000c4 (0x0000006f)
core   0: 3 0x800000c4 (0x0000006f)
core   0: 3 0x800000c4 (0x0000006f)
core   0: 3 0x800000c4 (0x0000006f)
core   0: 3 0x800000c4 (0x0000006f)
core   0: 3 0x800000c4 (0x0000006f)
core   0: 3 0x800000c4 (0x0000006f)
core   0: 3 0x800000c4 (0x0000006f)
core   0: 3 0x800000c4 (0x0000006f)
core   0: 3 0x800000c4 (0x0000006f)
core   0: 3 0x800000c4 (0x0000006f)
core   0: 3 0x800000c4 (0x0000006f)
core   0: 3 0x800000c4 (0x0000006f)
core   0: 3 0x800000c4 (0x0000006f)
core   0: 3 0x800000c4 (0x0000006f)
core   0: 3 0x800000c4 (0x0000006f)
core   0: 3 0x800000c4 (0x0000006f)
core   0: 3 0x800000c4 (0x0000006f)
core   0: 3 0x800000c4 (0x0000006f)
core   0: 3 0x800000c4 (0x0000006f)
core   0: 3 0x800000c4 (0x0000006f)
core   0: 3 0x800000c4 (0x0000006f)
core   0: 3 0x800000c4 (0x0000006f)
core   0: 3 0x800000c4 (0x0000006f)
core   0: 3 0x800000c4 (0x0000006f)
core   0: 3 0x800000c4 (0x0000006f)
core   0: 3 0x800000c4 (0x0000006f)
core   0: 3 0x800000c4 (0x0000006f)
core   0: 3 0x800000c4 (0x0000006f)
core   0: 3 0x800000c4 (0x0000006f)
core   0: 3 0x800000c4 (0x0000006f)
core   0: 3 0x800000c4 (0x0000006f)
core   0: 3 0x800000c4 (0x0000006f)
core   0: 3 0x800000c4 (0x0000006f)
core   0: 3 0x800000c4 (0x0000006f)
core   0: 3 0x800000c4 (0x0000006f)
core   0: 3 0x800000c4 (0x0000006f)
core   0: 3 0x800000c4 (0x0000006f)
core   0: 3 0x800000c4 (0x0000006f)
core   0: 3 0x800000c4 (0x0000006f)
core   0: 3 0x800000c4 (0x0000006f)
core   0: 3 0x800000c4 (0x0000006f)
core   0: 3 0x800000c4 (0x0000006f)
core   0: 3 0x800000c4 (0x0000006f)
core   0: 3 0x800000c4 (0x0000006f)
core   0: 3 0x800000c4 (0x0000006f)
core   0: 3 0x800000c4 (0x0000006f)
core   0: 3 0x800000c4 (0x0000006f)
core   0: 3 0x800000c4 (0x0000006f)
core   0: 3 0x800000c4 (0x0000006f)
core   0: 3 0x800000c4 (0x0000006f)
core   0: 3 0x800000c4 (0x0000006f)
core   0: 3 0x800000c4 (0x0000006f)
core   0: 3 0x800000c4 (0x0000006f)
core   0: 3 0x800000c4 (0x0000006f)
core   0: 3 0x800000c4 (0x0000006f)
core   0: 3 0x800000c4 (0x0000006f)
core   0: 3 0x800000c4 (0x0000006f)
core   0: 3 0x800000c4 (0x0000006f)
core   0: 3 0x800000c4 (0x0000006f)
core   0: 3 0x800000c4 (0x0000006f)
core   0: 3 0x800000c4 (0x0000006f)
core   0: 3 0x800000c4 (0x0000006f)
core   0: 3 0x800000c4 (0x0000006f)
core   0: 3 0x800000c4 (0x0000006f)
core   0: 3 0x800000c4 (0x0000006f)
core   0: 3 0x800000c4 (0x0000006f)
core   0: 3 0x800000c4 (0x0000006f)
core   0: 3 0x800000c4 (0x0000006f)
core   0: 3 0x800000c4 (0x0000006f)
core   0: 3 0x800000c4 (0x0000006f)
core   0: 3 0x800000c4 (0x0000006f)
core   0: 3 0x800000c4 (0x0000006f)
core   0: 3 0x800000c4 (0x0000006f)
core   0: 3 0x800000c4 (0x0000006f)
core   0: 3 0x800000c4 (0x0000006f)
core   0: 3 0x800000c4 (0x0000006f)
core   0: 3 0x800000c4 (0x0000006f)
core   0: 3 0x800000c4 (0x0000006f)
core   0: 3 0x800000c4 (0x0000006f)
core   0: 3 0x800000c4 (0x0000006f)
core   0: 3 0x800000c4 (0x0000006f)
core   0: 3 0x800000c4 (0x0000006f)
core   0: 3 0x800000c4 (0x0000006f)
core   0: 3 0x800000c4 (0x0000006f)
core   0: 3 0x800000c4 (0x0000006f)
core   0: 3 0x800000c4 (0x0000006f)
core   0: 3 0x800000c4 (0x0000006f)
core   0: 3 0x800000c4 (0x0000006f)
core   0: 3 0x800000c4 (0x0000006f)
core   0: 3 0x800000c4 (0x0000006f)
core   0: 3 0x800000c4 (0x0000006f)
core   0: 3 0x800000c4 (0x0000006f)
core   0: 3 0x800000c4 (0x0000006f)
core   0: 3 0x800000c4 (0x0000006f)
core   0: 3 0x800000c4 (0x0000006f)
core   0: 3 0x800000c4 (0x0000006f)
core   0: 3 0x800000c4 (0x0000006f)
core   0: 3 0x800000c4 (0x0000006f)
core   0: 3 0x800000c4 (0x0000006f)
core   0: 3 0x800000c4 (0x0000006f)
core   0: 3 0x800000c4 (0x0000006f)
core   0: 3 0x800000c4 (0x0000006f)
core   0: 3 0x800000c4 (0x0000006f)
core   0: 3 0x800000c4 (0x0000006f)
core   0: 3 0x800000c4 (0x0000006f)
core   0: 3 0x800000c4 (0x0000006f)
core   0: 3 0x800000c4 (0x0000006f)
core   0: 3 0x800000c4 (0x0000006f)
core   0: 3 0x800000c4 (0x0000006f)
core   0: 3 0x800000c4 (0x0000006f)
core   0: 3 0x800000c4 (0x0000006f)
core   0: 3 0x800000c4 (0x0000006f)
core   0: 3 0x800000c4 (0x0000006f)
core   0: 3 0x800000c4 (0x0000006f)
core   0: 3 0x800000c4 (0x0000006f)
core   0: 3 0x800000c4 (0x0000006f)
core   0: 3 0x800000c4 (0x0000006f)
core   0: 3 0x800000c4 (0x0000006f)
core   0: 3 0x800000c4 (0x0000006f)
core   0: 3 0x800000c4 (0x0000006f)
core   0: 3 0x800000c4 (0x0000006f)
core   0: 3 0x800000c4 (0x0000006f)
core   0: 3 0x800000c4 (0x0000006f)
core   0: 3 0x800000c4 (0x0000006f)
core   0: 3 0x800000c4 (0x0000006f)
core   0: 3 0x800000c4 (0x0000006f)
core   0: 3 0x800000c4 (0x0000006f)
core   0: 3 0x800000c4 (0x0000006f)
core   0: 3 0x800000c4 (0x0000006f)
core   0: 3 0x800000c4 (0x0000006f)
core   0: 3 0x800000c4 (0x0000006f)
core   0: 3 0x800000c4 (0x0000006f)
core   0: 3 0x800000c4 (0x0000006f)
core   0: 3 0x800000c4 (0x0000006f)
core   0: 3 0x800000c4 (0x0000006f)
core   0: 3 0x800000c4 (0x0000006f)
core   0: 3 0x800000c4 (0x0000006f)
core   0: 3 0x800000c4 (0x0000006f)
core   0: 3 0x800000c4 (0x0000006f)
core   0: 3 0x800000c4 (0x0000006f)
core   0: 3 0x800000c4 (0x0000006f)
core   0: 3 0x800000c4 (0x0000006f)
core   0: 3 0x800000c4 (0x0000006f)
core   0: 3 0x800000c4 (0x0000006f)
core   0: 3 0x800000c4 (0x0000006f)
core   0: 3 0x800000c4 (0x0000006f)
core   0: 3 0x800000c4 (0x0000006f)
core   0: 3 0x800000c4 (0x0000006f)
core   0: 3 0x800000c4 (0x0000006f)
core   0: 3 0x800000c4 (0x0000006f)
core   0: 3 0x800000c4 (0x0000006f)
core   0: 3 0x800000c4 (0x0000006f)
core   0: 3 0x800000c4 (0x0000006f)
core   0: 3 0x800000c4 (0x0000006f)
core   0: 3 0x800000c4 (0x0000006f)
core   0: 3 0x800000c4 (0x0000006f)
core   0: 3 0x800000c4 (0x0000006f)
core   0: 3 0x800000c4 (0x0000006f)
core   0: 3 0x800000c4 (0x0000006f)
core   0: 3 0x800000c4 (0x0000006f)
core   0: 3 0x800000c4 (0x0000006f)
core   0: 3 0x800000c4 (0x0000006f)
core   0: 3 0x800000c4 (0x0000006f)
core   0: 3 0x800000c4 (0x0000006f)
core   0: 3 0x800000c4 (0x0000006f)
core   0: 3 0x800000c4 (0x0000006f)
core   0: 3 0x800000c4 (0x0000006f)
core   0: 3 0x800000c4 (0x0000006f)
core   0: 3 0x800000c4 (0x0000006f)
core   0: 3 0x800000c4 (0x0000006f)
core   0: 3 0x800000c4 (0x0000006f)
core   0: 3 0x800000c4 (0x0000006f)
core   0: 3 0x800000c4 (0x0000006f)
core   0: 3 0x800000c4 (0x0000006f)
core   0: 3 0x800000c4 (0x0000006f)
core   0: 3 0x800000c4 (0x0000006f)
core   0: 3 0x800000c4 (0x0000006f)
core   0: 3 0x800000c4 (0x0000006f)
core   0: 3 0x800000c4 (0x0000006f)
core   0: 3 0x800000c4 (0x0000006f)
core   0: 3 0x800000c4 (0x0000006f)
core   0: 3 0x800000c4 (0x0000006f)
core   0: 3 0x800000c4 (0x0000006f)
core   0: 3 0x800000c4 (0x0000006f)
core   0: 3 0x800000c4 (0x0000006f)
core   0: 3 0x800000c4 (0x0000006f)
core   0: 3 0x800000c4 (0x0000006f)
core   0: 3 0x800000c4 (0x0000006f)
core   0: 3 0x800000c4 (0x0000006f)
core   0: 3 0x800000c4 (0x0000006f)
core   0: 3 0x800000c4 (0x0000006f)
core   0: 3 0x800000c4 (0x0000006f)
core   0: 3 0x800000c4 (0x0000006f)
core   0: 3 0x800000c4 (0x0000006f)
core   0: 3 0x800000c4 (0x0000006f)
core   0: 3 0x800000c4 (0x0000006f)
core   0: 3 0x800000c4 (0x0000006f)
core   0: 3 0x800000c4 (0x0000006f)
core   0: 3 0x800000c4 (0x0000006f)
core   0: 3 0x800000c4 (0x0000006f)
core   0: 3 0x800000c4 (0x0000006f)
core   0: 3 0x800000c4 (0x0000006f)
core   0: 3 0x800000c4 (0x0000006f)
core   0: 3 0x800000c4 (0x0000006f)
core   0: 3 0x800000c4 (0x0000006f)
core   0: 3 0x800000c4 (0x0000006f)
core   0: 3 0x800000c4 (0x0000006f)
core   0: 3 0x800000c4 (0x0000006f)
core   0: 3 0x800000c4 (0x0000006f)
core   0: 3 0x800000c4 (0x0000006f)
core   0: 3 0x800000c4 (0x0000006f)
core   0: 3 0x800000c4 (0x0000006f)
core   0: 3 0x800000c4 (0x0000006f)
core   0: 3 0x800000c4 (0x0000006f)
core   0: 3 0x800000c4 (0x0000006f)
core   0: 3 0x800000c4 (0x0000006f)
core   0: 3 0x800000c4 (0x0000006f)
core   0: 3 0x800000c4 (0x0000006f)
core   0: 3 0x800000c4 (0x0000006f)
core   0: 3 0x800000c4 (0x0000006f)
core   0: 3 0x800000c4 (0x0000006f)
core   0: 3 0x800000c4 (0x0000006f)
core   0: 3 0x800000c4 (0x0000006f)
core   0: 3 0x800000c4 (0x0000006f)
core   0: 3 0x800000c4 (0x0000006f)
core   0: 3 0x800000c4 (0x0000006f)
core   0: 3 0x800000c4 (0x0000006f)
core   0: 3 0x800000c4 (0x0000006f)
core   0: 3 0x800000c4 (0x0000006f)
core   0: 3 0x800000c4 (0x0000006f)
core   0: 3 0x800000c4 (0x0000006f)
core   0: 3 0x800000c4 (0x0000006f)
core   0: 3 0x800000c4 (0x0000006f)
core   0: 3 0x800000c4 (0x0000006f)
core   0: 3 0x800000c4 (0x0000006f)
core   0: 3 0x800000c4 (0x0000006f)
core   0: 3 0x800000c4 (0x0000006f)
core   0: 3 0x800000c4 (0x0000006f)
core   0: 3 0x800000c4 (0x0000006f)
core   0: 3 0x800000c4 (0x0000006f)
core   0: 3 0x800000c4 (0x0000006f)
core   0: 3 0x800000c4 (0x0000006f)
core   0: 3 0x800000c4 (0x0000006f)
core   0: 3 0x800000c4 (0x0000006f)
core   0: 3 0x800000c4 (0x0000006f)
core   0: 3 0x800000c4 (0x0000006f)
core   0: 3 0x800000c4 (0x0000006f)
core   0: 3 0x800000c4 (0x0000006f)
core   0: 3 0x800000c4 (0x0000006f)
core   0: 3 0x800000c4 (0x0000006f)
core   0: 3 0x800000c4 (0x0000006f)
core   0: 3 0x800000c4 (0x0000006f)
core   0: 3 0x800000c4 (0x0000006f)
core   0: 3 0x800000c4 (0x0000006f)
core   0: 3 0x800000c4 (0x0000006f)
core   0: 3 0x800000c4 (0x0000006f)
core   0: 3 0x800000c4 (0x0000006f)
core   0: 3 0x800000c4 (0x0000006f)
core   0: 3 0x800000c4 (0x0000006f)
core   0: 3 0x800000c4 (0x0000006f)
core   0: 3 0x800000c4 (0x0000006f)
core   0: 3 0x800000c4 (0x0000006f)
core   0: 3 0x800000c4 (0x0000006f)
core   0: 3 0x800000c4 (0x0000006f)
core   0: 3 0x800000c4 (0x0000006f)
core   0: 3 0x800000c4 (0x0000006f)
core   0: 3 0x800000c4 (0x0000006f)
core   0: 3 0x800000c4 (0x0000006f)
core   0: 3 0x800000c4 (0x0000006f)
core   0: 3 0x800000c4 (0x0000006f)
core   0: 3 0x800000c4 (0x0000006f)
core   0: 3 0x800000c4 (0x0000006f)
core   0: 3 0x800000c4 (0x0000006f)
core   0: 3 0x800000c4 (0x0000006f)
core   0: 3 0x800000c4 (0x0000006f)
core   0: 3 0x800000c4 (0x0000006f)
core   0: 3 0x800000c4 (0x0000006f)
core   0: 3 0x800000c4 (0x0000006f)
core   0: 3 0x800000c4 (0x0000006f)
core   0: 3 0x800000c4 (0x0000006f)
core   0: 3 0x800000c4 (0x0000006f)
core   0: 3 0x800000c4 (0x0000006f)
core   0: 3 0x800000c4 (0x0000006f)
core   0: 3 0x800000c4 (0x0000006f)
core   0: 3 0x800000c4 (0x0000006f)
core   0: 3 0x800000c4 (0x0000006f)
core   0: 3 0x800000c4 (0x0000006f)
core   0: 3 0x800000c4 (0x0000006f)
core   0: 3 0x800000c4 (0x0000006f)
core   0: 3 0x800000c4 (0x0000006f)
core   0: 3 0x800000c4 (0x0000006f)
core   0: 3 0x800000c4 (0x0000006f)
core   0: 3 0x800000c4 (0x0000006f)
core   0: 3 0x800000c4 (0x0000006f)
core   0: 3 0x800000c4 (0x0000006f)
core   0: 3 0x800000c4 (0x0000006f)
core   0: 3 0x800000c4 (0x0000006f)
core   0: 3 0x800000c4 (0x0000006f)
core   0: 3 0x800000c4 (0x0000006f)
core   0: 3 0x800000c4 (0x0000006f)
core   0: 3 0x800000c4 (0x0000006f)
core   0: 3 0x800000c4 (0x0000006f)
core   0: 3 0x800000c4 (0x0000006f)
core   0: 3 0x800000c4 (0x0000006f)
core   0: 3 0x800000c4 (0x0000006f)
core   0: 3 0x800000c4 (0x0000006f)
core   0: 3 0x800000c4 (0x0000006f)
core   0: 3 0x800000c4 (0x0000006f)
core   0: 3 0x800000c4 (0x0000006f)
core   0: 3 0x800000c4 (0x0000006f)
core   0: 3 0x800000c4 (0x0000006f)
core   0: 3 0x800000c4 (0x0000006f)
core   0: 3 0x800000c4 (0x0000006f)
core   0: 3 0x800000c4 (0x0000006f)
core   0: 3 0x800000c4 (0x0000006f)
core   0: 3 0x800000c4 (0x0000006f)
core   0: 3 0x800000c4 (0x0000006f)
core   0: 3 0x800000c4 (0x0000006f)
core   0: 3 0x800000c4 (0x0000006f)
core   0: 3 0x800000c4 (0x0000006f)
core   0: 3 0x800000c4 (0x0000006f)
core   0: 3 0x800000c4 (0x0000006f)
core   0: 3 0x800000c4 (0x0000006f)
core   0: 3 0x800000c4 (0x0000006f)
core   0: 3 0x800000c4 (0x0000006f)
core   0: 3 0x800000c4 (0x0000006f)
core   0: 3 0x800000c4 (0x0000006f)
core   0: 3 0x800000c4 (0x0000006f)
core   0: 3 0x800000c4 (0x0000006f)
core   0: 3 0x800000c4 (0x0000006f)
core   0: 3 0x800000c4 (0x0000006f)
core   0: 3 0x800000c4 (0x0000006f)
core   0: 3 0x800000c4 (0x0000006f)
core   0: 3 0x800000c4 (0x0000006f)
core   0: 3 0x800000c4 (0x0000006f)
core   0: 3 0x800000c4 (0x0000006f)
core   0: 3 0x800000c4 (0x0000006f)
core   0: 3 0x800000c4 (0x0000006f)
core   0: 3 0x800000c4 (0x0000006f)
core   0: 3 0x800000c4 (0x0000006f)
core   0: 3 0x800000c4 (0x0000006f)
core   0: 3 0x800000c4 (0x0000006f)
core   0: 3 0x800000c4 (0x0000006f)
core   0: 3 0x800000c4 (0x0000006f)
core   0: 3 0x800000c4 (0x0000006f)
core   0: 3 0x800000c4 (0x0000006f)
core   0: 3 0x800000c4 (0x0000006f)
core   0: 3 0x800000c4 (0x0000006f)
core   0: 3 0x800000c4 (0x0000006f)
core   0: 3 0x800000c4 (0x0000006f)
core   0: 3 0x800000c4 (0x0000006f)
core   0: 3 0x800000c4 (0x0000006f)
core   0: 3 0x800000c4 (0x0000006f)
core   0: 3 0x800000c4 (0x0000006f)
core   0: 3 0x800000c4 (0x0000006f)
core   0: 3 0x800000c4 (0x0000006f)
core   0: 3 0x800000c4 (0x0000006f)
core   0: 3 0x800000c4 (0x0000006f)
core   0: 3 0x800000c4 (0x0000006f)
core   0: 3 0x800000c4 (0x0000006f)
core   0: 3 0x800000c4 (0x0000006f)
core   0: 3 0x800000c4 (0x0000006f)
core   0: 3 0x800000c4 (0x0000006f)
core   0: 3 0x800000c4 (0x0000006f)
core   0: 3 0x800000c4 (0x0000006f)
core   0: 3 0x800000c4 (0x0000006f)
core   0: 3 0x800000c4 (0x0000006f)
core   0: 3 0x800000c4 (0x0000006f)
core   0: 3 0x800000c4 (0x0000006f)
core   0: 3 0x800000c4 (0x0000006f)
core   0: 3 0x800000c4 (0x0000006f)
core   0: 3 0x800000c4 (0x0000006f)
core   0: 3 0x800000c4 (0x0000006f)
core   0: 3 0x800000c4 (0x0000006f)
core   0: 3 0x800000c4 (0x0000006f)
core   0: 3 0x800000c4 (0x0000006f)
core   0: 3 0x800000c4 (0x0000006f)
core   0: 3 0x800000c4 (0x0000006f)
core   0: 3 0x800000c4 (0x0000006f)
core   0: 3 0x800000c4 (0x0000006f)
core   0: 3 0x800000c4 (0x0000006f)
core   0: 3 0x800000c4 (0x0000006f)
core   0: 3 0x800000c4 (0x0000006f)
core   0: 3 0x800000c4 (0x0000006f)
core   0: 3 0x800000c4 (0x0000006f)
core   0: 3 0x800000c4 (0x0000006f)
core   0: 3 0x800000c4 (0x0000006f)
core   0: 3 0x800000c4 (0x0000006f)
core   0: 3 0x800000c4 (0x0000006f)
core   0: 3 0x800000c4 (0x0000006f)
core   0: 3 0x800000c4 (0x0000006f)
core   0: 3 0x800000c4 (0x0000006f)
core   0: 3 0x800000c4 (0x0000006f)
core   0: 3 0x800000c4 (0x0000006f)
core   0: 3 0x800000c4 (0x0000006f)
core   0: 3 0x800000c4 (0x0000006f)
core   0: 3 0x800000c4 (0x0000006f)
core   0: 3 0x800000c4 (0x0000006f)
core   0: 3 0x800000c4 (0x0000006f)
core   0: 3 0x800000c4 (0x0000006f)
core   0: 3 0x800000c4 (0x0000006f)
core   0: 3 0x800000c4 (0x0000006f)
core   0: 3 0x800000c4 (0x0000006f)
core   0: 3 0x800000c4 (0x0000006f)
core   0: 3 0x800000c4 (0x0000006f)
core   0: 3 0x800000c4 (0x0000006f)
core   0: 3 0x800000c4 (0x0000006f)
core   0: 3 0x800000c4 (0x0000006f)
core   0: 3 0x800000c4 (0x0000006f)
core   0: 3 0x800000c4 (0x0000006f)
core   0: 3 0x800000c4 (0x0000006f)
core   0: 3 0x800000c4 (0x0000006f)
core   0: 3 0x800000c4 (0x0000006f)
core   0: 3 0x800000c4 (0x0000006f)
core   0: 3 0x800000c4 (0x0000006f)
core   0: 3 0x800000c4 (0x0000006f)
core   0: 3 0x800000c4 (0x0000006f)
core   0: 3 0x800000c4 (0x0000006f)
core   0: 3 0x800000c4 (0x0000006f)
core   0: 3 0x800000c4 (0x0000006f)
core   0: 3 0x800000c4 (0x0000006f)
core   0: 3 0x800000c4 (0x0000006f)
core   0: 3 0x800000c4 (0x0000006f)
core   0: 3 0x800000c4 (0x0000006f)
core   0: 3 0x800000c4 (0x0000006f)
core   0: 3 0x800000c4 (0x0000006f)
core   0: 3 0x800000c4 (0x0000006f)
core   0: 3 0x800000c4 (0x0000006f)
core   0: 3 0x800000c4 (0x0000006f)
core   0: 3 0x800000c4 (0x0000006f)
core   0: 3 0x800000c4 (0x0000006f)
core   0: 3 0x800000c4 (0x0000006f)
core   0: 3 0x800000c4 (0x0000006f)
core   0: 3 0x800000c4 (0x0000006f)
core   0: 3 0x800000c4 (0x0000006f)
core   0: 3 0x800000c4 (0x0000006f)
core   0: 3 0x800000c4 (0x0000006f)
core   0: 3 0x800000c4 (0x0000006f)
core   0: 3 0x800000c4 (0x0000006f)
core   0: 3 0x800000c4 (0x0000006f)
core   0: 3 0x800000c4 (0x0000006f)
core   0: 3 0x800000c4 (0x0000006f)
core   0: 3 0x800000c4 (0x0000006f)
core   0: 3 0x800000c4 (0x0000006f)
core   0: 3 0x800000c4 (0x0000006f)
core   0: 3 0x800000c4 (0x0000006f)
core   0: 3 0x800000c4 (0x0000006f)
core   0: 3 0x800000c4 (0x0000006f)
core   0: 3 0x800000c4 (0x0000006f)
core   0: 3 0x800000c4 (0x0000006f)
core   0: 3 0x800000c4 (0x0000006f)
core   0: 3 0x800000c4 (0x0000006f)
core   0: 3 0x800000c4 (0x0000006f)
core   0: 3 0x800000c4 (0x0000006f)
core   0: 3 0x800000c4 (0x0000006f)
core   0: 3 0x800000c4 (0x0000006f)
core   0: 3 0x800000c4 (0x0000006f)
core   0: 3 0x800000c4 (0x0000006f)
core   0: 3 0x800000c4 (0x0000006f)
core   0: 3 0x800000c4 (0x0000006f)
core   0: 3 0x800000c4 (0x0000006f)
core   0: 3 0x800000c4 (0x0000006f)
core   0: 3 0x800000c4 (0x0000006f)
core   0: 3 0x800000c4 (0x0000006f)
core   0: 3 0x800000c4 (0x0000006f)
core   0: 3 0x800000c4 (0x0000006f)
core   0: 3 0x800000c4 (0x0000006f)
core   0: 3 0x800000c4 (0x0000006f)
core   0: 3 0x800000c4 (0x0000006f)
core   0: 3 0x800000c4 (0x0000006f)
core   0: 3 0x800000c4 (0x0000006f)
core   0: 3 0x800000c4 (0x0000006f)
core   0: 3 0x800000c4 (0x0000006f)
core   0: 3 0x800000c4 (0x0000006f)
core   0: 3 0x800000c4 (0x0000006f)
core   0: 3 0x800000c4 (0x0000006f)
core   0: 3 0x800000c4 (0x0000006f)
core   0: 3 0x800000c4 (0x0000006f)
core   0: 3 0x800000c4 (0x0000006f)
core   0: 3 0x800000c4 (0x0000006f)
core   0: 3 0x800000c4 (0x0000006f)
core   0: 3 0x800000c4 (0x0000006f)
core   0: 3 0x800000c4 (0x0000006f)
core   0: 3 0x800000c4 (0x0000006f)
core   0: 3 0x800000c4 (0x0000006f)
core   0: 3 0x800000c4 (0x0000006f)
core   0: 3 0x800000c4 (0x0000006f)
core   0: 3 0x800000c4 (0x0000006f)
core   0: 3 0x800000c4 (0x0000006f)
core   0: 3 0x800000c4 (0x0000006f)
core   0: 3 0x800000c4 (0x0000006f)
core   0: 3 0x800000c4 (0x0000006f)
core   0: 3 0x800000c4 (0x0000006f)
core   0: 3 0x800000c4 (0x0000006f)
core   0: 3 0x800000c4 (0x0000006f)
core   0: 3 0x800000c4 (0x0000006f)
core   0: 3 0x800000c4 (0x0000006f)
core   0: 3 0x800000c4 (0x0000006f)
core   0: 3 0x800000c4 (0x0000006f)
core   0: 3 0x800000c4 (0x0000006f)
core   0: 3 0x800000c4 (0x0000006f)
core   0: 3 0x800000c4 (0x0000006f)
core   0: 3 0x800000c4 (0x0000006f)
core   0: 3 0x800000c4 (0x0000006f)
core   0: 3 0x800000c4 (0x0000006f)
core   0: 3 0x800000c4 (0x0000006f)
core   0: 3 0x800000c4 (0x0000006f)
core   0: 3 0x800000c4 (0x0000006f)
core   0: 3 0x800000c4 (0x0000006f)
core   0: 3 0x800000c4 (0x0000006f)
core   0: 3 0x800000c4 (0x0000006f)
core   0: 3 0x800000c4 (0x0000006f)
core   0: 3 0x800000c4 (0x0000006f)
core   0: 3 0x800000c4 (0x0000006f)
core   0: 3 0x800000c4 (0x0000006f)
core   0: 3 0x800000c4 (0x0000006f)
core   0: 3 0x800000c4 (0x0000006f)
core   0: 3 0x800000c4 (0x0000006f)
core   0: 3 0x800000c4 (0x0000006f)
core   0: 3 0x800000c4 (0x0000006f)
core   0: 3 0x800000c4 (0x0000006f)
core   0: 3 0x800000c4 (0x0000006f)
core   0: 3 0x800000c4 (0x0000006f)
core   0: 3 0x800000c4 (0x0000006f)
core   0: 3 0x800000c4 (0x0000006f)
core   0: 3 0x800000c4 (0x0000006f)
core   0: 3 0x800000c4 (0x0000006f)
core   0: 3 0x800000c4 (0x0000006f)
core   0: 3 0x800000c4 (0x0000006f)
core   0: 3 0x800000c4 (0x0000006f)
core   0: 3 0x800000c4 (0x0000006f)
core   0: 3 0x800000c4 (0x0000006f)
core   0: 3 0x800000c4 (0x0000006f)
core   0: 3 0x800000c4 (0x0000006f)
core   0: 3 0x800000c4 (0x0000006f)
core   0: 3 0x800000c4 (0x0000006f)
core   0: 3 0x800000c4 (0x0000006f)
core   0: 3 0x800000c4 (0x0000006f)
core   0: 3 0x800000c4 (0x0000006f)
core   0: 3 0x800000c4 (0x0000006f)
core   0: 3 0x800000c4 (0x0000006f)
core   0: 3 0x800000c4 (0x0000006f)
core   0: 3 0x800000c4 (0x0000006f)
core   0: 3 0x800000c4 (0x0000006f)
core   0: 3 0x800000c4 (0x0000006f)
core   0: 3 0x800000c4 (0x0000006f)
core   0: 3 0x800000c4 (0x0000006f)
core   0: 3 0x800000c4 (0x0000006f)
core   0: 3 0x800000c4 (0x0000006f)
core   0: 3 0x800000c4 (0x0000006f)
core   0: 3 0x800000c4 (0x0000006f)
core   0: 3 0x800000c4 (0x0000006f)
core   0: 3 0x800000c4 (0x0000006f)
core   0: 3 0x800000c4 (0x0000006f)
core   0: 3 0x800000c4 (0x0000006f)
core   0: 3 0x800000c4 (0x0000006f)
core   0: 3 0x800000c4 (0x0000006f)
core   0: 3 0x800000c4 (0x0000006f)
core   0: 3 0x800000c4 (0x0000006f)
core   0: 3 0x800000c4 (0x0000006f)
core   0: 3 0x800000c4 (0x0000006f)
core   0: 3 0x800000c4 (0x0000006f)
core   0: 3 0x800000c4 (0x0000006f)
core   0: 3 0x800000c4 (0x0000006f)
core   0: 3 0x800000c4 (0x0000006f)
core   0: 3 0x800000c4 (0x0000006f)
core   0: 3 0x800000c4 (0x0000006f)
core   0: 3 0x800000c4 (0x0000006f)
core   0: 3 0x800000c4 (0x0000006f)
core   0: 3 0x800000c4 (0x0000006f)
core   0: 3 0x800000c4 (0x0000006f)
core   0: 3 0x800000c4 (0x0000006f)
core   0: 3 0x800000c4 (0x0000006f)
core   0: 3 0x800000c4 (0x0000006f)
core   0: 3 0x800000c4 (0x0000006f)
core   0: 3 0x800000c4 (0x0000006f)
core   0: 3 0x800000c4 (0x0000006f)
core   0: 3 0x800000c4 (0x0000006f)
core   0: 3 0x800000c4 (0x0000006f)
core   0: 3 0x800000c4 (0x0000006f)
core   0: 3 0x800000c4 (0x0000006f)
core   0: 3 0x800000c4 (0x0000006f)
core   0: 3 0x800000c4 (0x0000006f)
core   0: 3 0x800000c4 (0x0000006f)
core   0: 3 0x800000c4 (0x0000006f)
core   0: 3 0x800000c4 (0x0000006f)
core   0: 3 0x800000c4 (0x0000006f)
core   0: 3 0x800000c4 (0x0000006f)
core   0: 3 0x800000c4 (0x0000006f)
core   0: 3 0x800000c4 (0x0000006f)
core   0: 3 0x800000c4 (0x0000006f)
core   0: 3 0x800000c4 (0x0000006f)
core   0: 3 0x800000c4 (0x0000006f)
core   0: 3 0x800000c4 (0x0000006f)
core   0: 3 0x800000c4 (0x0000006f)
core   0: 3 0x800000c4 (0x0000006f)
core   0: 3 0x800000c4 (0x0000006f)
core   0: 3 0x800000c4 (0x0000006f)
core   0: 3 0x800000c4 (0x0000006f)
core   0: 3 0x800000c4 (0x0000006f)
core   0: 3 0x800000c4 (0x0000006f)
core   0: 3 0x800000c4 (0x0000006f)
core   0: 3 0x800000c4 (0x0000006f)
core   0: 3 0x800000c4 (0x0000006f)
core   0: 3 0x800000c4 (0x0000006f)
core   0: 3 0x800000c4 (0x0000006f)
core   0: 3 0x800000c4 (0x0000006f)
core   0: 3 0x800000c4 (0x0000006f)
core   0: 3 0x800000c4 (0x0000006f)
core   0: 3 0x800000c4 (0x0000006f)
core   0: 3 0x800000c4 (0x0000006f)
core   0: 3 0x800000c4 (0x0000006f)
core   0: 3 0x800000c4 (0x0000006f)
core   0: 3 0x800000c4 (0x0000006f)
core   0: 3 0x800000c4 (0x0000006f)
core   0: 3 0x800000c4 (0x0000006f)
core   0: 3 0x800000c4 (0x0000006f)
core   0: 3 0x800000c4 (0x0000006f)
core   0: 3 0x800000c4 (0x0000006f)
core   0: 3 0x800000c4 (0x0000006f)
core   0: 3 0x800000c4 (0x0000006f)
core   0: 3 0x800000c4 (0x0000006f)
core   0: 3 0x800000c4 (0x0000006f)
core   0: 3 0x800000c4 (0x0000006f)
core   0: 3 0x800000c4 (0x0000006f)
core   0: 3 0x800000c4 (0x0000006f)
core   0: 3 0x800000c4 (0x0000006f)
core   0: 3 0x800000c4 (0x0000006f)
core   0: 3 0x800000c4 (0x0000006f)
core   0: 3 0x800000c4 (0x0000006f)
core   0: 3 0x800000c4 (0x0000006f)
core   0: 3 0x800000c4 (0x0000006f)
core   0: 3 0x800000c4 (0x0000006f)
core   0: 3 0x800000c4 (0x0000006f)
core   0: 3 0x800000c4 (0x0000006f)
core   0: 3 0x800000c4 (0x0000006f)
core   0: 3 0x800000c4 (0x0000006f)
core   0: 3 0x800000c4 (0x0000006f)
core   0: 3 0x800000c4 (0x0000006f)
core   0: 3 0x800000c4 (0x0000006f)
core   0: 3 0x800000c4 (0x0000006f)
core   0: 3 0x800000c4 (0x0000006f)
core   0: 3 0x800000c4 (0x0000006f)
core   0: 3 0x800000c4 (0x0000006f)
core   0: 3 0x800000c4 (0x0000006f)
core   0: 3 0x800000c4 (0x0000006f)
core   0: 3 0x800000c4 (0x0000006f)
core   0: 3 0x800000c4 (0x0000006f)
core   0: 3 0x800000c4 (0x0000006f)
core   0: 3 0x800000c4 (0x0000006f)
core   0: 3 0x800000c4 (0x0000006f)
core   0: 3 0x800000c4 (0x0000006f)
core   0: 3 0x800000c4 (0x0000006f)
core   0: 3 0x800000c4 (0x0000006f)
core   0: 3 0x800000c4 (0x0000006f)
core   0: 3 0x800000c4 (0x0000006f)
core   0: 3 0x800000c4 (0x0000006f)
core   0: 3 0x800000c4 (0x0000006f)
core   0: 3 0x800000c4 (0x0000006f)
core   0: 3 0x800000c4 (0x0000006f)
core   0: 3 0x800000c4 (0x0000006f)
core   0: 3 0x800000c4 (0x0000006f)
core   0: 3 0x800000c4 (0x0000006f)
core   0: 3 0x800000c4 (0x0000006f)
core   0: 3 0x800000c4 (0x0000006f)
core   0: 3 0x800000c4 (0x0000006f)
core   0: 3 0x800000c4 (0x0000006f)
core   0: 3 0x800000c4 (0x0000006f)
core   0: 3 0x800000c4 (0x0000006f)
core   0: 3 0x800000c4 (0x0000006f)
core   0: 3 0x800000c4 (0x0000006f)
core   0: 3 0x800000c4 (0x0000006f)
core   0: 3 0x800000c4 (0x0000006f)
core   0: 3 0x800000c4 (0x0000006f)
core   0: 3 0x800000c4 (0x0000006f)
core   0: 3 0x800000c4 (0x0000006f)
core   0: 3 0x800000c4 (0x0000006f)
core   0: 3 0x800000c4 (0x0000006f)
core   0: 3 0x800000c4 (0x0000006f)
core   0: 3 0x800000c4 (0x0000006f)
core   0: 3 0x800000c4 (0x0000006f)
core   0: 3 0x800000c4 (0x0000006f)
core   0: 3 0x800000c4 (0x0000006f)
core   0: 3 0x800000c4 (0x0000006f)
core   0: 3 0x800000c4 (0x0000006f)
core   0: 3 0x800000c4 (0x0000006f)
core   0: 3 0x800000c4 (0x0000006f)
core   0: 3 0x800000c4 (0x0000006f)
core   0: 3 0x800000c4 (0x0000006f)
core   0: 3 0x800000c4 (0x0000006f)
core   0: 3 0x800000c4 (0x0000006f)
core   0: 3 0x800000c4 (0x0000006f)
core   0: 3 0x800000c4 (0x0000006f)
core   0: 3 0x800000c4 (0x0000006f)
core   0: 3 0x800000c4 (0x0000006f)
core   0: 3 0x800000c4 (0x0000006f)
core   0: 3 0x800000c4 (0x0000006f)
core   0: 3 0x800000c4 (0x0000006f)
core   0: 3 0x800000c4 (0x0000006f)
core   0: 3 0x800000c4 (0x0000006f)
core   0: 3 0x800000c4 (0x0000006f)
core   0: 3 0x800000c4 (0x0000006f)
core   0: 3 0x800000c4 (0x0000006f)
core   0: 3 0x800000c4 (0x0000006f)
core   0: 3 0x800000c4 (0x0000006f)
core   0: 3 0x800000c4 (0x0000006f)
core   0: 3 0x800000c4 (0x0000006f)
core   0: 3 0x800000c4 (0x0000006f)
core   0: 3 0x800000c4 (0x0000006f)
core   0: 3 0x800000c4 (0x0000006f)
core   0: 3 0x800000c4 (0x0000006f)
core   0: 3 0x800000c4 (0x0000006f)
core   0: 3 0x800000c4 (0x0000006f)
core   0: 3 0x800000c4 (0x0000006f)
core   0: 3 0x800000c4 (0x0000006f)
core   0: 3 0x800000c4 (0x0000006f)
core   0: 3 0x800000c4 (0x0000006f)
core   0: 3 0x800000c4 (0x0000006f)
core   0: 3 0x800000c4 (0x0000006f)
core   0: 3 0x800000c4 (0x0000006f)
core   0: 3 0x800000c4 (0x0000006f)
core   0: 3 0x800000c4 (0x0000006f)
core   0: 3 0x800000c4 (0x0000006f)
core   0: 3 0x800000c4 (0x0000006f)
core   0: 3 0x800000c4 (0x0000006f)
core   0: 3 0x800000c4 (0x0000006f)
core   0: 3 0x800000c4 (0x0000006f)
core   0: 3 0x800000c4 (0x0000006f)
core   0: 3 0x800000c4 (0x0000006f)
core   0: 3 0x800000c4 (0x0000006f)
core   0: 3 0x800000c4 (0x0000006f)
core   0: 3 0x800000c4 (0x0000006f)
core   0: 3 0x800000c4 (0x0000006f)
core   0: 3 0x800000c4 (0x0000006f)
core   0: 3 0x800000c4 (0x0000006f)
core   0: 3 0x800000c4 (0x0000006f)
core   0: 3 0x800000c4 (0x0000006f)
core   0: 3 0x800000c4 (0x0000006f)
core   0: 3 0x800000c4 (0x0000006f)
core   0: 3 0x800000c4 (0x0000006f)
core   0: 3 0x800000c4 (0x0000006f)
core   0: 3 0x800000c4 (0x0000006f)
core   0: 3 0x800000c4 (0x0000006f)
core   0: 3 0x800000c4 (0x0000006f)
core   0: 3 0x800000c4 (0x0000006f)
core   0: 3 0x800000c4 (0x0000006f)
core   0: 3 0x800000c4 (0x0000006f)
core   0: 3 0x800000c4 (0x0000006f)
core   0: 3 0x800000c4 (0x0000006f)
core   0: 3 0x800000c4 (0x0000006f)
core   0: 3 0x800000c4 (0x0000006f)
core   0: 3 0x800000c4 (0x0000006f)
core   0: 3 0x800000c4 (0x0000006f)
core   0: 3 0x800000c4 (0x0000006f)
core   0: 3 0x800000c4 (0x0000006f)
core   0: 3 0x800000c4 (0x0000006f)
core   0: 3 0x800000c4 (0x0000006f)
core   0: 3 0x800000c4 (0x0000006f)
core   0: 3 0x800000c4 (0x0000006f)
core   0: 3 0x800000c4 (0x0000006f)
core   0: 3 0x800000c4 (0x0000006f)
core   0: 3 0x800000c4 (0x0000006f)
core   0: 3 0x800000c4 (0x0000006f)
core   0: 3 0x800000c4 (0x0000006f)
core   0: 3 0x800000c4 (0x0000006f)
core   0: 3 0x800000c4 (0x0000006f)
core   0: 3 0x800000c4 (0x0000006f)
core   0: 3 0x800000c4 (0x0000006f)
core   0: 3 0x800000c4 (0x0000006f)
core   0: 3 0x800000c4 (0x0000006f)
core   0: 3 0x800000c4 (0x0000006f)
core   0: 3 0x800000c4 (0x0000006f)
core   0: 3 0x800000c4 (0x0000006f)
core   0: 3 0x800000c4 (0x0000006f)
core   0: 3 0x800000c4 (0x0000006f)
core   0: 3 0x800000c4 (0x0000006f)
core   0: 3 0x800000c4 (0x0000006f)
core   0: 3 0x800000c4 (0x0000006f)
core   0: 3 0x800000c4 (0x0000006f)
core   0: 3 0x800000c4 (0x0000006f)
core   0: 3 0x800000c4 (0x0000006f)
core   0: 3 0x800000c4 (0x0000006f)
core   0: 3 0x800000c4 (0x0000006f)
core   0: 3 0x800000c4 (0x0000006f)
core   0: 3 0x800000c4 (0x0000006f)
core   0: 3 0x800000c4 (0x0000006f)
core   0: 3 0x800000c4 (0x0000006f)
core   0: 3 0x800000c4 (0x0000006f)
core   0: 3 0x800000c4 (0x0000006f)
core   0: 3 0x800000c4 (0x0000006f)
core   0: 3 0x800000c4 (0x0000006f)
core   0: 3 0x800000c4 (0x0000006f)
core   0: 3 0x800000c4 (0x0000006f)
core   0: 3 0x800000c4 (0x0000006f)
core   0: 3 0x800000c4 (0x0000006f)
core   0: 3 0x800000c4 (0x0000006f)
core   0: 3 0x800000c4 (0x0000006f)
core   0: 3 0x800000c4 (0x0000006f)
core   0: 3 0x800000c4 (0x0000006f)
core   0: 3 0x800000c4 (0x0000006f)
core   0: 3 0x800000c4 (0x0000006f)
core   0: 3 0x800000c4 (0x0000006f)
core   0: 3 0x800000c4 (0x0000006f)
core   0: 3 0x800000c4 (0x0000006f)
core   0: 3 0x800000c4 (0x0000006f)
core   0: 3 0x800000c4 (0x0000006f)
core   0: 3 0x800000c4 (0x0000006f)
core   0: 3 0x800000c4 (0x0000006f)
core   0: 3 0x800000c4 (0x0000006f)
core   0: 3 0x800000c4 (0x0000006f)
core   0: 3 0x800000c4 (0x0000006f)
core   0: 3 0x800000c4 (0x0000006f)
core   0: 3 0x800000c4 (0x0000006f)
core   0: 3 0x800000c4 (0x0000006f)
core   0: 3 0x800000c4 (0x0000006f)
core   0: 3 0x800000c4 (0x0000006f)
core   0: 3 0x800000c4 (0x0000006f)
core   0: 3 0x800000c4 (0x0000006f)
core   0: 3 0x800000c4 (0x0000006f)
core   0: 3 0x800000c4 (0x0000006f)
core   0: 3 0x800000c4 (0x0000006f)
core   0: 3 0x800000c4 (0x0000006f)
core   0: 3 0x800000c4 (0x0000006f)
core   0: 3 0x800000c4 (0x0000006f)
core   0: 3 0x800000c4 (0x0000006f)
core   0: 3 0x800000c4 (0x0000006f)
core   0: 3 0x800000c4 (0x0000006f)
core   0: 3 0x800000c4 (0x0000006f)
core   0: 3 0x800000c4 (0x0000006f)
core   0: 3 0x800000c4 (0x0000006f)
core   0: 3 0x800000c4 (0x0000006f)
core   0: 3 0x800000c4 (0x0000006f)
core   0: 3 0x800000c4 (0x0000006f)
core   0: 3 0x800000c4 (0x0000006f)
core   0: 3 0x800000c4 (0x0000006f)
core   0: 3 0x800000c4 (0x0000006f)
core   0: 3 0x800000c4 (0x0000006f)
core   0: 3 0x800000c4 (0x0000006f)
core   0: 3 0x800000c4 (0x0000006f)
core   0: 3 0x800000c4 (0x0000006f)
core   0: 3 0x800000c4 (0x0000006f)
core   0: 3 0x800000c4 (0x0000006f)
core   0: 3 0x800000c4 (0x0000006f)
core   0: 3 0x800000c4 (0x0000006f)
core   0: 3 0x800000c4 (0x0000006f)
core   0: 3 0x800000c4 (0x0000006f)
core   0: 3 0x800000c4 (0x0000006f)
core   0: 3 0x800000c4 (0x0000006f)
core   0: 3 0x800000c4 (0x0000006f)
core   0: 3 0x800000c4 (0x0000006f)
core   0: 3 0x800000c4 (0x0000006f)
core   0: 3 0x800000c4 (0x0000006f)
core   0: 3 0x800000c4 (0x0000006f)
core   0: 3 0x800000c4 (0x0000006f)
core   0: 3 0x800000c4 (0x0000006f)
core   0: 3 0x800000c4 (0x0000006f)
core   0: 3 0x800000c4 (0x0000006f)
core   0: 3 0x800000c4 (0x0000006f)
core   0: 3 0x800000c4 (0x0000006f)
core   0: 3 0x800000c4 (0x0000006f)
core   0: 3 0x800000c4 (0x0000006f)
core   0: 3 0x800000c4 (0x0000006f)
core   0: 3 0x800000c4 (0x0000006f)
core   0: 3 0x800000c4 (0x0000006f)
core   0: 3 0x800000c4 (0x0000006f)
core   0: 3 0x800000c4 (0x0000006f)
core   0: 3 0x800000c4 (0x0000006f)
core   0: 3 0x800000c4 (0x0000006f)
core   0: 3 0x800000c4 (0x0000006f)
core   0: 3 0x800000c4 (0x0000006f)
core   0: 3 0x800000c4 (0x0000006f)
core   0: 3 0x800000c4 (0x0000006f)
core   0: 3 0x800000c4 (0x0000006f)
core   0: 3 0x800000c4 (0x0000006f)
core   0: 3 0x800000c4 (0x0000006f)
core   0: 3 0x800000c4 (0x0000006f)
core   0: 3 0x800000c4 (0x0000006f)
core   0: 3 0x800000c4 (0x0000006f)
core   0: 3 0x800000c4 (0x0000006f)
core   0: 3 0x800000c4 (0x0000006f)
core   0: 3 0x800000c4 (0x0000006f)
core   0: 3 0x800000c4 (0x0000006f)
core   0: 3 0x800000c4 (0x0000006f)
core   0: 3 0x800000c4 (0x0000006f)
core   0: 3 0x800000c4 (0x0000006f)
core   0: 3 0x800000c4 (0x0000006f)
core   0: 3 0x800000c4 (0x0000006f)
core   0: 3 0x800000c4 (0x0000006f)
core   0: 3 0x800000c4 (0x0000006f)
core   0: 3 0x800000c4 (0x0000006f)
core   0: 3 0x800000c4 (0x0000006f)
core   0: 3 0x800000c4 (0x0000006f)
core   0: 3 0x800000c4 (0x0000006f)
core   0: 3 0x800000c4 (0x0000006f)
core   0: 3 0x800000c4 (0x0000006f)
core   0: 3 0x800000c4 (0x0000006f)
core   0: 3 0x800000c4 (0x0000006f)
core   0: 3 0x800000c4 (0x0000006f)
core   0: 3 0x800000c4 (0x0000006f)
core   0: 3 0x800000c4 (0x0000006f)
core   0: 3 0x800000c4 (0x0000006f)
core   0: 3 0x800000c4 (0x0000006f)
core   0: 3 0x800000c4 (0x0000006f)
core   0: 3 0x800000c4 (0x0000006f)
core   0: 3 0x800000c4 (0x0000006f)
core   0: 3 0x800000c4 (0x0000006f)
core   0: 3 0x800000c4 (0x0000006f)
core   0: 3 0x800000c4 (0x0000006f)
core   0: 3 0x800000c4 (0x0000006f)
core   0: 3 0x800000c4 (0x0000006f)
core   0: 3 0x800000c4 (0x0000006f)
core   0: 3 0x800000c4 (0x0000006f)
core   0: 3 0x800000c4 (0x0000006f)
core   0: 3 0x800000c4 (0x0000006f)
core   0: 3 0x800000c4 (0x0000006f)
core   0: 3 0x800000c4 (0x0000006f)
core   0: 3 0x800000c4 (0x0000006f)
core   0: 3 0x800000c4 (0x0000006f)
core   0: 3 0x800000c4 (0x0000006f)
core   0: 3 0x800000c4 (0x0000006f)
core   0: 3 0x800000c4 (0x0000006f)
core   0: 3 0x800000c4 (0x0000006f)
core   0: 3 0x800000c4 (0x0000006f)
core   0: 3 0x800000c4 (0x0000006f)
core   0: 3 0x800000c4 (0x0000006f)
core   0: 3 0x800000c4 (0x0000006f)
core   0: 3 0x800000c4 (0x0000006f)
core   0: 3 0x800000c4 (0x0000006f)
core   0: 3 0x800000c4 (0x0000006f)
core   0: 3 0x800000c4 (0x0000006f)
core   0: 3 0x800000c4 (0x0000006f)
core   0: 3 0x800000c4 (0x0000006f)
core   0: 3 0x800000c4 (0x0000006f)
core   0: 3 0x800000c4 (0x0000006f)
core   0: 3 0x800000c4 (0x0000006f)
core   0: 3 0x800000c4 (0x0000006f)
core   0: 3 0x800000c4 (0x0000006f)
core   0: 3 0x800000c4 (0x0000006f)
core   0: 3 0x800000c4 (0x0000006f)
core   0: 3 0x800000c4 (0x0000006f)
core   0: 3 0x800000c4 (0x0000006f)
core   0: 3 0x800000c4 (0x0000006f)
core   0: 3 0x800000c4 (0x0000006f)
core   0: 3 0x800000c4 (0x0000006f)
core   0: 3 0x800000c4 (0x0000006f)
core   0: 3 0x800000c4 (0x0000006f)
core   0: 3 0x800000c4 (0x0000006f)
core   0: 3 0x800000c4 (0x0000006f)
core   0: 3 0x800000c4 (0x0000006f)
core   0: 3 0x800000c4 (0x0000006f)
core   0: 3 0x800000c4 (0x0000006f)
core   0: 3 0x800000c4 (0x0000006f)
core   0: 3 0x800000c4 (0x0000006f)
core   0: 3 0x800000c4 (0x0000006f)
core   0: 3 0x800000c4 (0x0000006f)
core   0: 3 0x800000c4 (0x0000006f)
core   0: 3 0x800000c4 (0x0000006f)
core   0: 3 0x800000c4 (0x0000006f)
core   0: 3 0x800000c4 (0x0000006f)
core   0: 3 0x800000c4 (0x0000006f)
core   0: 3 0x800000c4 (0x0000006f)
core   0: 3 0x800000c4 (0x0000006f)
core   0: 3 0x800000c4 (0x0000006f)
core   0: 3 0x800000c4 (0x0000006f)
core   0: 3 0x800000c4 (0x0000006f)
core   0: 3 0x800000c4 (0x0000006f)
core   0: 3 0x800000c4 (0x0000006f)
core   0: 3 0x800000c4 (0x0000006f)
core   0: 3 0x800000c4 (0x0000006f)
core   0: 3 0x800000c4 (0x0000006f)
core   0: 3 0x800000c4 (0x0000006f)
core   0: 3 0x800000c4 (0x0000006f)
core   0: 3 0x800000c4 (0x0000006f)
core   0: 3 0x800000c4 (0x0000006f)
core   0: 3 0x800000c4 (0x0000006f)
core   0: 3 0x800000c4 (0x0000006f)
core   0: 3 0x800000c4 (0x0000006f)
core   0: 3 0x800000c4 (0x0000006f)
core   0: 3 0x800000c4 (0x0000006f)
core   0: 3 0x800000c4 (0x0000006f)
core   0: 3 0x800000c4 (0x0000006f)
core   0: 3 0x800000c4 (0x0000006f)
core   0: 3 0x800000c4 (0x0000006f)
core   0: 3 0x800000c4 (0x0000006f)
core   0: 3 0x800000c4 (0x0000006f)
core   0: 3 0x800000c4 (0x0000006f)
core   0: 3 0x800000c4 (0x0000006f)
core   0: 3 0x800000c4 (0x0000006f)
core   0: 3 0x800000c4 (0x0000006f)
core   0: 3 0x800000c4 (0x0000006f)
core   0: 3 0x800000c4 (0x0000006f)
core   0: 3 0x800000c4 (0x0000006f)
core   0: 3 0x800000c4 (0x0000006f)
core   0: 3 0x800000c4 (0x0000006f)
core   0: 3 0x800000c4 (0x0000006f)
core   0: 3 0x800000c4 (0x0000006f)
core   0: 3 0x800000c4 (0x0000006f)
core   0: 3 0x800000c4 (0x0000006f)
core   0: 3 0x800000c4 (0x0000006f)
core   0: 3 0x800000c4 (0x0000006f)
core   0: 3 0x800000c4 (0x0000006f)
core   0: 3 0x800000c4 (0x0000006f)
core   0: 3 0x800000c4 (0x0000006f)
core   0: 3 0x800000c4 (0x0000006f)
core   0: 3 0x800000c4 (0x0000006f)
core   0: 3 0x800000c4 (0x0000006f)
core   0: 3 0x800000c4 (0x0000006f)
core   0: 3 0x800000c4 (0x0000006f)
core   0: 3 0x800000c4 (0x0000006f)
core   0: 3 0x800000c4 (0x0000006f)
core   0: 3 0x800000c4 (0x0000006f)
core   0: 3 0x800000c4 (0x0000006f)
core   0: 3 0x800000c4 (0x0000006f)
core   0: 3 0x800000c4 (0x0000006f)
core   0: 3 0x800000c4 (0x0000006f)
core   0: 3 0x800000c4 (0x0000006f)
core   0: 3 0x800000c4 (0x0000006f)
core   0: 3 0x800000c4 (0x0000006f)
core   0: 3 0x800000c4 (0x0000006f)
core   0: 3 0x800000c4 (0x0000006f)
core   0: 3 0x800000c4 (0x0000006f)
core   0: 3 0x800000c4 (0x0000006f)
core   0: 3 0x800000c4 (0x0000006f)
core   0: 3 0x800000c4 (0x0000006f)
core   0: 3 0x800000c4 (0x0000006f)
core   0: 3 0x800000c4 (0x0000006f)
core   0: 3 0x800000c4 (0x0000006f)
core   0: 3 0x800000c4 (0x0000006f)
core   0: 3 0x800000c4 (0x0000006f)
core   0: 3 0x800000c4 (0x0000006f)
core   0: 3 0x800000c4 (0x0000006f)
core   0: 3 0x800000c4 (0x0000006f)
core   0: 3 0x800000c4 (0x0000006f)
core   0: 3 0x800000c4 (0x0000006f)
core   0: 3 0x800000c4 (0x0000006f)
core   0: 3 0x800000c4 (0x0000006f)
core   0: 3 0x800000c4 (0x0000006f)
core   0: 3 0x800000c4 (0x0000006f)
core   0: 3 0x800000c4 (0x0000006f)
core   0: 3 0x800000c4 (0x0000006f)
core   0: 3 0x800000c4 (0x0000006f)
core   0: 3 0x800000c4 (0x0000006f)
core   0: 3 0x800000c4 (0x0000006f)
core   0: 3 0x800000c4 (0x0000006f)
core   0: 3 0x800000c4 (0x0000006f)
core   0: 3 0x800000c4 (0x0000006f)
core   0: 3 0x800000c4 (0x0000006f)
core   0: 3 0x800000c4 (0x0000006f)
core   0: 3 0x800000c4 (0x0000006f)
core   0: 3 0x800000c4 (0x0000006f)
core   0: 3 0x800000c4 (0x0000006f)
core   0: 3 0x800000c4 (0x0000006f)
core   0: 3 0x800000c4 (0x0000006f)
core   0: 3 0x800000c4 (0x0000006f)
core   0: 3 0x800000c4 (0x0000006f)
core   0: 3 0x800000c4 (0x0000006f)
core   0: 3 0x800000c4 (0x0000006f)
core   0: 3 0x800000c4 (0x0000006f)
core   0: 3 0x800000c4 (0x0000006f)
core   0: 3 0x800000c4 (0x0000006f)
core   0: 3 0x800000c4 (0x0000006f)
core   0: 3 0x800000c4 (0x0000006f)
core   0: 3 0x800000c4 (0x0000006f)
core   0: 3 0x800000c4 (0x0000006f)
core   0: 3 0x800000c4 (0x0000006f)
core   0: 3 0x800000c4 (0x0000006f)
core   0: 3 0x800000c4 (0x0000006f)
core   0: 3 0x800000c4 (0x0000006f)
core   0: 3 0x800000c4 (0x0000006f)
core   0: 3 0x800000c4 (0x0000006f)
core   0: 3 0x800000c4 (0x0000006f)
core   0: 3 0x800000c4 (0x0000006f)
core   0: 3 0x800000c4 (0x0000006f)
core   0: 3 0x800000c4 (0x0000006f)
core   0: 3 0x800000c4 (0x0000006f)
core   0: 3 0x800000c4 (0x0000006f)
core   0: 3 0x800000c4 (0x0000006f)
core   0: 3 0x800000c4 (0x0000006f)
core   0: 3 0x800000c4 (0x0000006f)
core   0: 3 0x800000c4 (0x0000006f)
core   0: 3 0x800000c4 (0x0000006f)
core   0: 3 0x800000c4 (0x0000006f)
core   0: 3 0x800000c4 (0x0000006f)
core   0: 3 0x800000c4 (0x0000006f)
core   0: 3 0x800000c4 (0x0000006f)
core   0: 3 0x800000c4 (0x0000006f)
core   0: 3 0x800000c4 (0x0000006f)
core   0: 3 0x800000c4 (0x0000006f)
core   0: 3 0x800000c4 (0x0000006f)
core   0: 3 0x800000c4 (0x0000006f)
core   0: 3 0x800000c4 (0x0000006f)
core   0: 3 0x800000c4 (0x0000006f)
core   0: 3 0x800000c4 (0x0000006f)
core   0: 3 0x800000c4 (0x0000006f)
core   0: 3 0x800000c4 (0x0000006f)
core   0: 3 0x800000c4 (0x0000006f)
core   0: 3 0x800000c4 (0x0000006f)
core   0: 3 0x800000c4 (0x0000006f)
core   0: 3 0x800000c4 (0x0000006f)
core   0: 3 0x800000c4 (0x0000006f)
core   0: 3 0x800000c4 (0x0000006f)
core   0: 3 0x800000c4 (0x0000006f)
core   0: 3 0x800000c4 (0x0000006f)
core   0: 3 0x800000c4 (0x0000006f)
core   0: 3 0x800000c4 (0x0000006f)
core   0: 3 0x800000c4 (0x0000006f)
core   0: 3 0x800000c4 (0x0000006f)
core   0: 3 0x800000c4 (0x0000006f)
core   0: 3 0x800000c4 (0x0000006f)
core   0: 3 0x800000c4 (0x0000006f)
core   0: 3 0x800000c4 (0x0000006f)
core   0: 3 0x800000c4 (0x0000006f)
core   0: 3 0x800000c4 (0x0000006f)
core   0: 3 0x800000c4 (0x0000006f)
core   0: 3 0x800000c4 (0x0000006f)
core   0: 3 0x800000c4 (0x0000006f)
core   0: 3 0x800000c4 (0x0000006f)
core   0: 3 0x800000c4 (0x0000006f)
core   0: 3 0x800000c4 (0x0000006f)
core   0: 3 0x800000c4 (0x0000006f)
core   0: 3 0x800000c4 (0x0000006f)
core   0: 3 0x800000c4 (0x0000006f)
core   0: 3 0x800000c4 (0x0000006f)
core   0: 3 0x800000c4 (0x0000006f)
core   0: 3 0x800000c4 (0x0000006f)
core   0: 3 0x800000c4 (0x0000006f)
core   0: 3 0x800000c4 (0x0000006f)
core   0: 3 0x800000c4 (0x0000006f)
core   0: 3 0x800000c4 (0x0000006f)
core   0: 3 0x800000c4 (0x0000006f)
core   0: 3 0x800000c4 (0x0000006f)
core   0: 3 0x800000c4 (0x0000006f)
core   0: 3 0x800000c4 (0x0000006f)
core   0: 3 0x800000c4 (0x0000006f)
core   0: 3 0x800000c4 (0x0000006f)
core   0: 3 0x800000c4 (0x0000006f)
core   0: 3 0x800000c4 (0x0000006f)
core   0: 3 0x800000c4 (0x0000006f)
core   0: 3 0x800000c4 (0x0000006f)
core   0: 3 0x800000c4 (0x0000006f)
core   0: 3 0x800000c4 (0x0000006f)
core   0: 3 0x800000c4 (0x0000006f)
core   0: 3 0x800000c4 (0x0000006f)
core   0: 3 0x800000c4 (0x0000006f)
core   0: 3 0x800000c4 (0x0000006f)
core   0: 3 0x800000c4 (0x0000006f)
core   0: 3 0x800000c4 (0x0000006f)
core   0: 3 0x800000c4 (0x0000006f)
core   0: 3 0x800000c4 (0x0000006f)
core   0: 3 0x800000c4 (0x0000006f)
core   0: 3 0x800000c4 (0x0000006f)
core   0: 3 0x800000c4 (0x0000006f)
core   0: 3 0x800000c4 (0x0000006f)
core   0: 3 0x800000c4 (0x0000006f)
core   0: 3 0x800000c4 (0x0000006f)
core   0: 3 0x800000c4 (0x0000006f)
core   0: 3 0x800000c4 (0x0000006f)
core   0: 3 0x800000c4 (0x0000006f)
core   0: 3 0x800000c4 (0x0000006f)
core   0: 3 0x800000c4 (0x0000006f)
core   0: 3 0x800000c4 (0x0000006f)
core   0: 3 0x800000c4 (0x0000006f)
core   0: 3 0x800000c4 (0x0000006f)
core   0: 3 0x800000c4 (0x0000006f)
core   0: 3 0x800000c4 (0x0000006f)
core   0: 3 0x800000c4 (0x0000006f)
core   0: 3 0x800000c4 (0x0000006f)
core   0: 3 0x800000c4 (0x0000006f)
core   0: 3 0x800000c4 (0x0000006f)
core   0: 3 0x800000c4 (0x0000006f)
core   0: 3 0x800000c4 (0x0000006f)
core   0: 3 0x800000c4 (0x0000006f)
core   0: 3 0x800000c4 (0x0000006f)
core   0: 3 0x800000c4 (0x0000006f)
core   0: 3 0x800000c4 (0x0000006f)
core   0: 3 0x800000c4 (0x0000006f)
core   0: 3 0x800000c4 (0x0000006f)
core   0: 3 0x800000c4 (0x0000006f)
core   0: 3 0x800000c4 (0x0000006f)
core   0: 3 0x800000c4 (0x0000006f)
core   0: 3 0x800000c4 (0x0000006f)
core   0: 3 0x800000c4 (0x0000006f)
core   0: 3 0x800000c4 (0x0000006f)
core   0: 3 0x800000c4 (0x0000006f)
core   0: 3 0x800000c4 (0x0000006f)
core   0: 3 0x800000c4 (0x0000006f)
core   0: 3 0x800000c4 (0x0000006f)
core   0: 3 0x800000c4 (0x0000006f)
core   0: 3 0x800000c4 (0x0000006f)
core   0: 3 0x800000c4 (0x0000006f)
core   0: 3 0x800000c4 (0x0000006f)
core   0: 3 0x800000c4 (0x0000006f)
core   0: 3 0x800000c4 (0x0000006f)
core   0: 3 0x800000c4 (0x0000006f)
core   0: 3 0x800000c4 (0x0000006f)
core   0: 3 0x800000c4 (0x0000006f)
core   0: 3 0x800000c4 (0x0000006f)
core   0: 3 0x800000c4 (0x0000006f)
core   0: 3 0x800000c4 (0x0000006f)
core   0: 3 0x800000c4 (0x0000006f)
core   0: 3 0x800000c4 (0x0000006f)
core   0: 3 0x800000c4 (0x0000006f)
core   0: 3 0x800000c4 (0x0000006f)
core   0: 3 0x800000c4 (0x0000006f)
core   0: 3 0x800000c4 (0x0000006f)
core   0: 3 0x800000c4 (0x0000006f)
core   0: 3 0x800000c4 (0x0000006f)
core   0: 3 0x800000c4 (0x0000006f)
core   0: 3 0x800000c4 (0x0000006f)
core   0: 3 0x800000c4 (0x0000006f)
core   0: 3 0x800000c4 (0x0000006f)
core   0: 3 0x800000c4 (0x0000006f)
core   0: 3 0x800000c4 (0x0000006f)
core   0: 3 0x800000c4 (0x0000006f)
core   0: 3 0x800000c4 (0x0000006f)
core   0: 3 0x800000c4 (0x0000006f)
core   0: 3 0x800000c4 (0x0000006f)
core   0: 3 0x800000c4 (0x0000006f)
core   0: 3 0x800000c4 (0x0000006f)
core   0: 3 0x800000c4 (0x0000006f)
core   0: 3 0x800000c4 (0x0000006f)
core   0: 3 0x800000c4 (0x0000006f)
core   0: 3 0x800000c4 (0x0000006f)
core   0: 3 0x800000c4 (0x0000006f)
core   0: 3 0x800000c4 (0x0000006f)
core   0: 3 0x800000c4 (0x0000006f)
core   0: 3 0x800000c4 (0x0000006f)
core   0: 3 0x800000c4 (0x0000006f)
core   0: 3 0x800000c4 (0x0000006f)
core   0: 3 0x800000c4 (0x0000006f)
core   0: 3 0x800000c4 (0x0000006f)
core   0: 3 0x800000c4 (0x0000006f)
core   0: 3 0x800000c4 (0x0000006f)
core   0: 3 0x800000c4 (0x0000006f)
core   0: 3 0x800000c4 (0x0000006f)
core   0: 3 0x800000c4 (0x0000006f)
core   0: 3 0x800000c4 (0x0000006f)
core   0: 3 0x800000c4 (0x0000006f)
core   0: 3 0x800000c4 (0x0000006f)
core   0: 3 0x800000c4 (0x0000006f)
core   0: 3 0x800000c4 (0x0000006f)
core   0: 3 0x800000c4 (0x0000006f)
core   0: 3 0x800000c4 (0x0000006f)
core   0: 3 0x800000c4 (0x0000006f)
core   0: 3 0x800000c4 (0x0000006f)
core   0: 3 0x800000c4 (0x0000006f)
core   0: 3 0x800000c4 (0x0000006f)
core   0: 3 0x800000c4 (0x0000006f)
core   0: 3 0x800000c4 (0x0000006f)
core   0: 3 0x800000c4 (0x0000006f)
core   0: 3 0x800000c4 (0x0000006f)
core   0: 3 0x800000c4 (0x0000006f)
core   0: 3 0x800000c4 (0x0000006f)
core   0: 3 0x800000c4 (0x0000006f)
core   0: 3 0x800000c4 (0x0000006f)
core   0: 3 0x800000c4 (0x0000006f)
core   0: 3 0x800000c4 (0x0000006f)
core   0: 3 0x800000c4 (0x0000006f)
core   0: 3 0x800000c4 (0x0000006f)
core   0: 3 0x800000c4 (0x0000006f)
core   0: 3 0x800000c4 (0x0000006f)
core   0: 3 0x800000c4 (0x0000006f)
core   0: 3 0x800000c4 (0x0000006f)
core   0: 3 0x800000c4 (0x0000006f)
core   0: 3 0x800000c4 (0x0000006f)
core   0: 3 0x800000c4 (0x0000006f)
core   0: 3 0x800000c4 (0x0000006f)
core   0: 3 0x800000c4 (0x0000006f)
core   0: 3 0x800000c4 (0x0000006f)
core   0: 3 0x800000c4 (0x0000006f)
core   0: 3 0x800000c4 (0x0000006f)
core   0: 3 0x800000c4 (0x0000006f)
core   0: 3 0x800000c4 (0x0000006f)
core   0: 3 0x800000c4 (0x0000006f)
core   0: 3 0x800000c4 (0x0000006f)
core   0: 3 0x800000c4 (0x0000006f)
core   0: 3 0x800000c4 (0x0000006f)
core   0: 3 0x800000c4 (0x0000006f)
core   0: 3 0x800000c4 (0x0000006f)
core   0: 3 0x800000c4 (0x0000006f)
core   0: 3 0x800000c4 (0x0000006f)
core   0: 3 0x800000c4 (0x0000006f)
core   0: 3 0x800000c4 (0x0000006f)
core   0: 3 0x800000c4 (0x0000006f)
core   0: 3 0x800000c4 (0x0000006f)
core   0: 3 0x800000c4 (0x0000006f)
core   0: 3 0x800000c4 (0x0000006f)
core   0: 3 0x800000c4 (0x0000006f)
core   0: 3 0x800000c4 (0x0000006f)
core   0: 3 0x800000c4 (0x0000006f)
core   0: 3 0x800000c4 (0x0000006f)
core   0: 3 0x800000c4 (0x0000006f)
core   0: 3 0x800000c4 (0x0000006f)
core   0: 3 0x800000c4 (0x0000006f)
core   0: 3 0x800000c4 (0x0000006f)
core   0: 3 0x800000c4 (0x0000006f)
core   0: 3 0x800000c4 (0x0000006f)
core   0: 3 0x800000c4 (0x0000006f)
core   0: 3 0x800000c4 (0x0000006f)
core   0: 3 0x800000c4 (0x0000006f)
core   0: 3 0x800000c4 (0x0000006f)
core   0: 3 0x800000c4 (0x0000006f)
core   0: 3 0x800000c4 (0x0000006f)
core   0: 3 0x800000c4 (0x0000006f)
core   0: 3 0x800000c4 (0x0000006f)
core   0: 3 0x800000c4 (0x0000006f)
core   0: 3 0x800000c4 (0x0000006f)
core   0: 3 0x800000c4 (0x0000006f)
core   0: 3 0x800000c4 (0x0000006f)
core   0: 3 0x800000c4 (0x0000006f)
core   0: 3 0x800000c4 (0x0000006f)
core   0: 3 0x800000c4 (0x0000006f)
core   0: 3 0x800000c4 (0x0000006f)
core   0: 3 0x800000c4 (0x0000006f)
core   0: 3 0x800000c4 (0x0000006f)
core   0: 3 0x800000c4 (0x0000006f)
core   0: 3 0x800000c4 (0x0000006f)
core   0: 3 0x800000c4 (0x0000006f)
core   0: 3 0x800000c4 (0x0000006f)
core   0: 3 0x800000c4 (0x0000006f)
core   0: 3 0x800000c4 (0x0000006f)
core   0: 3 0x800000c4 (0x0000006f)
core   0: 3 0x800000c4 (0x0000006f)
core   0: 3 0x800000c4 (0x0000006f)
core   0: 3 0x800000c4 (0x0000006f)
core   0: 3 0x800000c4 (0x0000006f)
core   0: 3 0x800000c4 (0x0000006f)
core   0: 3 0x800000c4 (0x0000006f)
core   0: 3 0x800000c4 (0x0000006f)
core   0: 3 0x800000c4 (0x0000006f)
core   0: 3 0x800000c4 (0x0000006f)
core   0: 3 0x800000c4 (0x0000006f)
core   0: 3 0x800000c4 (0x0000006f)
core   0: 3 0x800000c4 (0x0000006f)
core   0: 3 0x800000c4 (0x0000006f)
core   0: 3 0x800000c4 (0x0000006f)
core   0: 3 0x800000c4 (0x0000006f)
core   0: 3 0x800000c4 (0x0000006f)
core   0: 3 0x800000c4 (0x0000006f)
core   0: 3 0x800000c4 (0x0000006f)
core   0: 3 0x800000c4 (0x0000006f)
core   0: 3 0x800000c4 (0x0000006f)
core   0: 3 0x800000c4 (0x0000006f)
core   0: 3 0x800000c4 (0x0000006f)
core   0: 3 0x800000c4 (0x0000006f)
core   0: 3 0x800000c4 (0x0000006f)
core   0: 3 0x800000c4 (0x0000006f)
core   0: 3 0x800000c4 (0x0000006f)
core   0: 3 0x800000c4 (0x0000006f)
core   0: 3 0x800000c4 (0x0000006f)
core   0: 3 0x800000c4 (0x0000006f)
core   0: 3 0x800000c4 (0x0000006f)
core   0: 3 0x800000c4 (0x0000006f)
core   0: 3 0x800000c4 (0x0000006f)
core   0: 3 0x800000c4 (0x0000006f)
core   0: 3 0x800000c4 (0x0000006f)
core   0: 3 0x800000c4 (0x0000006f)
core   0: 3 0x800000c4 (0x0000006f)
core   0: 3 0x800000c4 (0x0000006f)
core   0: 3 0x800000c4 (0x0000006f)
core   0: 3 0x800000c4 (0x0000006f)
core   0: 3 0x800000c4 (0x0000006f)
core   0: 3 0x800000c4 (0x0000006f)
core   0: 3 0x800000c4 (0x0000006f)
core   0: 3 0x800000c4 (0x0000006f)
core   0: 3 0x800000c4 (0x0000006f)
core   0: 3 0x800000c4 (0x0000006f)
core   0: 3 0x800000c4 (0x0000006f)
core   0: 3 0x800000c4 (0x0000006f)
core   0: 3 0x800000c4 (0x0000006f)
core   0: 3 0x800000c4 (0x0000006f)
core   0: 3 0x800000c4 (0x0000006f)
core   0: 3 0x800000c4 (0x0000006f)
core   0: 3 0x800000c4 (0x0000006f)
core   0: 3 0x800000c4 (0x0000006f)
core   0: 3 0x800000c4 (0x0000006f)
core   0: 3 0x800000c4 (0x0000006f)
core   0: 3 0x800000c4 (0x0000006f)
core   0: 3 0x800000c4 (0x0000006f)
core   0: 3 0x800000c4 (0x0000006f)
core   0: 3 0x800000c4 (0x0000006f)
core   0: 3 0x800000c4 (0x0000006f)
core   0: 3 0x800000c4 (0x0000006f)
core   0: 3 0x800000c4 (0x0000006f)
core   0: 3 0x800000c4 (0x0000006f)
core   0: 3 0x800000c4 (0x0000006f)
core   0: 3 0x800000c4 (0x0000006f)
core   0: 3 0x800000c4 (0x0000006f)
core   0: 3 0x800000c4 (0x0000006f)
core   0: 3 0x800000c4 (0x0000006f)
core   0: 3 0x800000c4 (0x0000006f)
core   0: 3 0x800000c4 (0x0000006f)
core   0: 3 0x800000c4 (0x0000006f)
core   0: 3 0x800000c4 (0x0000006f)
core   0: 3 0x800000c4 (0x0000006f)
core   0: 3 0x800000c4 (0x0000006f)
core   0: 3 0x800000c4 (0x0000006f)
core   0: 3 0x800000c4 (0x0000006f)
core   0: 3 0x800000c4 (0x0000006f)
core   0: 3 0x800000c4 (0x0000006f)
core   0: 3 0x800000c4 (0x0000006f)
core   0: 3 0x800000c4 (0x0000006f)
core   0: 3 0x800000c4 (0x0000006f)
core   0: 3 0x800000c4 (0x0000006f)
core   0: 3 0x800000c4 (0x0000006f)
core   0: 3 0x800000c4 (0x0000006f)
core   0: 3 0x800000c4 (0x0000006f)
core   0: 3 0x800000c4 (0x0000006f)
core   0: 3 0x800000c4 (0x0000006f)
core   0: 3 0x800000c4 (0x0000006f)
core   0: 3 0x800000c4 (0x0000006f)
core   0: 3 0x800000c4 (0x0000006f)
core   0: 3 0x800000c4 (0x0000006f)
core   0: 3 0x800000c4 (0x0000006f)
core   0: 3 0x800000c4 (0x0000006f)
core   0: 3 0x800000c4 (0x0000006f)
core   0: 3 0x800000c4 (0x0000006f)
core   0: 3 0x800000c4 (0x0000006f)
core   0: 3 0x800000c4 (0x0000006f)
core   0: 3 0x800000c4 (0x0000006f)
core   0: 3 0x800000c4 (0x0000006f)
core   0: 3 0x800000c4 (0x0000006f)
core   0: 3 0x800000c4 (0x0000006f)
core   0: 3 0x800000c4 (0x0000006f)
core   0: 3 0x800000c4 (0x0000006f)
core   0: 3 0x800000c4 (0x0000006f)
core   0: 3 0x800000c4 (0x0000006f)
core   0: 3 0x800000c4 (0x0000006f)
core   0: 3 0x800000c4 (0x0000006f)
core   0: 3 0x800000c4 (0x0000006f)
core   0: 3 0x800000c4 (0x0000006f)
core   0: 3 0x800000c4 (0x0000006f)
core   0: 3 0x800000c4 (0x0000006f)
core   0: 3 0x800000c4 (0x0000006f)
core   0: 3 0x800000c4 (0x0000006f)
core   0: 3 0x800000c4 (0x0000006f)
core   0: 3 0x800000c4 (0x0000006f)
core   0: 3 0x800000c4 (0x0000006f)
core   0: 3 0x800000c4 (0x0000006f)
core   0: 3 0x800000c4 (0x0000006f)
core   0: 3 0x800000c4 (0x0000006f)
core   0: 3 0x800000c4 (0x0000006f)
core   0: 3 0x800000c4 (0x0000006f)
core   0: 3 0x800000c4 (0x0000006f)
core   0: 3 0x800000c4 (0x0000006f)
core   0: 3 0x800000c4 (0x0000006f)
core   0: 3 0x800000c4 (0x0000006f)
core   0: 3 0x800000c4 (0x0000006f)
core   0: 3 0x800000c4 (0x0000006f)
core   0: 3 0x800000c4 (0x0000006f)
core   0: 3 0x800000c4 (0x0000006f)
core   0: 3 0x800000c4 (0x0000006f)
core   0: 3 0x800000c4 (0x0000006f)
core   0: 3 0x800000c4 (0x0000006f)
core   0: 3 0x800000c4 (0x0000006f)
core   0: 3 0x800000c4 (0x0000006f)
core   0: 3 0x800000c4 (0x0000006f)
core   0: 3 0x800000c4 (0x0000006f)
core   0: 3 0x800000c4 (0x0000006f)
core   0: 3 0x800000c4 (0x0000006f)
core   0: 3 0x800000c4 (0x0000006f)
core   0: 3 0x800000c4 (0x0000006f)
core   0: 3 0x800000c4 (0x0000006f)
core   0: 3 0x800000c4 (0x0000006f)
core   0: 3 0x800000c4 (0x0000006f)
core   0: 3 0x800000c4 (0x0000006f)
core   0: 3 0x800000c4 (0x0000006f)
core   0: 3 0x800000c4 (0x0000006f)
core   0: 3 0x800000c4 (0x0000006f)
core   0: 3 0x800000c4 (0x0000006f)
core   0: 3 0x800000c4 (0x0000006f)
core   0: 3 0x800000c4 (0x0000006f)
core   0: 3 0x800000c4 (0x0000006f)
core   0: 3 0x800000c4 (0x0000006f)
core   0: 3 0x800000c4 (0x0000006f)
core   0: 3 0x800000c4 (0x0000006f)
core   0: 3 0x800000c4 (0x0000006f)
core   0: 3 0x800000c4 (0x0000006f)
core   0: 3 0x800000c4 (0x0000006f)
core   0: 3 0x800000c4 (0x0000006f)
core   0: 3 0x800000c4 (0x0000006f)
core   0: 3 0x800000c4 (0x0000006f)
core   0: 3 0x800000c4 (0x0000006f)
core   0: 3 0x800000c4 (0x0000006f)
core   0: 3 0x800000c4 (0x0000006f)
core   0: 3 0x800000c4 (0x0000006f)
core   0: 3 0x800000c4 (0x0000006f)
core   0: 3 0x800000c4 (0x0000006f)
core   0: 3 0x800000c4 (0x0000006f)
core   0: 3 0x800000c4 (0x0000006f)
core   0: 3 0x800000c4 (0x0000006f)
core   0: 3 0x800000c4 (0x0000006f)
core   0: 3 0x800000c4 (0x0000006f)
core   0: 3 0x800000c4 (0x0000006f)
core   0: 3 0x800000c4 (0x0000006f)
core   0: 3 0x800000c4 (0x0000006f)
core   0: 3 0x800000c4 (0x0000006f)
core   0: 3 0x800000c4 (0x0000006f)
core   0: 3 0x800000c4 (0x0000006f)
core   0: 3 0x800000c4 (0x0000006f)
core   0: 3 0x800000c4 (0x0000006f)
core   0: 3 0x800000c4 (0x0000006f)
core   0: 3 0x800000c4 (0x0000006f)
core   0: 3 0x800000c4 (0x0000006f)
core   0: 3 0x800000c4 (0x0000006f)
core   0: 3 0x800000c4 (0x0000006f)
core   0: 3 0x800000c4 (0x0000006f)
core   0: 3 0x800000c4 (0x0000006f)
core   0: 3 0x800000c4 (0x0000006f)
core   0: 3 0x800000c4 (0x0000006f)
core   0: 3 0x800000c4 (0x0000006f)
core   0: 3 0x800000c4 (0x0000006f)
core   0: 3 0x800000c4 (0x0000006f)
core   0: 3 0x800000c4 (0x0000006f)
core   0: 3 0x800000c4 (0x0000006f)
core   0: 3 0x800000c4 (0x0000006f)
core   0: 3 0x800000c4 (0x0000006f)
core   0: 3 0x800000c4 (0x0000006f)
core   0: 3 0x800000c4 (0x0000006f)
core   0: 3 0x800000c4 (0x0000006f)
core   0: 3 0x800000c4 (0x0000006f)
core   0: 3 0x800000c4 (0x0000006f)
core   0: 3 0x800000c4 (0x0000006f)
core   0: 3 0x800000c4 (0x0000006f)
core   0: 3 0x800000c4 (0x0000006f)
core   0: 3 0x800000c4 (0x0000006f)
core   0: 3 0x800000c4 (0x0000006f)
core   0: 3 0x800000c4 (0x0000006f)
core   0: 3 0x800000c4 (0x0000006f)
core   0: 3 0x800000c4 (0x0000006f)
core   0: 3 0x800000c4 (0x0000006f)
core   0: 3 0x800000c4 (0x0000006f)
core   0: 3 0x800000c4 (0x0000006f)
core   0: 3 0x800000c4 (0x0000006f)
core   0: 3 0x800000c4 (0x0000006f)
core   0: 3 0x800000c4 (0x0000006f)
core   0: 3 0x800000c4 (0x0000006f)
core   0: 3 0x800000c4 (0x0000006f)
core   0: 3 0x800000c4 (0x0000006f)
core   0: 3 0x800000c4 (0x0000006f)
core   0: 3 0x800000c4 (0x0000006f)
core   0: 3 0x800000c4 (0x0000006f)
core   0: 3 0x800000c4 (0x0000006f)
core   0: 3 0x800000c4 (0x0000006f)
core   0: 3 0x800000c4 (0x0000006f)
core   0: 3 0x800000c4 (0x0000006f)
core   0: 3 0x800000c4 (0x0000006f)
core   0: 3 0x800000c4 (0x0000006f)
core   0: 3 0x800000c4 (0x0000006f)
core   0: 3 0x800000c4 (0x0000006f)
core   0: 3 0x800000c4 (0x0000006f)
core   0: 3 0x800000c4 (0x0000006f)
core   0: 3 0x800000c4 (0x0000006f)
core   0: 3 0x800000c4 (0x0000006f)
core   0: 3 0x800000c4 (0x0000006f)
core   0: 3 0x800000c4 (0x0000006f)
core   0: 3 0x800000c4 (0x0000006f)
core   0: 3 0x800000c4 (0x0000006f)
core   0: 3 0x800000c4 (0x0000006f)
core   0: 3 0x800000c4 (0x0000006f)
core   0: 3 0x800000c4 (0x0000006f)
core   0: 3 0x800000c4 (0x0000006f)
core   0: 3 0x800000c4 (0x0000006f)
core   0: 3 0x800000c4 (0x0000006f)
core   0: 3 0x800000c4 (0x0000006f)
core   0: 3 0x800000c4 (0x0000006f)
core   0: 3 0x800000c4 (0x0000006f)
core   0: 3 0x800000c4 (0x0000006f)
core   0: 3 0x800000c4 (0x0000006f)
core   0: 3 0x800000c4 (0x0000006f)
core   0: 3 0x800000c4 (0x0000006f)
core   0: 3 0x800000c4 (0x0000006f)
core   0: 3 0x800000c4 (0x0000006f)
core   0: 3 0x800000c4 (0x0000006f)
core   0: 3 0x800000c4 (0x0000006f)
core   0: 3 0x800000c4 (0x0000006f)
core   0: 3 0x800000c4 (0x0000006f)
core   0: 3 0x800000c4 (0x0000006f)
core   0: 3 0x800000c4 (0x0000006f)
core   0: 3 0x800000c4 (0x0000006f)
core   0: 3 0x800000c4 (0x0000006f)
core   0: 3 0x800000c4 (0x0000006f)
core   0: 3 0x800000c4 (0x0000006f)
core   0: 3 0x800000c4 (0x0000006f)
core   0: 3 0x800000c4 (0x0000006f)
core   0: 3 0x800000c4 (0x0000006f)
core   0: 3 0x800000c4 (0x0000006f)
core   0: 3 0x800000c4 (0x0000006f)
core   0: 3 0x800000c4 (0x0000006f)
core   0: 3 0x800000c4 (0x0000006f)
core   0: 3 0x800000c4 (0x0000006f)
core   0: 3 0x800000c4 (0x0000006f)
core   0: 3 0x800000c4 (0x0000006f)
core   0: 3 0x800000c4 (0x0000006f)
core   0: 3 0x800000c4 (0x0000006f)
core   0: 3 0x800000c4 (0x0000006f)
core   0: 3 0x800000c4 (0x0000006f)
core   0: 3 0x800000c4 (0x0000006f)
core   0: 3 0x800000c4 (0x0000006f)
core   0: 3 0x800000c4 (0x0000006f)
core   0: 3 0x800000c4 (0x0000006f)
core   0: 3 0x800000c4 (0x0000006f)
core   0: 3 0x800000c4 (0x0000006f)
core   0: 3 0x800000c4 (0x0000006f)
core   0: 3 0x800000c4 (0x0000006f)
core   0: 3 0x800000c4 (0x0000006f)
core   0: 3 0x800000c4 (0x0000006f)
core   0: 3 0x800000c4 (0x0000006f)
core   0: 3 0x800000c4 (0x0000006f)
core   0: 3 0x800000c4 (0x0000006f)
core   0: 3 0x800000c4 (0x0000006f)
core   0: 3 0x800000c4 (0x0000006f)
core   0: 3 0x800000c4 (0x0000006f)
core   0: 3 0x800000c4 (0x0000006f)
core   0: 3 0x800000c4 (0x0000006f)
core   0: 3 0x800000c4 (0x0000006f)
core   0: 3 0x800000c4 (0x0000006f)
core   0: 3 0x800000c4 (0x0000006f)
core   0: 3 0x800000c4 (0x0000006f)
core   0: 3 0x800000c4 (0x0000006f)
core   0: 3 0x800000c4 (0x0000006f)
core   0: 3 0x800000c4 (0x0000006f)
core   0: 3 0x800000c4 (0x0000006f)
core   0: 3 0x800000c4 (0x0000006f)
core   0: 3 0x800000c4 (0x0000006f)
core   0: 3 0x800000c4 (0x0000006f)
core   0: 3 0x800000c4 (0x0000006f)
core   0: 3 0x800000c4 (0x0000006f)
core   0: 3 0x800000c4 (0x0000006f)
core   0: 3 0x800000c4 (0x0000006f)
core   0: 3 0x800000c4 (0x0000006f)
core   0: 3 0x800000c4 (0x0000006f)
core   0: 3 0x800000c4 (0x0000006f)
core   0: 3 0x800000c4 (0x0000006f)
core   0: 3 0x800000c4 (0x0000006f)
core   0: 3 0x800000c4 (0x0000006f)
core   0: 3 0x800000c4 (0x0000006f)
core   0: 3 0x800000c4 (0x0000006f)
core   0: 3 0x800000c4 (0x0000006f)
core   0: 3 0x800000c4 (0x0000006f)
core   0: 3 0x800000c4 (0x0000006f)
core   0: 3 0x800000c4 (0x0000006f)
core   0: 3 0x800000c4 (0x0000006f)
core   0: 3 0x800000c4 (0x0000006f)
core   0: 3 0x800000c4 (0x0000006f)
core   0: 3 0x800000c4 (0x0000006f)
core   0: 3 0x800000c4 (0x0000006f)
core   0: 3 0x800000c4 (0x0000006f)
core   0: 3 0x800000c4 (0x0000006f)
core   0: 3 0x800000c4 (0x0000006f)
core   0: 3 0x800000c4 (0x0000006f)
core   0: 3 0x800000c4 (0x0000006f)
core   0: 3 0x800000c4 (0x0000006f)
core   0: 3 0x800000c4 (0x0000006f)
core   0: 3 0x800000c4 (0x0000006f)
core   0: 3 0x800000c4 (0x0000006f)
core   0: 3 0x800000c4 (0x0000006f)
core   0: 3 0x800000c4 (0x0000006f)
core   0: 3 0x800000c4 (0x0000006f)
core   0: 3 0x800000c4 (0x0000006f)
core   0: 3 0x800000c4 (0x0000006f)
core   0: 3 0x800000c4 (0x0000006f)
core   0: 3 0x800000c4 (0x0000006f)
core   0: 3 0x800000c4 (0x0000006f)
core   0: 3 0x800000c4 (0x0000006f)
core   0: 3 0x800000c4 (0x0000006f)
core   0: 3 0x800000c4 (0x0000006f)
core   0: 3 0x800000c4 (0x0000006f)
core   0: 3 0x800000c4 (0x0000006f)
core   0: 3 0x800000c4 (0x0000006f)
core   0: 3 0x800000c4 (0x0000006f)
core   0: 3 0x800000c4 (0x0000006f)
core   0: 3 0x800000c4 (0x0000006f)
core   0: 3 0x800000c4 (0x0000006f)
core   0: 3 0x800000c4 (0x0000006f)
core   0: 3 0x800000c4 (0x0000006f)
core   0: 3 0x800000c4 (0x0000006f)
core   0: 3 0x800000c4 (0x0000006f)
core   0: 3 0x800000c4 (0x0000006f)
core   0: 3 0x800000c4 (0x0000006f)
core   0: 3 0x800000c4 (0x0000006f)
core   0: 3 0x800000c4 (0x0000006f)
core   0: 3 0x800000c4 (0x0000006f)
core   0: 3 0x800000c4 (0x0000006f)
core   0: 3 0x800000c4 (0x0000006f)
core   0: 3 0x800000c4 (0x0000006f)
core   0: 3 0x800000c4 (0x0000006f)
core   0: 3 0x800000c4 (0x0000006f)
core   0: 3 0x800000c4 (0x0000006f)
core   0: 3 0x800000c4 (0x0000006f)
core   0: 3 0x800000c4 (0x0000006f)
core   0: 3 0x800000c4 (0x0000006f)
core   0: 3 0x800000c4 (0x0000006f)
core   0: 3 0x800000c4 (0x0000006f)
core   0: 3 0x800000c4 (0x0000006f)
core   0: 3 0x800000c4 (0x0000006f)
core   0: 3 0x800000c4 (0x0000006f)
core   0: 3 0x800000c4 (0x0000006f)
core   0: 3 0x800000c4 (0x0000006f)
core   0: 3 0x800000c4 (0x0000006f)
core   0: 3 0x800000c4 (0x0000006f)
core   0: 3 0x800000c4 (0x0000006f)
core   0: 3 0x800000c4 (0x0000006f)
core   0: 3 0x800000c4 (0x0000006f)
core   0: 3 0x800000c4 (0x0000006f)
core   0: 3 0x800000c4 (0x0000006f)
core   0: 3 0x800000c4 (0x0000006f)
core   0: 3 0x800000c4 (0x0000006f)
core   0: 3 0x800000c4 (0x0000006f)
core   0: 3 0x800000c4 (0x0000006f)
core   0: 3 0x800000c4 (0x0000006f)
core   0: 3 0x800000c4 (0x0000006f)
core   0: 3 0x800000c4 (0x0000006f)
core   0: 3 0x800000c4 (0x0000006f)
core   0: 3 0x800000c4 (0x0000006f)
core   0: 3 0x800000c4 (0x0000006f)
core   0: 3 0x800000c4 (0x0000006f)
core   0: 3 0x800000c4 (0x0000006f)
core   0: 3 0x800000c4 (0x0000006f)
core   0: 3 0x800000c4 (0x0000006f)
core   0: 3 0x800000c4 (0x0000006f)
core   0: 3 0x800000c4 (0x0000006f)
core   0: 3 0x800000c4 (0x0000006f)
core   0: 3 0x800000c4 (0x0000006f)
core   0: 3 0x800000c4 (0x0000006f)
core   0: 3 0x800000c4 (0x0000006f)
core   0: 3 0x800000c4 (0x0000006f)
core   0: 3 0x800000c4 (0x0000006f)
core   0: 3 0x800000c4 (0x0000006f)
core   0: 3 0x800000c4 (0x0000006f)
core   0: 3 0x800000c4 (0x0000006f)
core   0: 3 0x800000c4 (0x0000006f)
core   0: 3 0x800000c4 (0x0000006f)
core   0: 3 0x800000c4 (0x0000006f)
core   0: 3 0x800000c4 (0x0000006f)
core   0: 3 0x800000c4 (0x0000006f)
core   0: 3 0x800000c4 (0x0000006f)
core   0: 3 0x800000c4 (0x0000006f)
core   0: 3 0x800000c4 (0x0000006f)
core   0: 3 0x800000c4 (0x0000006f)
core   0: 3 0x800000c4 (0x0000006f)
core   0: 3 0x800000c4 (0x0000006f)
core   0: 3 0x800000c4 (0x0000006f)
core   0: 3 0x800000c4 (0x0000006f)
core   0: 3 0x800000c4 (0x0000006f)
core   0: 3 0x800000c4 (0x0000006f)
core   0: 3 0x800000c4 (0x0000006f)
core   0: 3 0x800000c4 (0x0000006f)
core   0: 3 0x800000c4 (0x0000006f)
core   0: 3 0x800000c4 (0x0000006f)
core   0: 3 0x800000c4 (0x0000006f)
core   0: 3 0x800000c4 (0x0000006f)
core   0: 3 0x800000c4 (0x0000006f)
core   0: 3 0x800000c4 (0x0000006f)
core   0: 3 0x800000c4 (0x0000006f)
core   0: 3 0x800000c4 (0x0000006f)
core   0: 3 0x800000c4 (0x0000006f)
core   0: 3 0x800000c4 (0x0000006f)
core   0: 3 0x800000c4 (0x0000006f)
core   0: 3 0x800000c4 (0x0000006f)
core   0: 3 0x800000c4 (0x0000006f)
core   0: 3 0x800000c4 (0x0000006f)
core   0: 3 0x800000c4 (0x0000006f)
core   0: 3 0x800000c4 (0x0000006f)
core   0: 3 0x800000c4 (0x0000006f)
core   0: 3 0x800000c4 (0x0000006f)
core   0: 3 0x800000c4 (0x0000006f)
core   0: 3 0x800000c4 (0x0000006f)
core   0: 3 0x800000c4 (0x0000006f)
core   0: 3 0x800000c4 (0x0000006f)
core   0: 3 0x800000c4 (0x0000006f)
core   0: 3 0x800000c4 (0x0000006f)
core   0: 3 0x800000c4 (0x0000006f)
core   0: 3 0x800000c4 (0x0000006f)
core   0: 3 0x800000c4 (0x0000006f)
core   0: 3 0x800000c4 (0x0000006f)
core   0: 3 0x800000c4 (0x0000006f)
core   0: 3 0x800000c4 (0x0000006f)
core   0: 3 0x800000c4 (0x0000006f)
core   0: 3 0x800000c4 (0x0000006f)
core   0: 3 0x800000c4 (0x0000006f)
core   0: 3 0x800000c4 (0x0000006f)
core   0: 3 0x800000c4 (0x0000006f)
core   0: 3 0x800000c4 (0x0000006f)
core   0: 3 0x800000c4 (0x0000006f)
core   0: 3 0x800000c4 (0x0000006f)
core   0: 3 0x800000c4 (0x0000006f)
core   0: 3 0x800000c4 (0x0000006f)
core   0: 3 0x800000c4 (0x0000006f)
core   0: 3 0x800000c4 (0x0000006f)
core   0: 3 0x800000c4 (0x0000006f)
core   0: 3 0x800000c4 (0x0000006f)
core   0: 3 0x800000c4 (0x0000006f)
core   0: 3 0x800000c4 (0x0000006f)
core   0: 3 0x800000c4 (0x0000006f)
core   0: 3 0x800000c4 (0x0000006f)
core   0: 3 0x800000c4 (0x0000006f)
core   0: 3 0x800000c4 (0x0000006f)
core   0: 3 0x800000c4 (0x0000006f)
core   0: 3 0x800000c4 (0x0000006f)
core   0: 3 0x800000c4 (0x0000006f)
core   0: 3 0x800000c4 (0x0000006f)
core   0: 3 0x800000c4 (0x0000006f)
core   0: 3 0x800000c4 (0x0000006f)
core   0: 3 0x800000c4 (0x0000006f)
core   0: 3 0x800000c4 (0x0000006f)
core   0: 3 0x800000c4 (0x0000006f)
core   0: 3 0x800000c4 (0x0000006f)
core   0: 3 0x800000c4 (0x0000006f)
core   0: 3 0x800000c4 (0x0000006f)
core   0: 3 0x800000c4 (0x0000006f)
core   0: 3 0x800000c4 (0x0000006f)
core   0: 3 0x800000c4 (0x0000006f)
core   0: 3 0x800000c4 (0x0000006f)
core   0: 3 0x800000c4 (0x0000006f)
core   0: 3 0x800000c4 (0x0000006f)
core   0: 3 0x800000c4 (0x0000006f)
core   0: 3 0x800000c4 (0x0000006f)
core   0: 3 0x800000c4 (0x0000006f)
core   0: 3 0x800000c4 (0x0000006f)
core   0: 3 0x800000c4 (0x0000006f)
core   0: 3 0x800000c4 (0x0000006f)
core   0: 3 0x800000c4 (0x0000006f)
core   0: 3 0x800000c4 (0x0000006f)
core   0: 3 0x800000c4 (0x0000006f)
core   0: 3 0x800000c4 (0x0000006f)
core   0: 3 0x800000c4 (0x0000006f)
core   0: 3 0x800000c4 (0x0000006f)
core   0: 3 0x800000c4 (0x0000006f)
core   0: 3 0x800000c4 (0x0000006f)
core   0: 3 0x800000c4 (0x0000006f)
core   0: 3 0x800000c4 (0x0000006f)
core   0: 3 0x800000c4 (0x0000006f)
core   0: 3 0x800000c4 (0x0000006f)
core   0: 3 0x800000c4 (0x0000006f)
core   0: 3 0x800000c4 (0x0000006f)
core   0: 3 0x800000c4 (0x0000006f)
core   0: 3 0x800000c4 (0x0000006f)
core   0: 3 0x800000c4 (0x0000006f)
core   0: 3 0x800000c4 (0x0000006f)
core   0: 3 0x800000c4 (0x0000006f)
core   0: 3 0x800000c4 (0x0000006f)
core   0: 3 0x800000c4 (0x0000006f)
core   0: 3 0x800000c4 (0x0000006f)
core   0: 3 0x800000c4 (0x0000006f)
core   0: 3 0x800000c4 (0x0000006f)
core   0: 3 0x800000c4 (0x0000006f)
core   0: 3 0x800000c4 (0x0000006f)
core   0: 3 0x800000c4 (0x0000006f)
core   0: 3 0x800000c4 (0x0000006f)
core   0: 3 0x800000c4 (0x0000006f)
core   0: 3 0x800000c4 (0x0000006f)
core   0: 3 0x800000c4 (0x0000006f)
core   0: 3 0x800000c4 (0x0000006f)
core   0: 3 0x800000c4 (0x0000006f)
core   0: 3 0x800000c4 (0x0000006f)
core   0: 3 0x800000c4 (0x0000006f)
core   0: 3 0x800000c4 (0x0000006f)
core   0: 3 0x800000c4 (0x0000006f)
core   0: 3 0x800000c4 (0x0000006f)
core   0: 3 0x800000c4 (0x0000006f)
core   0: 3 0x800000c4 (0x0000006f)
core   0: 3 0x800000c4 (0x0000006f)
core   0: 3 0x800000c4 (0x0000006f)
core   0: 3 0x800000c4 (0x0000006f)
core   0: 3 0x800000c4 (0x0000006f)
core   0: 3 0x800000c4 (0x0000006f)
core   0: 3 0x800000c4 (0x0000006f)
core   0: 3 0x800000c4 (0x0000006f)
core   0: 3 0x800000c4 (0x0000006f)
core   0: 3 0x800000c4 (0x0000006f)
core   0: 3 0x800000c4 (0x0000006f)
core   0: 3 0x800000c4 (0x0000006f)
core   0: 3 0x800000c4 (0x0000006f)
core   0: 3 0x800000c4 (0x0000006f)
core   0: 3 0x800000c4 (0x0000006f)
core   0: 3 0x800000c4 (0x0000006f)
core   0: 3 0x800000c4 (0x0000006f)
core   0: 3 0x800000c4 (0x0000006f)
core   0: 3 0x800000c4 (0x0000006f)
core   0: 3 0x800000c4 (0x0000006f)
core   0: 3 0x800000c4 (0x0000006f)
core   0: 3 0x800000c4 (0x0000006f)
core   0: 3 0x800000c4 (0x0000006f)
core   0: 3 0x800000c4 (0x0000006f)
core   0: 3 0x800000c4 (0x0000006f)
core   0: 3 0x800000c4 (0x0000006f)
core   0: 3 0x800000c4 (0x0000006f)
core   0: 3 0x800000c4 (0x0000006f)
core   0: 3 0x800000c4 (0x0000006f)
core   0: 3 0x800000c4 (0x0000006f)
core   0: 3 0x800000c4 (0x0000006f)
core   0: 3 0x800000c4 (0x0000006f)
core   0: 3 0x800000c4 (0x0000006f)
core   0: 3 0x800000c4 (0x0000006f)
core   0: 3 0x800000c4 (0x0000006f)
core   0: 3 0x800000c4 (0x0000006f)
core   0: 3 0x800000c4 (0x0000006f)
core   0: 3 0x800000c4 (0x0000006f)
core   0: 3 0x800000c4 (0x0000006f)
core   0: 3 0x800000c4 (0x0000006f)
core   0: 3 0x800000c4 (0x0000006f)
core   0: 3 0x800000c4 (0x0000006f)
core   0: 3 0x800000c4 (0x0000006f)
core   0: 3 0x800000c4 (0x0000006f)
core   0: 3 0x800000c4 (0x0000006f)
core   0: 3 0x800000c4 (0x0000006f)
core   0: 3 0x800000c4 (0x0000006f)
core   0: 3 0x800000c4 (0x0000006f)
core   0: 3 0x800000c4 (0x0000006f)
core   0: 3 0x800000c4 (0x0000006f)
core   0: 3 0x800000c4 (0x0000006f)
core   0: 3 0x800000c4 (0x0000006f)
core   0: 3 0x800000c4 (0x0000006f)
core   0: 3 0x800000c4 (0x0000006f)
core   0: 3 0x800000c4 (0x0000006f)
core   0: 3 0x800000c4 (0x0000006f)
core   0: 3 0x800000c4 (0x0000006f)
core   0: 3 0x800000c4 (0x0000006f)
core   0: 3 0x800000c4 (0x0000006f)
core   0: 3 0x800000c4 (0x0000006f)
core   0: 3 0x800000c4 (0x0000006f)
core   0: 3 0x800000c4 (0x0000006f)
core   0: 3 0x800000c4 (0x0000006f)
core   0: 3 0x800000c4 (0x0000006f)
core   0: 3 0x800000c4 (0x0000006f)
core   0: 3 0x800000c4 (0x0000006f)
core   0: 3 0x800000c4 (0x0000006f)
core   0: 3 0x800000c4 (0x0000006f)
core   0: 3 0x800000c4 (0x0000006f)
core   0: 3 0x800000c4 (0x0000006f)
core   0: 3 0x800000c4 (0x0000006f)
core   0: 3 0x800000c4 (0x0000006f)
core   0: 3 0x800000c4 (0x0000006f)
core   0: 3 0x800000c4 (0x0000006f)
core   0: 3 0x800000c4 (0x0000006f)
core   0: 3 0x800000c4 (0x0000006f)
core   0: 3 0x800000c4 (0x0000006f)
core   0: 3 0x800000c4 (0x0000006f)
core   0: 3 0x800000c4 (0x0000006f)
core   0: 3 0x800000c4 (0x0000006f)
core   0: 3 0x800000c4 (0x0000006f)
core   0: 3 0x800000c4 (0x0000006f)
core   0: 3 0x800000c4 (0x0000006f)
core   0: 3 0x800000c4 (0x0000006f)
core   0: 3 0x800000c4 (0x0000006f)
core   0: 3 0x800000c4 (0x0000006f)
core   0: 3 0x800000c4 (0x0000006f)
core   0: 3 0x800000c4 (0x0000006f)
core   0: 3 0x800000c4 (0x0000006f)
core   0: 3 0x800000c4 (0x0000006f)
core   0: 3 0x800000c4 (0x0000006f)
core   0: 3 0x800000c4 (0x0000006f)
core   0: 3 0x800000c4 (0x0000006f)
core   0: 3 0x800000c4 (0x0000006f)
core   0: 3 0x800000c4 (0x0000006f)
core   0: 3 0x800000c4 (0x0000006f)
core   0: 3 0x800000c4 (0x0000006f)
core   0: 3 0x800000c4 (0x0000006f)
core   0: 3 0x800000c4 (0x0000006f)
core   0: 3 0x800000c4 (0x0000006f)
core   0: 3 0x800000c4 (0x0000006f)
core   0: 3 0x800000c4 (0x0000006f)
core   0: 3 0x800000c4 (0x0000006f)
core   0: 3 0x800000c4 (0x0000006f)
core   0: 3 0x800000c4 (0x0000006f)
core   0: 3 0x800000c4 (0x0000006f)
core   0: 3 0x800000c4 (0x0000006f)
core   0: 3 0x800000c4 (0x0000006f)
core   0: 3 0x800000c4 (0x0000006f)
core   0: 3 0x800000c4 (0x0000006f)
core   0: 3 0x800000c4 (0x0000006f)
core   0: 3 0x800000c4 (0x0000006f)
core   0: 3 0x800000c4 (0x0000006f)
core   0: 3 0x800000c4 (0x0000006f)
core   0: 3 0x800000c4 (0x0000006f)
core   0: 3 0x800000c4 (0x0000006f)
core   0: 3 0x800000c4 (0x0000006f)
core   0: 3 0x800000c4 (0x0000006f)
core   0: 3 0x800000c4 (0x0000006f)
core   0: 3 0x800000c4 (0x0000006f)
core   0: 3 0x800000c4 (0x0000006f)
core   0: 3 0x800000c4 (0x0000006f)
core   0: 3 0x800000c4 (0x0000006f)
core   0: 3 0x800000c4 (0x0000006f)
core   0: 3 0x800000c4 (0x0000006f)
core   0: 3 0x800000c4 (0x0000006f)
core   0: 3 0x800000c4 (0x0000006f)
core   0: 3 0x800000c4 (0x0000006f)
core   0: 3 0x800000c4 (0x0000006f)
core   0: 3 0x800000c4 (0x0000006f)
core   0: 3 0x800000c4 (0x0000006f)
core   0: 3 0x800000c4 (0x0000006f)
core   0: 3 0x800000c4 (0x0000006f)
core   0: 3 0x800000c4 (0x0000006f)
core   0: 3 0x800000c4 (0x0000006f)
core   0: 3 0x800000c4 (0x0000006f)
core   0: 3 0x800000c4 (0x0000006f)
core   0: 3 0x800000c4 (0x0000006f)
core   0: 3 0x800000c4 (0x0000006f)
core   0: 3 0x800000c4 (0x0000006f)
core   0: 3 0x800000c4 (0x0000006f)
core   0: 3 0x800000c4 (0x0000006f)
core   0: 3 0x800000c4 (0x0000006f)
core   0: 3 0x800000c4 (0x0000006f)
core   0: 3 0x800000c4 (0x0000006f)
core   0: 3 0x800000c4 (0x0000006f)
core   0: 3 0x800000c4 (0x0000006f)
core   0: 3 0x800000c4 (0x0000006f)
core   0: 3 0x800000c4 (0x0000006f)
core   0: 3 0x800000c4 (0x0000006f)
core   0: 3 0x800000c4 (0x0000006f)
core   0: 3 0x800000c4 (0x0000006f)
core   0: 3 0x800000c4 (0x0000006f)
core   0: 3 0x800000c4 (0x0000006f)
core   0: 3 0x800000c4 (0x0000006f)
core   0: 3 0x800000c4 (0x0000006f)
core   0: 3 0x800000c4 (0x0000006f)
core   0: 3 0x800000c4 (0x0000006f)
core   0: 3 0x800000c4 (0x0000006f)
core   0: 3 0x800000c4 (0x0000006f)
core   0: 3 0x800000c4 (0x0000006f)
core   0: 3 0x800000c4 (0x0000006f)
core   0: 3 0x800000c4 (0x0000006f)
core   0: 3 0x800000c4 (0x0000006f)
core   0: 3 0x800000c4 (0x0000006f)
core   0: 3 0x800000c4 (0x0000006f)
core   0: 3 0x800000c4 (0x0000006f)
core   0: 3 0x800000c4 (0x0000006f)
core   0: 3 0x800000c4 (0x0000006f)
core   0: 3 0x800000c4 (0x0000006f)
core   0: 3 0x800000c4 (0x0000006f)
core   0: 3 0x800000c4 (0x0000006f)
core   0: 3 0x800000c4 (0x0000006f)
core   0: 3 0x800000c4 (0x0000006f)
core   0: 3 0x800000c4 (0x0000006f)
core   0: 3 0x800000c4 (0x0000006f)
core   0: 3 0x800000c4 (0x0000006f)
core   0: 3 0x800000c4 (0x0000006f)
core   0: 3 0x800000c4 (0x0000006f)
core   0: 3 0x800000c4 (0x0000006f)
core   0: 3 0x800000c4 (0x0000006f)
core   0: 3 0x800000c4 (0x0000006f)
core   0: 3 0x800000c4 (0x0000006f)
core   0: 3 0x800000c4 (0x0000006f)
core   0: 3 0x800000c4 (0x0000006f)
core   0: 3 0x800000c4 (0x0000006f)
core   0: 3 0x800000c4 (0x0000006f)
core   0: 3 0x800000c4 (0x0000006f)
core   0: 3 0x800000c4 (0x0000006f)
core   0: 3 0x800000c4 (0x0000006f)
core   0: 3 0x800000c4 (0x0000006f)
core   0: 3 0x800000c4 (0x0000006f)
core   0: 3 0x800000c4 (0x0000006f)
core   0: 3 0x800000c4 (0x0000006f)
core   0: 3 0x800000c4 (0x0000006f)
core   0: 3 0x800000c4 (0x0000006f)
core   0: 3 0x800000c4 (0x0000006f)
core   0: 3 0x800000c4 (0x0000006f)
core   0: 3 0x800000c4 (0x0000006f)
core   0: 3 0x800000c4 (0x0000006f)
core   0: 3 0x800000c4 (0x0000006f)
core   0: 3 0x800000c4 (0x0000006f)
core   0: 3 0x800000c4 (0x0000006f)
core   0: 3 0x800000c4 (0x0000006f)
core   0: 3 0x800000c4 (0x0000006f)
core   0: 3 0x800000c4 (0x0000006f)
core   0: 3 0x800000c4 (0x0000006f)
core   0: 3 0x800000c4 (0x0000006f)
core   0: 3 0x800000c4 (0x0000006f)
core   0: 3 0x800000c4 (0x0000006f)
core   0: 3 0x800000c4 (0x0000006f)
core   0: 3 0x800000c4 (0x0000006f)
core   0: 3 0x800000c4 (0x0000006f)
core   0: 3 0x800000c4 (0x0000006f)
core   0: 3 0x800000c4 (0x0000006f)
core   0: 3 0x800000c4 (0x0000006f)
core   0: 3 0x800000c4 (0x0000006f)
core   0: 3 0x800000c4 (0x0000006f)
core   0: 3 0x800000c4 (0x0000006f)
core   0: 3 0x800000c4 (0x0000006f)
core   0: 3 0x800000c4 (0x0000006f)
core   0: 3 0x800000c4 (0x0000006f)
core   0: 3 0x800000c4 (0x0000006f)
core   0: 3 0x800000c4 (0x0000006f)
core   0: 3 0x800000c4 (0x0000006f)
core   0: 3 0x800000c4 (0x0000006f)
core   0: 3 0x800000c4 (0x0000006f)
core   0: 3 0x800000c4 (0x0000006f)
core   0: 3 0x800000c4 (0x0000006f)
core   0: 3 0x800000c4 (0x0000006f)
core   0: 3 0x800000c4 (0x0000006f)
core   0: 3 0x800000c4 (0x0000006f)
core   0: 3 0x800000c4 (0x0000006f)
core   0: 3 0x800000c4 (0x0000006f)
core   0: 3 0x800000c4 (0x0000006f)
core   0: 3 0x800000c4 (0x0000006f)
core   0: 3 0x800000c4 (0x0000006f)
core   0: 3 0x800000c4 (0x0000006f)
core   0: 3 0x800000c4 (0x0000006f)
core   0: 3 0x800000c4 (0x0000006f)
core   0: 3 0x800000c4 (0x0000006f)
core   0: 3 0x800000c4 (0x0000006f)
core   0: 3 0x800000c4 (0x0000006f)
core   0: 3 0x800000c4 (0x0000006f)
core   0: 3 0x800000c4 (0x0000006f)
core   0: 3 0x800000c4 (0x0000006f)
core   0: 3 0x800000c4 (0x0000006f)
core   0: 3 0x800000c4 (0x0000006f)
core   0: 3 0x800000c4 (0x0000006f)
core   0: 3 0x800000c4 (0x0000006f)
core   0: 3 0x800000c4 (0x0000006f)
core   0: 3 0x800000c4 (0x0000006f)
core   0: 3 0x800000c4 (0x0000006f)
core   0: 3 0x800000c4 (0x0000006f)
core   0: 3 0x800000c4 (0x0000006f)
core   0: 3 0x800000c4 (0x0000006f)
core   0: 3 0x800000c4 (0x0000006f)
core   0: 3 0x800000c4 (0x0000006f)
core   0: 3 0x800000c4 (0x0000006f)
core   0: 3 0x800000c4 (0x0000006f)
core   0: 3 0x800000c4 (0x0000006f)
core   0: 3 0x800000c4 (0x0000006f)
core   0: 3 0x800000c4 (0x0000006f)
core   0: 3 0x800000c4 (0x0000006f)
core   0: 3 0x800000c4 (0x0000006f)
core   0: 3 0x800000c4 (0x0000006f)
core   0: 3 0x800000c4 (0x0000006f)
core   0: 3 0x800000c4 (0x0000006f)
core   0: 3 0x800000c4 (0x0000006f)
core   0: 3 0x800000c4 (0x0000006f)
core   0: 3 0x800000c4 (0x0000006f)
core   0: 3 0x800000c4 (0x0000006f)
core   0: 3 0x800000c4 (0x0000006f)
core   0: 3 0x800000c4 (0x0000006f)
core   0: 3 0x800000c4 (0x0000006f)
core   0: 3 0x800000c4 (0x0000006f)
core   0: 3 0x800000c4 (0x0000006f)
core   0: 3 0x800000c4 (0x0000006f)
core   0: 3 0x800000c4 (0x0000006f)
core   0: 3 0x800000c4 (0x0000006f)
core   0: 3 0x800000c4 (0x0000006f)
core   0: 3 0x800000c4 (0x0000006f)
core   0: 3 0x800000c4 (0x0000006f)
core   0: 3 0x800000c4 (0x0000006f)
core   0: 3 0x800000c4 (0x0000006f)
core   0: 3 0x800000c4 (0x0000006f)
core   0: 3 0x800000c4 (0x0000006f)
core   0: 3 0x800000c4 (0x0000006f)
core   0: 3 0x800000c4 (0x0000006f)
core   0: 3 0x800000c4 (0x0000006f)
core   0: 3 0x800000c4 (0x0000006f)
core   0: 3 0x800000c4 (0x0000006f)
core   0: 3 0x800000c4 (0x0000006f)
core   0: 3 0x800000c4 (0x0000006f)
core   0: 3 0x800000c4 (0x0000006f)
core   0: 3 0x800000c4 (0x0000006f)
core   0: 3 0x800000c4 (0x0000006f)
core   0: 3 0x800000c4 (0x0000006f)
core   0: 3 0x800000c4 (0x0000006f)
core   0: 3 0x800000c4 (0x0000006f)
core   0: 3 0x800000c4 (0x0000006f)
core   0: 3 0x800000c4 (0x0000006f)
core   0: 3 0x800000c4 (0x0000006f)
core   0: 3 0x800000c4 (0x0000006f)
core   0: 3 0x800000c4 (0x0000006f)
core   0: 3 0x800000c4 (0x0000006f)
core   0: 3 0x800000c4 (0x0000006f)
core   0: 3 0x800000c4 (0x0000006f)
core   0: 3 0x800000c4 (0x0000006f)
core   0: 3 0x800000c4 (0x0000006f)
core   0: 3 0x800000c4 (0x0000006f)
core   0: 3 0x800000c4 (0x0000006f)
core   0: 3 0x800000c4 (0x0000006f)
core   0: 3 0x800000c4 (0x0000006f)
core   0: 3 0x800000c4 (0x0000006f)
core   0: 3 0x800000c4 (0x0000006f)
core   0: 3 0x800000c4 (0x0000006f)
core   0: 3 0x800000c4 (0x0000006f)
core   0: 3 0x800000c4 (0x0000006f)
core   0: 3 0x800000c4 (0x0000006f)
core   0: 3 0x800000c4 (0x0000006f)
core   0: 3 0x800000c4 (0x0000006f)
core   0: 3 0x800000c4 (0x0000006f)
core   0: 3 0x800000c4 (0x0000006f)
core   0: 3 0x800000c4 (0x0000006f)
core   0: 3 0x800000c4 (0x0000006f)
core   0: 3 0x800000c4 (0x0000006f)
core   0: 3 0x800000c4 (0x0000006f)
core   0: 3 0x800000c4 (0x0000006f)
core   0: 3 0x800000c4 (0x0000006f)
core   0: 3 0x800000c4 (0x0000006f)
core   0: 3 0x800000c4 (0x0000006f)
core   0: 3 0x800000c4 (0x0000006f)
core   0: 3 0x800000c4 (0x0000006f)
core   0: 3 0x800000c4 (0x0000006f)
core   0: 3 0x800000c4 (0x0000006f)
core   0: 3 0x800000c4 (0x0000006f)
core   0: 3 0x800000c4 (0x0000006f)
core   0: 3 0x800000c4 (0x0000006f)
core   0: 3 0x800000c4 (0x0000006f)
core   0: 3 0x800000c4 (0x0000006f)
core   0: 3 0x800000c4 (0x0000006f)
core   0: 3 0x800000c4 (0x0000006f)
core   0: 3 0x800000c4 (0x0000006f)
core   0: 3 0x800000c4 (0x0000006f)
core   0: 3 0x800000c4 (0x0000006f)
core   0: 3 0x800000c4 (0x0000006f)
core   0: 3 0x800000c4 (0x0000006f)
core   0: 3 0x800000c4 (0x0000006f)
core   0: 3 0x800000c4 (0x0000006f)
core   0: 3 0x800000c4 (0x0000006f)
core   0: 3 0x800000c4 (0x0000006f)
core   0: 3 0x800000c4 (0x0000006f)
core   0: 3 0x800000c4 (0x0000006f)
core   0: 3 0x800000c4 (0x0000006f)
core   0: 3 0x800000c4 (0x0000006f)
core   0: 3 0x800000c4 (0x0000006f)
core   0: 3 0x800000c4 (0x0000006f)
core   0: 3 0x800000c4 (0x0000006f)
core   0: 3 0x800000c4 (0x0000006f)
core   0: 3 0x800000c4 (0x0000006f)
core   0: 3 0x800000c4 (0x0000006f)
core   0: 3 0x800000c4 (0x0000006f)
core   0: 3 0x800000c4 (0x0000006f)
core   0: 3 0x800000c4 (0x0000006f)
core   0: 3 0x800000c4 (0x0000006f)
core   0: 3 0x800000c4 (0x0000006f)
core   0: 3 0x800000c4 (0x0000006f)
core   0: 3 0x800000c4 (0x0000006f)
core   0: 3 0x800000c4 (0x0000006f)
core   0: 3 0x800000c4 (0x0000006f)
core   0: 3 0x800000c4 (0x0000006f)
core   0: 3 0x800000c4 (0x0000006f)
core   0: 3 0x800000c4 (0x0000006f)
core   0: 3 0x800000c4 (0x0000006f)
core   0: 3 0x800000c4 (0x0000006f)
core   0: 3 0x800000c4 (0x0000006f)
core   0: 3 0x800000c4 (0x0000006f)
core   0: 3 0x800000c4 (0x0000006f)
core   0: 3 0x800000c4 (0x0000006f)
core   0: 3 0x800000c4 (0x0000006f)
core   0: 3 0x800000c4 (0x0000006f)
core   0: 3 0x800000c4 (0x0000006f)
core   0: 3 0x800000c4 (0x0000006f)
core   0: 3 0x800000c4 (0x0000006f)
core   0: 3 0x800000c4 (0x0000006f)
core   0: 3 0x800000c4 (0x0000006f)
core   0: 3 0x800000c4 (0x0000006f)
core   0: 3 0x800000c4 (0x0000006f)
core   0: 3 0x800000c4 (0x0000006f)
core   0: 3 0x800000c4 (0x0000006f)
core   0: 3 0x800000c4 (0x0000006f)
core   0: 3 0x800000c4 (0x0000006f)
core   0: 3 0x800000c4 (0x0000006f)
core   0: 3 0x800000c4 (0x0000006f)
core   0: 3 0x800000c4 (0x0000006f)
core   0: 3 0x800000c4 (0x0000006f)
core   0: 3 0x800000c4 (0x0000006f)
core   0: 3 0x800000c4 (0x0000006f)
core   0: 3 0x800000c4 (0x0000006f)
core   0: 3 0x800000c4 (0x0000006f)
core   0: 3 0x800000c4 (0x0000006f)
core   0: 3 0x800000c4 (0x0000006f)
core   0: 3 0x800000c4 (0x0000006f)
core   0: 3 0x800000c4 (0x0000006f)
core   0: 3 0x800000c4 (0x0000006f)
core   0: 3 0x800000c4 (0x0000006f)
core   0: 3 0x800000c4 (0x0000006f)
core   0: 3 0x800000c4 (0x0000006f)
core   0: 3 0x800000c4 (0x0000006f)
core   0: 3 0x800000c4 (0x0000006f)
core   0: 3 0x800000c4 (0x0000006f)
core   0: 3 0x800000c4 (0x0000006f)
core   0: 3 0x800000c4 (0x0000006f)
core   0: 3 0x800000c4 (0x0000006f)
core   0: 3 0x800000c4 (0x0000006f)
core   0: 3 0x800000c4 (0x0000006f)
core   0: 3 0x800000c4 (0x0000006f)
core   0: 3 0x800000c4 (0x0000006f)
core   0: 3 0x800000c4 (0x0000006f)
core   0: 3 0x800000c4 (0x0000006f)
core   0: 3 0x800000c4 (0x0000006f)
core   0: 3 0x800000c4 (0x0000006f)
core   0: 3 0x800000c4 (0x0000006f)
core   0: 3 0x800000c4 (0x0000006f)
core   0: 3 0x800000c4 (0x0000006f)
core   0: 3 0x800000c4 (0x0000006f)
core   0: 3 0x800000c4 (0x0000006f)
core   0: 3 0x800000c4 (0x0000006f)
core   0: 3 0x800000c4 (0x0000006f)
core   0: 3 0x800000c4 (0x0000006f)
core   0: 3 0x800000c4 (0x0000006f)
core   0: 3 0x800000c4 (0x0000006f)
core   0: 3 0x800000c4 (0x0000006f)
core   0: 3 0x800000c4 (0x0000006f)
core   0: 3 0x800000c4 (0x0000006f)
core   0: 3 0x800000c4 (0x0000006f)
core   0: 3 0x800000c4 (0x0000006f)
core   0: 3 0x800000c4 (0x0000006f)
core   0: 3 0x800000c4 (0x0000006f)
core   0: 3 0x800000c4 (0x0000006f)
core   0: 3 0x800000c4 (0x0000006f)
core   0: 3 0x800000c4 (0x0000006f)
core   0: 3 0x800000c4 (0x0000006f)
core   0: 3 0x800000c4 (0x0000006f)
core   0: 3 0x800000c4 (0x0000006f)
core   0: 3 0x800000c4 (0x0000006f)
core   0: 3 0x800000c4 (0x0000006f)
core   0: 3 0x800000c4 (0x0000006f)
core   0: 3 0x800000c4 (0x0000006f)
core   0: 3 0x800000c4 (0x0000006f)
core   0: 3 0x800000c4 (0x0000006f)
core   0: 3 0x800000c4 (0x0000006f)
core   0: 3 0x800000c4 (0x0000006f)
core   0: 3 0x800000c4 (0x0000006f)
core   0: 3 0x800000c4 (0x0000006f)
core   0: 3 0x800000c4 (0x0000006f)
core   0: 3 0x800000c4 (0x0000006f)
core   0: 3 0x800000c4 (0x0000006f)
core   0: 3 0x800000c4 (0x0000006f)
core   0: 3 0x800000c4 (0x0000006f)
core   0: 3 0x800000c4 (0x0000006f)
core   0: 3 0x800000c4 (0x0000006f)
core   0: 3 0x800000c4 (0x0000006f)
core   0: 3 0x800000c4 (0x0000006f)
core   0: 3 0x800000c4 (0x0000006f)
core   0: 3 0x800000c4 (0x0000006f)
core   0: 3 0x800000c4 (0x0000006f)
core   0: 3 0x800000c4 (0x0000006f)
core   0: 3 0x800000c4 (0x0000006f)
core   0: 3 0x800000c4 (0x0000006f)
core   0: 3 0x800000c4 (0x0000006f)
core   0: 3 0x800000c4 (0x0000006f)
core   0: 3 0x800000c4 (0x0000006f)
core   0: 3 0x800000c4 (0x0000006f)
core   0: 3 0x800000c4 (0x0000006f)
core   0: 3 0x800000c4 (0x0000006f)
core   0: 3 0x800000c4 (0x0000006f)
core   0: 3 0x800000c4 (0x0000006f)
core   0: 3 0x800000c4 (0x0000006f)
core   0: 3 0x800000c4 (0x0000006f)
core   0: 3 0x800000c4 (0x0000006f)
core   0: 3 0x800000c4 (0x0000006f)
core   0: 3 0x800000c4 (0x0000006f)
core   0: 3 0x800000c4 (0x0000006f)
core   0: 3 0x800000c4 (0x0000006f)
core   0: 3 0x800000c4 (0x0000006f)
core   0: 3 0x800000c4 (0x0000006f)
core   0: 3 0x800000c4 (0x0000006f)
core   0: 3 0x800000c4 (0x0000006f)
core   0: 3 0x800000c4 (0x0000006f)
core   0: 3 0x800000c4 (0x0000006f)
core   0: 3 0x800000c4 (0x0000006f)
core   0: 3 0x800000c4 (0x0000006f)
core   0: 3 0x800000c4 (0x0000006f)
core   0: 3 0x800000c4 (0x0000006f)
core   0: 3 0x800000c4 (0x0000006f)
core   0: 3 0x800000c4 (0x0000006f)
core   0: 3 0x800000c4 (0x0000006f)
core   0: 3 0x800000c4 (0x0000006f)
core   0: 3 0x800000c4 (0x0000006f)
core   0: 3 0x800000c4 (0x0000006f)
core   0: 3 0x800000c4 (0x0000006f)
core   0: 3 0x800000c4 (0x0000006f)
core   0: 3 0x800000c4 (0x0000006f)
core   0: 3 0x800000c4 (0x0000006f)
core   0: 3 0x800000c4 (0x0000006f)
core   0: 3 0x800000c4 (0x0000006f)
core   0: 3 0x800000c4 (0x0000006f)
core   0: 3 0x800000c4 (0x0000006f)
core   0: 3 0x800000c4 (0x0000006f)
core   0: 3 0x800000c4 (0x0000006f)
core   0: 3 0x800000c4 (0x0000006f)
core   0: 3 0x800000c4 (0x0000006f)
core   0: 3 0x800000c4 (0x0000006f)
core   0: 3 0x800000c4 (0x0000006f)
core   0: 3 0x800000c4 (0x0000006f)
core   0: 3 0x800000c4 (0x0000006f)
core   0: 3 0x800000c4 (0x0000006f)
core   0: 3 0x800000c4 (0x0000006f)
core   0: 3 0x800000c4 (0x0000006f)
core   0: 3 0x800000c4 (0x0000006f)
core   0: 3 0x800000c4 (0x0000006f)
core   0: 3 0x800000c4 (0x0000006f)
core   0: 3 0x800000c4 (0x0000006f)
core   0: 3 0x800000c4 (0x0000006f)
core   0: 3 0x800000c4 (0x0000006f)
core   0: 3 0x800000c4 (0x0000006f)
core   0: 3 0x800000c4 (0x0000006f)
core   0: 3 0x800000c4 (0x0000006f)
core   0: 3 0x800000c4 (0x0000006f)
core   0: 3 0x800000c4 (0x0000006f)
core   0: 3 0x800000c4 (0x0000006f)
core   0: 3 0x800000c4 (0x0000006f)
core   0: 3 0x800000c4 (0x0000006f)
core   0: 3 0x800000c4 (0x0000006f)
core   0: 3 0x800000c4 (0x0000006f)
core   0: 3 0x800000c4 (0x0000006f)
core   0: 3 0x800000c4 (0x0000006f)
core   0: 3 0x800000c4 (0x0000006f)
core   0: 3 0x800000c4 (0x0000006f)
core   0: 3 0x800000c4 (0x0000006f)
core   0: 3 0x800000c4 (0x0000006f)
core   0: 3 0x800000c4 (0x0000006f)
core   0: 3 0x800000c4 (0x0000006f)
core   0: 3 0x800000c4 (0x0000006f)
core   0: 3 0x800000c4 (0x0000006f)
core   0: 3 0x800000c4 (0x0000006f)
core   0: 3 0x800000c4 (0x0000006f)
core   0: 3 0x800000c4 (0x0000006f)
core   0: 3 0x800000c4 (0x0000006f)
core   0: 3 0x800000c4 (0x0000006f)
core   0: 3 0x800000c4 (0x0000006f)
core   0: 3 0x800000c4 (0x0000006f)
core   0: 3 0x800000c4 (0x0000006f)
core   0: 3 0x800000c4 (0x0000006f)
core   0: 3 0x800000c4 (0x0000006f)
core   0: 3 0x800000c4 (0x0000006f)
core   0: 3 0x800000c4 (0x0000006f)
core   0: 3 0x800000c4 (0x0000006f)
core   0: 3 0x800000c4 (0x0000006f)
core   0: 3 0x800000c4 (0x0000006f)
core   0: 3 0x800000c4 (0x0000006f)
core   0: 3 0x800000c4 (0x0000006f)
core   0: 3 0x800000c4 (0x0000006f)
core   0: 3 0x800000c4 (0x0000006f)
core   0: 3 0x800000c4 (0x0000006f)
core   0: 3 0x800000c4 (0x0000006f)
core   0: 3 0x800000c4 (0x0000006f)
core   0: 3 0x800000c4 (0x0000006f)
core   0: 3 0x800000c4 (0x0000006f)
core   0: 3 0x800000c4 (0x0000006f)
core   0: 3 0x800000c4 (0x0000006f)
core   0: 3 0x800000c4 (0x0000006f)
core   0: 3 0x800000c4 (0x0000006f)
core   0: 3 0x800000c4 (0x0000006f)
core   0: 3 0x800000c4 (0x0000006f)
core   0: 3 0x800000c4 (0x0000006f)
core   0: 3 0x800000c4 (0x0000006f)
core   0: 3 0x800000c4 (0x0000006f)
core   0: 3 0x800000c4 (0x0000006f)
core   0: 3 0x800000c4 (0x0000006f)
core   0: 3 0x800000c4 (0x0000006f)
core   0: 3 0x800000c4 (0x0000006f)
core   0: 3 0x800000c4 (0x0000006f)
core   0: 3 0x800000c4 (0x0000006f)
core   0: 3 0x800000c4 (0x0000006f)
core   0: 3 0x800000c4 (0x0000006f)
core   0: 3 0x800000c4 (0x0000006f)
core   0: 3 0x800000c4 (0x0000006f)
core   0: 3 0x800000c4 (0x0000006f)
core   0: 3 0x800000c4 (0x0000006f)
core   0: 3 0x800000c4 (0x0000006f)
core   0: 3 0x800000c4 (0x0000006f)
core   0: 3 0x800000c4 (0x0000006f)
core   0: 3 0x800000c4 (0x0000006f)
core   0: 3 0x800000c4 (0x0000006f)
core   0: 3 0x800000c4 (0x0000006f)
core   0: 3 0x800000c4 (0x0000006f)
core   0: 3 0x800000c4 (0x0000006f)
core   0: 3 0x800000c4 (0x0000006f)
core   0: 3 0x800000c4 (0x0000006f)
core   0: 3 0x800000c4 (0x0000006f)
core   0: 3 0x800000c4 (0x0000006f)
core   0: 3 0x800000c4 (0x0000006f)
core   0: 3 0x800000c4 (0x0000006f)
core   0: 3 0x800000c4 (0x0000006f)
core   0: 3 0x800000c4 (0x0000006f)
core   0: 3 0x800000c4 (0x0000006f)
core   0: 3 0x800000c4 (0x0000006f)
core   0: 3 0x800000c4 (0x0000006f)
core   0: 3 0x800000c4 (0x0000006f)
core   0: 3 0x800000c4 (0x0000006f)
core   0: 3 0x800000c4 (0x0000006f)
core   0: 3 0x800000c4 (0x0000006f)
core   0: 3 0x800000c4 (0x0000006f)
core   0: 3 0x800000c4 (0x0000006f)
core   0: 3 0x800000c4 (0x0000006f)
core   0: 3 0x800000c4 (0x0000006f)
core   0: 3 0x800000c4 (0x0000006f)
core   0: 3 0x800000c4 (0x0000006f)
core   0: 3 0x800000c4 (0x0000006f)
core   0: 3 0x800000c4 (0x0000006f)
core   0: 3 0x800000c4 (0x0000006f)
core   0: 3 0x800000c4 (0x0000006f)
core   0: 3 0x800000c4 (0x0000006f)
core   0: 3 0x800000c4 (0x0000006f)
core   0: 3 0x800000c4 (0x0000006f)
core   0: 3 0x800000c4 (0x0000006f)
core   0: 3 0x800000c4 (0x0000006f)
core   0: 3 0x800000c4 (0x0000006f)
core   0: 3 0x800000c4 (0x0000006f)
core   0: 3 0x800000c4 (0x0000006f)
core   0: 3 0x800000c4 (0x0000006f)
core   0: 3 0x800000c4 (0x0000006f)
core   0: 3 0x800000c4 (0x0000006f)
core   0: 3 0x800000c4 (0x0000006f)
core   0: 3 0x800000c4 (0x0000006f)
core   0: 3 0x800000c4 (0x0000006f)
core   0: 3 0x800000c4 (0x0000006f)
core   0: 3 0x800000c4 (0x0000006f)
core   0: 3 0x800000c4 (0x0000006f)
core   0: 3 0x800000c4 (0x0000006f)
core   0: 3 0x800000c4 (0x0000006f)
core   0: 3 0x800000c4 (0x0000006f)
core   0: 3 0x800000c4 (0x0000006f)
core   0: 3 0x800000c4 (0x0000006f)
core   0: 3 0x800000c4 (0x0000006f)
core   0: 3 0x800000c4 (0x0000006f)
core   0: 3 0x800000c4 (0x0000006f)
core   0: 3 0x800000c4 (0x0000006f)
core   0: 3 0x800000c4 (0x0000006f)
core   0: 3 0x800000c4 (0x0000006f)
core   0: 3 0x800000c4 (0x0000006f)
core   0: 3 0x800000c4 (0x0000006f)
core   0: 3 0x800000c4 (0x0000006f)
core   0: 3 0x800000c4 (0x0000006f)
core   0: 3 0x800000c4 (0x0000006f)
core   0: 3 0x800000c4 (0x0000006f)
core   0: 3 0x800000c4 (0x0000006f)
core   0: 3 0x800000c4 (0x0000006f)
core   0: 3 0x800000c4 (0x0000006f)
core   0: 3 0x800000c4 (0x0000006f)
core   0: 3 0x800000c4 (0x0000006f)
core   0: 3 0x800000c4 (0x0000006f)
core   0: 3 0x800000c4 (0x0000006f)
core   0: 3 0x800000c4 (0x0000006f)
core   0: 3 0x800000c4 (0x0000006f)
core   0: 3 0x800000c4 (0x0000006f)
core   0: 3 0x800000c4 (0x0000006f)
core   0: 3 0x800000c4 (0x0000006f)
core   0: 3 0x800000c4 (0x0000006f)
core   0: 3 0x800000c4 (0x0000006f)
core   0: 3 0x800000c4 (0x0000006f)
core   0: 3 0x800000c4 (0x0000006f)
core   0: 3 0x800000c4 (0x0000006f)
core   0: 3 0x800000c4 (0x0000006f)
core   0: 3 0x800000c4 (0x0000006f)
core   0: 3 0x800000c4 (0x0000006f)
core   0: 3 0x800000c4 (0x0000006f)
core   0: 3 0x800000c4 (0x0000006f)
core   0: 3 0x800000c4 (0x0000006f)
core   0: 3 0x800000c4 (0x0000006f)
core   0: 3 0x800000c4 (0x0000006f)
core   0: 3 0x800000c4 (0x0000006f)
core   0: 3 0x800000c4 (0x0000006f)
core   0: 3 0x800000c4 (0x0000006f)
core   0: 3 0x800000c4 (0x0000006f)
core   0: 3 0x800000c4 (0x0000006f)
core   0: 3 0x800000c4 (0x0000006f)
core   0: 3 0x800000c4 (0x0000006f)
core   0: 3 0x800000c4 (0x0000006f)
core   0: 3 0x800000c4 (0x0000006f)
core   0: 3 0x800000c4 (0x0000006f)
core   0: 3 0x800000c4 (0x0000006f)
core   0: 3 0x800000c4 (0x0000006f)
core   0: 3 0x800000c4 (0x0000006f)
core   0: 3 0x800000c4 (0x0000006f)
core   0: 3 0x800000c4 (0x0000006f)
core   0: 3 0x800000c4 (0x0000006f)
core   0: 3 0x800000c4 (0x0000006f)
core   0: 3 0x800000c4 (0x0000006f)
core   0: 3 0x800000c4 (0x0000006f)
core   0: 3 0x800000c4 (0x0000006f)
core   0: 3 0x800000c4 (0x0000006f)
core   0: 3 0x800000c4 (0x0000006f)
core   0: 3 0x800000c4 (0x0000006f)
core   0: 3 0x800000c4 (0x0000006f)
core   0: 3 0x800000c4 (0x0000006f)
core   0: 3 0x800000c4 (0x0000006f)
core   0: 3 0x800000c4 (0x0000006f)
core   0: 3 0x800000c4 (0x0000006f)
core   0: 3 0x800000c4 (0x0000006f)
core   0: 3 0x800000c4 (0x0000006f)
core   0: 3 0x800000c4 (0x0000006f)
core   0: 3 0x800000c4 (0x0000006f)
core   0: 3 0x800000c4 (0x0000006f)
core   0: 3 0x800000c4 (0x0000006f)
core   0: 3 0x800000c4 (0x0000006f)
core   0: 3 0x800000c4 (0x0000006f)
core   0: 3 0x800000c4 (0x0000006f)
core   0: 3 0x800000c4 (0x0000006f)
core   0: 3 0x800000c4 (0x0000006f)
core   0: 3 0x800000c4 (0x0000006f)
core   0: 3 0x800000c4 (0x0000006f)
core   0: 3 0x800000c4 (0x0000006f)
core   0: 3 0x800000c4 (0x0000006f)
core   0: 3 0x800000c4 (0x0000006f)
core   0: 3 0x800000c4 (0x0000006f)
core   0: 3 0x800000c4 (0x0000006f)
core   0: 3 0x800000c4 (0x0000006f)
core   0: 3 0x800000c4 (0x0000006f)
core   0: 3 0x800000c4 (0x0000006f)
core   0: 3 0x800000c4 (0x0000006f)
core   0: 3 0x800000c4 (0x0000006f)
core   0: 3 0x800000c4 (0x0000006f)
core   0: 3 0x800000c4 (0x0000006f)
core   0: 3 0x800000c4 (0x0000006f)
core   0: 3 0x800000c4 (0x0000006f)
core   0: 3 0x800000c4 (0x0000006f)
core   0: 3 0x800000c4 (0x0000006f)
core   0: 3 0x800000c4 (0x0000006f)
core   0: 3 0x800000c4 (0x0000006f)
core   0: 3 0x800000c4 (0x0000006f)
core   0: 3 0x800000c4 (0x0000006f)
core   0: 3 0x800000c4 (0x0000006f)
core   0: 3 0x800000c4 (0x0000006f)
core   0: 3 0x800000c4 (0x0000006f)
core   0: 3 0x800000c4 (0x0000006f)
core   0: 3 0x800000c4 (0x0000006f)
core   0: 3 0x800000c4 (0x0000006f)
core   0: 3 0x800000c4 (0x0000006f)
core   0: 3 0x800000c4 (0x0000006f)
core   0: 3 0x800000c4 (0x0000006f)
core   0: 3 0x800000c4 (0x0000006f)
core   0: 3 0x800000c4 (0x0000006f)
core   0: 3 0x800000c4 (0x0000006f)
core   0: 3 0x800000c4 (0x0000006f)
core   0: 3 0x800000c4 (0x0000006f)
core   0: 3 0x800000c4 (0x0000006f)
core   0: 3 0x800000c4 (0x0000006f)
core   0: 3 0x800000c4 (0x0000006f)
core   0: 3 0x800000c4 (0x0000006f)
core   0: 3 0x800000c4 (0x0000006f)
core   0: 3 0x800000c4 (0x0000006f)
core   0: 3 0x800000c4 (0x0000006f)
core   0: 3 0x800000c4 (0x0000006f)
core   0: 3 0x800000c4 (0x0000006f)
core   0: 3 0x800000c4 (0x0000006f)
core   0: 3 0x800000c4 (0x0000006f)
core   0: 3 0x800000c4 (0x0000006f)
core   0: 3 0x800000c4 (0x0000006f)
core   0: 3 0x800000c4 (0x0000006f)
core   0: 3 0x800000c4 (0x0000006f)
core   0: 3 0x800000c4 (0x0000006f)
core   0: 3 0x800000c4 (0x0000006f)
core   0: 3 0x800000c4 (0x0000006f)
core   0: 3 0x800000c4 (0x0000006f)
core   0: 3 0x800000c4 (0x0000006f)
core   0: 3 0x800000c4 (0x0000006f)
core   0: 3 0x800000c4 (0x0000006f)
core   0: 3 0x800000c4 (0x0000006f)
core   0: 3 0x800000c4 (0x0000006f)
core   0: 3 0x800000c4 (0x0000006f)
core   0: 3 0x800000c4 (0x0000006f)
core   0: 3 0x800000c4 (0x0000006f)
core   0: 3 0x800000c4 (0x0000006f)
core   0: 3 0x800000c4 (0x0000006f)
core   0: 3 0x800000c4 (0x0000006f)
core   0: 3 0x800000c4 (0x0000006f)
core   0: 3 0x800000c4 (0x0000006f)
core   0: 3 0x800000c4 (0x0000006f)
core   0: 3 0x800000c4 (0x0000006f)
core   0: 3 0x800000c4 (0x0000006f)
core   0: 3 0x800000c4 (0x0000006f)
core   0: 3 0x800000c4 (0x0000006f)
core   0: 3 0x800000c4 (0x0000006f)
core   0: 3 0x800000c4 (0x0000006f)
core   0: 3 0x800000c4 (0x0000006f)
core   0: 3 0x800000c4 (0x0000006f)
core   0: 3 0x800000c4 (0x0000006f)
core   0: 3 0x800000c4 (0x0000006f)
core   0: 3 0x800000c4 (0x0000006f)
core   0: 3 0x800000c4 (0x0000006f)
core   0: 3 0x800000c4 (0x0000006f)
core   0: 3 0x800000c4 (0x0000006f)
core   0: 3 0x800000c4 (0x0000006f)
core   0: 3 0x800000c4 (0x0000006f)
core   0: 3 0x800000c4 (0x0000006f)
core   0: 3 0x800000c4 (0x0000006f)
core   0: 3 0x800000c4 (0x0000006f)
core   0: 3 0x800000c4 (0x0000006f)
core   0: 3 0x800000c4 (0x0000006f)
core   0: 3 0x800000c4 (0x0000006f)
core   0: 3 0x800000c4 (0x0000006f)
core   0: 3 0x800000c4 (0x0000006f)
core   0: 3 0x800000c4 (0x0000006f)
core   0: 3 0x800000c4 (0x0000006f)
core   0: 3 0x800000c4 (0x0000006f)
core   0: 3 0x800000c4 (0x0000006f)
core   0: 3 0x800000c4 (0x0000006f)
core   0: 3 0x800000c4 (0x0000006f)
core   0: 3 0x800000c4 (0x0000006f)
core   0: 3 0x800000c4 (0x0000006f)
core   0: 3 0x800000c4 (0x0000006f)
core   0: 3 0x800000c4 (0x0000006f)
core   0: 3 0x800000c4 (0x0000006f)
core   0: 3 0x800000c4 (0x0000006f)
core   0: 3 0x800000c4 (0x0000006f)
core   0: 3 0x800000c4 (0x0000006f)
core   0: 3 0x800000c4 (0x0000006f)
core   0: 3 0x800000c4 (0x0000006f)
core   0: 3 0x800000c4 (0x0000006f)
core   0: 3 0x800000c4 (0x0000006f)
core   0: 3 0x800000c4 (0x0000006f)
core   0: 3 0x800000c4 (0x0000006f)
core   0: 3 0x800000c4 (0x0000006f)
core   0: 3 0x800000c4 (0x0000006f)
core   0: 3 0x800000c4 (0x0000006f)
core   0: 3 0x800000c4 (0x0000006f)
core   0: 3 0x800000c4 (0x0000006f)
core   0: 3 0x800000c4 (0x0000006f)
core   0: 3 0x800000c4 (0x0000006f)
core   0: 3 0x800000c4 (0x0000006f)
core   0: 3 0x800000c4 (0x0000006f)
core   0: 3 0x800000c4 (0x0000006f)
core   0: 3 0x800000c4 (0x0000006f)
core   0: 3 0x800000c4 (0x0000006f)
core   0: 3 0x800000c4 (0x0000006f)
core   0: 3 0x800000c4 (0x0000006f)
core   0: 3 0x800000c4 (0x0000006f)
core   0: 3 0x800000c4 (0x0000006f)
core   0: 3 0x800000c4 (0x0000006f)
core   0: 3 0x800000c4 (0x0000006f)
core   0: 3 0x800000c4 (0x0000006f)
core   0: 3 0x800000c4 (0x0000006f)
core   0: 3 0x800000c4 (0x0000006f)
core   0: 3 0x800000c4 (0x0000006f)
core   0: 3 0x800000c4 (0x0000006f)
core   0: 3 0x800000c4 (0x0000006f)
core   0: 3 0x800000c4 (0x0000006f)
core   0: 3 0x800000c4 (0x0000006f)
core   0: 3 0x800000c4 (0x0000006f)
core   0: 3 0x800000c4 (0x0000006f)
core   0: 3 0x800000c4 (0x0000006f)
core   0: 3 0x800000c4 (0x0000006f)
core   0: 3 0x800000c4 (0x0000006f)
core   0: 3 0x800000c4 (0x0000006f)
core   0: 3 0x800000c4 (0x0000006f)
core   0: 3 0x800000c4 (0x0000006f)
core   0: 3 0x800000c4 (0x0000006f)
core   0: 3 0x800000c4 (0x0000006f)
core   0: 3 0x800000c4 (0x0000006f)
core   0: 3 0x800000c4 (0x0000006f)
core   0: 3 0x800000c4 (0x0000006f)
core   0: 3 0x800000c4 (0x0000006f)
core   0: 3 0x800000c4 (0x0000006f)
core   0: 3 0x800000c4 (0x0000006f)
core   0: 3 0x800000c4 (0x0000006f)
core   0: 3 0x800000c4 (0x0000006f)
core   0: 3 0x800000c4 (0x0000006f)
core   0: 3 0x800000c4 (0x0000006f)
core   0: 3 0x800000c4 (0x0000006f)
core   0: 3 0x800000c4 (0x0000006f)
core   0: 3 0x800000c4 (0x0000006f)
core   0: 3 0x800000c4 (0x0000006f)
core   0: 3 0x800000c4 (0x0000006f)
core   0: 3 0x800000c4 (0x0000006f)
core   0: 3 0x800000c4 (0x0000006f)
core   0: 3 0x800000c4 (0x0000006f)
core   0: 3 0x800000c4 (0x0000006f)
core   0: 3 0x800000c4 (0x0000006f)
core   0: 3 0x800000c4 (0x0000006f)
core   0: 3 0x800000c4 (0x0000006f)
core   0: 3 0x800000c4 (0x0000006f)
core   0: 3 0x800000c4 (0x0000006f)
core   0: 3 0x800000c4 (0x0000006f)
core   0: 3 0x800000c4 (0x0000006f)
core   0: 3 0x800000c4 (0x0000006f)
core   0: 3 0x800000c4 (0x0000006f)
core   0: 3 0x800000c4 (0x0000006f)
core   0: 3 0x800000c4 (0x0000006f)
core   0: 3 0x800000c4 (0x0000006f)
core   0: 3 0x800000c4 (0x0000006f)
core   0: 3 0x800000c4 (0x0000006f)
core   0: 3 0x800000c4 (0x0000006f)
core   0: 3 0x800000c4 (0x0000006f)
core   0: 3 0x800000c4 (0x0000006f)
core   0: 3 0x800000c4 (0x0000006f)
core   0: 3 0x800000c4 (0x0000006f)
core   0: 3 0x800000c4 (0x0000006f)
core   0: 3 0x800000c4 (0x0000006f)
core   0: 3 0x800000c4 (0x0000006f)
core   0: 3 0x800000c4 (0x0000006f)
core   0: 3 0x800000c4 (0x0000006f)
core   0: 3 0x800000c4 (0x0000006f)
core   0: 3 0x800000c4 (0x0000006f)
core   0: 3 0x800000c4 (0x0000006f)
core   0: 3 0x800000c4 (0x0000006f)
core   0: 3 0x800000c4 (0x0000006f)
core   0: 3 0x800000c4 (0x0000006f)
core   0: 3 0x800000c4 (0x0000006f)
core   0: 3 0x800000c4 (0x0000006f)
core   0: 3 0x800000c4 (0x0000006f)
core   0: 3 0x800000c4 (0x0000006f)
core   0: 3 0x800000c4 (0x0000006f)
core   0: 3 0x800000c4 (0x0000006f)
core   0: 3 0x800000c4 (0x0000006f)
core   0: 3 0x800000c4 (0x0000006f)
core   0: 3 0x800000c4 (0x0000006f)
core   0: 3 0x800000c4 (0x0000006f)
core   0: 3 0x800000c4 (0x0000006f)
core   0: 3 0x800000c4 (0x0000006f)
core   0: 3 0x800000c4 (0x0000006f)
core   0: 3 0x800000c4 (0x0000006f)
core   0: 3 0x800000c4 (0x0000006f)
core   0: 3 0x800000c4 (0x0000006f)
core   0: 3 0x800000c4 (0x0000006f)
core   0: 3 0x800000c4 (0x0000006f)
core   0: 3 0x800000c4 (0x0000006f)
core   0: 3 0x800000c4 (0x0000006f)
core   0: 3 0x800000c4 (0x0000006f)
core   0: 3 0x800000c4 (0x0000006f)
core   0: 3 0x800000c4 (0x0000006f)
core   0: 3 0x800000c4 (0x0000006f)
core   0: 3 0x800000c4 (0x0000006f)
core   0: 3 0x800000c4 (0x0000006f)
core   0: 3 0x800000c4 (0x0000006f)
core   0: 3 0x800000c4 (0x0000006f)
core   0: 3 0x800000c4 (0x0000006f)
core   0: 3 0x800000c4 (0x0000006f)
core   0: 3 0x800000c4 (0x0000006f)
core   0: 3 0x800000c4 (0x0000006f)
core   0: 3 0x800000c4 (0x0000006f)
core   0: 3 0x800000c4 (0x0000006f)
core   0: 3 0x800000c4 (0x0000006f)
core   0: 3 0x800000c4 (0x0000006f)
core   0: 3 0x800000c4 (0x0000006f)
core   0: 3 0x800000c4 (0x0000006f)
core   0: 3 0x800000c4 (0x0000006f)
core   0: 3 0x800000c4 (0x0000006f)
core   0: 3 0x800000c4 (0x0000006f)
core   0: 3 0x800000c4 (0x0000006f)
core   0: 3 0x800000c4 (0x0000006f)
core   0: 3 0x800000c4 (0x0000006f)
core   0: 3 0x800000c4 (0x0000006f)
core   0: 3 0x800000c4 (0x0000006f)
core   0: 3 0x800000c4 (0x0000006f)
core   0: 3 0x800000c4 (0x0000006f)
core   0: 3 0x800000c4 (0x0000006f)
core   0: 3 0x800000c4 (0x0000006f)
core   0: 3 0x800000c4 (0x0000006f)
core   0: 3 0x800000c4 (0x0000006f)
core   0: 3 0x800000c4 (0x0000006f)
core   0: 3 0x800000c4 (0x0000006f)
core   0: 3 0x800000c4 (0x0000006f)
core   0: 3 0x800000c4 (0x0000006f)
core   0: 3 0x800000c4 (0x0000006f)
core   0: 3 0x800000c4 (0x0000006f)
core   0: 3 0x800000c4 (0x0000006f)
core   0: 3 0x800000c4 (0x0000006f)
core   0: 3 0x800000c4 (0x0000006f)
core   0: 3 0x800000c4 (0x0000006f)
core   0: 3 0x800000c4 (0x0000006f)
core   0: 3 0x800000c4 (0x0000006f)
core   0: 3 0x800000c4 (0x0000006f)
core   0: 3 0x800000c4 (0x0000006f)
core   0: 3 0x800000c4 (0x0000006f)
core   0: 3 0x800000c4 (0x0000006f)
core   0: 3 0x800000c4 (0x0000006f)
core   0: 3 0x800000c4 (0x0000006f)
core   0: 3 0x800000c4 (0x0000006f)
core   0: 3 0x800000c4 (0x0000006f)
core   0: 3 0x800000c4 (0x0000006f)
core   0: 3 0x800000c4 (0x0000006f)
core   0: 3 0x800000c4 (0x0000006f)
core   0: 3 0x800000c4 (0x0000006f)
core   0: 3 0x800000c4 (0x0000006f)
core   0: 3 0x800000c4 (0x0000006f)
core   0: 3 0x800000c4 (0x0000006f)
core   0: 3 0x800000c4 (0x0000006f)
core   0: 3 0x800000c4 (0x0000006f)
core   0: 3 0x800000c4 (0x0000006f)
core   0: 3 0x800000c4 (0x0000006f)
core   0: 3 0x800000c4 (0x0000006f)
core   0: 3 0x800000c4 (0x0000006f)
core   0: 3 0x800000c4 (0x0000006f)
core   0: 3 0x800000c4 (0x0000006f)
core   0: 3 0x800000c4 (0x0000006f)
core   0: 3 0x800000c4 (0x0000006f)
core   0: 3 0x800000c4 (0x0000006f)
core   0: 3 0x800000c4 (0x0000006f)
core   0: 3 0x800000c4 (0x0000006f)
core   0: 3 0x800000c4 (0x0000006f)
core   0: 3 0x800000c4 (0x0000006f)
core   0: 3 0x800000c4 (0x0000006f)
core   0: 3 0x800000c4 (0x0000006f)
core   0: 3 0x800000c4 (0x0000006f)
core   0: 3 0x800000c4 (0x0000006f)
core   0: 3 0x800000c4 (0x0000006f)
core   0: 3 0x800000c4 (0x0000006f)
core   0: 3 0x800000c4 (0x0000006f)
core   0: 3 0x800000c4 (0x0000006f)
core   0: 3 0x800000c4 (0x0000006f)
core   0: 3 0x800000c4 (0x0000006f)
core   0: 3 0x800000c4 (0x0000006f)
core   0: 3 0x800000c4 (0x0000006f)
core   0: 3 0x800000c4 (0x0000006f)
core   0: 3 0x800000c4 (0x0000006f)
core   0: 3 0x800000c4 (0x0000006f)
core   0: 3 0x800000c4 (0x0000006f)
core   0: 3 0x800000c4 (0x0000006f)
core   0: 3 0x800000c4 (0x0000006f)
core   0: 3 0x800000c4 (0x0000006f)
core   0: 3 0x800000c4 (0x0000006f)
core   0: 3 0x800000c4 (0x0000006f)
core   0: 3 0x800000c4 (0x0000006f)
core   0: 3 0x800000c4 (0x0000006f)
core   0: 3 0x800000c4 (0x0000006f)
core   0: 3 0x800000c4 (0x0000006f)
core   0: 3 0x800000c4 (0x0000006f)
core   0: 3 0x800000c4 (0x0000006f)
core   0: 3 0x800000c4 (0x0000006f)
core   0: 3 0x800000c4 (0x0000006f)
core   0: 3 0x800000c4 (0x0000006f)
core   0: 3 0x800000c4 (0x0000006f)
core   0: 3 0x800000c4 (0x0000006f)
core   0: 3 0x800000c4 (0x0000006f)
core   0: 3 0x800000c4 (0x0000006f)
core   0: 3 0x800000c4 (0x0000006f)
core   0: 3 0x800000c4 (0x0000006f)
core   0: 3 0x800000c4 (0x0000006f)
core   0: 3 0x800000c4 (0x0000006f)
core   0: 3 0x800000c4 (0x0000006f)
core   0: 3 0x800000c4 (0x0000006f)
core   0: 3 0x800000c4 (0x0000006f)
core   0: 3 0x800000c4 (0x0000006f)
core   0: 3 0x800000c4 (0x0000006f)
core   0: 3 0x800000c4 (0x0000006f)
core   0: 3 0x800000c4 (0x0000006f)
core   0: 3 0x800000c4 (0x0000006f)
core   0: 3 0x800000c4 (0x0000006f)
core   0: 3 0x800000c4 (0x0000006f)
core   0: 3 0x800000c4 (0x0000006f)
core   0: 3 0x800000c4 (0x0000006f)
core   0: 3 0x800000c4 (0x0000006f)
core   0: 3 0x800000c4 (0x0000006f)
core   0: 3 0x800000c4 (0x0000006f)
core   0: 3 0x800000c4 (0x0000006f)
core   0: 3 0x800000c4 (0x0000006f)
core   0: 3 0x800000c4 (0x0000006f)
core   0: 3 0x800000c4 (0x0000006f)
core   0: 3 0x800000c4 (0x0000006f)
core   0: 3 0x800000c4 (0x0000006f)
core   0: 3 0x800000c4 (0x0000006f)
core   0: 3 0x800000c4 (0x0000006f)
core   0: 3 0x800000c4 (0x0000006f)
core   0: 3 0x800000c4 (0x0000006f)
core   0: 3 0x800000c4 (0x0000006f)
core   0: 3 0x800000c4 (0x0000006f)
core   0: 3 0x800000c4 (0x0000006f)
core   0: 3 0x800000c4 (0x0000006f)
core   0: 3 0x800000c4 (0x0000006f)
core   0: 3 0x800000c4 (0x0000006f)
core   0: 3 0x800000c4 (0x0000006f)
core   0: 3 0x800000c4 (0x0000006f)
core   0: 3 0x800000c4 (0x0000006f)
core   0: 3 0x800000c4 (0x0000006f)
core   0: 3 0x800000c4 (0x0000006f)
core   0: 3 0x800000c4 (0x0000006f)
core   0: 3 0x800000c4 (0x0000006f)
core   0: 3 0x800000c4 (0x0000006f)
core   0: 3 0x800000c4 (0x0000006f)
core   0: 3 0x800000c4 (0x0000006f)
core   0: 3 0x800000c4 (0x0000006f)
core   0: 3 0x800000c4 (0x0000006f)
core   0: 3 0x800000c4 (0x0000006f)
core   0: 3 0x800000c4 (0x0000006f)
core   0: 3 0x800000c4 (0x0000006f)
core   0: 3 0x800000c4 (0x0000006f)
core   0: 3 0x800000c4 (0x0000006f)
core   0: 3 0x800000c4 (0x0000006f)
core   0: 3 0x800000c4 (0x0000006f)
core   0: 3 0x800000c4 (0x0000006f)
core   0: 3 0x800000c4 (0x0000006f)
core   0: 3 0x800000c4 (0x0000006f)
core   0: 3 0x800000c4 (0x0000006f)
core   0: 3 0x800000c4 (0x0000006f)
core   0: 3 0x800000c4 (0x0000006f)
core   0: 3 0x800000c4 (0x0000006f)
core   0: 3 0x800000c4 (0x0000006f)
core   0: 3 0x800000c4 (0x0000006f)
core   0: 3 0x800000c4 (0x0000006f)
core   0: 3 0x800000c4 (0x0000006f)
core   0: 3 0x800000c4 (0x0000006f)
core   0: 3 0x800000c4 (0x0000006f)
core   0: 3 0x800000c4 (0x0000006f)
core   0: 3 0x800000c4 (0x0000006f)
core   0: 3 0x800000c4 (0x0000006f)
core   0: 3 0x800000c4 (0x0000006f)
core   0: 3 0x800000c4 (0x0000006f)
core   0: 3 0x800000c4 (0x0000006f)
core   0: 3 0x800000c4 (0x0000006f)
core   0: 3 0x800000c4 (0x0000006f)
core   0: 3 0x800000c4 (0x0000006f)
core   0: 3 0x800000c4 (0x0000006f)
core   0: 3 0x800000c4 (0x0000006f)
core   0: 3 0x800000c4 (0x0000006f)
core   0: 3 0x800000c4 (0x0000006f)
core   0: 3 0x800000c4 (0x0000006f)
core   0: 3 0x800000c4 (0x0000006f)
core   0: 3 0x800000c4 (0x0000006f)
core   0: 3 0x800000c4 (0x0000006f)
core   0: 3 0x800000c4 (0x0000006f)
core   0: 3 0x800000c4 (0x0000006f)
core   0: 3 0x800000c4 (0x0000006f)
core   0: 3 0x800000c4 (0x0000006f)
core   0: 3 0x800000c4 (0x0000006f)
core   0: 3 0x800000c4 (0x0000006f)
core   0: 3 0x800000c4 (0x0000006f)
core   0: 3 0x800000c4 (0x0000006f)
core   0: 3 0x800000c4 (0x0000006f)
core   0: 3 0x800000c4 (0x0000006f)
core   0: 3 0x800000c4 (0x0000006f)
core   0: 3 0x800000c4 (0x0000006f)
core   0: 3 0x800000c4 (0x0000006f)
core   0: 3 0x800000c4 (0x0000006f)
core   0: 3 0x800000c4 (0x0000006f)
core   0: 3 0x800000c4 (0x0000006f)
core   0: 3 0x800000c4 (0x0000006f)
core   0: 3 0x800000c4 (0x0000006f)
core   0: 3 0x800000c4 (0x0000006f)
core   0: 3 0x800000c4 (0x0000006f)
core   0: 3 0x800000c4 (0x0000006f)
core   0: 3 0x800000c4 (0x0000006f)
core   0: 3 0x800000c4 (0x0000006f)
core   0: 3 0x800000c4 (0x0000006f)
core   0: 3 0x800000c4 (0x0000006f)
core   0: 3 0x800000c4 (0x0000006f)
core   0: 3 0x800000c4 (0x0000006f)
core   0: 3 0x800000c4 (0x0000006f)
core   0: 3 0x800000c4 (0x0000006f)
core   0: 3 0x800000c4 (0x0000006f)
core   0: 3 0x800000c4 (0x0000006f)
core   0: 3 0x800000c4 (0x0000006f)
core   0: 3 0x800000c4 (0x0000006f)
core   0: 3 0x800000c4 (0x0000006f)
core   0: 3 0x800000c4 (0x0000006f)
core   0: 3 0x800000c4 (0x0000006f)
core   0: 3 0x800000c4 (0x0000006f)
core   0: 3 0x800000c4 (0x0000006f)
core   0: 3 0x800000c4 (0x0000006f)
core   0: 3 0x800000c4 (0x0000006f)
core   0: 3 0x800000c4 (0x0000006f)
core   0: 3 0x800000c4 (0x0000006f)
core   0: 3 0x800000c4 (0x0000006f)
core   0: 3 0x800000c4 (0x0000006f)
core   0: 3 0x800000c4 (0x0000006f)
core   0: 3 0x800000c4 (0x0000006f)
core   0: 3 0x800000c4 (0x0000006f)
core   0: 3 0x800000c4 (0x0000006f)
core   0: 3 0x800000c4 (0x0000006f)
core   0: 3 0x800000c4 (0x0000006f)
core   0: 3 0x800000c4 (0x0000006f)
core   0: 3 0x800000c4 (0x0000006f)
core   0: 3 0x800000c4 (0x0000006f)
core   0: 3 0x800000c4 (0x0000006f)
core   0: 3 0x800000c4 (0x0000006f)
core   0: 3 0x800000c4 (0x0000006f)
core   0: 3 0x800000c4 (0x0000006f)
core   0: 3 0x800000c4 (0x0000006f)
core   0: 3 0x800000c4 (0x0000006f)
core   0: 3 0x800000c4 (0x0000006f)
core   0: 3 0x800000c4 (0x0000006f)
core   0: 3 0x800000c4 (0x0000006f)
core   0: 3 0x800000c4 (0x0000006f)
core   0: 3 0x800000c4 (0x0000006f)
core   0: 3 0x800000c4 (0x0000006f)
core   0: 3 0x800000c4 (0x0000006f)
core   0: 3 0x800000c4 (0x0000006f)
core   0: 3 0x800000c4 (0x0000006f)
core   0: 3 0x800000c4 (0x0000006f)
core   0: 3 0x800000c4 (0x0000006f)
core   0: 3 0x800000c4 (0x0000006f)
core   0: 3 0x800000c4 (0x0000006f)
core   0: 3 0x800000c4 (0x0000006f)
core   0: 3 0x800000c4 (0x0000006f)
core   0: 3 0x800000c4 (0x0000006f)
core   0: 3 0x800000c4 (0x0000006f)
core   0: 3 0x800000c4 (0x0000006f)
core   0: 3 0x800000c4 (0x0000006f)
core   0: 3 0x800000c4 (0x0000006f)
core   0: 3 0x800000c4 (0x0000006f)
core   0: 3 0x800000c4 (0x0000006f)
core   0: 3 0x800000c4 (0x0000006f)
core   0: 3 0x800000c4 (0x0000006f)
core   0: 3 0x800000c4 (0x0000006f)
core   0: 3 0x800000c4 (0x0000006f)
core   0: 3 0x800000c4 (0x0000006f)
core   0: 3 0x800000c4 (0x0000006f)
core   0: 3 0x800000c4 (0x0000006f)
core   0: 3 0x800000c4 (0x0000006f)
core   0: 3 0x800000c4 (0x0000006f)
core   0: 3 0x800000c4 (0x0000006f)
core   0: 3 0x800000c4 (0x0000006f)
core   0: 3 0x800000c4 (0x0000006f)
core   0: 3 0x800000c4 (0x0000006f)
core   0: 3 0x800000c4 (0x0000006f)
core   0: 3 0x800000c4 (0x0000006f)
core   0: 3 0x800000c4 (0x0000006f)
core   0: 3 0x800000c4 (0x0000006f)
core   0: 3 0x800000c4 (0x0000006f)
core   0: 3 0x800000c4 (0x0000006f)
core   0: 3 0x800000c4 (0x0000006f)
core   0: 3 0x800000c4 (0x0000006f)
core   0: 3 0x800000c4 (0x0000006f)
core   0: 3 0x800000c4 (0x0000006f)
core   0: 3 0x800000c4 (0x0000006f)
core   0: 3 0x800000c4 (0x0000006f)
core   0: 3 0x800000c4 (0x0000006f)
core   0: 3 0x800000c4 (0x0000006f)
core   0: 3 0x800000c4 (0x0000006f)
core   0: 3 0x800000c4 (0x0000006f)
core   0: 3 0x800000c4 (0x0000006f)
core   0: 3 0x800000c4 (0x0000006f)
core   0: 3 0x800000c4 (0x0000006f)
core   0: 3 0x800000c4 (0x0000006f)
core   0: 3 0x800000c4 (0x0000006f)
core   0: 3 0x800000c4 (0x0000006f)
core   0: 3 0x800000c4 (0x0000006f)
core   0: 3 0x800000c4 (0x0000006f)
core   0: 3 0x800000c4 (0x0000006f)
core   0: 3 0x800000c4 (0x0000006f)
core   0: 3 0x800000c4 (0x0000006f)
core   0: 3 0x800000c4 (0x0000006f)
core   0: 3 0x800000c4 (0x0000006f)
core   0: 3 0x800000c4 (0x0000006f)
core   0: 3 0x800000c4 (0x0000006f)
core   0: 3 0x800000c4 (0x0000006f)
core   0: 3 0x800000c4 (0x0000006f)
core   0: 3 0x800000c4 (0x0000006f)
core   0: 3 0x800000c4 (0x0000006f)
core   0: 3 0x800000c4 (0x0000006f)
core   0: 3 0x800000c4 (0x0000006f)
core   0: 3 0x800000c4 (0x0000006f)
core   0: 3 0x800000c4 (0x0000006f)
core   0: 3 0x800000c4 (0x0000006f)
core   0: 3 0x800000c4 (0x0000006f)
core   0: 3 0x800000c4 (0x0000006f)
core   0: 3 0x800000c4 (0x0000006f)
core   0: 3 0x800000c4 (0x0000006f)
core   0: 3 0x800000c4 (0x0000006f)
core   0: 3 0x800000c4 (0x0000006f)
core   0: 3 0x800000c4 (0x0000006f)
core   0: 3 0x800000c4 (0x0000006f)
core   0: 3 0x800000c4 (0x0000006f)
core   0: 3 0x800000c4 (0x0000006f)
core   0: 3 0x800000c4 (0x0000006f)
core   0: 3 0x800000c4 (0x0000006f)
core   0: 3 0x800000c4 (0x0000006f)
core   0: 3 0x800000c4 (0x0000006f)
core   0: 3 0x800000c4 (0x0000006f)
core   0: 3 0x800000c4 (0x0000006f)
core   0: 3 0x800000c4 (0x0000006f)
core   0: 3 0x800000c4 (0x0000006f)
core   0: 3 0x800000c4 (0x0000006f)
core   0: 3 0x800000c4 (0x0000006f)
core   0: 3 0x800000c4 (0x0000006f)
core   0: 3 0x800000c4 (0x0000006f)
core   0: 3 0x800000c4 (0x0000006f)
core   0: 3 0x800000c4 (0x0000006f)
core   0: 3 0x800000c4 (0x0000006f)
core   0: 3 0x800000c4 (0x0000006f)
core   0: 3 0x800000c4 (0x0000006f)
core   0: 3 0x800000c4 (0x0000006f)
core   0: 3 0x800000c4 (0x0000006f)
core   0: 3 0x800000c4 (0x0000006f)
core   0: 3 0x800000c4 (0x0000006f)
core   0: 3 0x800000c4 (0x0000006f)
core   0: 3 0x800000c4 (0x0000006f)
core   0: 3 0x800000c4 (0x0000006f)
core   0: 3 0x800000c4 (0x0000006f)
core   0: 3 0x800000c4 (0x0000006f)
core   0: 3 0x800000c4 (0x0000006f)
core   0: 3 0x800000c4 (0x0000006f)
core   0: 3 0x800000c4 (0x0000006f)
core   0: 3 0x800000c4 (0x0000006f)
core   0: 3 0x800000c4 (0x0000006f)
core   0: 3 0x800000c4 (0x0000006f)
core   0: 3 0x800000c4 (0x0000006f)
core   0: 3 0x800000c4 (0x0000006f)
core   0: 3 0x800000c4 (0x0000006f)
core   0: 3 0x800000c4 (0x0000006f)
core   0: 3 0x800000c4 (0x0000006f)
core   0: 3 0x800000c4 (0x0000006f)
core   0: 3 0x800000c4 (0x0000006f)
core   0: 3 0x800000c4 (0x0000006f)
core   0: 3 0x800000c4 (0x0000006f)
core   0: 3 0x800000c4 (0x0000006f)
core   0: 3 0x800000c4 (0x0000006f)
core   0: 3 0x800000c4 (0x0000006f)
core   0: 3 0x800000c4 (0x0000006f)
core   0: 3 0x800000c4 (0x0000006f)
core   0: 3 0x800000c4 (0x0000006f)
core   0: 3 0x800000c4 (0x0000006f)
core   0: 3 0x800000c4 (0x0000006f)
core   0: 3 0x800000c4 (0x0000006f)
core   0: 3 0x800000c4 (0x0000006f)
core   0: 3 0x800000c4 (0x0000006f)
core   0: 3 0x800000c4 (0x0000006f)
core   0: 3 0x800000c4 (0x0000006f)
core   0: 3 0x800000c4 (0x0000006f)
core   0: 3 0x800000c4 (0x0000006f)
core   0: 3 0x800000c4 (0x0000006f)
core   0: 3 0x800000c4 (0x0000006f)
core   0: 3 0x800000c4 (0x0000006f)
core   0: 3 0x800000c4 (0x0000006f)
core   0: 3 0x800000c4 (0x0000006f)
core   0: 3 0x800000c4 (0x0000006f)
core   0: 3 0x800000c4 (0x0000006f)
core   0: 3 0x800000c4 (0x0000006f)
core   0: 3 0x800000c4 (0x0000006f)
core   0: 3 0x800000c4 (0x0000006f)
core   0: 3 0x800000c4 (0x0000006f)
core   0: 3 0x800000c4 (0x0000006f)
core   0: 3 0x800000c4 (0x0000006f)
core   0: 3 0x800000c4 (0x0000006f)
core   0: 3 0x800000c4 (0x0000006f)
core   0: 3 0x800000c4 (0x0000006f)
core   0: 3 0x800000c4 (0x0000006f)
core   0: 3 0x800000c4 (0x0000006f)
core   0: 3 0x800000c4 (0x0000006f)
core   0: 3 0x800000c4 (0x0000006f)
core   0: 3 0x800000c4 (0x0000006f)
core   0: 3 0x800000c4 (0x0000006f)
core   0: 3 0x800000c4 (0x0000006f)
core   0: 3 0x800000c4 (0x0000006f)
core   0: 3 0x800000c4 (0x0000006f)
core   0: 3 0x800000c4 (0x0000006f)
core   0: 3 0x800000c4 (0x0000006f)
core   0: 3 0x800000c4 (0x0000006f)
core   0: 3 0x800000c4 (0x0000006f)
core   0: 3 0x800000c4 (0x0000006f)
core   0: 3 0x800000c4 (0x0000006f)
core   0: 3 0x800000c4 (0x0000006f)
core   0: 3 0x800000c4 (0x0000006f)
core   0: 3 0x800000c4 (0x0000006f)
core   0: 3 0x800000c4 (0x0000006f)
core   0: 3 0x800000c4 (0x0000006f)
core   0: 3 0x800000c4 (0x0000006f)
core   0: 3 0x800000c4 (0x0000006f)
core   0: 3 0x800000c4 (0x0000006f)
core   0: 3 0x800000c4 (0x0000006f)
core   0: 3 0x800000c4 (0x0000006f)
core   0: 3 0x800000c4 (0x0000006f)
core   0: 3 0x800000c4 (0x0000006f)
core   0: 3 0x800000c4 (0x0000006f)
core   0: 3 0x800000c4 (0x0000006f)
core   0: 3 0x800000c4 (0x0000006f)
core   0: 3 0x800000c4 (0x0000006f)
core   0: 3 0x800000c4 (0x0000006f)
core   0: 3 0x800000c4 (0x0000006f)
core   0: 3 0x800000c4 (0x0000006f)
core   0: 3 0x800000c4 (0x0000006f)
core   0: 3 0x800000c4 (0x0000006f)
core   0: 3 0x800000c4 (0x0000006f)
core   0: 3 0x800000c4 (0x0000006f)
core   0: 3 0x800000c4 (0x0000006f)
core   0: 3 0x800000c4 (0x0000006f)
core   0: 3 0x800000c4 (0x0000006f)
core   0: 3 0x800000c4 (0x0000006f)
core   0: 3 0x800000c4 (0x0000006f)
core   0: 3 0x800000c4 (0x0000006f)
core   0: 3 0x800000c4 (0x0000006f)
core   0: 3 0x800000c4 (0x0000006f)
core   0: 3 0x800000c4 (0x0000006f)
core   0: 3 0x800000c4 (0x0000006f)
core   0: 3 0x800000c4 (0x0000006f)
core   0: 3 0x800000c4 (0x0000006f)
core   0: 3 0x800000c4 (0x0000006f)
core   0: 3 0x800000c4 (0x0000006f)
core   0: 3 0x800000c4 (0x0000006f)
core   0: 3 0x800000c4 (0x0000006f)
core   0: 3 0x800000c4 (0x0000006f)
core   0: 3 0x800000c4 (0x0000006f)
core   0: 3 0x800000c4 (0x0000006f)
core   0: 3 0x800000c4 (0x0000006f)
core   0: 3 0x800000c4 (0x0000006f)
core   0: 3 0x800000c4 (0x0000006f)
core   0: 3 0x800000c4 (0x0000006f)
core   0: 3 0x800000c4 (0x0000006f)
core   0: 3 0x800000c4 (0x0000006f)
core   0: 3 0x800000c4 (0x0000006f)
core   0: 3 0x800000c4 (0x0000006f)
core   0: 3 0x800000c4 (0x0000006f)
core   0: 3 0x800000c4 (0x0000006f)
core   0: 3 0x800000c4 (0x0000006f)
core   0: 3 0x800000c4 (0x0000006f)
core   0: 3 0x800000c4 (0x0000006f)
core   0: 3 0x800000c4 (0x0000006f)
core   0: 3 0x800000c4 (0x0000006f)
core   0: 3 0x800000c4 (0x0000006f)
core   0: 3 0x800000c4 (0x0000006f)
core   0: 3 0x800000c4 (0x0000006f)
core   0: 3 0x800000c4 (0x0000006f)
core   0: 3 0x800000c4 (0x0000006f)
core   0: 3 0x800000c4 (0x0000006f)
core   0: 3 0x800000c4 (0x0000006f)
core   0: 3 0x800000c4 (0x0000006f)
core   0: 3 0x800000c4 (0x0000006f)
core   0: 3 0x800000c4 (0x0000006f)
core   0: 3 0x800000c4 (0x0000006f)
core   0: 3 0x800000c4 (0x0000006f)
core   0: 3 0x800000c4 (0x0000006f)
core   0: 3 0x800000c4 (0x0000006f)
core   0: 3 0x800000c4 (0x0000006f)
core   0: 3 0x800000c4 (0x0000006f)
core   0: 3 0x800000c4 (0x0000006f)
core   0: 3 0x800000c4 (0x0000006f)
core   0: 3 0x800000c4 (0x0000006f)
core   0: 3 0x800000c4 (0x0000006f)
core   0: 3 0x800000c4 (0x0000006f)
core   0: 3 0x800000c4 (0x0000006f)
core   0: 3 0x800000c4 (0x0000006f)
core   0: 3 0x800000c4 (0x0000006f)
core   0: 3 0x800000c4 (0x0000006f)
core   0: 3 0x800000c4 (0x0000006f)
core   0: 3 0x800000c4 (0x0000006f)
core   0: 3 0x800000c4 (0x0000006f)
core   0: 3 0x800000c4 (0x0000006f)
core   0: 3 0x800000c4 (0x0000006f)
core   0: 3 0x800000c4 (0x0000006f)
core   0: 3 0x800000c4 (0x0000006f)
core   0: 3 0x800000c4 (0x0000006f)
core   0: 3 0x800000c4 (0x0000006f)
core   0: 3 0x800000c4 (0x0000006f)
core   0: 3 0x800000c4 (0x0000006f)
core   0: 3 0x800000c4 (0x0000006f)
core   0: 3 0x800000c4 (0x0000006f)
core   0: 3 0x800000c4 (0x0000006f)
core   0: 3 0x800000c4 (0x0000006f)
core   0: 3 0x800000c4 (0x0000006f)
core   0: 3 0x800000c4 (0x0000006f)
core   0: 3 0x800000c4 (0x0000006f)
core   0: 3 0x800000c4 (0x0000006f)
core   0: 3 0x800000c4 (0x0000006f)
core   0: 3 0x800000c4 (0x0000006f)
core   0: 3 0x800000c4 (0x0000006f)
core   0: 3 0x800000c4 (0x0000006f)
core   0: 3 0x800000c4 (0x0000006f)
core   0: 3 0x800000c4 (0x0000006f)
core   0: 3 0x800000c4 (0x0000006f)
core   0: 3 0x800000c4 (0x0000006f)
core   0: 3 0x800000c4 (0x0000006f)
core   0: 3 0x800000c4 (0x0000006f)
core   0: 3 0x800000c4 (0x0000006f)
core   0: 3 0x800000c4 (0x0000006f)
core   0: 3 0x800000c4 (0x0000006f)
core   0: 3 0x800000c4 (0x0000006f)
core   0: 3 0x800000c4 (0x0000006f)
core   0: 3 0x800000c4 (0x0000006f)
core   0: 3 0x800000c4 (0x0000006f)
core   0: 3 0x800000c4 (0x0000006f)
core   0: 3 0x800000c4 (0x0000006f)
core   0: 3 0x800000c4 (0x0000006f)
core   0: 3 0x800000c4 (0x0000006f)
core   0: 3 0x800000c4 (0x0000006f)
core   0: 3 0x800000c4 (0x0000006f)
core   0: 3 0x800000c4 (0x0000006f)
core   0: 3 0x800000c4 (0x0000006f)
core   0: 3 0x800000c4 (0x0000006f)
core   0: 3 0x800000c4 (0x0000006f)
core   0: 3 0x800000c4 (0x0000006f)
core   0: 3 0x800000c4 (0x0000006f)
core   0: 3 0x800000c4 (0x0000006f)
core   0: 3 0x800000c4 (0x0000006f)
core   0: 3 0x800000c4 (0x0000006f)
core   0: 3 0x800000c4 (0x0000006f)
core   0: 3 0x800000c4 (0x0000006f)
core   0: 3 0x800000c4 (0x0000006f)
core   0: 3 0x800000c4 (0x0000006f)
core   0: 3 0x800000c4 (0x0000006f)
core   0: 3 0x800000c4 (0x0000006f)
core   0: 3 0x800000c4 (0x0000006f)
core   0: 3 0x800000c4 (0x0000006f)
core   0: 3 0x800000c4 (0x0000006f)
core   0: 3 0x800000c4 (0x0000006f)
core   0: 3 0x800000c4 (0x0000006f)
core   0: 3 0x800000c4 (0x0000006f)
core   0: 3 0x800000c4 (0x0000006f)
core   0: 3 0x800000c4 (0x0000006f)
core   0: 3 0x800000c4 (0x0000006f)
core   0: 3 0x800000c4 (0x0000006f)
core   0: 3 0x800000c4 (0x0000006f)
core   0: 3 0x800000c4 (0x0000006f)
core   0: 3 0x800000c4 (0x0000006f)
core   0: 3 0x800000c4 (0x0000006f)
core   0: 3 0x800000c4 (0x0000006f)
core   0: 3 0x800000c4 (0x0000006f)
core   0: 3 0x800000c4 (0x0000006f)
core   0: 3 0x800000c4 (0x0000006f)
core   0: 3 0x800000c4 (0x0000006f)
core   0: 3 0x800000c4 (0x0000006f)
core   0: 3 0x800000c4 (0x0000006f)
core   0: 3 0x800000c4 (0x0000006f)
core   0: 3 0x800000c4 (0x0000006f)
core   0: 3 0x800000c4 (0x0000006f)
core   0: 3 0x800000c4 (0x0000006f)
core   0: 3 0x800000c4 (0x0000006f)
core   0: 3 0x800000c4 (0x0000006f)
core   0: 3 0x800000c4 (0x0000006f)
core   0: 3 0x800000c4 (0x0000006f)
core   0: 3 0x800000c4 (0x0000006f)
core   0: 3 0x800000c4 (0x0000006f)
core   0: 3 0x800000c4 (0x0000006f)
core   0: 3 0x800000c4 (0x0000006f)
core   0: 3 0x800000c4 (0x0000006f)
core   0: 3 0x800000c4 (0x0000006f)
core   0: 3 0x800000c4 (0x0000006f)
core   0: 3 0x800000c4 (0x0000006f)
core   0: 3 0x800000c4 (0x0000006f)
core   0: 3 0x800000c4 (0x0000006f)
core   0: 3 0x800000c4 (0x0000006f)
core   0: 3 0x800000c4 (0x0000006f)
core   0: 3 0x800000c4 (0x0000006f)
core   0: 3 0x800000c4 (0x0000006f)
core   0: 3 0x800000c4 (0x0000006f)
core   0: 3 0x800000c4 (0x0000006f)
core   0: 3 0x800000c4 (0x0000006f)
core   0: 3 0x800000c4 (0x0000006f)
core   0: 3 0x800000c4 (0x0000006f)
core   0: 3 0x800000c4 (0x0000006f)
core   0: 3 0x800000c4 (0x0000006f)
core   0: 3 0x800000c4 (0x0000006f)
core   0: 3 0x800000c4 (0x0000006f)
core   0: 3 0x800000c4 (0x0000006f)
core   0: 3 0x800000c4 (0x0000006f)
core   0: 3 0x800000c4 (0x0000006f)
core   0: 3 0x800000c4 (0x0000006f)
core   0: 3 0x800000c4 (0x0000006f)
core   0: 3 0x800000c4 (0x0000006f)
core   0: 3 0x800000c4 (0x0000006f)
core   0: 3 0x800000c4 (0x0000006f)
core   0: 3 0x800000c4 (0x0000006f)
core   0: 3 0x800000c4 (0x0000006f)
core   0: 3 0x800000c4 (0x0000006f)
core   0: 3 0x800000c4 (0x0000006f)
core   0: 3 0x800000c4 (0x0000006f)
core   0: 3 0x800000c4 (0x0000006f)
core   0: 3 0x800000c4 (0x0000006f)
core   0: 3 0x800000c4 (0x0000006f)
core   0: 3 0x800000c4 (0x0000006f)
core   0: 3 0x800000c4 (0x0000006f)
core   0: 3 0x800000c4 (0x0000006f)
core   0: 3 0x800000c4 (0x0000006f)
core   0: 3 0x800000c4 (0x0000006f)
core   0: 3 0x800000c4 (0x0000006f)
core   0: 3 0x800000c4 (0x0000006f)
core   0: 3 0x800000c4 (0x0000006f)
core   0: 3 0x800000c4 (0x0000006f)
core   0: 3 0x800000c4 (0x0000006f)
core   0: 3 0x800000c4 (0x0000006f)
core   0: 3 0x800000c4 (0x0000006f)
core   0: 3 0x800000c4 (0x0000006f)
core   0: 3 0x800000c4 (0x0000006f)
core   0: 3 0x800000c4 (0x0000006f)
core   0: 3 0x800000c4 (0x0000006f)
core   0: 3 0x800000c4 (0x0000006f)
core   0: 3 0x800000c4 (0x0000006f)
core   0: 3 0x800000c4 (0x0000006f)
core   0: 3 0x800000c4 (0x0000006f)
core   0: 3 0x800000c4 (0x0000006f)
core   0: 3 0x800000c4 (0x0000006f)
core   0: 3 0x800000c4 (0x0000006f)
core   0: 3 0x800000c4 (0x0000006f)
core   0: 3 0x800000c4 (0x0000006f)
core   0: 3 0x800000c4 (0x0000006f)
core   0: 3 0x800000c4 (0x0000006f)
core   0: 3 0x800000c4 (0x0000006f)
core   0: 3 0x800000c4 (0x0000006f)
core   0: 3 0x800000c4 (0x0000006f)
core   0: 3 0x800000c4 (0x0000006f)
core   0: 3 0x800000c4 (0x0000006f)
core   0: 3 0x800000c4 (0x0000006f)
core   0: 3 0x800000c4 (0x0000006f)
core   0: 3 0x800000c4 (0x0000006f)
core   0: 3 0x800000c4 (0x0000006f)
core   0: 3 0x800000c4 (0x0000006f)
core   0: 3 0x800000c4 (0x0000006f)
core   0: 3 0x800000c4 (0x0000006f)
core   0: 3 0x800000c4 (0x0000006f)
core   0: 3 0x800000c4 (0x0000006f)
core   0: 3 0x800000c4 (0x0000006f)
core   0: 3 0x800000c4 (0x0000006f)
core   0: 3 0x800000c4 (0x0000006f)
core   0: 3 0x800000c4 (0x0000006f)
core   0: 3 0x800000c4 (0x0000006f)
core   0: 3 0x800000c4 (0x0000006f)
core   0: 3 0x800000c4 (0x0000006f)
core   0: 3 0x800000c4 (0x0000006f)
core   0: 3 0x800000c4 (0x0000006f)
core   0: 3 0x800000c4 (0x0000006f)
core   0: 3 0x800000c4 (0x0000006f)
core   0: 3 0x800000c4 (0x0000006f)
core   0: 3 0x800000c4 (0x0000006f)
core   0: 3 0x800000c4 (0x0000006f)
core   0: 3 0x800000c4 (0x0000006f)
core   0: 3 0x800000c4 (0x0000006f)
core   0: 3 0x800000c4 (0x0000006f)
core   0: 3 0x800000c4 (0x0000006f)
core   0: 3 0x800000c4 (0x0000006f)
core   0: 3 0x800000c4 (0x0000006f)
core   0: 3 0x800000c4 (0x0000006f)
core   0: 3 0x800000c4 (0x0000006f)
core   0: 3 0x800000c4 (0x0000006f)
core   0: 3 0x800000c4 (0x0000006f)
core   0: 3 0x800000c4 (0x0000006f)
core   0: 3 0x800000c4 (0x0000006f)
core   0: 3 0x800000c4 (0x0000006f)
core   0: 3 0x800000c4 (0x0000006f)
core   0: 3 0x800000c4 (0x0000006f)
core   0: 3 0x800000c4 (0x0000006f)
core   0: 3 0x800000c4 (0x0000006f)
core   0: 3 0x800000c4 (0x0000006f)
core   0: 3 0x800000c4 (0x0000006f)
core   0: 3 0x800000c4 (0x0000006f)
core   0: 3 0x800000c4 (0x0000006f)
core   0: 3 0x800000c4 (0x0000006f)
core   0: 3 0x800000c4 (0x0000006f)
core   0: 3 0x800000c4 (0x0000006f)
core   0: 3 0x800000c4 (0x0000006f)
core   0: 3 0x800000c4 (0x0000006f)
core   0: 3 0x800000c4 (0x0000006f)
core   0: 3 0x800000c4 (0x0000006f)
core   0: 3 0x800000c4 (0x0000006f)
core   0: 3 0x800000c4 (0x0000006f)
core   0: 3 0x800000c4 (0x0000006f)
core   0: 3 0x800000c4 (0x0000006f)
core   0: 3 0x800000c4 (0x0000006f)
core   0: 3 0x800000c4 (0x0000006f)
core   0: 3 0x800000c4 (0x0000006f)
core   0: 3 0x800000c4 (0x0000006f)
core   0: 3 0x800000c4 (0x0000006f)
core   0: 3 0x800000c4 (0x0000006f)
core   0: 3 0x800000c4 (0x0000006f)
core   0: 3 0x800000c4 (0x0000006f)
core   0: 3 0x800000c4 (0x0000006f)
core   0: 3 0x800000c4 (0x0000006f)
core   0: 3 0x800000c4 (0x0000006f)
core   0: 3 0x800000c4 (0x0000006f)
core   0: 3 0x800000c4 (0x0000006f)
core   0: 3 0x800000c4 (0x0000006f)
core   0: 3 0x800000c4 (0x0000006f)
core   0: 3 0x800000c4 (0x0000006f)
core   0: 3 0x800000c4 (0x0000006f)
core   0: 3 0x800000c4 (0x0000006f)
core   0: 3 0x800000c4 (0x0000006f)
core   0: 3 0x800000c4 (0x0000006f)
core   0: 3 0x800000c4 (0x0000006f)
core   0: 3 0x800000c4 (0x0000006f)
core   0: 3 0x800000c4 (0x0000006f)
core   0: 3 0x800000c4 (0x0000006f)
core   0: 3 0x800000c4 (0x0000006f)
core   0: 3 0x800000c4 (0x0000006f)
core   0: 3 0x800000c4 (0x0000006f)
core   0: 3 0x800000c4 (0x0000006f)
core   0: 3 0x800000c4 (0x0000006f)
core   0: 3 0x800000c4 (0x0000006f)
core   0: 3 0x800000c4 (0x0000006f)
core   0: 3 0x800000c4 (0x0000006f)
core   0: 3 0x800000c4 (0x0000006f)
core   0: 3 0x800000c4 (0x0000006f)
core   0: 3 0x800000c4 (0x0000006f)
core   0: 3 0x800000c4 (0x0000006f)
core   0: 3 0x800000c4 (0x0000006f)
core   0: 3 0x800000c4 (0x0000006f)
core   0: 3 0x800000c4 (0x0000006f)
core   0: 3 0x800000c4 (0x0000006f)
core   0: 3 0x800000c4 (0x0000006f)
core   0: 3 0x800000c4 (0x0000006f)
core   0: 3 0x800000c4 (0x0000006f)
core   0: 3 0x800000c4 (0x0000006f)
core   0: 3 0x800000c4 (0x0000006f)
core   0: 3 0x800000c4 (0x0000006f)
core   0: 3 0x800000c4 (0x0000006f)
core   0: 3 0x800000c4 (0x0000006f)
core   0: 3 0x800000c4 (0x0000006f)
core   0: 3 0x800000c4 (0x0000006f)
core   0: 3 0x800000c4 (0x0000006f)
core   0: 3 0x800000c4 (0x0000006f)
core   0: 3 0x800000c4 (0x0000006f)
core   0: 3 0x800000c4 (0x0000006f)
core   0: 3 0x800000c4 (0x0000006f)
core   0: 3 0x800000c4 (0x0000006f)
core   0: 3 0x800000c4 (0x0000006f)
core   0: 3 0x800000c4 (0x0000006f)
core   0: 3 0x800000c4 (0x0000006f)
core   0: 3 0x800000c4 (0x0000006f)
core   0: 3 0x800000c4 (0x0000006f)
core   0: 3 0x800000c4 (0x0000006f)
core   0: 3 0x800000c4 (0x0000006f)
core   0: 3 0x800000c4 (0x0000006f)
core   0: 3 0x800000c4 (0x0000006f)
core   0: 3 0x800000c4 (0x0000006f)
core   0: 3 0x800000c4 (0x0000006f)
core   0: 3 0x800000c4 (0x0000006f)
core   0: 3 0x800000c4 (0x0000006f)
core   0: 3 0x800000c4 (0x0000006f)
core   0: 3 0x800000c4 (0x0000006f)
core   0: 3 0x800000c4 (0x0000006f)
core   0: 3 0x800000c4 (0x0000006f)
core   0: 3 0x800000c4 (0x0000006f)
core   0: 3 0x800000c4 (0x0000006f)
core   0: 3 0x800000c4 (0x0000006f)
core   0: 3 0x800000c4 (0x0000006f)
core   0: 3 0x800000c4 (0x0000006f)
core   0: 3 0x800000c4 (0x0000006f)
core   0: 3 0x800000c4 (0x0000006f)
core   0: 3 0x800000c4 (0x0000006f)
core   0: 3 0x800000c4 (0x0000006f)
core   0: 3 0x800000c4 (0x0000006f)
core   0: 3 0x800000c4 (0x0000006f)
core   0: 3 0x800000c4 (0x0000006f)
core   0: 3 0x800000c4 (0x0000006f)
core   0: 3 0x800000c4 (0x0000006f)
core   0: 3 0x800000c4 (0x0000006f)
core   0: 3 0x800000c4 (0x0000006f)
core   0: 3 0x800000c4 (0x0000006f)
core   0: 3 0x800000c4 (0x0000006f)
core   0: 3 0x800000c4 (0x0000006f)
core   0: 3 0x800000c4 (0x0000006f)
core   0: 3 0x800000c4 (0x0000006f)
core   0: 3 0x800000c4 (0x0000006f)
core   0: 3 0x800000c4 (0x0000006f)
core   0: 3 0x800000c4 (0x0000006f)
core   0: 3 0x800000c4 (0x0000006f)
core   0: 3 0x800000c4 (0x0000006f)
core   0: 3 0x800000c4 (0x0000006f)
core   0: 3 0x800000c4 (0x0000006f)
core   0: 3 0x800000c4 (0x0000006f)
core   0: 3 0x800000c4 (0x0000006f)
core   0: 3 0x800000c4 (0x0000006f)
core   0: 3 0x800000c4 (0x0000006f)
core   0: 3 0x800000c4 (0x0000006f)
core   0: 3 0x800000c4 (0x0000006f)
core   0: 3 0x800000c4 (0x0000006f)
core   0: 3 0x800000c4 (0x0000006f)
core   0: 3 0x800000c4 (0x0000006f)
core   0: 3 0x800000c4 (0x0000006f)
core   0: 3 0x800000c4 (0x0000006f)
core   0: 3 0x800000c4 (0x0000006f)
core   0: 3 0x800000c4 (0x0000006f)
core   0: 3 0x800000c4 (0x0000006f)
core   0: 3 0x800000c4 (0x0000006f)
core   0: 3 0x800000c4 (0x0000006f)
core   0: 3 0x800000c4 (0x0000006f)
core   0: 3 0x800000c4 (0x0000006f)
core   0: 3 0x800000c4 (0x0000006f)
core   0: 3 0x800000c4 (0x0000006f)
core   0: 3 0x800000c4 (0x0000006f)
core   0: 3 0x800000c4 (0x0000006f)
core   0: 3 0x800000c4 (0x0000006f)
core   0: 3 0x800000c4 (0x0000006f)
core   0: 3 0x800000c4 (0x0000006f)
core   0: 3 0x800000c4 (0x0000006f)
core   0: 3 0x800000c4 (0x0000006f)
core   0: 3 0x800000c4 (0x0000006f)
core   0: 3 0x800000c4 (0x0000006f)
core   0: 3 0x800000c4 (0x0000006f)
core   0: 3 0x800000c4 (0x0000006f)
core   0: 3 0x800000c4 (0x0000006f)
core   0: 3 0x800000c4 (0x0000006f)
core   0: 3 0x800000c4 (0x0000006f)
core   0: 3 0x800000c4 (0x0000006f)
core   0: 3 0x800000c4 (0x0000006f)
core   0: 3 0x800000c4 (0x0000006f)
core   0: 3 0x800000c4 (0x0000006f)
core   0: 3 0x800000c4 (0x0000006f)
core   0: 3 0x800000c4 (0x0000006f)
core   0: 3 0x800000c4 (0x0000006f)
core   0: 3 0x800000c4 (0x0000006f)
core   0: 3 0x800000c4 (0x0000006f)
core   0: 3 0x800000c4 (0x0000006f)
core   0: 3 0x800000c4 (0x0000006f)
core   0: 3 0x800000c4 (0x0000006f)
core   0: 3 0x800000c4 (0x0000006f)
core   0: 3 0x800000c4 (0x0000006f)
core   0: 3 0x800000c4 (0x0000006f)
core   0: 3 0x800000c4 (0x0000006f)
core   0: 3 0x800000c4 (0x0000006f)
core   0: 3 0x800000c4 (0x0000006f)
core   0: 3 0x800000c4 (0x0000006f)
core   0: 3 0x800000c4 (0x0000006f)
core   0: 3 0x800000c4 (0x0000006f)
core   0: 3 0x800000c4 (0x0000006f)
core   0: 3 0x800000c4 (0x0000006f)
core   0: 3 0x800000c4 (0x0000006f)
core   0: 3 0x800000c4 (0x0000006f)
core   0: 3 0x800000c4 (0x0000006f)
core   0: 3 0x800000c4 (0x0000006f)
core   0: 3 0x800000c4 (0x0000006f)
core   0: 3 0x800000c4 (0x0000006f)
core   0: 3 0x800000c4 (0x0000006f)
core   0: 3 0x800000c4 (0x0000006f)
core   0: 3 0x800000c4 (0x0000006f)
core   0: 3 0x800000c4 (0x0000006f)
core   0: 3 0x800000c4 (0x0000006f)
core   0: 3 0x800000c4 (0x0000006f)
core   0: 3 0x800000c4 (0x0000006f)
core   0: 3 0x800000c4 (0x0000006f)
core   0: 3 0x800000c4 (0x0000006f)
core   0: 3 0x800000c4 (0x0000006f)
core   0: 3 0x800000c4 (0x0000006f)
core   0: 3 0x800000c4 (0x0000006f)
core   0: 3 0x800000c4 (0x0000006f)
core   0: 3 0x800000c4 (0x0000006f)
core   0: 3 0x800000c4 (0x0000006f)
core   0: 3 0x800000c4 (0x0000006f)
core   0: 3 0x800000c4 (0x0000006f)
core   0: 3 0x800000c4 (0x0000006f)
core   0: 3 0x800000c4 (0x0000006f)
core   0: 3 0x800000c4 (0x0000006f)
core   0: 3 0x800000c4 (0x0000006f)
core   0: 3 0x800000c4 (0x0000006f)
core   0: 3 0x800000c4 (0x0000006f)
core   0: 3 0x800000c4 (0x0000006f)
core   0: 3 0x800000c4 (0x0000006f)
core   0: 3 0x800000c4 (0x0000006f)
core   0: 3 0x800000c4 (0x0000006f)
core   0: 3 0x800000c4 (0x0000006f)
core   0: 3 0x800000c4 (0x0000006f)
core   0: 3 0x800000c4 (0x0000006f)
core   0: 3 0x800000c4 (0x0000006f)
core   0: 3 0x800000c4 (0x0000006f)
core   0: 3 0x800000c4 (0x0000006f)
core   0: 3 0x800000c4 (0x0000006f)
core   0: 3 0x800000c4 (0x0000006f)
core   0: 3 0x800000c4 (0x0000006f)
core   0: 3 0x800000c4 (0x0000006f)
core   0: 3 0x800000c4 (0x0000006f)
core   0: 3 0x800000c4 (0x0000006f)
core   0: 3 0x800000c4 (0x0000006f)
core   0: 3 0x800000c4 (0x0000006f)
core   0: 3 0x800000c4 (0x0000006f)
core   0: 3 0x800000c4 (0x0000006f)
core   0: 3 0x800000c4 (0x0000006f)
core   0: 3 0x800000c4 (0x0000006f)
core   0: 3 0x800000c4 (0x0000006f)
core   0: 3 0x800000c4 (0x0000006f)
core   0: 3 0x800000c4 (0x0000006f)
core   0: 3 0x800000c4 (0x0000006f)
core   0: 3 0x800000c4 (0x0000006f)
core   0: 3 0x800000c4 (0x0000006f)
core   0: 3 0x800000c4 (0x0000006f)
core   0: 3 0x800000c4 (0x0000006f)
core   0: 3 0x800000c4 (0x0000006f)
core   0: 3 0x800000c4 (0x0000006f)
core   0: 3 0x800000c4 (0x0000006f)
core   0: 3 0x800000c4 (0x0000006f)
core   0: 3 0x800000c4 (0x0000006f)
core   0: 3 0x800000c4 (0x0000006f)
core   0: 3 0x800000c4 (0x0000006f)
core   0: 3 0x800000c4 (0x0000006f)
core   0: 3 0x800000c4 (0x0000006f)
core   0: 3 0x800000c4 (0x0000006f)
core   0: 3 0x800000c4 (0x0000006f)
core   0: 3 0x800000c4 (0x0000006f)
core   0: 3 0x800000c4 (0x0000006f)
core   0: 3 0x800000c4 (0x0000006f)
core   0: 3 0x800000c4 (0x0000006f)
core   0: 3 0x800000c4 (0x0000006f)
core   0: 3 0x800000c4 (0x0000006f)
core   0: 3 0x800000c4 (0x0000006f)
core   0: 3 0x800000c4 (0x0000006f)
core   0: 3 0x800000c4 (0x0000006f)
core   0: 3 0x800000c4 (0x0000006f)
core   0: 3 0x800000c4 (0x0000006f)
core   0: 3 0x800000c4 (0x0000006f)
core   0: 3 0x800000c4 (0x0000006f)
core   0: 3 0x800000c4 (0x0000006f)
core   0: 3 0x800000c4 (0x0000006f)
core   0: 3 0x800000c4 (0x0000006f)
core   0: 3 0x800000c4 (0x0000006f)
core   0: 3 0x800000c4 (0x0000006f)
core   0: 3 0x800000c4 (0x0000006f)
core   0: 3 0x800000c4 (0x0000006f)
core   0: 3 0x800000c4 (0x0000006f)
core   0: 3 0x800000c4 (0x0000006f)
core   0: 3 0x800000c4 (0x0000006f)
core   0: 3 0x800000c4 (0x0000006f)
core   0: 3 0x800000c4 (0x0000006f)
core   0: 3 0x800000c4 (0x0000006f)
core   0: 3 0x800000c4 (0x0000006f)
core   0: 3 0x800000c4 (0x0000006f)
core   0: 3 0x800000c4 (0x0000006f)
core   0: 3 0x800000c4 (0x0000006f)
core   0: 3 0x800000c4 (0x0000006f)
core   0: 3 0x800000c4 (0x0000006f)
core   0: 3 0x800000c4 (0x0000006f)
core   0: 3 0x800000c4 (0x0000006f)
core   0: 3 0x800000c4 (0x0000006f)
core   0: 3 0x800000c4 (0x0000006f)
core   0: 3 0x800000c4 (0x0000006f)
core   0: 3 0x800000c4 (0x0000006f)
core   0: 3 0x800000c4 (0x0000006f)
core   0: 3 0x800000c4 (0x0000006f)
core   0: 3 0x800000c4 (0x0000006f)
core   0: 3 0x800000c4 (0x0000006f)
core   0: 3 0x800000c4 (0x0000006f)
core   0: 3 0x800000c4 (0x0000006f)
core   0: 3 0x800000c4 (0x0000006f)
core   0: 3 0x800000c4 (0x0000006f)
core   0: 3 0x800000c4 (0x0000006f)
core   0: 3 0x800000c4 (0x0000006f)
core   0: 3 0x800000c4 (0x0000006f)
core   0: 3 0x800000c4 (0x0000006f)
core   0: 3 0x800000c4 (0x0000006f)
core   0: 3 0x800000c4 (0x0000006f)
core   0: 3 0x800000c4 (0x0000006f)
core   0: 3 0x800000c4 (0x0000006f)
core   0: 3 0x800000c4 (0x0000006f)
core   0: 3 0x800000c4 (0x0000006f)
core   0: 3 0x800000c4 (0x0000006f)
core   0: 3 0x800000c4 (0x0000006f)
core   0: 3 0x800000c4 (0x0000006f)
core   0: 3 0x800000c4 (0x0000006f)
core   0: 3 0x800000c4 (0x0000006f)
core   0: 3 0x800000c4 (0x0000006f)
core   0: 3 0x800000c4 (0x0000006f)
core   0: 3 0x800000c4 (0x0000006f)
core   0: 3 0x800000c4 (0x0000006f)
core   0: 3 0x800000c4 (0x0000006f)
core   0: 3 0x800000c4 (0x0000006f)
core   0: 3 0x800000c4 (0x0000006f)
core   0: 3 0x800000c4 (0x0000006f)
core   0: 3 0x800000c4 (0x0000006f)
core   0: 3 0x800000c4 (0x0000006f)
core   0: 3 0x800000c4 (0x0000006f)
core   0: 3 0x800000c4 (0x0000006f)
core   0: 3 0x800000c4 (0x0000006f)
core   0: 3 0x800000c4 (0x0000006f)
core   0: 3 0x800000c4 (0x0000006f)
core   0: 3 0x800000c4 (0x0000006f)
core   0: 3 0x800000c4 (0x0000006f)
core   0: 3 0x800000c4 (0x0000006f)
core   0: 3 0x800000c4 (0x0000006f)
core   0: 3 0x800000c4 (0x0000006f)
core   0: 3 0x800000c4 (0x0000006f)
core   0: 3 0x800000c4 (0x0000006f)
core   0: 3 0x800000c4 (0x0000006f)
core   0: 3 0x800000c4 (0x0000006f)
core   0: 3 0x800000c4 (0x0000006f)
core   0: 3 0x800000c4 (0x0000006f)
core   0: 3 0x800000c4 (0x0000006f)
core   0: 3 0x800000c4 (0x0000006f)
core   0: 3 0x800000c4 (0x0000006f)
core   0: 3 0x800000c4 (0x0000006f)
core   0: 3 0x800000c4 (0x0000006f)
core   0: 3 0x800000c4 (0x0000006f)
core   0: 3 0x800000c4 (0x0000006f)
core   0: 3 0x800000c4 (0x0000006f)
core   0: 3 0x800000c4 (0x0000006f)
core   0: 3 0x800000c4 (0x0000006f)
core   0: 3 0x800000c4 (0x0000006f)
core   0: 3 0x800000c4 (0x0000006f)
core   0: 3 0x800000c4 (0x0000006f)
core   0: 3 0x800000c4 (0x0000006f)
core   0: 3 0x800000c4 (0x0000006f)
core   0: 3 0x800000c4 (0x0000006f)
core   0: 3 0x800000c4 (0x0000006f)
core   0: 3 0x800000c4 (0x0000006f)
core   0: 3 0x800000c4 (0x0000006f)
core   0: 3 0x800000c4 (0x0000006f)
core   0: 3 0x800000c4 (0x0000006f)
core   0: 3 0x800000c4 (0x0000006f)
core   0: 3 0x800000c4 (0x0000006f)
core   0: 3 0x800000c4 (0x0000006f)
core   0: 3 0x800000c4 (0x0000006f)
core   0: 3 0x800000c4 (0x0000006f)
core   0: 3 0x800000c4 (0x0000006f)
core   0: 3 0x800000c4 (0x0000006f)
core   0: 3 0x800000c4 (0x0000006f)
core   0: 3 0x800000c4 (0x0000006f)
core   0: 3 0x800000c4 (0x0000006f)
core   0: 3 0x800000c4 (0x0000006f)
core   0: 3 0x800000c4 (0x0000006f)
core   0: 3 0x800000c4 (0x0000006f)
core   0: 3 0x800000c4 (0x0000006f)
core   0: 3 0x800000c4 (0x0000006f)
core   0: 3 0x800000c4 (0x0000006f)
core   0: 3 0x800000c4 (0x0000006f)
core   0: 3 0x800000c4 (0x0000006f)
core   0: 3 0x800000c4 (0x0000006f)
core   0: 3 0x800000c4 (0x0000006f)
core   0: 3 0x800000c4 (0x0000006f)
core   0: 3 0x800000c4 (0x0000006f)
core   0: 3 0x800000c4 (0x0000006f)
core   0: 3 0x800000c4 (0x0000006f)
core   0: 3 0x800000c4 (0x0000006f)
core   0: 3 0x800000c4 (0x0000006f)
core   0: 3 0x800000c4 (0x0000006f)
core   0: 3 0x800000c4 (0x0000006f)
core   0: 3 0x800000c4 (0x0000006f)
core   0: 3 0x800000c4 (0x0000006f)
core   0: 3 0x800000c4 (0x0000006f)
core   0: 3 0x800000c4 (0x0000006f)
core   0: 3 0x800000c4 (0x0000006f)
core   0: 3 0x800000c4 (0x0000006f)
core   0: 3 0x800000c4 (0x0000006f)
core   0: 3 0x800000c4 (0x0000006f)
core   0: 3 0x800000c4 (0x0000006f)
core   0: 3 0x800000c4 (0x0000006f)
core   0: 3 0x800000c4 (0x0000006f)
core   0: 3 0x800000c4 (0x0000006f)
core   0: 3 0x800000c4 (0x0000006f)
core   0: 3 0x800000c4 (0x0000006f)
core   0: 3 0x800000c4 (0x0000006f)
core   0: 3 0x800000c4 (0x0000006f)
core   0: 3 0x800000c4 (0x0000006f)
core   0: 3 0x800000c4 (0x0000006f)
core   0: 3 0x800000c4 (0x0000006f)
core   0: 3 0x800000c4 (0x0000006f)
core   0: 3 0x800000c4 (0x0000006f)
core   0: 3 0x800000c4 (0x0000006f)
core   0: 3 0x800000c4 (0x0000006f)
core   0: 3 0x800000c4 (0x0000006f)
core   0: 3 0x800000c4 (0x0000006f)
core   0: 3 0x800000c4 (0x0000006f)
core   0: 3 0x800000c4 (0x0000006f)
core   0: 3 0x800000c4 (0x0000006f)
core   0: 3 0x800000c4 (0x0000006f)
core   0: 3 0x800000c4 (0x0000006f)
core   0: 3 0x800000c4 (0x0000006f)
core   0: 3 0x800000c4 (0x0000006f)
core   0: 3 0x800000c4 (0x0000006f)
core   0: 3 0x800000c4 (0x0000006f)
core   0: 3 0x800000c4 (0x0000006f)
core   0: 3 0x800000c4 (0x0000006f)
core   0: 3 0x800000c4 (0x0000006f)
core   0: 3 0x800000c4 (0x0000006f)
core   0: 3 0x800000c4 (0x0000006f)
core   0: 3 0x800000c4 (0x0000006f)
core   0: 3 0x800000c4 (0x0000006f)
core   0: 3 0x800000c4 (0x0000006f)
core   0: 3 0x800000c4 (0x0000006f)
core   0: 3 0x800000c4 (0x0000006f)
core   0: 3 0x800000c4 (0x0000006f)
core   0: 3 0x800000c4 (0x0000006f)
core   0: 3 0x800000c4 (0x0000006f)
core   0: 3 0x800000c4 (0x0000006f)
core   0: 3 0x800000c4 (0x0000006f)
core   0: 3 0x800000c4 (0x0000006f)
core   0: 3 0x800000c4 (0x0000006f)
core   0: 3 0x800000c4 (0x0000006f)
core   0: 3 0x800000c4 (0x0000006f)
core   0: 3 0x800000c4 (0x0000006f)
core   0: 3 0x800000c4 (0x0000006f)
core   0: 3 0x800000c4 (0x0000006f)
core   0: 3 0x800000c4 (0x0000006f)
core   0: 3 0x800000c4 (0x0000006f)
core   0: 3 0x800000c4 (0x0000006f)
core   0: 3 0x800000c4 (0x0000006f)
core   0: 3 0x800000c4 (0x0000006f)
core   0: 3 0x800000c4 (0x0000006f)
core   0: 3 0x800000c4 (0x0000006f)
core   0: 3 0x800000c4 (0x0000006f)
core   0: 3 0x800000c4 (0x0000006f)
core   0: 3 0x800000c4 (0x0000006f)
core   0: 3 0x800000c4 (0x0000006f)
core   0: 3 0x800000c4 (0x0000006f)
core   0: 3 0x800000c4 (0x0000006f)
core   0: 3 0x800000c4 (0x0000006f)
core   0: 3 0x800000c4 (0x0000006f)
core   0: 3 0x800000c4 (0x0000006f)
core   0: 3 0x800000c4 (0x0000006f)
core   0: 3 0x800000c4 (0x0000006f)
core   0: 3 0x800000c4 (0x0000006f)
core   0: 3 0x800000c4 (0x0000006f)
core   0: 3 0x800000c4 (0x0000006f)
core   0: 3 0x800000c4 (0x0000006f)
core   0: 3 0x800000c4 (0x0000006f)
core   0: 3 0x800000c4 (0x0000006f)
core   0: 3 0x800000c4 (0x0000006f)
core   0: 3 0x800000c4 (0x0000006f)
core   0: 3 0x800000c4 (0x0000006f)
core   0: 3 0x800000c4 (0x0000006f)
core   0: 3 0x800000c4 (0x0000006f)
core   0: 3 0x800000c4 (0x0000006f)
core   0: 3 0x800000c4 (0x0000006f)
core   0: 3 0x800000c4 (0x0000006f)
core   0: 3 0x800000c4 (0x0000006f)
core   0: 3 0x800000c4 (0x0000006f)
core   0: 3 0x800000c4 (0x0000006f)
core   0: 3 0x800000c4 (0x0000006f)
core   0: 3 0x800000c4 (0x0000006f)
core   0: 3 0x800000c4 (0x0000006f)
core   0: 3 0x800000c4 (0x0000006f)
core   0: 3 0x800000c4 (0x0000006f)
core   0: 3 0x800000c4 (0x0000006f)
core   0: 3 0x800000c4 (0x0000006f)
core   0: 3 0x800000c4 (0x0000006f)
core   0: 3 0x800000c4 (0x0000006f)
core   0: 3 0x800000c4 (0x0000006f)
core   0: 3 0x800000c4 (0x0000006f)
core   0: 3 0x800000c4 (0x0000006f)
core   0: 3 0x800000c4 (0x0000006f)
core   0: 3 0x800000c4 (0x0000006f)
core   0: 3 0x800000c4 (0x0000006f)
core   0: 3 0x800000c4 (0x0000006f)
core   0: 3 0x800000c4 (0x0000006f)
core   0: 3 0x800000c4 (0x0000006f)
core   0: 3 0x800000c4 (0x0000006f)
core   0: 3 0x800000c4 (0x0000006f)
core   0: 3 0x800000c4 (0x0000006f)
core   0: 3 0x800000c4 (0x0000006f)
core   0: 3 0x800000c4 (0x0000006f)
core   0: 3 0x800000c4 (0x0000006f)
core   0: 3 0x800000c4 (0x0000006f)
core   0: 3 0x800000c4 (0x0000006f)
core   0: 3 0x800000c4 (0x0000006f)
core   0: 3 0x800000c4 (0x0000006f)
core   0: 3 0x800000c4 (0x0000006f)
core   0: 3 0x800000c4 (0x0000006f)
core   0: 3 0x800000c4 (0x0000006f)
core   0: 3 0x800000c4 (0x0000006f)
core   0: 3 0x800000c4 (0x0000006f)
core   0: 3 0x800000c4 (0x0000006f)
core   0: 3 0x800000c4 (0x0000006f)
core   0: 3 0x800000c4 (0x0000006f)
core   0: 3 0x800000c4 (0x0000006f)
core   0: 3 0x800000c4 (0x0000006f)
core   0: 3 0x800000c4 (0x0000006f)
core   0: 3 0x800000c4 (0x0000006f)
core   0: 3 0x800000c4 (0x0000006f)
core   0: 3 0x800000c4 (0x0000006f)
core   0: 3 0x800000c4 (0x0000006f)
core   0: 3 0x800000c4 (0x0000006f)
core   0: 3 0x800000c4 (0x0000006f)
core   0: 3 0x800000c4 (0x0000006f)
core   0: 3 0x800000c4 (0x0000006f)
core   0: 3 0x800000c4 (0x0000006f)
core   0: 3 0x800000c4 (0x0000006f)
core   0: 3 0x800000c4 (0x0000006f)
core   0: 3 0x800000c4 (0x0000006f)
core   0: 3 0x800000c4 (0x0000006f)
core   0: 3 0x800000c4 (0x0000006f)
core   0: 3 0x800000c4 (0x0000006f)
core   0: 3 0x800000c4 (0x0000006f)
core   0: 3 0x800000c4 (0x0000006f)
core   0: 3 0x800000c4 (0x0000006f)
core   0: 3 0x800000c4 (0x0000006f)
core   0: 3 0x800000c4 (0x0000006f)
core   0: 3 0x800000c4 (0x0000006f)
core   0: 3 0x800000c4 (0x0000006f)
core   0: 3 0x800000c4 (0x0000006f)
core   0: 3 0x800000c4 (0x0000006f)
core   0: 3 0x800000c4 (0x0000006f)
core   0: 3 0x800000c4 (0x0000006f)
core   0: 3 0x800000c4 (0x0000006f)
core   0: 3 0x800000c4 (0x0000006f)
core   0: 3 0x800000c4 (0x0000006f)
core   0: 3 0x800000c4 (0x0000006f)
core   0: 3 0x800000c4 (0x0000006f)
core   0: 3 0x800000c4 (0x0000006f)
core   0: 3 0x800000c4 (0x0000006f)
core   0: 3 0x800000c4 (0x0000006f)
core   0: 3 0x800000c4 (0x0000006f)
core   0: 3 0x800000c4 (0x0000006f)
core   0: 3 0x800000c4 (0x0000006f)
core   0: 3 0x800000c4 (0x0000006f)
core   0: 3 0x800000c4 (0x0000006f)
core   0: 3 0x800000c4 (0x0000006f)
core   0: 3 0x800000c4 (0x0000006f)
core   0: 3 0x800000c4 (0x0000006f)
core   0: 3 0x800000c4 (0x0000006f)
core   0: 3 0x800000c4 (0x0000006f)
core   0: 3 0x800000c4 (0x0000006f)
core   0: 3 0x800000c4 (0x0000006f)
core   0: 3 0x800000c4 (0x0000006f)
core   0: 3 0x800000c4 (0x0000006f)
core   0: 3 0x800000c4 (0x0000006f)
core   0: 3 0x800000c4 (0x0000006f)
core   0: 3 0x800000c4 (0x0000006f)
core   0: 3 0x800000c4 (0x0000006f)
core   0: 3 0x800000c4 (0x0000006f)
core   0: 3 0x800000c4 (0x0000006f)
core   0: 3 0x800000c4 (0x0000006f)
core   0: 3 0x800000c4 (0x0000006f)
core   0: 3 0x800000c4 (0x0000006f)
core   0: 3 0x800000c4 (0x0000006f)
core   0: 3 0x800000c4 (0x0000006f)
core   0: 3 0x800000c4 (0x0000006f)
core   0: 3 0x800000c4 (0x0000006f)
core   0: 3 0x800000c4 (0x0000006f)
core   0: 3 0x800000c4 (0x0000006f)
core   0: 3 0x800000c4 (0x0000006f)
core   0: 3 0x800000c4 (0x0000006f)
core   0: 3 0x800000c4 (0x0000006f)
core   0: 3 0x800000c4 (0x0000006f)
core   0: 3 0x800000c4 (0x0000006f)
core   0: 3 0x800000c4 (0x0000006f)
core   0: 3 0x800000c4 (0x0000006f)
