core   0: 3 0x00001000 (0x00000297) x5  0x00001000
core   0: 3 0x00001004 (0x02028593) x11 0x00001020
core   0: 3 0x00001008 (0xf1402573) x10 0x00000000
core   0: 3 0x0000100c (0x0182a283) x5  0x80000000 mem 0x00001018
core   0: 3 0x00001010 (0x00028067)
core   0: 3 0x80000000 (0x00000093) x1  0x00000000
core   0: 3 0x80000004 (0x00000113) x2  0x00000000
core   0: 3 0x80000008 (0x00000193) x3  0x00000000
core   0: 3 0x8000000c (0x00000213) x4  0x00000000
core   0: 3 0x80000010 (0x00000293) x5  0x00000000
core   0: 3 0x80000014 (0x00000313) x6  0x00000000
core   0: 3 0x80000018 (0x00000393) x7  0x00000000
core   0: 3 0x8000001c (0x00000413) x8  0x00000000
core   0: 3 0x80000020 (0x00000493) x9  0x00000000
core   0: 3 0x80000024 (0x00000513) x10 0x00000000
core   0: 3 0x80000028 (0x00000593) x11 0x00000000
core   0: 3 0x8000002c (0x00000613) x12 0x00000000
core   0: 3 0x80000030 (0x00000693) x13 0x00000000
core   0: 3 0x80000034 (0x00000713) x14 0x00000000
core   0: 3 0x80000038 (0x00000793) x15 0x00000000
core   0: 3 0x8000003c (0x00000813) x16 0x00000000
core   0: 3 0x80000040 (0x00000893) x17 0x00000000
core   0: 3 0x80000044 (0x00000913) x18 0x00000000
core   0: 3 0x80000048 (0x00000993) x19 0x00000000
core   0: 3 0x8000004c (0x00000a13) x20 0x00000000
core   0: 3 0x80000050 (0x00000a93) x21 0x00000000
core   0: 3 0x80000054 (0x00000b13) x22 0x00000000
core   0: 3 0x80000058 (0x00000b93) x23 0x00000000
core   0: 3 0x8000005c (0x00000c13) x24 0x00000000
core   0: 3 0x80000060 (0x00000c93) x25 0x00000000
core   0: 3 0x80000064 (0x00000d13) x26 0x00000000
core   0: 3 0x80000068 (0x00000d93) x27 0x00000000
core   0: 3 0x8000006c (0x00000e13) x28 0x00000000
core   0: 3 0x80000070 (0x00000e93) x29 0x00000000
core   0: 3 0x80000074 (0x00000f13) x30 0x00000000
core   0: 3 0x80000078 (0x00000f93) x31 0x00000000
core   0: 3 0x8000007c (0x00001197) x3  0x8000107c
core   0: 3 0x80000080 (0xa8c18193) x3  0x80000b08
core   0: 3 0x80000084 (0x00100117) x2  0x80100084
core   0: 3 0x80000088 (0xf7c10113) x2  0x80100000
core   0: 3 0x8000008c (0x00000297) x5  0x8000008c
core   0: 3 0x80000090 (0x27c28293) x5  0x80000308
core   0: 3 0x80000094 (0x00000317) x6  0x80000094
core   0: 3 0x80000098 (0x27430313) x6  0x80000308
core   0: 3 0x8000009c (0x0062f863)
core   0: 3 0x800000ac (0x01c000ef) x1  0x800000b0
core   0: 3 0x800000c8 (0xfff00413) x8  0xffffffff
core   0: 3 0x800000cc (0x00100493) x9  0x00000001
core   0: 3 0x800000d0 (0x80000937) x18 0x80000000
core   0: 3 0x800000d4 (0x800009b7) x19 0x80000000
core   0: 3 0x800000d8 (0xfff98993) x19 0x7fffffff
core   0: 3 0x800000dc (0x00100a13) x20 0x00000001
core   0: 3 0x800000e0 (0x01448663)
core   0: 3 0x800000ec (0x00940463)
core   0: 3 0x800000f0 (0x00c0006f)
core   0: 3 0x800000fc (0x00941663)
core   0: 3 0x80000108 (0x01449463)
core   0: 3 0x8000010c (0x00c0006f)
core   0: 3 0x80000118 (0x00944663)
core   0: 3 0x80000124 (0x0084c463)
core   0: 3 0x80000128 (0x00c0006f)
core   0: 3 0x80000134 (0x0144c463)
core   0: 3 0x80000138 (0x00c0006f)
core   0: 3 0x80000144 (0x01394663)
core   0: 3 0x80000150 (0x0084d663)
core   0: 3 0x8000015c (0x0144d663)
core   0: 3 0x80000168 (0x01395463)
core   0: 3 0x8000016c (0x00c0006f)
core   0: 3 0x80000178 (0x0084e663)
core   0: 3 0x80000184 (0x00946463)
core   0: 3 0x80000188 (0x00c0006f)
core   0: 3 0x80000194 (0x0144e463)
core   0: 3 0x80000198 (0x00c0006f)
core   0: 3 0x800001a4 (0x0129e663)
core   0: 3 0x800001b0 (0x00947663)
core   0: 3 0x800001bc (0x0144f663)
core   0: 3 0x800001c8 (0x0129f463)
core   0: 3 0x800001cc (0x00c0006f)
core   0: 3 0x800001d8 (0x00007663)
core   0: 3 0x800001e4 (0x00000293) x5  0x00000000
core   0: 3 0x800001e8 (0x00a00313) x6  0x0000000a
core   0: 3 0x800001ec (0x00128293) x5  0x00000001
core   0: 3 0x800001f0 (0xfe62cee3)
core   0: 3 0x800001ec (0x00128293) x5  0x00000002
core   0: 3 0x800001f0 (0xfe62cee3)
core   0: 3 0x800001ec (0x00128293) x5  0x00000003
core   0: 3 0x800001f0 (0xfe62cee3)
core   0: 3 0x800001ec (0x00128293) x5  0x00000004
core   0: 3 0x800001f0 (0xfe62cee3)
core   0: 3 0x800001ec (0x00128293) x5  0x00000005
core   0: 3 0x800001f0 (0xfe62cee3)
core   0: 3 0x800001ec (0x00128293) x5  0x00000006
core   0: 3 0x800001f0 (0xfe62cee3)
core   0: 3 0x800001ec (0x00128293) x5  0x00000007
core   0: 3 0x800001f0 (0xfe62cee3)
core   0: 3 0x800001ec (0x00128293) x5  0x00000008
core   0: 3 0x800001f0 (0xfe62cee3)
core   0: 3 0x800001ec (0x00128293) x5  0x00000009
core   0: 3 0x800001f0 (0xfe62cee3)
core   0: 3 0x800001ec (0x00128293) x5  0x0000000a
core   0: 3 0x800001f0 (0xfe62cee3)
core   0: 3 0x800001f4 (0x00a00f93) x31 0x0000000a
core   0: 3 0x800001f8 (0x01f28663)
core   0: 3 0x80000204 (0x008000ef) x1  0x80000208
core   0: 3 0x8000020c (0x00000297) x5  0x8000020c
core   0: 3 0x80000210 (0xffc28293) x5  0x80000208
core   0: 3 0x80000214 (0x06509663)
core   0: 3 0x80000218 (0x00008067)
core   0: 3 0x80000208 (0x0140006f)
core   0: 3 0x8000021c (0x00000297) x5  0x8000021c
core   0: 3 0x80000220 (0x04828293) x5  0x80000264
core   0: 3 0x80000224 (0xff828293) x5  0x8000025c
core   0: 3 0x80000228 (0x008280e7) x1  0x8000022c
core   0: 3 0x80000264 (0x00000317) x6  0x80000264
core   0: 3 0x80000268 (0xfc830313) x6  0x8000022c
core   0: 3 0x8000026c (0x00609a63)
core   0: 3 0x80000270 (0x00008067)
core   0: 3 0x8000022c (0x00000297) x5  0x8000022c
core   0: 3 0x80000230 (0x04828293) x5  0x80000274
core   0: 3 0x80000234 (0x00128293) x5  0x80000275
core   0: 3 0x80000238 (0x00028ae7) x21 0x8000023c
core   0: 3 0x80000274 (0x00006b37) x22 0x00006000
core   0: 3 0x80000278 (0x00db0b13) x22 0x0000600d
core   0: 3 0x8000027c (0x000a8067)
core   0: 3 0x8000023c (0x00006fb7) x31 0x00006000
core   0: 3 0x80000240 (0x00df8f93) x31 0x0000600d
core   0: 3 0x80000244 (0x01fb0663)
core   0: 3 0x80000250 (0x00000297) x5  0x80000250
core   0: 3 0x80000254 (0xfec28293) x5  0x8000023c
core   0: 3 0x80000258 (0x025a9463)
core   0: 3 0x8000025c (0x00000513) x10 0x00000000
core   0: 3 0x80000260 (0xe51ff06f)
core   0: 3 0x800000b0 (0x00151513) x10 0x00000000
core   0: 3 0x800000b4 (0x00156513) x10 0x00000001
core   0: 3 0x800000b8 (0x00000297) x5  0x800000b8
core   0: 3 0x800000bc (0x20828293) x5  0x800002c0
core   0: 3 0x800000c0 (0x00a2a023) mem 0x800002c0 0x00000001
core   0: 3 0x800000c4 (0x0000006f)
core   0: 3 0x800000c4 (0x0000006f)
core   0: 3 0x800000c4 (0x0000006f)
core   0: 3 0x800000c4 (0x0000006f)
core   0: 3 0x800000c4 (0x0000006f)
core   0: 3 0x800000c4 (0x0000006f)
core   0: 3 0x800000c4 (0x0000006f)
core   0: 3 0x800000c4 (0x0000006f)
core   0: 3 0x800000c4 (0x0000006f)
core   0: 3 0x800000c4 (0x0000006f)
core   0: 3 0x800000c4 (0x0000006f)
core   0: 3 0x800000c4 (0x0000006f)
core   0: 3 0x800000c4 (0x0000006f)
core   0: 3 0x800000c4 (0x0000006f)
core   0: 3 0x800000c4 (0x0000006f)
core   0: 3 0x800000c4 (0x0000006f)
core   0: 3 0x800000c4 (0x0000006f)
core   0: 3 0x800000c4 (0x0000006f)
core   0: 3 0x800000c4 (0x0000006f)
core   0: 3 0x800000c4 (0x0000006f)
core   0: 3 0x800000c4 (0x0000006f)
core   0: 3 0x800000c4 (0x0000006f)
core   0: 3 0x800000c4 (0x0000006f)
core   0: 3 0x800000c4 (0x0000006f)
core   0: 3 0x800000c4 (0x0000006f)
core   0: 3 0x800000c4 (0x0000006f)
core   0: 3 0x800000c4 (0x0000006f)
core   0: 3 0x800000c4 (0x0000006f)
core   0: 3 0x800000c4 (0x0000006f)
core   0: 3 0x800000c4 (0x0000006f)
core   0: 3 0x800000c4 (0x0000006f)
core   0: 3 0x800000c4 (0x0000006f)
core   0: 3 0x800000c4 (0x0000006f)
core   0: 3 0x800000c4 (0x0000006f)
core   0: 3 0x800000c4 (0x0000006f)
core   0: 3 0x800000c4 (0x0000006f)
core   0: 3 0x800000c4 (0x0000006f)
core   0: 3 0x800000c4 (0x0000006f)
core   0: 3 0x800000c4 (0x0000006f)
core   0: 3 0x800000c4 (0x0000006f)
core   0: 3 0x800000c4 (0x0000006f)
core   0: 3 0x800000c4 (0x0000006f)
core   0: 3 0x800000c4 (0x0000006f)
core   0: 3 0x800000c4 (0x0000006f)
core   0: 3 0x800000c4 (0x0000006f)
core   0: 3 0x800000c4 (0x0000006f)
core   0: 3 0x800000c4 (0x0000006f)
core   0: 3 0x800000c4 (0x0000006f)
core   0: 3 0x800000c4 (0x0000006f)
core   0: 3 0x800000c4 (0x0000006f)
core   0: 3 0x800000c4 (0x0000006f)
core   0: 3 0x800000c4 (0x0000006f)
core   0: 3 0x800000c4 (0x0000006f)
core   0: 3 0x800000c4 (0x0000006f)
core   0: 3 0x800000c4 (0x0000006f)
core   0: 3 0x800000c4 (0x0000006f)
core   0: 3 0x800000c4 (0x0000006f)
core   0: 3 0x800000c4 (0x0000006f)
core   0: 3 0x800000c4 (0x0000006f)
core   0: 3 0x800000c4 (0x0000006f)
core   0: 3 0x800000c4 (0x0000006f)
core   0: 3 0x800000c4 (0x0000006f)
core   0: 3 0x800000c4 (0x0000006f)
core   0: 3 0x800000c4 (0x0000006f)
core   0: 3 0x800000c4 (0x0000006f)
core   0: 3 0x800000c4 (0x0000006f)
core   0: 3 0x800000c4 (0x0000006f)
core   0: 3 0x800000c4 (0x0000006f)
core   0: 3 0x800000c4 (0x0000006f)
core   0: 3 0x800000c4 (0x0000006f)
core   0: 3 0x800000c4 (0x0000006f)
core   0: 3 0x800000c4 (0x0000006f)
core   0: 3 0x800000c4 (0x0000006f)
core   0: 3 0x800000c4 (0x0000006f)
core   0: 3 0x800000c4 (0x0000006f)
core   0: 3 0x800000c4 (0x0000006f)
core   0: 3 0x800000c4 (0x0000006f)
core   0: 3 0x800000c4 (0x0000006f)
core   0: 3 0x800000c4 (0x0000006f)
core   0: 3 0x800000c4 (0x0000006f)
core   0: 3 0x800000c4 (0x0000006f)
core   0: 3 0x800000c4 (0x0000006f)
core   0: 3 0x800000c4 (0x0000006f)
core   0: 3 0x800000c4 (0x0000006f)
core   0: 3 0x800000c4 (0x0000006f)
core   0: 3 0x800000c4 (0x0000006f)
core   0: 3 0x800000c4 (0x0000006f)
core   0: 3 0x800000c4 (0x0000006f)
core   0: 3 0x800000c4 (0x0000006f)
core   0: 3 0x800000c4 (0x0000006f)
core   0: 3 0x800000c4 (0x0000006f)
core   0: 3 0x800000c4 (0x0000006f)
core   0: 3 0x800000c4 (0x0000006f)
core   0: 3 0x800000c4 (0x0000006f)
core   0: 3 0x800000c4 (0x0000006f)
core   0: 3 0x800000c4 (0x0000006f)
core   0: 3 0x800000c4 (0x0000006f)
core   0: 3 0x800000c4 (0x0000006f)
core   0: 3 0x800000c4 (0x0000006f)
core   0: 3 0x800000c4 (0x0000006f)
core   0: 3 0x800000c4 (0x0000006f)
core   0: 3 0x800000c4 (0x0000006f)
core   0: 3 0x800000c4 (0x0000006f)
core   0: 3 0x800000c4 (0x0000006f)
core   0: 3 0x800000c4 (0x0000006f)
core   0: 3 0x800000c4 (0x0000006f)
core   0: 3 0x800000c4 (0x0000006f)
core   0: 3 0x800000c4 (0x0000006f)
core   0: 3 0x800000c4 (0x0000006f)
core   0: 3 0x800000c4 (0x0000006f)
core   0: 3 0x800000c4 (0x0000006f)
core   0: 3 0x800000c4 (0x0000006f)
core   0: 3 0x800000c4 (0x0000006f)
core   0: 3 0x800000c4 (0x0000006f)
core   0: 3 0x800000c4 (0x0000006f)
core   0: 3 0x800000c4 (0x0000006f)
core   0: 3 0x800000c4 (0x0000006f)
core   0: 3 0x800000c4 (0x0000006f)
core   0: 3 0x800000c4 (0x0000006f)
core   0: 3 0x800000c4 (0x0000006f)
core   0: 3 0x800000c4 (0x0000006f)
core   0: 3 0x800000c4 (0x0000006f)
core   0: 3 0x800000c4 (0x0000006f)
core   0: 3 0x800000c4 (0x0000006f)
core   0: 3 0x800000c4 (0x0000006f)
core   0: 3 0x800000c4 (0x0000006f)
core   0: 3 0x800000c4 (0x0000006f)
core   0: 3 0x800000c4 (0x0000006f)
core   0: 3 0x800000c4 (0x0000006f)
core   0: 3 0x800000c4 (0x0000006f)
core   0: 3 0x800000c4 (0x0000006f)
core   0: 3 0x800000c4 (0x0000006f)
core   0: 3 0x800000c4 (0x0000006f)
core   0: 3 0x800000c4 (0x0000006f)
core   0: 3 0x800000c4 (0x0000006f)
core   0: 3 0x800000c4 (0x0000006f)
core   0: 3 0x800000c4 (0x0000006f)
core   0: 3 0x800000c4 (0x0000006f)
core   0: 3 0x800000c4 (0x0000006f)
core   0: 3 0x800000c4 (0x0000006f)
core   0: 3 0x800000c4 (0x0000006f)
core   0: 3 0x800000c4 (0x0000006f)
core   0: 3 0x800000c4 (0x0000006f)
core   0: 3 0x800000c4 (0x0000006f)
core   0: 3 0x800000c4 (0x0000006f)
core   0: 3 0x800000c4 (0x0000006f)
core   0: 3 0x800000c4 (0x0000006f)
core   0: 3 0x800000c4 (0x0000006f)
core   0: 3 0x800000c4 (0x0000006f)
core   0: 3 0x800000c4 (0x0000006f)
core   0: 3 0x800000c4 (0x0000006f)
core   0: 3 0x800000c4 (0x0000006f)
core   0: 3 0x800000c4 (0x0000006f)
core   0: 3 0x800000c4 (0x0000006f)
core   0: 3 0x800000c4 (0x0000006f)
core   0: 3 0x800000c4 (0x0000006f)
core   0: 3 0x800000c4 (0x0000006f)
core   0: 3 0x800000c4 (0x0000006f)
core   0: 3 0x800000c4 (0x0000006f)
core   0: 3 0x800000c4 (0x0000006f)
core   0: 3 0x800000c4 (0x0000006f)
core   0: 3 0x800000c4 (0x0000006f)
core   0: 3 0x800000c4 (0x0000006f)
core   0: 3 0x800000c4 (0x0000006f)
core   0: 3 0x800000c4 (0x0000006f)
core   0: 3 0x800000c4 (0x0000006f)
core   0: 3 0x800000c4 (0x0000006f)
core   0: 3 0x800000c4 (0x0000006f)
core   0: 3 0x800000c4 (0x0000006f)
core   0: 3 0x800000c4 (0x0000006f)
core   0: 3 0x800000c4 (0x0000006f)
core   0: 3 0x800000c4 (0x0000006f)
core   0: 3 0x800000c4 (0x0000006f)
core   0: 3 0x800000c4 (0x0000006f)
core   0: 3 0x800000c4 (0x0000006f)
core   0: 3 0x800000c4 (0x0000006f)
core   0: 3 0x800000c4 (0x0000006f)
core   0: 3 0x800000c4 (0x0000006f)
core   0: 3 0x800000c4 (0x0000006f)
core   0: 3 0x800000c4 (0x0000006f)
core   0: 3 0x800000c4 (0x0000006f)
core   0: 3 0x800000c4 (0x0000006f)
core   0: 3 0x800000c4 (0x0000006f)
core   0: 3 0x800000c4 (0x0000006f)
core   0: 3 0x800000c4 (0x0000006f)
core   0: 3 0x800000c4 (0x0000006f)
core   0: 3 0x800000c4 (0x0000006f)
core   0: 3 0x800000c4 (0x0000006f)
core   0: 3 0x800000c4 (0x0000006f)
core   0: 3 0x800000c4 (0x0000006f)
core   0: 3 0x800000c4 (0x0000006f)
core   0: 3 0x800000c4 (0x0000006f)
core   0: 3 0x800000c4 (0x0000006f)
core   0: 3 0x800000c4 (0x0000006f)
core   0: 3 0x800000c4 (0x0000006f)
core   0: 3 0x800000c4 (0x0000006f)
core   0: 3 0x800000c4 (0x0000006f)
core   0: 3 0x800000c4 (0x0000006f)
core   0: 3 0x800000c4 (0x0000006f)
core   0: 3 0x800000c4 (0x0000006f)
core   0: 3 0x800000c4 (0x0000006f)
core   0: 3 0x800000c4 (0x0000006f)
core   0: 3 0x800000c4 (0x0000006f)
core   0: 3 0x800000c4 (0x0000006f)
core   0: 3 0x800000c4 (0x0000006f)
core   0: 3 0x800000c4 (0x0000006f)
core   0: 3 0x800000c4 (0x0000006f)
core   0: 3 0x800000c4 (0x0000006f)
core   0: 3 0x800000c4 (0x0000006f)
core   0: 3 0x800000c4 (0x0000006f)
core   0: 3 0x800000c4 (0x0000006f)
core   0: 3 0x800000c4 (0x0000006f)
core   0: 3 0x800000c4 (0x0000006f)
core   0: 3 0x800000c4 (0x0000006f)
core   0: 3 0x800000c4 (0x0000006f)
core   0: 3 0x800000c4 (0x0000006f)
core   0: 3 0x800000c4 (0x0000006f)
core   0: 3 0x800000c4 (0x0000006f)
core   0: 3 0x800000c4 (0x0000006f)
core   0: 3 0x800000c4 (0x0000006f)
core   0: 3 0x800000c4 (0x0000006f)
core   0: 3 0x800000c4 (0x0000006f)
core   0: 3 0x800000c4 (0x0000006f)
core   0: 3 0x800000c4 (0x0000006f)
core   0: 3 0x800000c4 (0x0000006f)
core   0: 3 0x800000c4 (0x0000006f)
core   0: 3 0x800000c4 (0x0000006f)
core   0: 3 0x800000c4 (0x0000006f)
core   0: 3 0x800000c4 (0x0000006f)
core   0: 3 0x800000c4 (0x0000006f)
core   0: 3 0x800000c4 (0x0000006f)
core   0: 3 0x800000c4 (0x0000006f)
core   0: 3 0x800000c4 (0x0000006f)
core   0: 3 0x800000c4 (0x0000006f)
core   0: 3 0x800000c4 (0x0000006f)
core   0: 3 0x800000c4 (0x0000006f)
core   0: 3 0x800000c4 (0x0000006f)
core   0: 3 0x800000c4 (0x0000006f)
core   0: 3 0x800000c4 (0x0000006f)
core   0: 3 0x800000c4 (0x0000006f)
core   0: 3 0x800000c4 (0x0000006f)
core   0: 3 0x800000c4 (0x0000006f)
core   0: 3 0x800000c4 (0x0000006f)
core   0: 3 0x800000c4 (0x0000006f)
core   0: 3 0x800000c4 (0x0000006f)
core   0: 3 0x800000c4 (0x0000006f)
core   0: 3 0x800000c4 (0x0000006f)
core   0: 3 0x800000c4 (0x0000006f)
core   0: 3 0x800000c4 (0x0000006f)
core   0: 3 0x800000c4 (0x0000006f)
core   0: 3 0x800000c4 (0x0000006f)
core   0: 3 0x800000c4 (0x0000006f)
core   0: 3 0x800000c4 (0x0000006f)
core   0: 3 0x800000c4 (0x0000006f)
core   0: 3 0x800000c4 (0x0000006f)
core   0: 3 0x800000c4 (0x0000006f)
core   0: 3 0x800000c4 (0x0000006f)
core   0: 3 0x800000c4 (0x0000006f)
core   0: 3 0x800000c4 (0x0000006f)
core   0: 3 0x800000c4 (0x0000006f)
core   0: 3 0x800000c4 (0x0000006f)
core   0: 3 0x800000c4 (0x0000006f)
core   0: 3 0x800000c4 (0x0000006f)
core   0: 3 0x800000c4 (0x0000006f)
core   0: 3 0x800000c4 (0x0000006f)
core   0: 3 0x800000c4 (0x0000006f)
core   0: 3 0x800000c4 (0x0000006f)
core   0: 3 0x800000c4 (0x0000006f)
core   0: 3 0x800000c4 (0x0000006f)
core   0: 3 0x800000c4 (0x0000006f)
core   0: 3 0x800000c4 (0x0000006f)
core   0: 3 0x800000c4 (0x0000006f)
core   0: 3 0x800000c4 (0x0000006f)
core   0: 3 0x800000c4 (0x0000006f)
core   0: 3 0x800000c4 (0x0000006f)
core   0: 3 0x800000c4 (0x0000006f)
core   0: 3 0x800000c4 (0x0000006f)
core   0: 3 0x800000c4 (0x0000006f)
core   0: 3 0x800000c4 (0x0000006f)
core   0: 3 0x800000c4 (0x0000006f)
core   0: 3 0x800000c4 (0x0000006f)
core   0: 3 0x800000c4 (0x0000006f)
core   0: 3 0x800000c4 (0x0000006f)
core   0: 3 0x800000c4 (0x0000006f)
core   0: 3 0x800000c4 (0x0000006f)
core   0: 3 0x800000c4 (0x0000006f)
core   0: 3 0x800000c4 (0x0000006f)
core   0: 3 0x800000c4 (0x0000006f)
core   0: 3 0x800000c4 (0x0000006f)
core   0: 3 0x800000c4 (0x0000006f)
core   0: 3 0x800000c4 (0x0000006f)
core   0: 3 0x800000c4 (0x0000006f)
core   0: 3 0x800000c4 (0x0000006f)
core   0: 3 0x800000c4 (0x0000006f)
core   0: 3 0x800000c4 (0x0000006f)
core   0: 3 0x800000c4 (0x0000006f)
core   0: 3 0x800000c4 (0x0000006f)
core   0: 3 0x800000c4 (0x0000006f)
core   0: 3 0x800000c4 (0x0000006f)
core   0: 3 0x800000c4 (0x0000006f)
core   0: 3 0x800000c4 (0x0000006f)
core   0: 3 0x800000c4 (0x0000006f)
core   0: 3 0x800000c4 (0x0000006f)
core   0: 3 0x800000c4 (0x0000006f)
core   0: 3 0x800000c4 (0x0000006f)
core   0: 3 0x800000c4 (0x0000006f)
core   0: 3 0x800000c4 (0x0000006f)
core   0: 3 0x800000c4 (0x0000006f)
core   0: 3 0x800000c4 (0x0000006f)
core   0: 3 0x800000c4 (0x0000006f)
core   0: 3 0x800000c4 (0x0000006f)
core   0: 3 0x800000c4 (0x0000006f)
core   0: 3 0x800000c4 (0x0000006f)
core   0: 3 0x800000c4 (0x0000006f)
core   0: 3 0x800000c4 (0x0000006f)
core   0: 3 0x800000c4 (0x0000006f)
core   0: 3 0x800000c4 (0x0000006f)
core   0: 3 0x800000c4 (0x0000006f)
core   0: 3 0x800000c4 (0x0000006f)
core   0: 3 0x800000c4 (0x0000006f)
core   0: 3 0x800000c4 (0x0000006f)
core   0: 3 0x800000c4 (0x0000006f)
core   0: 3 0x800000c4 (0x0000006f)
core   0: 3 0x800000c4 (0x0000006f)
core   0: 3 0x800000c4 (0x0000006f)
core   0: 3 0x800000c4 (0x0000006f)
core   0: 3 0x800000c4 (0x0000006f)
core   0: 3 0x800000c4 (0x0000006f)
core   0: 3 0x800000c4 (0x0000006f)
core   0: 3 0x800000c4 (0x0000006f)
core   0: 3 0x800000c4 (0x0000006f)
core   0: 3 0x800000c4 (0x0000006f)
core   0: 3 0x800000c4 (0x0000006f)
core   0: 3 0x800000c4 (0x0000006f)
core   0: 3 0x800000c4 (0x0000006f)
core   0: 3 0x800000c4 (0x0000006f)
core   0: 3 0x800000c4 (0x0000006f)
core   0: 3 0x800000c4 (0x0000006f)
core   0: 3 0x800000c4 (0x0000006f)
core   0: 3 0x800000c4 (0x0000006f)
core   0: 3 0x800000c4 (0x0000006f)
core   0: 3 0x800000c4 (0x0000006f)
core   0: 3 0x800000c4 (0x0000006f)
core   0: 3 0x800000c4 (0x0000006f)
core   0: 3 0x800000c4 (0x0000006f)
core   0: 3 0x800000c4 (0x0000006f)
core   0: 3 0x800000c4 (0x0000006f)
core   0: 3 0x800000c4 (0x0000006f)
core   0: 3 0x800000c4 (0x0000006f)
core   0: 3 0x800000c4 (0x0000006f)
core   0: 3 0x800000c4 (0x0000006f)
core   0: 3 0x800000c4 (0x0000006f)
core   0: 3 0x800000c4 (0x0000006f)
core   0: 3 0x800000c4 (0x0000006f)
core   0: 3 0x800000c4 (0x0000006f)
core   0: 3 0x800000c4 (0x0000006f)
core   0: 3 0x800000c4 (0x0000006f)
core   0: 3 0x800000c4 (0x0000006f)
core   0: 3 0x800000c4 (0x0000006f)
core   0: 3 0x800000c4 (0x0000006f)
core   0: 3 0x800000c4 (0x0000006f)
core   0: 3 0x800000c4 (0x0000006f)
core   0: 3 0x800000c4 (0x0000006f)
core   0: 3 0x800000c4 (0x0000006f)
core   0: 3 0x800000c4 (0x0000006f)
core   0: 3 0x800000c4 (0x0000006f)
core   0: 3 0x800000c4 (0x0000006f)
core   0: 3 0x800000c4 (0x0000006f)
core   0: 3 0x800000c4 (0x0000006f)
core   0: 3 0x800000c4 (0x0000006f)
core   0: 3 0x800000c4 (0x0000006f)
core   0: 3 0x800000c4 (0x0000006f)
core   0: 3 0x800000c4 (0x0000006f)
core   0: 3 0x800000c4 (0x0000006f)
core   0: 3 0x800000c4 (0x0000006f)
core   0: 3 0x800000c4 (0x0000006f)
core   0: 3 0x800000c4 (0x0000006f)
core   0: 3 0x800000c4 (0x0000006f)
core   0: 3 0x800000c4 (0x0000006f)
core   0: 3 0x800000c4 (0x0000006f)
core   0: 3 0x800000c4 (0x0000006f)
core   0: 3 0x800000c4 (0x0000006f)
core   0: 3 0x800000c4 (0x0000006f)
core   0: 3 0x800000c4 (0x0000006f)
core   0: 3 0x800000c4 (0x0000006f)
core   0: 3 0x800000c4 (0x0000006f)
core   0: 3 0x800000c4 (0x0000006f)
core   0: 3 0x800000c4 (0x0000006f)
core   0: 3 0x800000c4 (0x0000006f)
core   0: 3 0x800000c4 (0x0000006f)
core   0: 3 0x800000c4 (0x0000006f)
core   0: 3 0x800000c4 (0x0000006f)
core   0: 3 0x800000c4 (0x0000006f)
core   0: 3 0x800000c4 (0x0000006f)
core   0: 3 0x800000c4 (0x0000006f)
core   0: 3 0x800000c4 (0x0000006f)
core   0: 3 0x800000c4 (0x0000006f)
core   0: 3 0x800000c4 (0x0000006f)
core   0: 3 0x800000c4 (0x0000006f)
core   0: 3 0x800000c4 (0x0000006f)
core   0: 3 0x800000c4 (0x0000006f)
core   0: 3 0x800000c4 (0x0000006f)
core   0: 3 0x800000c4 (0x0000006f)
core   0: 3 0x800000c4 (0x0000006f)
core   0: 3 0x800000c4 (0x0000006f)
core   0: 3 0x800000c4 (0x0000006f)
core   0: 3 0x800000c4 (0x0000006f)
core   0: 3 0x800000c4 (0x0000006f)
core   0: 3 0x800000c4 (0x0000006f)
core   0: 3 0x800000c4 (0x0000006f)
core   0: 3 0x800000c4 (0x0000006f)
core   0: 3 0x800000c4 (0x0000006f)
core   0: 3 0x800000c4 (0x0000006f)
core   0: 3 0x800000c4 (0x0000006f)
core   0: 3 0x800000c4 (0x0000006f)
core   0: 3 0x800000c4 (0x0000006f)
core   0: 3 0x800000c4 (0x0000006f)
core   0: 3 0x800000c4 (0x0000006f)
core   0: 3 0x800000c4 (0x0000006f)
core   0: 3 0x800000c4 (0x0000006f)
core   0: 3 0x800000c4 (0x0000006f)
core   0: 3 0x800000c4 (0x0000006f)
core   0: 3 0x800000c4 (0x0000006f)
core   0: 3 0x800000c4 (0x0000006f)
core   0: 3 0x800000c4 (0x0000006f)
core   0: 3 0x800000c4 (0x0000006f)
core   0: 3 0x800000c4 (0x0000006f)
core   0: 3 0x800000c4 (0x0000006f)
core   0: 3 0x800000c4 (0x0000006f)
core   0: 3 0x800000c4 (0x0000006f)
core   0: 3 0x800000c4 (0x0000006f)
core   0: 3 0x800000c4 (0x0000006f)
core   0: 3 0x800000c4 (0x0000006f)
core   0: 3 0x800000c4 (0x0000006f)
core   0: 3 0x800000c4 (0x0000006f)
core   0: 3 0x800000c4 (0x0000006f)
core   0: 3 0x800000c4 (0x0000006f)
core   0: 3 0x800000c4 (0x0000006f)
core   0: 3 0x800000c4 (0x0000006f)
core   0: 3 0x800000c4 (0x0000006f)
core   0: 3 0x800000c4 (0x0000006f)
core   0: 3 0x800000c4 (0x0000006f)
core   0: 3 0x800000c4 (0x0000006f)
core   0: 3 0x800000c4 (0x0000006f)
core   0: 3 0x800000c4 (0x0000006f)
core   0: 3 0x800000c4 (0x0000006f)
core   0: 3 0x800000c4 (0x0000006f)
core   0: 3 0x800000c4 (0x0000006f)
core   0: 3 0x800000c4 (0x0000006f)
core   0: 3 0x800000c4 (0x0000006f)
core   0: 3 0x800000c4 (0x0000006f)
core   0: 3 0x800000c4 (0x0000006f)
core   0: 3 0x800000c4 (0x0000006f)
core   0: 3 0x800000c4 (0x0000006f)
core   0: 3 0x800000c4 (0x0000006f)
core   0: 3 0x800000c4 (0x0000006f)
core   0: 3 0x800000c4 (0x0000006f)
core   0: 3 0x800000c4 (0x0000006f)
core   0: 3 0x800000c4 (0x0000006f)
core   0: 3 0x800000c4 (0x0000006f)
core   0: 3 0x800000c4 (0x0000006f)
core   0: 3 0x800000c4 (0x0000006f)
core   0: 3 0x800000c4 (0x0000006f)
core   0: 3 0x800000c4 (0x0000006f)
core   0: 3 0x800000c4 (0x0000006f)
core   0: 3 0x800000c4 (0x0000006f)
core   0: 3 0x800000c4 (0x0000006f)
core   0: 3 0x800000c4 (0x0000006f)
core   0: 3 0x800000c4 (0x0000006f)
core   0: 3 0x800000c4 (0x0000006f)
core   0: 3 0x800000c4 (0x0000006f)
core   0: 3 0x800000c4 (0x0000006f)
core   0: 3 0x800000c4 (0x0000006f)
core   0: 3 0x800000c4 (0x0000006f)
core   0: 3 0x800000c4 (0x0000006f)
core   0: 3 0x800000c4 (0x0000006f)
core   0: 3 0x800000c4 (0x0000006f)
core   0: 3 0x800000c4 (0x0000006f)
core   0: 3 0x800000c4 (0x0000006f)
core   0: 3 0x800000c4 (0x0000006f)
core   0: 3 0x800000c4 (0x0000006f)
core   0: 3 0x800000c4 (0x0000006f)
core   0: 3 0x800000c4 (0x0000006f)
core   0: 3 0x800000c4 (0x0000006f)
core   0: 3 0x800000c4 (0x0000006f)
core   0: 3 0x800000c4 (0x0000006f)
core   0: 3 0x800000c4 (0x0000006f)
core   0: 3 0x800000c4 (0x0000006f)
core   0: 3 0x800000c4 (0x0000006f)
core   0: 3 0x800000c4 (0x0000006f)
core   0: 3 0x800000c4 (0x0000006f)
core   0: 3 0x800000c4 (0x0000006f)
core   0: 3 0x800000c4 (0x0000006f)
core   0: 3 0x800000c4 (0x0000006f)
core   0: 3 0x800000c4 (0x0000006f)
core   0: 3 0x800000c4 (0x0000006f)
core   0: 3 0x800000c4 (0x0000006f)
core   0: 3 0x800000c4 (0x0000006f)
core   0: 3 0x800000c4 (0x0000006f)
core   0: 3 0x800000c4 (0x0000006f)
core   0: 3 0x800000c4 (0x0000006f)
core   0: 3 0x800000c4 (0x0000006f)
core   0: 3 0x800000c4 (0x0000006f)
core   0: 3 0x800000c4 (0x0000006f)
core   0: 3 0x800000c4 (0x0000006f)
core   0: 3 0x800000c4 (0x0000006f)
core   0: 3 0x800000c4 (0x0000006f)
core   0: 3 0x800000c4 (0x0000006f)
core   0: 3 0x800000c4 (0x0000006f)
core   0: 3 0x800000c4 (0x0000006f)
core   0: 3 0x800000c4 (0x0000006f)
core   0: 3 0x800000c4 (0x0000006f)
core   0: 3 0x800000c4 (0x0000006f)
core   0: 3 0x800000c4 (0x0000006f)
core   0: 3 0x800000c4 (0x0000006f)
core   0: 3 0x800000c4 (0x0000006f)
core   0: 3 0x800000c4 (0x0000006f)
core   0: 3 0x800000c4 (0x0000006f)
core   0: 3 0x800000c4 (0x0000006f)
core   0: 3 0x800000c4 (0x0000006f)
core   0: 3 0x800000c4 (0x0000006f)
core   0: 3 0x800000c4 (0x0000006f)
core   0: 3 0x800000c4 (0x0000006f)
core   0: 3 0x800000c4 (0x0000006f)
core   0: 3 0x800000c4 (0x0000006f)
core   0: 3 0x800000c4 (0x0000006f)
core   0: 3 0x800000c4 (0x0000006f)
core   0: 3 0x800000c4 (0x0000006f)
core   0: 3 0x800000c4 (0x0000006f)
core   0: 3 0x800000c4 (0x0000006f)
core   0: 3 0x800000c4 (0x0000006f)
core   0: 3 0x800000c4 (0x0000006f)
core   0: 3 0x800000c4 (0x0000006f)
core   0: 3 0x800000c4 (0x0000006f)
core   0: 3 0x800000c4 (0x0000006f)
core   0: 3 0x800000c4 (0x0000006f)
core   0: 3 0x800000c4 (0x0000006f)
core   0: 3 0x800000c4 (0x0000006f)
core   0: 3 0x800000c4 (0x0000006f)
core   0: 3 0x800000c4 (0x0000006f)
core   0: 3 0x800000c4 (0x0000006f)
core   0: 3 0x800000c4 (0x0000006f)
core   0: 3 0x800000c4 (0x0000006f)
core   0: 3 0x800000c4 (0x0000006f)
core   0: 3 0x800000c4 (0x0000006f)
core   0: 3 0x800000c4 (0x0000006f)
core   0: 3 0x800000c4 (0x0000006f)
core   0: 3 0x800000c4 (0x0000006f)
core   0: 3 0x800000c4 (0x0000006f)
core   0: 3 0x800000c4 (0x0000006f)
core   0: 3 0x800000c4 (0x0000006f)
core   0: 3 0x800000c4 (0x0000006f)
core   0: 3 0x800000c4 (0x0000006f)
core   0: 3 0x800000c4 (0x0000006f)
core   0: 3 0x800000c4 (0x0000006f)
core   0: 3 0x800000c4 (0x0000006f)
core   0: 3 0x800000c4 (0x0000006f)
core   0: 3 0x800000c4 (0x0000006f)
core   0: 3 0x800000c4 (0x0000006f)
core   0: 3 0x800000c4 (0x0000006f)
core   0: 3 0x800000c4 (0x0000006f)
core   0: 3 0x800000c4 (0x0000006f)
core   0: 3 0x800000c4 (0x0000006f)
core   0: 3 0x800000c4 (0x0000006f)
core   0: 3 0x800000c4 (0x0000006f)
core   0: 3 0x800000c4 (0x0000006f)
core   0: 3 0x800000c4 (0x0000006f)
core   0: 3 0x800000c4 (0x0000006f)
core   0: 3 0x800000c4 (0x0000006f)
core   0: 3 0x800000c4 (0x0000006f)
core   0: 3 0x800000c4 (0x0000006f)
core   0: 3 0x800000c4 (0x0000006f)
core   0: 3 0x800000c4 (0x0000006f)
core   0: 3 0x800000c4 (0x0000006f)
core   0: 3 0x800000c4 (0x0000006f)
core   0: 3 0x800000c4 (0x0000006f)
core   0: 3 0x800000c4 (0x0000006f)
core   0: 3 0x800000c4 (0x0000006f)
core   0: 3 0x800000c4 (0x0000006f)
core   0: 3 0x800000c4 (0x0000006f)
core   0: 3 0x800000c4 (0x0000006f)
core   0: 3 0x800000c4 (0x0000006f)
core   0: 3 0x800000c4 (0x0000006f)
core   0: 3 0x800000c4 (0x0000006f)
core   0: 3 0x800000c4 (0x0000006f)
core   0: 3 0x800000c4 (0x0000006f)
core   0: 3 0x800000c4 (0x0000006f)
core   0: 3 0x800000c4 (0x0000006f)
core   0: 3 0x800000c4 (0x0000006f)
core   0: 3 0x800000c4 (0x0000006f)
core   0: 3 0x800000c4 (0x0000006f)
core   0: 3 0x800000c4 (0x0000006f)
core   0: 3 0x800000c4 (0x0000006f)
core   0: 3 0x800000c4 (0x0000006f)
core   0: 3 0x800000c4 (0x0000006f)
core   0: 3 0x800000c4 (0x0000006f)
core   0: 3 0x800000c4 (0x0000006f)
core   0: 3 0x800000c4 (0x0000006f)
core   0: 3 0x800000c4 (0x0000006f)
core   0: 3 0x800000c4 (0x0000006f)
core   0: 3 0x800000c4 (0x0000006f)
core   0: 3 0x800000c4 (0x0000006f)
core   0: 3 0x800000c4 (0x0000006f)
core   0: 3 0x800000c4 (0x0000006f)
core   0: 3 0x800000c4 (0x0000006f)
core   0: 3 0x800000c4 (0x0000006f)
core   0: 3 0x800000c4 (0x0000006f)
core   0: 3 0x800000c4 (0x0000006f)
core   0: 3 0x800000c4 (0x0000006f)
core   0: 3 0x800000c4 (0x0000006f)
core   0: 3 0x800000c4 (0x0000006f)
core   0: 3 0x800000c4 (0x0000006f)
core   0: 3 0x800000c4 (0x0000006f)
core   0: 3 0x800000c4 (0x0000006f)
core   0: 3 0x800000c4 (0x0000006f)
core   0: 3 0x800000c4 (0x0000006f)
core   0: 3 0x800000c4 (0x0000006f)
core   0: 3 0x800000c4 (0x0000006f)
core   0: 3 0x800000c4 (0x0000006f)
core   0: 3 0x800000c4 (0x0000006f)
core   0: 3 0x800000c4 (0x0000006f)
core   0: 3 0x800000c4 (0x0000006f)
core   0: 3 0x800000c4 (0x0000006f)
core   0: 3 0x800000c4 (0x0000006f)
core   0: 3 0x800000c4 (0x0000006f)
core   0: 3 0x800000c4 (0x0000006f)
core   0: 3 0x800000c4 (0x0000006f)
core   0: 3 0x800000c4 (0x0000006f)
core   0: 3 0x800000c4 (0x0000006f)
core   0: 3 0x800000c4 (0x0000006f)
core   0: 3 0x800000c4 (0x0000006f)
core   0: 3 0x800000c4 (0x0000006f)
core   0: 3 0x800000c4 (0x0000006f)
core   0: 3 0x800000c4 (0x0000006f)
core   0: 3 0x800000c4 (0x0000006f)
core   0: 3 0x800000c4 (0x0000006f)
core   0: 3 0x800000c4 (0x0000006f)
core   0: 3 0x800000c4 (0x0000006f)
core   0: 3 0x800000c4 (0x0000006f)
core   0: 3 0x800000c4 (0x0000006f)
core   0: 3 0x800000c4 (0x0000006f)
core   0: 3 0x800000c4 (0x0000006f)
core   0: 3 0x800000c4 (0x0000006f)
core   0: 3 0x800000c4 (0x0000006f)
core   0: 3 0x800000c4 (0x0000006f)
core   0: 3 0x800000c4 (0x0000006f)
core   0: 3 0x800000c4 (0x0000006f)
core   0: 3 0x800000c4 (0x0000006f)
core   0: 3 0x800000c4 (0x0000006f)
core   0: 3 0x800000c4 (0x0000006f)
core   0: 3 0x800000c4 (0x0000006f)
core   0: 3 0x800000c4 (0x0000006f)
core   0: 3 0x800000c4 (0x0000006f)
core   0: 3 0x800000c4 (0x0000006f)
core   0: 3 0x800000c4 (0x0000006f)
core   0: 3 0x800000c4 (0x0000006f)
core   0: 3 0x800000c4 (0x0000006f)
core   0: 3 0x800000c4 (0x0000006f)
core   0: 3 0x800000c4 (0x0000006f)
core   0: 3 0x800000c4 (0x0000006f)
core   0: 3 0x800000c4 (0x0000006f)
core   0: 3 0x800000c4 (0x0000006f)
core   0: 3 0x800000c4 (0x0000006f)
core   0: 3 0x800000c4 (0x0000006f)
core   0: 3 0x800000c4 (0x0000006f)
core   0: 3 0x800000c4 (0x0000006f)
core   0: 3 0x800000c4 (0x0000006f)
core   0: 3 0x800000c4 (0x0000006f)
core   0: 3 0x800000c4 (0x0000006f)
core   0: 3 0x800000c4 (0x0000006f)
core   0: 3 0x800000c4 (0x0000006f)
core   0: 3 0x800000c4 (0x0000006f)
core   0: 3 0x800000c4 (0x0000006f)
core   0: 3 0x800000c4 (0x0000006f)
core   0: 3 0x800000c4 (0x0000006f)
core   0: 3 0x800000c4 (0x0000006f)
core   0: 3 0x800000c4 (0x0000006f)
core   0: 3 0x800000c4 (0x0000006f)
core   0: 3 0x800000c4 (0x0000006f)
core   0: 3 0x800000c4 (0x0000006f)
core   0: 3 0x800000c4 (0x0000006f)
core   0: 3 0x800000c4 (0x0000006f)
core   0: 3 0x800000c4 (0x0000006f)
core   0: 3 0x800000c4 (0x0000006f)
core   0: 3 0x800000c4 (0x0000006f)
core   0: 3 0x800000c4 (0x0000006f)
core   0: 3 0x800000c4 (0x0000006f)
core   0: 3 0x800000c4 (0x0000006f)
core   0: 3 0x800000c4 (0x0000006f)
core   0: 3 0x800000c4 (0x0000006f)
core   0: 3 0x800000c4 (0x0000006f)
core   0: 3 0x800000c4 (0x0000006f)
core   0: 3 0x800000c4 (0x0000006f)
core   0: 3 0x800000c4 (0x0000006f)
core   0: 3 0x800000c4 (0x0000006f)
core   0: 3 0x800000c4 (0x0000006f)
core   0: 3 0x800000c4 (0x0000006f)
core   0: 3 0x800000c4 (0x0000006f)
core   0: 3 0x800000c4 (0x0000006f)
core   0: 3 0x800000c4 (0x0000006f)
core   0: 3 0x800000c4 (0x0000006f)
core   0: 3 0x800000c4 (0x0000006f)
core   0: 3 0x800000c4 (0x0000006f)
core   0: 3 0x800000c4 (0x0000006f)
core   0: 3 0x800000c4 (0x0000006f)
core   0: 3 0x800000c4 (0x0000006f)
core   0: 3 0x800000c4 (0x0000006f)
core   0: 3 0x800000c4 (0x0000006f)
core   0: 3 0x800000c4 (0x0000006f)
core   0: 3 0x800000c4 (0x0000006f)
core   0: 3 0x800000c4 (0x0000006f)
core   0: 3 0x800000c4 (0x0000006f)
core   0: 3 0x800000c4 (0x0000006f)
core   0: 3 0x800000c4 (0x0000006f)
core   0: 3 0x800000c4 (0x0000006f)
core   0: 3 0x800000c4 (0x0000006f)
core   0: 3 0x800000c4 (0x0000006f)
core   0: 3 0x800000c4 (0x0000006f)
core   0: 3 0x800000c4 (0x0000006f)
core   0: 3 0x800000c4 (0x0000006f)
core   0: 3 0x800000c4 (0x0000006f)
core   0: 3 0x800000c4 (0x0000006f)
core   0: 3 0x800000c4 (0x0000006f)
core   0: 3 0x800000c4 (0x0000006f)
core   0: 3 0x800000c4 (0x0000006f)
core   0: 3 0x800000c4 (0x0000006f)
core   0: 3 0x800000c4 (0x0000006f)
core   0: 3 0x800000c4 (0x0000006f)
core   0: 3 0x800000c4 (0x0000006f)
core   0: 3 0x800000c4 (0x0000006f)
core   0: 3 0x800000c4 (0x0000006f)
core   0: 3 0x800000c4 (0x0000006f)
core   0: 3 0x800000c4 (0x0000006f)
core   0: 3 0x800000c4 (0x0000006f)
core   0: 3 0x800000c4 (0x0000006f)
core   0: 3 0x800000c4 (0x0000006f)
core   0: 3 0x800000c4 (0x0000006f)
core   0: 3 0x800000c4 (0x0000006f)
core   0: 3 0x800000c4 (0x0000006f)
core   0: 3 0x800000c4 (0x0000006f)
core   0: 3 0x800000c4 (0x0000006f)
core   0: 3 0x800000c4 (0x0000006f)
core   0: 3 0x800000c4 (0x0000006f)
core   0: 3 0x800000c4 (0x0000006f)
core   0: 3 0x800000c4 (0x0000006f)
core   0: 3 0x800000c4 (0x0000006f)
core   0: 3 0x800000c4 (0x0000006f)
core   0: 3 0x800000c4 (0x0000006f)
core   0: 3 0x800000c4 (0x0000006f)
core   0: 3 0x800000c4 (0x0000006f)
core   0: 3 0x800000c4 (0x0000006f)
core   0: 3 0x800000c4 (0x0000006f)
core   0: 3 0x800000c4 (0x0000006f)
core   0: 3 0x800000c4 (0x0000006f)
core   0: 3 0x800000c4 (0x0000006f)
core   0: 3 0x800000c4 (0x0000006f)
core   0: 3 0x800000c4 (0x0000006f)
core   0: 3 0x800000c4 (0x0000006f)
core   0: 3 0x800000c4 (0x0000006f)
core   0: 3 0x800000c4 (0x0000006f)
core   0: 3 0x800000c4 (0x0000006f)
core   0: 3 0x800000c4 (0x0000006f)
core   0: 3 0x800000c4 (0x0000006f)
core   0: 3 0x800000c4 (0x0000006f)
core   0: 3 0x800000c4 (0x0000006f)
core   0: 3 0x800000c4 (0x0000006f)
core   0: 3 0x800000c4 (0x0000006f)
core   0: 3 0x800000c4 (0x0000006f)
core   0: 3 0x800000c4 (0x0000006f)
core   0: 3 0x800000c4 (0x0000006f)
core   0: 3 0x800000c4 (0x0000006f)
core   0: 3 0x800000c4 (0x0000006f)
core   0: 3 0x800000c4 (0x0000006f)
core   0: 3 0x800000c4 (0x0000006f)
core   0: 3 0x800000c4 (0x0000006f)
core   0: 3 0x800000c4 (0x0000006f)
core   0: 3 0x800000c4 (0x0000006f)
core   0: 3 0x800000c4 (0x0000006f)
core   0: 3 0x800000c4 (0x0000006f)
core   0: 3 0x800000c4 (0x0000006f)
core   0: 3 0x800000c4 (0x0000006f)
core   0: 3 0x800000c4 (0x0000006f)
core   0: 3 0x800000c4 (0x0000006f)
core   0: 3 0x800000c4 (0x0000006f)
core   0: 3 0x800000c4 (0x0000006f)
core   0: 3 0x800000c4 (0x0000006f)
core   0: 3 0x800000c4 (0x0000006f)
core   0: 3 0x800000c4 (0x0000006f)
core   0: 3 0x800000c4 (0x0000006f)
core   0: 3 0x800000c4 (0x0000006f)
core   0: 3 0x800000c4 (0x0000006f)
core   0: 3 0x800000c4 (0x0000006f)
core   0: 3 0x800000c4 (0x0000006f)
core   0: 3 0x800000c4 (0x0000006f)
core   0: 3 0x800000c4 (0x0000006f)
core   0: 3 0x800000c4 (0x0000006f)
core   0: 3 0x800000c4 (0x0000006f)
core   0: 3 0x800000c4 (0x0000006f)
core   0: 3 0x800000c4 (0x0000006f)
core   0: 3 0x800000c4 (0x0000006f)
core   0: 3 0x800000c4 (0x0000006f)
core   0: 3 0x800000c4 (0x0000006f)
core   0: 3 0x800000c4 (0x0000006f)
core   0: 3 0x800000c4 (0x0000006f)
core   0: 3 0x800000c4 (0x0000006f)
core   0: 3 0x800000c4 (0x0000006f)
core   0: 3 0x800000c4 (0x0000006f)
core   0: 3 0x800000c4 (0x0000006f)
core   0: 3 0x800000c4 (0x0000006f)
core   0: 3 0x800000c4 (0x0000006f)
core   0: 3 0x800000c4 (0x0000006f)
core   0: 3 0x800000c4 (0x0000006f)
core   0: 3 0x800000c4 (0x0000006f)
core   0: 3 0x800000c4 (0x0000006f)
core   0: 3 0x800000c4 (0x0000006f)
core   0: 3 0x800000c4 (0x0000006f)
core   0: 3 0x800000c4 (0x0000006f)
core   0: 3 0x800000c4 (0x0000006f)
core   0: 3 0x800000c4 (0x0000006f)
core   0: 3 0x800000c4 (0x0000006f)
core   0: 3 0x800000c4 (0x0000006f)
core   0: 3 0x800000c4 (0x0000006f)
core   0: 3 0x800000c4 (0x0000006f)
core   0: 3 0x800000c4 (0x0000006f)
core   0: 3 0x800000c4 (0x0000006f)
core   0: 3 0x800000c4 (0x0000006f)
core   0: 3 0x800000c4 (0x0000006f)
core   0: 3 0x800000c4 (0x0000006f)
core   0: 3 0x800000c4 (0x0000006f)
core   0: 3 0x800000c4 (0x0000006f)
core   0: 3 0x800000c4 (0x0000006f)
core   0: 3 0x800000c4 (0x0000006f)
core   0: 3 0x800000c4 (0x0000006f)
core   0: 3 0x800000c4 (0x0000006f)
core   0: 3 0x800000c4 (0x0000006f)
core   0: 3 0x800000c4 (0x0000006f)
core   0: 3 0x800000c4 (0x0000006f)
core   0: 3 0x800000c4 (0x0000006f)
core   0: 3 0x800000c4 (0x0000006f)
core   0: 3 0x800000c4 (0x0000006f)
core   0: 3 0x800000c4 (0x0000006f)
core   0: 3 0x800000c4 (0x0000006f)
core   0: 3 0x800000c4 (0x0000006f)
core   0: 3 0x800000c4 (0x0000006f)
core   0: 3 0x800000c4 (0x0000006f)
core   0: 3 0x800000c4 (0x0000006f)
core   0: 3 0x800000c4 (0x0000006f)
core   0: 3 0x800000c4 (0x0000006f)
core   0: 3 0x800000c4 (0x0000006f)
core   0: 3 0x800000c4 (0x0000006f)
core   0: 3 0x800000c4 (0x0000006f)
core   0: 3 0x800000c4 (0x0000006f)
core   0: 3 0x800000c4 (0x0000006f)
core   0: 3 0x800000c4 (0x0000006f)
core   0: 3 0x800000c4 (0x0000006f)
core   0: 3 0x800000c4 (0x0000006f)
core   0: 3 0x800000c4 (0x0000006f)
core   0: 3 0x800000c4 (0x0000006f)
core   0: 3 0x800000c4 (0x0000006f)
core   0: 3 0x800000c4 (0x0000006f)
core   0: 3 0x800000c4 (0x0000006f)
core   0: 3 0x800000c4 (0x0000006f)
core   0: 3 0x800000c4 (0x0000006f)
core   0: 3 0x800000c4 (0x0000006f)
core   0: 3 0x800000c4 (0x0000006f)
core   0: 3 0x800000c4 (0x0000006f)
core   0: 3 0x800000c4 (0x0000006f)
core   0: 3 0x800000c4 (0x0000006f)
core   0: 3 0x800000c4 (0x0000006f)
core   0: 3 0x800000c4 (0x0000006f)
core   0: 3 0x800000c4 (0x0000006f)
core   0: 3 0x800000c4 (0x0000006f)
core   0: 3 0x800000c4 (0x0000006f)
core   0: 3 0x800000c4 (0x0000006f)
core   0: 3 0x800000c4 (0x0000006f)
core   0: 3 0x800000c4 (0x0000006f)
core   0: 3 0x800000c4 (0x0000006f)
core   0: 3 0x800000c4 (0x0000006f)
core   0: 3 0x800000c4 (0x0000006f)
core   0: 3 0x800000c4 (0x0000006f)
core   0: 3 0x800000c4 (0x0000006f)
core   0: 3 0x800000c4 (0x0000006f)
core   0: 3 0x800000c4 (0x0000006f)
core   0: 3 0x800000c4 (0x0000006f)
core   0: 3 0x800000c4 (0x0000006f)
core   0: 3 0x800000c4 (0x0000006f)
core   0: 3 0x800000c4 (0x0000006f)
core   0: 3 0x800000c4 (0x0000006f)
core   0: 3 0x800000c4 (0x0000006f)
core   0: 3 0x800000c4 (0x0000006f)
core   0: 3 0x800000c4 (0x0000006f)
core   0: 3 0x800000c4 (0x0000006f)
core   0: 3 0x800000c4 (0x0000006f)
core   0: 3 0x800000c4 (0x0000006f)
core   0: 3 0x800000c4 (0x0000006f)
core   0: 3 0x800000c4 (0x0000006f)
core   0: 3 0x800000c4 (0x0000006f)
core   0: 3 0x800000c4 (0x0000006f)
core   0: 3 0x800000c4 (0x0000006f)
core   0: 3 0x800000c4 (0x0000006f)
core   0: 3 0x800000c4 (0x0000006f)
core   0: 3 0x800000c4 (0x0000006f)
core   0: 3 0x800000c4 (0x0000006f)
core   0: 3 0x800000c4 (0x0000006f)
core   0: 3 0x800000c4 (0x0000006f)
core   0: 3 0x800000c4 (0x0000006f)
core   0: 3 0x800000c4 (0x0000006f)
core   0: 3 0x800000c4 (0x0000006f)
core   0: 3 0x800000c4 (0x0000006f)
core   0: 3 0x800000c4 (0x0000006f)
core   0: 3 0x800000c4 (0x0000006f)
core   0: 3 0x800000c4 (0x0000006f)
core   0: 3 0x800000c4 (0x0000006f)
core   0: 3 0x800000c4 (0x0000006f)
core   0: 3 0x800000c4 (0x0000006f)
core   0: 3 0x800000c4 (0x0000006f)
core   0: 3 0x800000c4 (0x0000006f)
core   0: 3 0x800000c4 (0x0000006f)
core   0: 3 0x800000c4 (0x0000006f)
core   0: 3 0x800000c4 (0x0000006f)
core   0: 3 0x800000c4 (0x0000006f)
core   0: 3 0x800000c4 (0x0000006f)
core   0: 3 0x800000c4 (0x0000006f)
core   0: 3 0x800000c4 (0x0000006f)
core   0: 3 0x800000c4 (0x0000006f)
core   0: 3 0x800000c4 (0x0000006f)
core   0: 3 0x800000c4 (0x0000006f)
core   0: 3 0x800000c4 (0x0000006f)
core   0: 3 0x800000c4 (0x0000006f)
core   0: 3 0x800000c4 (0x0000006f)
core   0: 3 0x800000c4 (0x0000006f)
core   0: 3 0x800000c4 (0x0000006f)
core   0: 3 0x800000c4 (0x0000006f)
core   0: 3 0x800000c4 (0x0000006f)
core   0: 3 0x800000c4 (0x0000006f)
core   0: 3 0x800000c4 (0x0000006f)
core   0: 3 0x800000c4 (0x0000006f)
core   0: 3 0x800000c4 (0x0000006f)
core   0: 3 0x800000c4 (0x0000006f)
core   0: 3 0x800000c4 (0x0000006f)
core   0: 3 0x800000c4 (0x0000006f)
core   0: 3 0x800000c4 (0x0000006f)
core   0: 3 0x800000c4 (0x0000006f)
core   0: 3 0x800000c4 (0x0000006f)
core   0: 3 0x800000c4 (0x0000006f)
core   0: 3 0x800000c4 (0x0000006f)
core   0: 3 0x800000c4 (0x0000006f)
core   0: 3 0x800000c4 (0x0000006f)
core   0: 3 0x800000c4 (0x0000006f)
core   0: 3 0x800000c4 (0x0000006f)
core   0: 3 0x800000c4 (0x0000006f)
core   0: 3 0x800000c4 (0x0000006f)
core   0: 3 0x800000c4 (0x0000006f)
core   0: 3 0x800000c4 (0x0000006f)
core   0: 3 0x800000c4 (0x0000006f)
core   0: 3 0x800000c4 (0x0000006f)
core   0: 3 0x800000c4 (0x0000006f)
core   0: 3 0x800000c4 (0x0000006f)
core   0: 3 0x800000c4 (0x0000006f)
core   0: 3 0x800000c4 (0x0000006f)
core   0: 3 0x800000c4 (0x0000006f)
core   0: 3 0x800000c4 (0x0000006f)
core   0: 3 0x800000c4 (0x0000006f)
core   0: 3 0x800000c4 (0x0000006f)
core   0: 3 0x800000c4 (0x0000006f)
core   0: 3 0x800000c4 (0x0000006f)
core   0: 3 0x800000c4 (0x0000006f)
core   0: 3 0x800000c4 (0x0000006f)
core   0: 3 0x800000c4 (0x0000006f)
core   0: 3 0x800000c4 (0x0000006f)
core   0: 3 0x800000c4 (0x0000006f)
core   0: 3 0x800000c4 (0x0000006f)
core   0: 3 0x800000c4 (0x0000006f)
core   0: 3 0x800000c4 (0x0000006f)
core   0: 3 0x800000c4 (0x0000006f)
core   0: 3 0x800000c4 (0x0000006f)
core   0: 3 0x800000c4 (0x0000006f)
core   0: 3 0x800000c4 (0x0000006f)
core   0: 3 0x800000c4 (0x0000006f)
core   0: 3 0x800000c4 (0x0000006f)
core   0: 3 0x800000c4 (0x0000006f)
core   0: 3 0x800000c4 (0x0000006f)
core   0: 3 0x800000c4 (0x0000006f)
core   0: 3 0x800000c4 (0x0000006f)
core   0: 3 0x800000c4 (0x0000006f)
core   0: 3 0x800000c4 (0x0000006f)
core   0: 3 0x800000c4 (0x0000006f)
core   0: 3 0x800000c4 (0x0000006f)
core   0: 3 0x800000c4 (0x0000006f)
core   0: 3 0x800000c4 (0x0000006f)
core   0: 3 0x800000c4 (0x0000006f)
core   0: 3 0x800000c4 (0x0000006f)
core   0: 3 0x800000c4 (0x0000006f)
core   0: 3 0x800000c4 (0x0000006f)
core   0: 3 0x800000c4 (0x0000006f)
core   0: 3 0x800000c4 (0x0000006f)
core   0: 3 0x800000c4 (0x0000006f)
core   0: 3 0x800000c4 (0x0000006f)
core   0: 3 0x800000c4 (0x0000006f)
core   0: 3 0x800000c4 (0x0000006f)
core   0: 3 0x800000c4 (0x0000006f)
core   0: 3 0x800000c4 (0x0000006f)
core   0: 3 0x800000c4 (0x0000006f)
core   0: 3 0x800000c4 (0x0000006f)
core   0: 3 0x800000c4 (0x0000006f)
core   0: 3 0x800000c4 (0x0000006f)
core   0: 3 0x800000c4 (0x0000006f)
core   0: 3 0x800000c4 (0x0000006f)
core   0: 3 0x800000c4 (0x0000006f)
core   0: 3 0x800000c4 (0x0000006f)
core   0: 3 0x800000c4 (0x0000006f)
core   0: 3 0x800000c4 (0x0000006f)
core   0: 3 0x800000c4 (0x0000006f)
core   0: 3 0x800000c4 (0x0000006f)
core   0: 3 0x800000c4 (0x0000006f)
core   0: 3 0x800000c4 (0x0000006f)
core   0: 3 0x800000c4 (0x0000006f)
core   0: 3 0x800000c4 (0x0000006f)
core   0: 3 0x800000c4 (0x0000006f)
core   0: 3 0x800000c4 (0x0000006f)
core   0: 3 0x800000c4 (0x0000006f)
core   0: 3 0x800000c4 (0x0000006f)
core   0: 3 0x800000c4 (0x0000006f)
core   0: 3 0x800000c4 (0x0000006f)
core   0: 3 0x800000c4 (0x0000006f)
core   0: 3 0x800000c4 (0x0000006f)
core   0: 3 0x800000c4 (0x0000006f)
core   0: 3 0x800000c4 (0x0000006f)
core   0: 3 0x800000c4 (0x0000006f)
core   0: 3 0x800000c4 (0x0000006f)
core   0: 3 0x800000c4 (0x0000006f)
core   0: 3 0x800000c4 (0x0000006f)
core   0: 3 0x800000c4 (0x0000006f)
core   0: 3 0x800000c4 (0x0000006f)
core   0: 3 0x800000c4 (0x0000006f)
core   0: 3 0x800000c4 (0x0000006f)
core   0: 3 0x800000c4 (0x0000006f)
core   0: 3 0x800000c4 (0x0000006f)
core   0: 3 0x800000c4 (0x0000006f)
core   0: 3 0x800000c4 (0x0000006f)
core   0: 3 0x800000c4 (0x0000006f)
core   0: 3 0x800000c4 (0x0000006f)
core   0: 3 0x800000c4 (0x0000006f)
core   0: 3 0x800000c4 (0x0000006f)
core   0: 3 0x800000c4 (0x0000006f)
core   0: 3 0x800000c4 (0x0000006f)
core   0: 3 0x800000c4 (0x0000006f)
core   0: 3 0x800000c4 (0x0000006f)
core   0: 3 0x800000c4 (0x0000006f)
core   0: 3 0x800000c4 (0x0000006f)
core   0: 3 0x800000c4 (0x0000006f)
core   0: 3 0x800000c4 (0x0000006f)
core   0: 3 0x800000c4 (0x0000006f)
core   0: 3 0x800000c4 (0x0000006f)
core   0: 3 0x800000c4 (0x0000006f)
core   0: 3 0x800000c4 (0x0000006f)
core   0: 3 0x800000c4 (0x0000006f)
core   0: 3 0x800000c4 (0x0000006f)
core   0: 3 0x800000c4 (0x0000006f)
core   0: 3 0x800000c4 (0x0000006f)
core   0: 3 0x800000c4 (0x0000006f)
core   0: 3 0x800000c4 (0x0000006f)
core   0: 3 0x800000c4 (0x0000006f)
core   0: 3 0x800000c4 (0x0000006f)
core   0: 3 0x800000c4 (0x0000006f)
core   0: 3 0x800000c4 (0x0000006f)
core   0: 3 0x800000c4 (0x0000006f)
core   0: 3 0x800000c4 (0x0000006f)
core   0: 3 0x800000c4 (0x0000006f)
core   0: 3 0x800000c4 (0x0000006f)
core   0: 3 0x800000c4 (0x0000006f)
core   0: 3 0x800000c4 (0x0000006f)
core   0: 3 0x800000c4 (0x0000006f)
core   0: 3 0x800000c4 (0x0000006f)
core   0: 3 0x800000c4 (0x0000006f)
core   0: 3 0x800000c4 (0x0000006f)
core   0: 3 0x800000c4 (0x0000006f)
core   0: 3 0x800000c4 (0x0000006f)
core   0: 3 0x800000c4 (0x0000006f)
core   0: 3 0x800000c4 (0x0000006f)
core   0: 3 0x800000c4 (0x0000006f)
core   0: 3 0x800000c4 (0x0000006f)
core   0: 3 0x800000c4 (0x0000006f)
core   0: 3 0x800000c4 (0x0000006f)
core   0: 3 0x800000c4 (0x0000006f)
core   0: 3 0x800000c4 (0x0000006f)
core   0: 3 0x800000c4 (0x0000006f)
core   0: 3 0x800000c4 (0x0000006f)
core   0: 3 0x800000c4 (0x0000006f)
core   0: 3 0x800000c4 (0x0000006f)
core   0: 3 0x800000c4 (0x0000006f)
core   0: 3 0x800000c4 (0x0000006f)
core   0: 3 0x800000c4 (0x0000006f)
core   0: 3 0x800000c4 (0x0000006f)
core   0: 3 0x800000c4 (0x0000006f)
core   0: 3 0x800000c4 (0x0000006f)
core   0: 3 0x800000c4 (0x0000006f)
core   0: 3 0x800000c4 (0x0000006f)
core   0: 3 0x800000c4 (0x0000006f)
core   0: 3 0x800000c4 (0x0000006f)
core   0: 3 0x800000c4 (0x0000006f)
core   0: 3 0x800000c4 (0x0000006f)
core   0: 3 0x800000c4 (0x0000006f)
core   0: 3 0x800000c4 (0x0000006f)
core   0: 3 0x800000c4 (0x0000006f)
core   0: 3 0x800000c4 (0x0000006f)
core   0: 3 0x800000c4 (0x0000006f)
core   0: 3 0x800000c4 (0x0000006f)
core   0: 3 0x800000c4 (0x0000006f)
core   0: 3 0x800000c4 (0x0000006f)
core   0: 3 0x800000c4 (0x0000006f)
core   0: 3 0x800000c4 (0x0000006f)
core   0: 3 0x800000c4 (0x0000006f)
core   0: 3 0x800000c4 (0x0000006f)
core   0: 3 0x800000c4 (0x0000006f)
core   0: 3 0x800000c4 (0x0000006f)
core   0: 3 0x800000c4 (0x0000006f)
core   0: 3 0x800000c4 (0x0000006f)
core   0: 3 0x800000c4 (0x0000006f)
core   0: 3 0x800000c4 (0x0000006f)
core   0: 3 0x800000c4 (0x0000006f)
core   0: 3 0x800000c4 (0x0000006f)
core   0: 3 0x800000c4 (0x0000006f)
core   0: 3 0x800000c4 (0x0000006f)
core   0: 3 0x800000c4 (0x0000006f)
core   0: 3 0x800000c4 (0x0000006f)
core   0: 3 0x800000c4 (0x0000006f)
core   0: 3 0x800000c4 (0x0000006f)
core   0: 3 0x800000c4 (0x0000006f)
core   0: 3 0x800000c4 (0x0000006f)
core   0: 3 0x800000c4 (0x0000006f)
core   0: 3 0x800000c4 (0x0000006f)
core   0: 3 0x800000c4 (0x0000006f)
core   0: 3 0x800000c4 (0x0000006f)
core   0: 3 0x800000c4 (0x0000006f)
core   0: 3 0x800000c4 (0x0000006f)
core   0: 3 0x800000c4 (0x0000006f)
core   0: 3 0x800000c4 (0x0000006f)
core   0: 3 0x800000c4 (0x0000006f)
core   0: 3 0x800000c4 (0x0000006f)
core   0: 3 0x800000c4 (0x0000006f)
core   0: 3 0x800000c4 (0x0000006f)
core   0: 3 0x800000c4 (0x0000006f)
core   0: 3 0x800000c4 (0x0000006f)
core   0: 3 0x800000c4 (0x0000006f)
core   0: 3 0x800000c4 (0x0000006f)
core   0: 3 0x800000c4 (0x0000006f)
core   0: 3 0x800000c4 (0x0000006f)
core   0: 3 0x800000c4 (0x0000006f)
core   0: 3 0x800000c4 (0x0000006f)
core   0: 3 0x800000c4 (0x0000006f)
core   0: 3 0x800000c4 (0x0000006f)
core   0: 3 0x800000c4 (0x0000006f)
core   0: 3 0x800000c4 (0x0000006f)
core   0: 3 0x800000c4 (0x0000006f)
core   0: 3 0x800000c4 (0x0000006f)
core   0: 3 0x800000c4 (0x0000006f)
core   0: 3 0x800000c4 (0x0000006f)
core   0: 3 0x800000c4 (0x0000006f)
core   0: 3 0x800000c4 (0x0000006f)
core   0: 3 0x800000c4 (0x0000006f)
core   0: 3 0x800000c4 (0x0000006f)
core   0: 3 0x800000c4 (0x0000006f)
core   0: 3 0x800000c4 (0x0000006f)
core   0: 3 0x800000c4 (0x0000006f)
core   0: 3 0x800000c4 (0x0000006f)
core   0: 3 0x800000c4 (0x0000006f)
core   0: 3 0x800000c4 (0x0000006f)
core   0: 3 0x800000c4 (0x0000006f)
core   0: 3 0x800000c4 (0x0000006f)
core   0: 3 0x800000c4 (0x0000006f)
core   0: 3 0x800000c4 (0x0000006f)
core   0: 3 0x800000c4 (0x0000006f)
core   0: 3 0x800000c4 (0x0000006f)
core   0: 3 0x800000c4 (0x0000006f)
core   0: 3 0x800000c4 (0x0000006f)
core   0: 3 0x800000c4 (0x0000006f)
core   0: 3 0x800000c4 (0x0000006f)
core   0: 3 0x800000c4 (0x0000006f)
core   0: 3 0x800000c4 (0x0000006f)
core   0: 3 0x800000c4 (0x0000006f)
core   0: 3 0x800000c4 (0x0000006f)
core   0: 3 0x800000c4 (0x0000006f)
core   0: 3 0x800000c4 (0x0000006f)
core   0: 3 0x800000c4 (0x0000006f)
core   0: 3 0x800000c4 (0x0000006f)
core   0: 3 0x800000c4 (0x0000006f)
core   0: 3 0x800000c4 (0x0000006f)
core   0: 3 0x800000c4 (0x0000006f)
core   0: 3 0x800000c4 (0x0000006f)
core   0: 3 0x800000c4 (0x0000006f)
core   0: 3 0x800000c4 (0x0000006f)
core   0: 3 0x800000c4 (0x0000006f)
core   0: 3 0x800000c4 (0x0000006f)
core   0: 3 0x800000c4 (0x0000006f)
core   0: 3 0x800000c4 (0x0000006f)
core   0: 3 0x800000c4 (0x0000006f)
core   0: 3 0x800000c4 (0x0000006f)
core   0: 3 0x800000c4 (0x0000006f)
core   0: 3 0x800000c4 (0x0000006f)
core   0: 3 0x800000c4 (0x0000006f)
core   0: 3 0x800000c4 (0x0000006f)
core   0: 3 0x800000c4 (0x0000006f)
core   0: 3 0x800000c4 (0x0000006f)
core   0: 3 0x800000c4 (0x0000006f)
core   0: 3 0x800000c4 (0x0000006f)
core   0: 3 0x800000c4 (0x0000006f)
core   0: 3 0x800000c4 (0x0000006f)
core   0: 3 0x800000c4 (0x0000006f)
core   0: 3 0x800000c4 (0x0000006f)
core   0: 3 0x800000c4 (0x0000006f)
core   0: 3 0x800000c4 (0x0000006f)
core   0: 3 0x800000c4 (0x0000006f)
core   0: 3 0x800000c4 (0x0000006f)
core   0: 3 0x800000c4 (0x0000006f)
core   0: 3 0x800000c4 (0x0000006f)
core   0: 3 0x800000c4 (0x0000006f)
core   0: 3 0x800000c4 (0x0000006f)
core   0: 3 0x800000c4 (0x0000006f)
core   0: 3 0x800000c4 (0x0000006f)
core   0: 3 0x800000c4 (0x0000006f)
core   0: 3 0x800000c4 (0x0000006f)
core   0: 3 0x800000c4 (0x0000006f)
core   0: 3 0x800000c4 (0x0000006f)
core   0: 3 0x800000c4 (0x0000006f)
core   0: 3 0x800000c4 (0x0000006f)
core   0: 3 0x800000c4 (0x0000006f)
core   0: 3 0x800000c4 (0x0000006f)
core   0: 3 0x800000c4 (0x0000006f)
core   0: 3 0x800000c4 (0x0000006f)
core   0: 3 0x800000c4 (0x0000006f)
core   0: 3 0x800000c4 (0x0000006f)
core   0: 3 0x800000c4 (0x0000006f)
core   0: 3 0x800000c4 (0x0000006f)
core   0: 3 0x800000c4 (0x0000006f)
core   0: 3 0x800000c4 (0x0000006f)
core   0: 3 0x800000c4 (0x0000006f)
core   0: 3 0x800000c4 (0x0000006f)
core   0: 3 0x800000c4 (0x0000006f)
core   0: 3 0x800000c4 (0x0000006f)
core   0: 3 0x800000c4 (0x0000006f)
core   0: 3 0x800000c4 (0x0000006f)
core   0: 3 0x800000c4 (0x0000006f)
core   0: 3 0x800000c4 (0x0000006f)
core   0: 3 0x800000c4 (0x0000006f)
core   0: 3 0x800000c4 (0x0000006f)
core   0: 3 0x800000c4 (0x0000006f)
core   0: 3 0x800000c4 (0x0000006f)
core   0: 3 0x800000c4 (0x0000006f)
core   0: 3 0x800000c4 (0x0000006f)
core   0: 3 0x800000c4 (0x0000006f)
core   0: 3 0x800000c4 (0x0000006f)
core   0: 3 0x800000c4 (0x0000006f)
core   0: 3 0x800000c4 (0x0000006f)
core   0: 3 0x800000c4 (0x0000006f)
core   0: 3 0x800000c4 (0x0000006f)
core   0: 3 0x800000c4 (0x0000006f)
core   0: 3 0x800000c4 (0x0000006f)
core   0: 3 0x800000c4 (0x0000006f)
core   0: 3 0x800000c4 (0x0000006f)
core   0: 3 0x800000c4 (0x0000006f)
core   0: 3 0x800000c4 (0x0000006f)
core   0: 3 0x800000c4 (0x0000006f)
core   0: 3 0x800000c4 (0x0000006f)
core   0: 3 0x800000c4 (0x0000006f)
core   0: 3 0x800000c4 (0x0000006f)
core   0: 3 0x800000c4 (0x0000006f)
core   0: 3 0x800000c4 (0x0000006f)
core   0: 3 0x800000c4 (0x0000006f)
core   0: 3 0x800000c4 (0x0000006f)
core   0: 3 0x800000c4 (0x0000006f)
core   0: 3 0x800000c4 (0x0000006f)
core   0: 3 0x800000c4 (0x0000006f)
core   0: 3 0x800000c4 (0x0000006f)
core   0: 3 0x800000c4 (0x0000006f)
core   0: 3 0x800000c4 (0x0000006f)
core   0: 3 0x800000c4 (0x0000006f)
core   0: 3 0x800000c4 (0x0000006f)
core   0: 3 0x800000c4 (0x0000006f)
core   0: 3 0x800000c4 (0x0000006f)
core   0: 3 0x800000c4 (0x0000006f)
core   0: 3 0x800000c4 (0x0000006f)
core   0: 3 0x800000c4 (0x0000006f)
core   0: 3 0x800000c4 (0x0000006f)
core   0: 3 0x800000c4 (0x0000006f)
core   0: 3 0x800000c4 (0x0000006f)
core   0: 3 0x800000c4 (0x0000006f)
core   0: 3 0x800000c4 (0x0000006f)
core   0: 3 0x800000c4 (0x0000006f)
core   0: 3 0x800000c4 (0x0000006f)
core   0: 3 0x800000c4 (0x0000006f)
core   0: 3 0x800000c4 (0x0000006f)
core   0: 3 0x800000c4 (0x0000006f)
core   0: 3 0x800000c4 (0x0000006f)
core   0: 3 0x800000c4 (0x0000006f)
core   0: 3 0x800000c4 (0x0000006f)
core   0: 3 0x800000c4 (0x0000006f)
core   0: 3 0x800000c4 (0x0000006f)
core   0: 3 0x800000c4 (0x0000006f)
core   0: 3 0x800000c4 (0x0000006f)
core   0: 3 0x800000c4 (0x0000006f)
core   0: 3 0x800000c4 (0x0000006f)
core   0: 3 0x800000c4 (0x0000006f)
core   0: 3 0x800000c4 (0x0000006f)
core   0: 3 0x800000c4 (0x0000006f)
core   0: 3 0x800000c4 (0x0000006f)
core   0: 3 0x800000c4 (0x0000006f)
core   0: 3 0x800000c4 (0x0000006f)
core   0: 3 0x800000c4 (0x0000006f)
core   0: 3 0x800000c4 (0x0000006f)
core   0: 3 0x800000c4 (0x0000006f)
core   0: 3 0x800000c4 (0x0000006f)
core   0: 3 0x800000c4 (0x0000006f)
core   0: 3 0x800000c4 (0x0000006f)
core   0: 3 0x800000c4 (0x0000006f)
core   0: 3 0x800000c4 (0x0000006f)
core   0: 3 0x800000c4 (0x0000006f)
core   0: 3 0x800000c4 (0x0000006f)
core   0: 3 0x800000c4 (0x0000006f)
core   0: 3 0x800000c4 (0x0000006f)
core   0: 3 0x800000c4 (0x0000006f)
core   0: 3 0x800000c4 (0x0000006f)
core   0: 3 0x800000c4 (0x0000006f)
core   0: 3 0x800000c4 (0x0000006f)
core   0: 3 0x800000c4 (0x0000006f)
core   0: 3 0x800000c4 (0x0000006f)
core   0: 3 0x800000c4 (0x0000006f)
core   0: 3 0x800000c4 (0x0000006f)
core   0: 3 0x800000c4 (0x0000006f)
core   0: 3 0x800000c4 (0x0000006f)
core   0: 3 0x800000c4 (0x0000006f)
core   0: 3 0x800000c4 (0x0000006f)
core   0: 3 0x800000c4 (0x0000006f)
core   0: 3 0x800000c4 (0x0000006f)
core   0: 3 0x800000c4 (0x0000006f)
core   0: 3 0x800000c4 (0x0000006f)
core   0: 3 0x800000c4 (0x0000006f)
core   0: 3 0x800000c4 (0x0000006f)
core   0: 3 0x800000c4 (0x0000006f)
core   0: 3 0x800000c4 (0x0000006f)
core   0: 3 0x800000c4 (0x0000006f)
core   0: 3 0x800000c4 (0x0000006f)
core   0: 3 0x800000c4 (0x0000006f)
core   0: 3 0x800000c4 (0x0000006f)
core   0: 3 0x800000c4 (0x0000006f)
core   0: 3 0x800000c4 (0x0000006f)
core   0: 3 0x800000c4 (0x0000006f)
core   0: 3 0x800000c4 (0x0000006f)
core   0: 3 0x800000c4 (0x0000006f)
core   0: 3 0x800000c4 (0x0000006f)
core   0: 3 0x800000c4 (0x0000006f)
core   0: 3 0x800000c4 (0x0000006f)
core   0: 3 0x800000c4 (0x0000006f)
core   0: 3 0x800000c4 (0x0000006f)
core   0: 3 0x800000c4 (0x0000006f)
core   0: 3 0x800000c4 (0x0000006f)
core   0: 3 0x800000c4 (0x0000006f)
core   0: 3 0x800000c4 (0x0000006f)
core   0: 3 0x800000c4 (0x0000006f)
core   0: 3 0x800000c4 (0x0000006f)
core   0: 3 0x800000c4 (0x0000006f)
core   0: 3 0x800000c4 (0x0000006f)
core   0: 3 0x800000c4 (0x0000006f)
core   0: 3 0x800000c4 (0x0000006f)
core   0: 3 0x800000c4 (0x0000006f)
core   0: 3 0x800000c4 (0x0000006f)
core   0: 3 0x800000c4 (0x0000006f)
core   0: 3 0x800000c4 (0x0000006f)
core   0: 3 0x800000c4 (0x0000006f)
core   0: 3 0x800000c4 (0x0000006f)
core   0: 3 0x800000c4 (0x0000006f)
core   0: 3 0x800000c4 (0x0000006f)
core   0: 3 0x800000c4 (0x0000006f)
core   0: 3 0x800000c4 (0x0000006f)
core   0: 3 0x800000c4 (0x0000006f)
core   0: 3 0x800000c4 (0x0000006f)
core   0: 3 0x800000c4 (0x0000006f)
core   0: 3 0x800000c4 (0x0000006f)
core   0: 3 0x800000c4 (0x0000006f)
core   0: 3 0x800000c4 (0x0000006f)
core   0: 3 0x800000c4 (0x0000006f)
core   0: 3 0x800000c4 (0x0000006f)
core   0: 3 0x800000c4 (0x0000006f)
core   0: 3 0x800000c4 (0x0000006f)
core   0: 3 0x800000c4 (0x0000006f)
core   0: 3 0x800000c4 (0x0000006f)
core   0: 3 0x800000c4 (0x0000006f)
core   0: 3 0x800000c4 (0x0000006f)
core   0: 3 0x800000c4 (0x0000006f)
core   0: 3 0x800000c4 (0x0000006f)
core   0: 3 0x800000c4 (0x0000006f)
core   0: 3 0x800000c4 (0x0000006f)
core   0: 3 0x800000c4 (0x0000006f)
core   0: 3 0x800000c4 (0x0000006f)
core   0: 3 0x800000c4 (0x0000006f)
core   0: 3 0x800000c4 (0x0000006f)
core   0: 3 0x800000c4 (0x0000006f)
core   0: 3 0x800000c4 (0x0000006f)
core   0: 3 0x800000c4 (0x0000006f)
core   0: 3 0x800000c4 (0x0000006f)
core   0: 3 0x800000c4 (0x0000006f)
core   0: 3 0x800000c4 (0x0000006f)
core   0: 3 0x800000c4 (0x0000006f)
core   0: 3 0x800000c4 (0x0000006f)
core   0: 3 0x800000c4 (0x0000006f)
core   0: 3 0x800000c4 (0x0000006f)
core   0: 3 0x800000c4 (0x0000006f)
core   0: 3 0x800000c4 (0x0000006f)
core   0: 3 0x800000c4 (0x0000006f)
core   0: 3 0x800000c4 (0x0000006f)
core   0: 3 0x800000c4 (0x0000006f)
core   0: 3 0x800000c4 (0x0000006f)
core   0: 3 0x800000c4 (0x0000006f)
core   0: 3 0x800000c4 (0x0000006f)
core   0: 3 0x800000c4 (0x0000006f)
core   0: 3 0x800000c4 (0x0000006f)
core   0: 3 0x800000c4 (0x0000006f)
core   0: 3 0x800000c4 (0x0000006f)
core   0: 3 0x800000c4 (0x0000006f)
core   0: 3 0x800000c4 (0x0000006f)
core   0: 3 0x800000c4 (0x0000006f)
core   0: 3 0x800000c4 (0x0000006f)
core   0: 3 0x800000c4 (0x0000006f)
core   0: 3 0x800000c4 (0x0000006f)
core   0: 3 0x800000c4 (0x0000006f)
core   0: 3 0x800000c4 (0x0000006f)
core   0: 3 0x800000c4 (0x0000006f)
core   0: 3 0x800000c4 (0x0000006f)
core   0: 3 0x800000c4 (0x0000006f)
core   0: 3 0x800000c4 (0x0000006f)
core   0: 3 0x800000c4 (0x0000006f)
core   0: 3 0x800000c4 (0x0000006f)
core   0: 3 0x800000c4 (0x0000006f)
core   0: 3 0x800000c4 (0x0000006f)
core   0: 3 0x800000c4 (0x0000006f)
core   0: 3 0x800000c4 (0x0000006f)
core   0: 3 0x800000c4 (0x0000006f)
core   0: 3 0x800000c4 (0x0000006f)
core   0: 3 0x800000c4 (0x0000006f)
core   0: 3 0x800000c4 (0x0000006f)
core   0: 3 0x800000c4 (0x0000006f)
core   0: 3 0x800000c4 (0x0000006f)
core   0: 3 0x800000c4 (0x0000006f)
core   0: 3 0x800000c4 (0x0000006f)
core   0: 3 0x800000c4 (0x0000006f)
core   0: 3 0x800000c4 (0x0000006f)
core   0: 3 0x800000c4 (0x0000006f)
core   0: 3 0x800000c4 (0x0000006f)
core   0: 3 0x800000c4 (0x0000006f)
core   0: 3 0x800000c4 (0x0000006f)
core   0: 3 0x800000c4 (0x0000006f)
core   0: 3 0x800000c4 (0x0000006f)
core   0: 3 0x800000c4 (0x0000006f)
core   0: 3 0x800000c4 (0x0000006f)
core   0: 3 0x800000c4 (0x0000006f)
core   0: 3 0x800000c4 (0x0000006f)
core   0: 3 0x800000c4 (0x0000006f)
core   0: 3 0x800000c4 (0x0000006f)
core   0: 3 0x800000c4 (0x0000006f)
core   0: 3 0x800000c4 (0x0000006f)
core   0: 3 0x800000c4 (0x0000006f)
core   0: 3 0x800000c4 (0x0000006f)
core   0: 3 0x800000c4 (0x0000006f)
core   0: 3 0x800000c4 (0x0000006f)
core   0: 3 0x800000c4 (0x0000006f)
core   0: 3 0x800000c4 (0x0000006f)
core   0: 3 0x800000c4 (0x0000006f)
core   0: 3 0x800000c4 (0x0000006f)
core   0: 3 0x800000c4 (0x0000006f)
core   0: 3 0x800000c4 (0x0000006f)
core   0: 3 0x800000c4 (0x0000006f)
core   0: 3 0x800000c4 (0x0000006f)
core   0: 3 0x800000c4 (0x0000006f)
core   0: 3 0x800000c4 (0x0000006f)
core   0: 3 0x800000c4 (0x0000006f)
core   0: 3 0x800000c4 (0x0000006f)
core   0: 3 0x800000c4 (0x0000006f)
core   0: 3 0x800000c4 (0x0000006f)
core   0: 3 0x800000c4 (0x0000006f)
core   0: 3 0x800000c4 (0x0000006f)
core   0: 3 0x800000c4 (0x0000006f)
core   0: 3 0x800000c4 (0x0000006f)
core   0: 3 0x800000c4 (0x0000006f)
core   0: 3 0x800000c4 (0x0000006f)
core   0: 3 0x800000c4 (0x0000006f)
core   0: 3 0x800000c4 (0x0000006f)
core   0: 3 0x800000c4 (0x0000006f)
core   0: 3 0x800000c4 (0x0000006f)
core   0: 3 0x800000c4 (0x0000006f)
core   0: 3 0x800000c4 (0x0000006f)
core   0: 3 0x800000c4 (0x0000006f)
core   0: 3 0x800000c4 (0x0000006f)
core   0: 3 0x800000c4 (0x0000006f)
core   0: 3 0x800000c4 (0x0000006f)
core   0: 3 0x800000c4 (0x0000006f)
core   0: 3 0x800000c4 (0x0000006f)
core   0: 3 0x800000c4 (0x0000006f)
core   0: 3 0x800000c4 (0x0000006f)
core   0: 3 0x800000c4 (0x0000006f)
core   0: 3 0x800000c4 (0x0000006f)
core   0: 3 0x800000c4 (0x0000006f)
core   0: 3 0x800000c4 (0x0000006f)
core   0: 3 0x800000c4 (0x0000006f)
core   0: 3 0x800000c4 (0x0000006f)
core   0: 3 0x800000c4 (0x0000006f)
core   0: 3 0x800000c4 (0x0000006f)
core   0: 3 0x800000c4 (0x0000006f)
core   0: 3 0x800000c4 (0x0000006f)
core   0: 3 0x800000c4 (0x0000006f)
core   0: 3 0x800000c4 (0x0000006f)
core   0: 3 0x800000c4 (0x0000006f)
core   0: 3 0x800000c4 (0x0000006f)
core   0: 3 0x800000c4 (0x0000006f)
core   0: 3 0x800000c4 (0x0000006f)
core   0: 3 0x800000c4 (0x0000006f)
core   0: 3 0x800000c4 (0x0000006f)
core   0: 3 0x800000c4 (0x0000006f)
core   0: 3 0x800000c4 (0x0000006f)
core   0: 3 0x800000c4 (0x0000006f)
core   0: 3 0x800000c4 (0x0000006f)
core   0: 3 0x800000c4 (0x0000006f)
core   0: 3 0x800000c4 (0x0000006f)
core   0: 3 0x800000c4 (0x0000006f)
core   0: 3 0x800000c4 (0x0000006f)
core   0: 3 0x800000c4 (0x0000006f)
core   0: 3 0x800000c4 (0x0000006f)
core   0: 3 0x800000c4 (0x0000006f)
core   0: 3 0x800000c4 (0x0000006f)
core   0: 3 0x800000c4 (0x0000006f)
core   0: 3 0x800000c4 (0x0000006f)
core   0: 3 0x800000c4 (0x0000006f)
core   0: 3 0x800000c4 (0x0000006f)
core   0: 3 0x800000c4 (0x0000006f)
core   0: 3 0x800000c4 (0x0000006f)
core   0: 3 0x800000c4 (0x0000006f)
core   0: 3 0x800000c4 (0x0000006f)
core   0: 3 0x800000c4 (0x0000006f)
core   0: 3 0x800000c4 (0x0000006f)
core   0: 3 0x800000c4 (0x0000006f)
core   0: 3 0x800000c4 (0x0000006f)
core   0: 3 0x800000c4 (0x0000006f)
core   0: 3 0x800000c4 (0x0000006f)
core   0: 3 0x800000c4 (0x0000006f)
core   0: 3 0x800000c4 (0x0000006f)
core   0: 3 0x800000c4 (0x0000006f)
core   0: 3 0x800000c4 (0x0000006f)
core   0: 3 0x800000c4 (0x0000006f)
core   0: 3 0x800000c4 (0x0000006f)
core   0: 3 0x800000c4 (0x0000006f)
core   0: 3 0x800000c4 (0x0000006f)
core   0: 3 0x800000c4 (0x0000006f)
core   0: 3 0x800000c4 (0x0000006f)
core   0: 3 0x800000c4 (0x0000006f)
core   0: 3 0x800000c4 (0x0000006f)
core   0: 3 0x800000c4 (0x0000006f)
core   0: 3 0x800000c4 (0x0000006f)
core   0: 3 0x800000c4 (0x0000006f)
core   0: 3 0x800000c4 (0x0000006f)
core   0: 3 0x800000c4 (0x0000006f)
core   0: 3 0x800000c4 (0x0000006f)
core   0: 3 0x800000c4 (0x0000006f)
core   0: 3 0x800000c4 (0x0000006f)
core   0: 3 0x800000c4 (0x0000006f)
core   0: 3 0x800000c4 (0x0000006f)
core   0: 3 0x800000c4 (0x0000006f)
core   0: 3 0x800000c4 (0x0000006f)
core   0: 3 0x800000c4 (0x0000006f)
core   0: 3 0x800000c4 (0x0000006f)
core   0: 3 0x800000c4 (0x0000006f)
core   0: 3 0x800000c4 (0x0000006f)
core   0: 3 0x800000c4 (0x0000006f)
core   0: 3 0x800000c4 (0x0000006f)
core   0: 3 0x800000c4 (0x0000006f)
core   0: 3 0x800000c4 (0x0000006f)
core   0: 3 0x800000c4 (0x0000006f)
core   0: 3 0x800000c4 (0x0000006f)
core   0: 3 0x800000c4 (0x0000006f)
core   0: 3 0x800000c4 (0x0000006f)
core   0: 3 0x800000c4 (0x0000006f)
core   0: 3 0x800000c4 (0x0000006f)
core   0: 3 0x800000c4 (0x0000006f)
core   0: 3 0x800000c4 (0x0000006f)
core   0: 3 0x800000c4 (0x0000006f)
core   0: 3 0x800000c4 (0x0000006f)
core   0: 3 0x800000c4 (0x0000006f)
core   0: 3 0x800000c4 (0x0000006f)
core   0: 3 0x800000c4 (0x0000006f)
core   0: 3 0x800000c4 (0x0000006f)
core   0: 3 0x800000c4 (0x0000006f)
core   0: 3 0x800000c4 (0x0000006f)
core   0: 3 0x800000c4 (0x0000006f)
core   0: 3 0x800000c4 (0x0000006f)
core   0: 3 0x800000c4 (0x0000006f)
core   0: 3 0x800000c4 (0x0000006f)
core   0: 3 0x800000c4 (0x0000006f)
core   0: 3 0x800000c4 (0x0000006f)
core   0: 3 0x800000c4 (0x0000006f)
core   0: 3 0x800000c4 (0x0000006f)
core   0: 3 0x800000c4 (0x0000006f)
core   0: 3 0x800000c4 (0x0000006f)
core   0: 3 0x800000c4 (0x0000006f)
core   0: 3 0x800000c4 (0x0000006f)
core   0: 3 0x800000c4 (0x0000006f)
core   0: 3 0x800000c4 (0x0000006f)
core   0: 3 0x800000c4 (0x0000006f)
core   0: 3 0x800000c4 (0x0000006f)
core   0: 3 0x800000c4 (0x0000006f)
core   0: 3 0x800000c4 (0x0000006f)
core   0: 3 0x800000c4 (0x0000006f)
core   0: 3 0x800000c4 (0x0000006f)
core   0: 3 0x800000c4 (0x0000006f)
core   0: 3 0x800000c4 (0x0000006f)
core   0: 3 0x800000c4 (0x0000006f)
core   0: 3 0x800000c4 (0x0000006f)
core   0: 3 0x800000c4 (0x0000006f)
core   0: 3 0x800000c4 (0x0000006f)
core   0: 3 0x800000c4 (0x0000006f)
core   0: 3 0x800000c4 (0x0000006f)
core   0: 3 0x800000c4 (0x0000006f)
core   0: 3 0x800000c4 (0x0000006f)
core   0: 3 0x800000c4 (0x0000006f)
core   0: 3 0x800000c4 (0x0000006f)
core   0: 3 0x800000c4 (0x0000006f)
core   0: 3 0x800000c4 (0x0000006f)
core   0: 3 0x800000c4 (0x0000006f)
core   0: 3 0x800000c4 (0x0000006f)
core   0: 3 0x800000c4 (0x0000006f)
core   0: 3 0x800000c4 (0x0000006f)
core   0: 3 0x800000c4 (0x0000006f)
core   0: 3 0x800000c4 (0x0000006f)
core   0: 3 0x800000c4 (0x0000006f)
core   0: 3 0x800000c4 (0x0000006f)
core   0: 3 0x800000c4 (0x0000006f)
core   0: 3 0x800000c4 (0x0000006f)
core   0: 3 0x800000c4 (0x0000006f)
core   0: 3 0x800000c4 (0x0000006f)
core   0: 3 0x800000c4 (0x0000006f)
core   0: 3 0x800000c4 (0x0000006f)
core   0: 3 0x800000c4 (0x0000006f)
core   0: 3 0x800000c4 (0x0000006f)
core   0: 3 0x800000c4 (0x0000006f)
core   0: 3 0x800000c4 (0x0000006f)
core   0: 3 0x800000c4 (0x0000006f)
core   0: 3 0x800000c4 (0x0000006f)
core   0: 3 0x800000c4 (0x0000006f)
core   0: 3 0x800000c4 (0x0000006f)
core   0: 3 0x800000c4 (0x0000006f)
core   0: 3 0x800000c4 (0x0000006f)
core   0: 3 0x800000c4 (0x0000006f)
core   0: 3 0x800000c4 (0x0000006f)
core   0: 3 0x800000c4 (0x0000006f)
core   0: 3 0x800000c4 (0x0000006f)
core   0: 3 0x800000c4 (0x0000006f)
core   0: 3 0x800000c4 (0x0000006f)
core   0: 3 0x800000c4 (0x0000006f)
core   0: 3 0x800000c4 (0x0000006f)
core   0: 3 0x800000c4 (0x0000006f)
core   0: 3 0x800000c4 (0x0000006f)
core   0: 3 0x800000c4 (0x0000006f)
core   0: 3 0x800000c4 (0x0000006f)
core   0: 3 0x800000c4 (0x0000006f)
core   0: 3 0x800000c4 (0x0000006f)
core   0: 3 0x800000c4 (0x0000006f)
core   0: 3 0x800000c4 (0x0000006f)
core   0: 3 0x800000c4 (0x0000006f)
core   0: 3 0x800000c4 (0x0000006f)
core   0: 3 0x800000c4 (0x0000006f)
core   0: 3 0x800000c4 (0x0000006f)
core   0: 3 0x800000c4 (0x0000006f)
core   0: 3 0x800000c4 (0x0000006f)
core   0: 3 0x800000c4 (0x0000006f)
core   0: 3 0x800000c4 (0x0000006f)
core   0: 3 0x800000c4 (0x0000006f)
core   0: 3 0x800000c4 (0x0000006f)
core   0: 3 0x800000c4 (0x0000006f)
core   0: 3 0x800000c4 (0x0000006f)
core   0: 3 0x800000c4 (0x0000006f)
core   0: 3 0x800000c4 (0x0000006f)
core   0: 3 0x800000c4 (0x0000006f)
core   0: 3 0x800000c4 (0x0000006f)
core   0: 3 0x800000c4 (0x0000006f)
core   0: 3 0x800000c4 (0x0000006f)
core   0: 3 0x800000c4 (0x0000006f)
core   0: 3 0x800000c4 (0x0000006f)
core   0: 3 0x800000c4 (0x0000006f)
core   0: 3 0x800000c4 (0x0000006f)
core   0: 3 0x800000c4 (0x0000006f)
core   0: 3 0x800000c4 (0x0000006f)
core   0: 3 0x800000c4 (0x0000006f)
core   0: 3 0x800000c4 (0x0000006f)
core   0: 3 0x800000c4 (0x0000006f)
core   0: 3 0x800000c4 (0x0000006f)
core   0: 3 0x800000c4 (0x0000006f)
core   0: 3 0x800000c4 (0x0000006f)
core   0: 3 0x800000c4 (0x0000006f)
core   0: 3 0x800000c4 (0x0000006f)
core   0: 3 0x800000c4 (0x0000006f)
core   0: 3 0x800000c4 (0x0000006f)
core   0: 3 0x800000c4 (0x0000006f)
core   0: 3 0x800000c4 (0x0000006f)
core   0: 3 0x800000c4 (0x0000006f)
core   0: 3 0x800000c4 (0x0000006f)
core   0: 3 0x800000c4 (0x0000006f)
core   0: 3 0x800000c4 (0x0000006f)
core   0: 3 0x800000c4 (0x0000006f)
core   0: 3 0x800000c4 (0x0000006f)
core   0: 3 0x800000c4 (0x0000006f)
core   0: 3 0x800000c4 (0x0000006f)
core   0: 3 0x800000c4 (0x0000006f)
core   0: 3 0x800000c4 (0x0000006f)
core   0: 3 0x800000c4 (0x0000006f)
core   0: 3 0x800000c4 (0x0000006f)
core   0: 3 0x800000c4 (0x0000006f)
core   0: 3 0x800000c4 (0x0000006f)
core   0: 3 0x800000c4 (0x0000006f)
core   0: 3 0x800000c4 (0x0000006f)
core   0: 3 0x800000c4 (0x0000006f)
core   0: 3 0x800000c4 (0x0000006f)
core   0: 3 0x800000c4 (0x0000006f)
core   0: 3 0x800000c4 (0x0000006f)
core   0: 3 0x800000c4 (0x0000006f)
core   0: 3 0x800000c4 (0x0000006f)
core   0: 3 0x800000c4 (0x0000006f)
core   0: 3 0x800000c4 (0x0000006f)
core   0: 3 0x800000c4 (0x0000006f)
core   0: 3 0x800000c4 (0x0000006f)
core   0: 3 0x800000c4 (0x0000006f)
core   0: 3 0x800000c4 (0x0000006f)
core   0: 3 0x800000c4 (0x0000006f)
core   0: 3 0x800000c4 (0x0000006f)
core   0: 3 0x800000c4 (0x0000006f)
core   0: 3 0x800000c4 (0x0000006f)
core   0: 3 0x800000c4 (0x0000006f)
core   0: 3 0x800000c4 (0x0000006f)
core   0: 3 0x800000c4 (0x0000006f)
core   0: 3 0x800000c4 (0x0000006f)
core   0: 3 0x800000c4 (0x0000006f)
core   0: 3 0x800000c4 (0x0000006f)
core   0: 3 0x800000c4 (0x0000006f)
core   0: 3 0x800000c4 (0x0000006f)
core   0: 3 0x800000c4 (0x0000006f)
core   0: 3 0x800000c4 (0x0000006f)
core   0: 3 0x800000c4 (0x0000006f)
core   0: 3 0x800000c4 (0x0000006f)
core   0: 3 0x800000c4 (0x0000006f)
core   0: 3 0x800000c4 (0x0000006f)
core   0: 3 0x800000c4 (0x0000006f)
core   0: 3 0x800000c4 (0x0000006f)
core   0: 3 0x800000c4 (0x0000006f)
core   0: 3 0x800000c4 (0x0000006f)
core   0: 3 0x800000c4 (0x0000006f)
core   0: 3 0x800000c4 (0x0000006f)
core   0: 3 0x800000c4 (0x0000006f)
core   0: 3 0x800000c4 (0x0000006f)
core   0: 3 0x800000c4 (0x0000006f)
core   0: 3 0x800000c4 (0x0000006f)
core   0: 3 0x800000c4 (0x0000006f)
core   0: 3 0x800000c4 (0x0000006f)
core   0: 3 0x800000c4 (0x0000006f)
core   0: 3 0x800000c4 (0x0000006f)
core   0: 3 0x800000c4 (0x0000006f)
core   0: 3 0x800000c4 (0x0000006f)
core   0: 3 0x800000c4 (0x0000006f)
core   0: 3 0x800000c4 (0x0000006f)
core   0: 3 0x800000c4 (0x0000006f)
core   0: 3 0x800000c4 (0x0000006f)
core   0: 3 0x800000c4 (0x0000006f)
core   0: 3 0x800000c4 (0x0000006f)
core   0: 3 0x800000c4 (0x0000006f)
core   0: 3 0x800000c4 (0x0000006f)
core   0: 3 0x800000c4 (0x0000006f)
core   0: 3 0x800000c4 (0x0000006f)
core   0: 3 0x800000c4 (0x0000006f)
core   0: 3 0x800000c4 (0x0000006f)
core   0: 3 0x800000c4 (0x0000006f)
core   0: 3 0x800000c4 (0x0000006f)
core   0: 3 0x800000c4 (0x0000006f)
core   0: 3 0x800000c4 (0x0000006f)
core   0: 3 0x800000c4 (0x0000006f)
core   0: 3 0x800000c4 (0x0000006f)
core   0: 3 0x800000c4 (0x0000006f)
core   0: 3 0x800000c4 (0x0000006f)
core   0: 3 0x800000c4 (0x0000006f)
core   0: 3 0x800000c4 (0x0000006f)
core   0: 3 0x800000c4 (0x0000006f)
core   0: 3 0x800000c4 (0x0000006f)
core   0: 3 0x800000c4 (0x0000006f)
core   0: 3 0x800000c4 (0x0000006f)
core   0: 3 0x800000c4 (0x0000006f)
core   0: 3 0x800000c4 (0x0000006f)
core   0: 3 0x800000c4 (0x0000006f)
core   0: 3 0x800000c4 (0x0000006f)
core   0: 3 0x800000c4 (0x0000006f)
core   0: 3 0x800000c4 (0x0000006f)
core   0: 3 0x800000c4 (0x0000006f)
core   0: 3 0x800000c4 (0x0000006f)
core   0: 3 0x800000c4 (0x0000006f)
core   0: 3 0x800000c4 (0x0000006f)
core   0: 3 0x800000c4 (0x0000006f)
core   0: 3 0x800000c4 (0x0000006f)
core   0: 3 0x800000c4 (0x0000006f)
core   0: 3 0x800000c4 (0x0000006f)
core   0: 3 0x800000c4 (0x0000006f)
core   0: 3 0x800000c4 (0x0000006f)
core   0: 3 0x800000c4 (0x0000006f)
core   0: 3 0x800000c4 (0x0000006f)
core   0: 3 0x800000c4 (0x0000006f)
core   0: 3 0x800000c4 (0x0000006f)
core   0: 3 0x800000c4 (0x0000006f)
core   0: 3 0x800000c4 (0x0000006f)
core   0: 3 0x800000c4 (0x0000006f)
core   0: 3 0x800000c4 (0x0000006f)
core   0: 3 0x800000c4 (0x0000006f)
core   0: 3 0x800000c4 (0x0000006f)
core   0: 3 0x800000c4 (0x0000006f)
core   0: 3 0x800000c4 (0x0000006f)
core   0: 3 0x800000c4 (0x0000006f)
core   0: 3 0x800000c4 (0x0000006f)
core   0: 3 0x800000c4 (0x0000006f)
core   0: 3 0x800000c4 (0x0000006f)
core   0: 3 0x800000c4 (0x0000006f)
core   0: 3 0x800000c4 (0x0000006f)
core   0: 3 0x800000c4 (0x0000006f)
core   0: 3 0x800000c4 (0x0000006f)
core   0: 3 0x800000c4 (0x0000006f)
core   0: 3 0x800000c4 (0x0000006f)
core   0: 3 0x800000c4 (0x0000006f)
core   0: 3 0x800000c4 (0x0000006f)
core   0: 3 0x800000c4 (0x0000006f)
core   0: 3 0x800000c4 (0x0000006f)
core   0: 3 0x800000c4 (0x0000006f)
core   0: 3 0x800000c4 (0x0000006f)
core   0: 3 0x800000c4 (0x0000006f)
core   0: 3 0x800000c4 (0x0000006f)
core   0: 3 0x800000c4 (0x0000006f)
core   0: 3 0x800000c4 (0x0000006f)
core   0: 3 0x800000c4 (0x0000006f)
core   0: 3 0x800000c4 (0x0000006f)
core   0: 3 0x800000c4 (0x0000006f)
core   0: 3 0x800000c4 (0x0000006f)
core   0: 3 0x800000c4 (0x0000006f)
core   0: 3 0x800000c4 (0x0000006f)
core   0: 3 0x800000c4 (0x0000006f)
core   0: 3 0x800000c4 (0x0000006f)
core   0: 3 0x800000c4 (0x0000006f)
core   0: 3 0x800000c4 (0x0000006f)
core   0: 3 0x800000c4 (0x0000006f)
core   0: 3 0x800000c4 (0x0000006f)
core   0: 3 0x800000c4 (0x0000006f)
core   0: 3 0x800000c4 (0x0000006f)
core   0: 3 0x800000c4 (0x0000006f)
core   0: 3 0x800000c4 (0x0000006f)
core   0: 3 0x800000c4 (0x0000006f)
core   0: 3 0x800000c4 (0x0000006f)
core   0: 3 0x800000c4 (0x0000006f)
core   0: 3 0x800000c4 (0x0000006f)
core   0: 3 0x800000c4 (0x0000006f)
core   0: 3 0x800000c4 (0x0000006f)
core   0: 3 0x800000c4 (0x0000006f)
core   0: 3 0x800000c4 (0x0000006f)
core   0: 3 0x800000c4 (0x0000006f)
core   0: 3 0x800000c4 (0x0000006f)
core   0: 3 0x800000c4 (0x0000006f)
core   0: 3 0x800000c4 (0x0000006f)
core   0: 3 0x800000c4 (0x0000006f)
core   0: 3 0x800000c4 (0x0000006f)
core   0: 3 0x800000c4 (0x0000006f)
core   0: 3 0x800000c4 (0x0000006f)
core   0: 3 0x800000c4 (0x0000006f)
core   0: 3 0x800000c4 (0x0000006f)
core   0: 3 0x800000c4 (0x0000006f)
core   0: 3 0x800000c4 (0x0000006f)
core   0: 3 0x800000c4 (0x0000006f)
core   0: 3 0x800000c4 (0x0000006f)
core   0: 3 0x800000c4 (0x0000006f)
core   0: 3 0x800000c4 (0x0000006f)
core   0: 3 0x800000c4 (0x0000006f)
core   0: 3 0x800000c4 (0x0000006f)
core   0: 3 0x800000c4 (0x0000006f)
core   0: 3 0x800000c4 (0x0000006f)
core   0: 3 0x800000c4 (0x0000006f)
core   0: 3 0x800000c4 (0x0000006f)
core   0: 3 0x800000c4 (0x0000006f)
core   0: 3 0x800000c4 (0x0000006f)
core   0: 3 0x800000c4 (0x0000006f)
core   0: 3 0x800000c4 (0x0000006f)
core   0: 3 0x800000c4 (0x0000006f)
core   0: 3 0x800000c4 (0x0000006f)
core   0: 3 0x800000c4 (0x0000006f)
core   0: 3 0x800000c4 (0x0000006f)
core   0: 3 0x800000c4 (0x0000006f)
core   0: 3 0x800000c4 (0x0000006f)
core   0: 3 0x800000c4 (0x0000006f)
core   0: 3 0x800000c4 (0x0000006f)
core   0: 3 0x800000c4 (0x0000006f)
core   0: 3 0x800000c4 (0x0000006f)
core   0: 3 0x800000c4 (0x0000006f)
core   0: 3 0x800000c4 (0x0000006f)
core   0: 3 0x800000c4 (0x0000006f)
core   0: 3 0x800000c4 (0x0000006f)
core   0: 3 0x800000c4 (0x0000006f)
core   0: 3 0x800000c4 (0x0000006f)
core   0: 3 0x800000c4 (0x0000006f)
core   0: 3 0x800000c4 (0x0000006f)
core   0: 3 0x800000c4 (0x0000006f)
core   0: 3 0x800000c4 (0x0000006f)
core   0: 3 0x800000c4 (0x0000006f)
core   0: 3 0x800000c4 (0x0000006f)
core   0: 3 0x800000c4 (0x0000006f)
core   0: 3 0x800000c4 (0x0000006f)
core   0: 3 0x800000c4 (0x0000006f)
core   0: 3 0x800000c4 (0x0000006f)
core   0: 3 0x800000c4 (0x0000006f)
core   0: 3 0x800000c4 (0x0000006f)
core   0: 3 0x800000c4 (0x0000006f)
core   0: 3 0x800000c4 (0x0000006f)
core   0: 3 0x800000c4 (0x0000006f)
core   0: 3 0x800000c4 (0x0000006f)
core   0: 3 0x800000c4 (0x0000006f)
core   0: 3 0x800000c4 (0x0000006f)
core   0: 3 0x800000c4 (0x0000006f)
core   0: 3 0x800000c4 (0x0000006f)
core   0: 3 0x800000c4 (0x0000006f)
core   0: 3 0x800000c4 (0x0000006f)
core   0: 3 0x800000c4 (0x0000006f)
core   0: 3 0x800000c4 (0x0000006f)
core   0: 3 0x800000c4 (0x0000006f)
core   0: 3 0x800000c4 (0x0000006f)
core   0: 3 0x800000c4 (0x0000006f)
core   0: 3 0x800000c4 (0x0000006f)
core   0: 3 0x800000c4 (0x0000006f)
core   0: 3 0x800000c4 (0x0000006f)
core   0: 3 0x800000c4 (0x0000006f)
core   0: 3 0x800000c4 (0x0000006f)
core   0: 3 0x800000c4 (0x0000006f)
core   0: 3 0x800000c4 (0x0000006f)
core   0: 3 0x800000c4 (0x0000006f)
core   0: 3 0x800000c4 (0x0000006f)
core   0: 3 0x800000c4 (0x0000006f)
core   0: 3 0x800000c4 (0x0000006f)
core   0: 3 0x800000c4 (0x0000006f)
core   0: 3 0x800000c4 (0x0000006f)
core   0: 3 0x800000c4 (0x0000006f)
core   0: 3 0x800000c4 (0x0000006f)
core   0: 3 0x800000c4 (0x0000006f)
core   0: 3 0x800000c4 (0x0000006f)
core   0: 3 0x800000c4 (0x0000006f)
core   0: 3 0x800000c4 (0x0000006f)
core   0: 3 0x800000c4 (0x0000006f)
core   0: 3 0x800000c4 (0x0000006f)
core   0: 3 0x800000c4 (0x0000006f)
core   0: 3 0x800000c4 (0x0000006f)
core   0: 3 0x800000c4 (0x0000006f)
core   0: 3 0x800000c4 (0x0000006f)
core   0: 3 0x800000c4 (0x0000006f)
core   0: 3 0x800000c4 (0x0000006f)
core   0: 3 0x800000c4 (0x0000006f)
core   0: 3 0x800000c4 (0x0000006f)
core   0: 3 0x800000c4 (0x0000006f)
core   0: 3 0x800000c4 (0x0000006f)
core   0: 3 0x800000c4 (0x0000006f)
core   0: 3 0x800000c4 (0x0000006f)
core   0: 3 0x800000c4 (0x0000006f)
core   0: 3 0x800000c4 (0x0000006f)
core   0: 3 0x800000c4 (0x0000006f)
core   0: 3 0x800000c4 (0x0000006f)
core   0: 3 0x800000c4 (0x0000006f)
core   0: 3 0x800000c4 (0x0000006f)
core   0: 3 0x800000c4 (0x0000006f)
core   0: 3 0x800000c4 (0x0000006f)
core   0: 3 0x800000c4 (0x0000006f)
core   0: 3 0x800000c4 (0x0000006f)
core   0: 3 0x800000c4 (0x0000006f)
core   0: 3 0x800000c4 (0x0000006f)
core   0: 3 0x800000c4 (0x0000006f)
core   0: 3 0x800000c4 (0x0000006f)
core   0: 3 0x800000c4 (0x0000006f)
core   0: 3 0x800000c4 (0x0000006f)
core   0: 3 0x800000c4 (0x0000006f)
core   0: 3 0x800000c4 (0x0000006f)
core   0: 3 0x800000c4 (0x0000006f)
core   0: 3 0x800000c4 (0x0000006f)
core   0: 3 0x800000c4 (0x0000006f)
core   0: 3 0x800000c4 (0x0000006f)
core   0: 3 0x800000c4 (0x0000006f)
core   0: 3 0x800000c4 (0x0000006f)
core   0: 3 0x800000c4 (0x0000006f)
core   0: 3 0x800000c4 (0x0000006f)
core   0: 3 0x800000c4 (0x0000006f)
core   0: 3 0x800000c4 (0x0000006f)
core   0: 3 0x800000c4 (0x0000006f)
core   0: 3 0x800000c4 (0x0000006f)
core   0: 3 0x800000c4 (0x0000006f)
core   0: 3 0x800000c4 (0x0000006f)
core   0: 3 0x800000c4 (0x0000006f)
core   0: 3 0x800000c4 (0x0000006f)
core   0: 3 0x800000c4 (0x0000006f)
core   0: 3 0x800000c4 (0x0000006f)
core   0: 3 0x800000c4 (0x0000006f)
core   0: 3 0x800000c4 (0x0000006f)
core   0: 3 0x800000c4 (0x0000006f)
core   0: 3 0x800000c4 (0x0000006f)
core   0: 3 0x800000c4 (0x0000006f)
core   0: 3 0x800000c4 (0x0000006f)
core   0: 3 0x800000c4 (0x0000006f)
core   0: 3 0x800000c4 (0x0000006f)
core   0: 3 0x800000c4 (0x0000006f)
core   0: 3 0x800000c4 (0x0000006f)
core   0: 3 0x800000c4 (0x0000006f)
core   0: 3 0x800000c4 (0x0000006f)
core   0: 3 0x800000c4 (0x0000006f)
core   0: 3 0x800000c4 (0x0000006f)
core   0: 3 0x800000c4 (0x0000006f)
core   0: 3 0x800000c4 (0x0000006f)
core   0: 3 0x800000c4 (0x0000006f)
core   0: 3 0x800000c4 (0x0000006f)
core   0: 3 0x800000c4 (0x0000006f)
core   0: 3 0x800000c4 (0x0000006f)
core   0: 3 0x800000c4 (0x0000006f)
core   0: 3 0x800000c4 (0x0000006f)
core   0: 3 0x800000c4 (0x0000006f)
core   0: 3 0x800000c4 (0x0000006f)
core   0: 3 0x800000c4 (0x0000006f)
core   0: 3 0x800000c4 (0x0000006f)
core   0: 3 0x800000c4 (0x0000006f)
core   0: 3 0x800000c4 (0x0000006f)
core   0: 3 0x800000c4 (0x0000006f)
core   0: 3 0x800000c4 (0x0000006f)
core   0: 3 0x800000c4 (0x0000006f)
core   0: 3 0x800000c4 (0x0000006f)
core   0: 3 0x800000c4 (0x0000006f)
core   0: 3 0x800000c4 (0x0000006f)
core   0: 3 0x800000c4 (0x0000006f)
core   0: 3 0x800000c4 (0x0000006f)
core   0: 3 0x800000c4 (0x0000006f)
core   0: 3 0x800000c4 (0x0000006f)
core   0: 3 0x800000c4 (0x0000006f)
core   0: 3 0x800000c4 (0x0000006f)
core   0: 3 0x800000c4 (0x0000006f)
core   0: 3 0x800000c4 (0x0000006f)
core   0: 3 0x800000c4 (0x0000006f)
core   0: 3 0x800000c4 (0x0000006f)
core   0: 3 0x800000c4 (0x0000006f)
core   0: 3 0x800000c4 (0x0000006f)
core   0: 3 0x800000c4 (0x0000006f)
core   0: 3 0x800000c4 (0x0000006f)
core   0: 3 0x800000c4 (0x0000006f)
core   0: 3 0x800000c4 (0x0000006f)
core   0: 3 0x800000c4 (0x0000006f)
core   0: 3 0x800000c4 (0x0000006f)
core   0: 3 0x800000c4 (0x0000006f)
core   0: 3 0x800000c4 (0x0000006f)
core   0: 3 0x800000c4 (0x0000006f)
core   0: 3 0x800000c4 (0x0000006f)
core   0: 3 0x800000c4 (0x0000006f)
core   0: 3 0x800000c4 (0x0000006f)
core   0: 3 0x800000c4 (0x0000006f)
core   0: 3 0x800000c4 (0x0000006f)
core   0: 3 0x800000c4 (0x0000006f)
core   0: 3 0x800000c4 (0x0000006f)
core   0: 3 0x800000c4 (0x0000006f)
core   0: 3 0x800000c4 (0x0000006f)
core   0: 3 0x800000c4 (0x0000006f)
core   0: 3 0x800000c4 (0x0000006f)
core   0: 3 0x800000c4 (0x0000006f)
core   0: 3 0x800000c4 (0x0000006f)
core   0: 3 0x800000c4 (0x0000006f)
core   0: 3 0x800000c4 (0x0000006f)
core   0: 3 0x800000c4 (0x0000006f)
core   0: 3 0x800000c4 (0x0000006f)
core   0: 3 0x800000c4 (0x0000006f)
core   0: 3 0x800000c4 (0x0000006f)
core   0: 3 0x800000c4 (0x0000006f)
core   0: 3 0x800000c4 (0x0000006f)
core   0: 3 0x800000c4 (0x0000006f)
core   0: 3 0x800000c4 (0x0000006f)
core   0: 3 0x800000c4 (0x0000006f)
core   0: 3 0x800000c4 (0x0000006f)
core   0: 3 0x800000c4 (0x0000006f)
core   0: 3 0x800000c4 (0x0000006f)
core   0: 3 0x800000c4 (0x0000006f)
core   0: 3 0x800000c4 (0x0000006f)
core   0: 3 0x800000c4 (0x0000006f)
core   0: 3 0x800000c4 (0x0000006f)
core   0: 3 0x800000c4 (0x0000006f)
core   0: 3 0x800000c4 (0x0000006f)
core   0: 3 0x800000c4 (0x0000006f)
core   0: 3 0x800000c4 (0x0000006f)
core   0: 3 0x800000c4 (0x0000006f)
core   0: 3 0x800000c4 (0x0000006f)
core   0: 3 0x800000c4 (0x0000006f)
core   0: 3 0x800000c4 (0x0000006f)
core   0: 3 0x800000c4 (0x0000006f)
core   0: 3 0x800000c4 (0x0000006f)
core   0: 3 0x800000c4 (0x0000006f)
core   0: 3 0x800000c4 (0x0000006f)
core   0: 3 0x800000c4 (0x0000006f)
core   0: 3 0x800000c4 (0x0000006f)
core   0: 3 0x800000c4 (0x0000006f)
core   0: 3 0x800000c4 (0x0000006f)
core   0: 3 0x800000c4 (0x0000006f)
core   0: 3 0x800000c4 (0x0000006f)
core   0: 3 0x800000c4 (0x0000006f)
core   0: 3 0x800000c4 (0x0000006f)
core   0: 3 0x800000c4 (0x0000006f)
core   0: 3 0x800000c4 (0x0000006f)
core   0: 3 0x800000c4 (0x0000006f)
core   0: 3 0x800000c4 (0x0000006f)
core   0: 3 0x800000c4 (0x0000006f)
core   0: 3 0x800000c4 (0x0000006f)
core   0: 3 0x800000c4 (0x0000006f)
core   0: 3 0x800000c4 (0x0000006f)
core   0: 3 0x800000c4 (0x0000006f)
core   0: 3 0x800000c4 (0x0000006f)
core   0: 3 0x800000c4 (0x0000006f)
core   0: 3 0x800000c4 (0x0000006f)
core   0: 3 0x800000c4 (0x0000006f)
core   0: 3 0x800000c4 (0x0000006f)
core   0: 3 0x800000c4 (0x0000006f)
core   0: 3 0x800000c4 (0x0000006f)
core   0: 3 0x800000c4 (0x0000006f)
core   0: 3 0x800000c4 (0x0000006f)
core   0: 3 0x800000c4 (0x0000006f)
core   0: 3 0x800000c4 (0x0000006f)
core   0: 3 0x800000c4 (0x0000006f)
core   0: 3 0x800000c4 (0x0000006f)
core   0: 3 0x800000c4 (0x0000006f)
core   0: 3 0x800000c4 (0x0000006f)
core   0: 3 0x800000c4 (0x0000006f)
core   0: 3 0x800000c4 (0x0000006f)
core   0: 3 0x800000c4 (0x0000006f)
core   0: 3 0x800000c4 (0x0000006f)
core   0: 3 0x800000c4 (0x0000006f)
core   0: 3 0x800000c4 (0x0000006f)
core   0: 3 0x800000c4 (0x0000006f)
core   0: 3 0x800000c4 (0x0000006f)
core   0: 3 0x800000c4 (0x0000006f)
core   0: 3 0x800000c4 (0x0000006f)
core   0: 3 0x800000c4 (0x0000006f)
core   0: 3 0x800000c4 (0x0000006f)
core   0: 3 0x800000c4 (0x0000006f)
core   0: 3 0x800000c4 (0x0000006f)
core   0: 3 0x800000c4 (0x0000006f)
core   0: 3 0x800000c4 (0x0000006f)
core   0: 3 0x800000c4 (0x0000006f)
core   0: 3 0x800000c4 (0x0000006f)
core   0: 3 0x800000c4 (0x0000006f)
core   0: 3 0x800000c4 (0x0000006f)
core   0: 3 0x800000c4 (0x0000006f)
core   0: 3 0x800000c4 (0x0000006f)
core   0: 3 0x800000c4 (0x0000006f)
core   0: 3 0x800000c4 (0x0000006f)
core   0: 3 0x800000c4 (0x0000006f)
core   0: 3 0x800000c4 (0x0000006f)
core   0: 3 0x800000c4 (0x0000006f)
core   0: 3 0x800000c4 (0x0000006f)
core   0: 3 0x800000c4 (0x0000006f)
core   0: 3 0x800000c4 (0x0000006f)
core   0: 3 0x800000c4 (0x0000006f)
core   0: 3 0x800000c4 (0x0000006f)
core   0: 3 0x800000c4 (0x0000006f)
core   0: 3 0x800000c4 (0x0000006f)
core   0: 3 0x800000c4 (0x0000006f)
core   0: 3 0x800000c4 (0x0000006f)
core   0: 3 0x800000c4 (0x0000006f)
core   0: 3 0x800000c4 (0x0000006f)
core   0: 3 0x800000c4 (0x0000006f)
core   0: 3 0x800000c4 (0x0000006f)
core   0: 3 0x800000c4 (0x0000006f)
core   0: 3 0x800000c4 (0x0000006f)
core   0: 3 0x800000c4 (0x0000006f)
core   0: 3 0x800000c4 (0x0000006f)
core   0: 3 0x800000c4 (0x0000006f)
core   0: 3 0x800000c4 (0x0000006f)
core   0: 3 0x800000c4 (0x0000006f)
core   0: 3 0x800000c4 (0x0000006f)
core   0: 3 0x800000c4 (0x0000006f)
core   0: 3 0x800000c4 (0x0000006f)
core   0: 3 0x800000c4 (0x0000006f)
core   0: 3 0x800000c4 (0x0000006f)
core   0: 3 0x800000c4 (0x0000006f)
core   0: 3 0x800000c4 (0x0000006f)
core   0: 3 0x800000c4 (0x0000006f)
core   0: 3 0x800000c4 (0x0000006f)
core   0: 3 0x800000c4 (0x0000006f)
core   0: 3 0x800000c4 (0x0000006f)
core   0: 3 0x800000c4 (0x0000006f)
core   0: 3 0x800000c4 (0x0000006f)
core   0: 3 0x800000c4 (0x0000006f)
core   0: 3 0x800000c4 (0x0000006f)
core   0: 3 0x800000c4 (0x0000006f)
core   0: 3 0x800000c4 (0x0000006f)
core   0: 3 0x800000c4 (0x0000006f)
core   0: 3 0x800000c4 (0x0000006f)
core   0: 3 0x800000c4 (0x0000006f)
core   0: 3 0x800000c4 (0x0000006f)
core   0: 3 0x800000c4 (0x0000006f)
core   0: 3 0x800000c4 (0x0000006f)
core   0: 3 0x800000c4 (0x0000006f)
core   0: 3 0x800000c4 (0x0000006f)
core   0: 3 0x800000c4 (0x0000006f)
core   0: 3 0x800000c4 (0x0000006f)
core   0: 3 0x800000c4 (0x0000006f)
core   0: 3 0x800000c4 (0x0000006f)
core   0: 3 0x800000c4 (0x0000006f)
core   0: 3 0x800000c4 (0x0000006f)
core   0: 3 0x800000c4 (0x0000006f)
core   0: 3 0x800000c4 (0x0000006f)
core   0: 3 0x800000c4 (0x0000006f)
core   0: 3 0x800000c4 (0x0000006f)
core   0: 3 0x800000c4 (0x0000006f)
core   0: 3 0x800000c4 (0x0000006f)
core   0: 3 0x800000c4 (0x0000006f)
core   0: 3 0x800000c4 (0x0000006f)
core   0: 3 0x800000c4 (0x0000006f)
core   0: 3 0x800000c4 (0x0000006f)
core   0: 3 0x800000c4 (0x0000006f)
core   0: 3 0x800000c4 (0x0000006f)
core   0: 3 0x800000c4 (0x0000006f)
core   0: 3 0x800000c4 (0x0000006f)
core   0: 3 0x800000c4 (0x0000006f)
core   0: 3 0x800000c4 (0x0000006f)
core   0: 3 0x800000c4 (0x0000006f)
core   0: 3 0x800000c4 (0x0000006f)
core   0: 3 0x800000c4 (0x0000006f)
core   0: 3 0x800000c4 (0x0000006f)
core   0: 3 0x800000c4 (0x0000006f)
core   0: 3 0x800000c4 (0x0000006f)
core   0: 3 0x800000c4 (0x0000006f)
core   0: 3 0x800000c4 (0x0000006f)
core   0: 3 0x800000c4 (0x0000006f)
core   0: 3 0x800000c4 (0x0000006f)
core   0: 3 0x800000c4 (0x0000006f)
core   0: 3 0x800000c4 (0x0000006f)
core   0: 3 0x800000c4 (0x0000006f)
core   0: 3 0x800000c4 (0x0000006f)
core   0: 3 0x800000c4 (0x0000006f)
core   0: 3 0x800000c4 (0x0000006f)
core   0: 3 0x800000c4 (0x0000006f)
core   0: 3 0x800000c4 (0x0000006f)
core   0: 3 0x800000c4 (0x0000006f)
core   0: 3 0x800000c4 (0x0000006f)
core   0: 3 0x800000c4 (0x0000006f)
core   0: 3 0x800000c4 (0x0000006f)
core   0: 3 0x800000c4 (0x0000006f)
core   0: 3 0x800000c4 (0x0000006f)
core   0: 3 0x800000c4 (0x0000006f)
core   0: 3 0x800000c4 (0x0000006f)
core   0: 3 0x800000c4 (0x0000006f)
core   0: 3 0x800000c4 (0x0000006f)
core   0: 3 0x800000c4 (0x0000006f)
core   0: 3 0x800000c4 (0x0000006f)
core   0: 3 0x800000c4 (0x0000006f)
core   0: 3 0x800000c4 (0x0000006f)
core   0: 3 0x800000c4 (0x0000006f)
core   0: 3 0x800000c4 (0x0000006f)
core   0: 3 0x800000c4 (0x0000006f)
core   0: 3 0x800000c4 (0x0000006f)
core   0: 3 0x800000c4 (0x0000006f)
core   0: 3 0x800000c4 (0x0000006f)
core   0: 3 0x800000c4 (0x0000006f)
core   0: 3 0x800000c4 (0x0000006f)
core   0: 3 0x800000c4 (0x0000006f)
core   0: 3 0x800000c4 (0x0000006f)
core   0: 3 0x800000c4 (0x0000006f)
core   0: 3 0x800000c4 (0x0000006f)
core   0: 3 0x800000c4 (0x0000006f)
core   0: 3 0x800000c4 (0x0000006f)
core   0: 3 0x800000c4 (0x0000006f)
core   0: 3 0x800000c4 (0x0000006f)
core   0: 3 0x800000c4 (0x0000006f)
core   0: 3 0x800000c4 (0x0000006f)
core   0: 3 0x800000c4 (0x0000006f)
core   0: 3 0x800000c4 (0x0000006f)
core   0: 3 0x800000c4 (0x0000006f)
core   0: 3 0x800000c4 (0x0000006f)
core   0: 3 0x800000c4 (0x0000006f)
core   0: 3 0x800000c4 (0x0000006f)
core   0: 3 0x800000c4 (0x0000006f)
core   0: 3 0x800000c4 (0x0000006f)
core   0: 3 0x800000c4 (0x0000006f)
core   0: 3 0x800000c4 (0x0000006f)
core   0: 3 0x800000c4 (0x0000006f)
core   0: 3 0x800000c4 (0x0000006f)
core   0: 3 0x800000c4 (0x0000006f)
core   0: 3 0x800000c4 (0x0000006f)
core   0: 3 0x800000c4 (0x0000006f)
core   0: 3 0x800000c4 (0x0000006f)
core   0: 3 0x800000c4 (0x0000006f)
core   0: 3 0x800000c4 (0x0000006f)
core   0: 3 0x800000c4 (0x0000006f)
core   0: 3 0x800000c4 (0x0000006f)
core   0: 3 0x800000c4 (0x0000006f)
core   0: 3 0x800000c4 (0x0000006f)
core   0: 3 0x800000c4 (0x0000006f)
core   0: 3 0x800000c4 (0x0000006f)
core   0: 3 0x800000c4 (0x0000006f)
core   0: 3 0x800000c4 (0x0000006f)
core   0: 3 0x800000c4 (0x0000006f)
core   0: 3 0x800000c4 (0x0000006f)
core   0: 3 0x800000c4 (0x0000006f)
core   0: 3 0x800000c4 (0x0000006f)
core   0: 3 0x800000c4 (0x0000006f)
core   0: 3 0x800000c4 (0x0000006f)
core   0: 3 0x800000c4 (0x0000006f)
core   0: 3 0x800000c4 (0x0000006f)
core   0: 3 0x800000c4 (0x0000006f)
core   0: 3 0x800000c4 (0x0000006f)
core   0: 3 0x800000c4 (0x0000006f)
core   0: 3 0x800000c4 (0x0000006f)
core   0: 3 0x800000c4 (0x0000006f)
core   0: 3 0x800000c4 (0x0000006f)
core   0: 3 0x800000c4 (0x0000006f)
core   0: 3 0x800000c4 (0x0000006f)
core   0: 3 0x800000c4 (0x0000006f)
core   0: 3 0x800000c4 (0x0000006f)
core   0: 3 0x800000c4 (0x0000006f)
core   0: 3 0x800000c4 (0x0000006f)
core   0: 3 0x800000c4 (0x0000006f)
core   0: 3 0x800000c4 (0x0000006f)
core   0: 3 0x800000c4 (0x0000006f)
core   0: 3 0x800000c4 (0x0000006f)
core   0: 3 0x800000c4 (0x0000006f)
core   0: 3 0x800000c4 (0x0000006f)
core   0: 3 0x800000c4 (0x0000006f)
core   0: 3 0x800000c4 (0x0000006f)
core   0: 3 0x800000c4 (0x0000006f)
core   0: 3 0x800000c4 (0x0000006f)
core   0: 3 0x800000c4 (0x0000006f)
core   0: 3 0x800000c4 (0x0000006f)
core   0: 3 0x800000c4 (0x0000006f)
core   0: 3 0x800000c4 (0x0000006f)
core   0: 3 0x800000c4 (0x0000006f)
core   0: 3 0x800000c4 (0x0000006f)
core   0: 3 0x800000c4 (0x0000006f)
core   0: 3 0x800000c4 (0x0000006f)
core   0: 3 0x800000c4 (0x0000006f)
core   0: 3 0x800000c4 (0x0000006f)
core   0: 3 0x800000c4 (0x0000006f)
core   0: 3 0x800000c4 (0x0000006f)
core   0: 3 0x800000c4 (0x0000006f)
core   0: 3 0x800000c4 (0x0000006f)
core   0: 3 0x800000c4 (0x0000006f)
core   0: 3 0x800000c4 (0x0000006f)
core   0: 3 0x800000c4 (0x0000006f)
core   0: 3 0x800000c4 (0x0000006f)
core   0: 3 0x800000c4 (0x0000006f)
core   0: 3 0x800000c4 (0x0000006f)
core   0: 3 0x800000c4 (0x0000006f)
core   0: 3 0x800000c4 (0x0000006f)
core   0: 3 0x800000c4 (0x0000006f)
core   0: 3 0x800000c4 (0x0000006f)
core   0: 3 0x800000c4 (0x0000006f)
core   0: 3 0x800000c4 (0x0000006f)
core   0: 3 0x800000c4 (0x0000006f)
core   0: 3 0x800000c4 (0x0000006f)
core   0: 3 0x800000c4 (0x0000006f)
core   0: 3 0x800000c4 (0x0000006f)
core   0: 3 0x800000c4 (0x0000006f)
core   0: 3 0x800000c4 (0x0000006f)
core   0: 3 0x800000c4 (0x0000006f)
core   0: 3 0x800000c4 (0x0000006f)
core   0: 3 0x800000c4 (0x0000006f)
core   0: 3 0x800000c4 (0x0000006f)
core   0: 3 0x800000c4 (0x0000006f)
core   0: 3 0x800000c4 (0x0000006f)
core   0: 3 0x800000c4 (0x0000006f)
core   0: 3 0x800000c4 (0x0000006f)
core   0: 3 0x800000c4 (0x0000006f)
core   0: 3 0x800000c4 (0x0000006f)
core   0: 3 0x800000c4 (0x0000006f)
core   0: 3 0x800000c4 (0x0000006f)
core   0: 3 0x800000c4 (0x0000006f)
core   0: 3 0x800000c4 (0x0000006f)
core   0: 3 0x800000c4 (0x0000006f)
core   0: 3 0x800000c4 (0x0000006f)
core   0: 3 0x800000c4 (0x0000006f)
core   0: 3 0x800000c4 (0x0000006f)
core   0: 3 0x800000c4 (0x0000006f)
core   0: 3 0x800000c4 (0x0000006f)
core   0: 3 0x800000c4 (0x0000006f)
core   0: 3 0x800000c4 (0x0000006f)
core   0: 3 0x800000c4 (0x0000006f)
core   0: 3 0x800000c4 (0x0000006f)
core   0: 3 0x800000c4 (0x0000006f)
core   0: 3 0x800000c4 (0x0000006f)
core   0: 3 0x800000c4 (0x0000006f)
core   0: 3 0x800000c4 (0x0000006f)
core   0: 3 0x800000c4 (0x0000006f)
core   0: 3 0x800000c4 (0x0000006f)
core   0: 3 0x800000c4 (0x0000006f)
core   0: 3 0x800000c4 (0x0000006f)
core   0: 3 0x800000c4 (0x0000006f)
core   0: 3 0x800000c4 (0x0000006f)
core   0: 3 0x800000c4 (0x0000006f)
core   0: 3 0x800000c4 (0x0000006f)
core   0: 3 0x800000c4 (0x0000006f)
core   0: 3 0x800000c4 (0x0000006f)
core   0: 3 0x800000c4 (0x0000006f)
core   0: 3 0x800000c4 (0x0000006f)
core   0: 3 0x800000c4 (0x0000006f)
core   0: 3 0x800000c4 (0x0000006f)
core   0: 3 0x800000c4 (0x0000006f)
core   0: 3 0x800000c4 (0x0000006f)
core   0: 3 0x800000c4 (0x0000006f)
core   0: 3 0x800000c4 (0x0000006f)
core   0: 3 0x800000c4 (0x0000006f)
core   0: 3 0x800000c4 (0x0000006f)
core   0: 3 0x800000c4 (0x0000006f)
core   0: 3 0x800000c4 (0x0000006f)
core   0: 3 0x800000c4 (0x0000006f)
core   0: 3 0x800000c4 (0x0000006f)
core   0: 3 0x800000c4 (0x0000006f)
core   0: 3 0x800000c4 (0x0000006f)
core   0: 3 0x800000c4 (0x0000006f)
core   0: 3 0x800000c4 (0x0000006f)
core   0: 3 0x800000c4 (0x0000006f)
core   0: 3 0x800000c4 (0x0000006f)
core   0: 3 0x800000c4 (0x0000006f)
core   0: 3 0x800000c4 (0x0000006f)
core   0: 3 0x800000c4 (0x0000006f)
core   0: 3 0x800000c4 (0x0000006f)
core   0: 3 0x800000c4 (0x0000006f)
core   0: 3 0x800000c4 (0x0000006f)
core   0: 3 0x800000c4 (0x0000006f)
core   0: 3 0x800000c4 (0x0000006f)
core   0: 3 0x800000c4 (0x0000006f)
core   0: 3 0x800000c4 (0x0000006f)
core   0: 3 0x800000c4 (0x0000006f)
core   0: 3 0x800000c4 (0x0000006f)
core   0: 3 0x800000c4 (0x0000006f)
core   0: 3 0x800000c4 (0x0000006f)
core   0: 3 0x800000c4 (0x0000006f)
core   0: 3 0x800000c4 (0x0000006f)
core   0: 3 0x800000c4 (0x0000006f)
core   0: 3 0x800000c4 (0x0000006f)
core   0: 3 0x800000c4 (0x0000006f)
core   0: 3 0x800000c4 (0x0000006f)
core   0: 3 0x800000c4 (0x0000006f)
core   0: 3 0x800000c4 (0x0000006f)
core   0: 3 0x800000c4 (0x0000006f)
core   0: 3 0x800000c4 (0x0000006f)
core   0: 3 0x800000c4 (0x0000006f)
core   0: 3 0x800000c4 (0x0000006f)
core   0: 3 0x800000c4 (0x0000006f)
core   0: 3 0x800000c4 (0x0000006f)
core   0: 3 0x800000c4 (0x0000006f)
core   0: 3 0x800000c4 (0x0000006f)
core   0: 3 0x800000c4 (0x0000006f)
core   0: 3 0x800000c4 (0x0000006f)
core   0: 3 0x800000c4 (0x0000006f)
core   0: 3 0x800000c4 (0x0000006f)
core   0: 3 0x800000c4 (0x0000006f)
core   0: 3 0x800000c4 (0x0000006f)
core   0: 3 0x800000c4 (0x0000006f)
core   0: 3 0x800000c4 (0x0000006f)
core   0: 3 0x800000c4 (0x0000006f)
core   0: 3 0x800000c4 (0x0000006f)
core   0: 3 0x800000c4 (0x0000006f)
core   0: 3 0x800000c4 (0x0000006f)
core   0: 3 0x800000c4 (0x0000006f)
core   0: 3 0x800000c4 (0x0000006f)
core   0: 3 0x800000c4 (0x0000006f)
core   0: 3 0x800000c4 (0x0000006f)
core   0: 3 0x800000c4 (0x0000006f)
core   0: 3 0x800000c4 (0x0000006f)
core   0: 3 0x800000c4 (0x0000006f)
core   0: 3 0x800000c4 (0x0000006f)
core   0: 3 0x800000c4 (0x0000006f)
core   0: 3 0x800000c4 (0x0000006f)
core   0: 3 0x800000c4 (0x0000006f)
core   0: 3 0x800000c4 (0x0000006f)
core   0: 3 0x800000c4 (0x0000006f)
core   0: 3 0x800000c4 (0x0000006f)
core   0: 3 0x800000c4 (0x0000006f)
core   0: 3 0x800000c4 (0x0000006f)
core   0: 3 0x800000c4 (0x0000006f)
core   0: 3 0x800000c4 (0x0000006f)
core   0: 3 0x800000c4 (0x0000006f)
core   0: 3 0x800000c4 (0x0000006f)
core   0: 3 0x800000c4 (0x0000006f)
core   0: 3 0x800000c4 (0x0000006f)
core   0: 3 0x800000c4 (0x0000006f)
core   0: 3 0x800000c4 (0x0000006f)
core   0: 3 0x800000c4 (0x0000006f)
core   0: 3 0x800000c4 (0x0000006f)
core   0: 3 0x800000c4 (0x0000006f)
core   0: 3 0x800000c4 (0x0000006f)
core   0: 3 0x800000c4 (0x0000006f)
core   0: 3 0x800000c4 (0x0000006f)
core   0: 3 0x800000c4 (0x0000006f)
core   0: 3 0x800000c4 (0x0000006f)
core   0: 3 0x800000c4 (0x0000006f)
core   0: 3 0x800000c4 (0x0000006f)
core   0: 3 0x800000c4 (0x0000006f)
core   0: 3 0x800000c4 (0x0000006f)
core   0: 3 0x800000c4 (0x0000006f)
core   0: 3 0x800000c4 (0x0000006f)
core   0: 3 0x800000c4 (0x0000006f)
core   0: 3 0x800000c4 (0x0000006f)
core   0: 3 0x800000c4 (0x0000006f)
core   0: 3 0x800000c4 (0x0000006f)
core   0: 3 0x800000c4 (0x0000006f)
core   0: 3 0x800000c4 (0x0000006f)
core   0: 3 0x800000c4 (0x0000006f)
core   0: 3 0x800000c4 (0x0000006f)
core   0: 3 0x800000c4 (0x0000006f)
core   0: 3 0x800000c4 (0x0000006f)
core   0: 3 0x800000c4 (0x0000006f)
core   0: 3 0x800000c4 (0x0000006f)
core   0: 3 0x800000c4 (0x0000006f)
core   0: 3 0x800000c4 (0x0000006f)
core   0: 3 0x800000c4 (0x0000006f)
core   0: 3 0x800000c4 (0x0000006f)
core   0: 3 0x800000c4 (0x0000006f)
core   0: 3 0x800000c4 (0x0000006f)
core   0: 3 0x800000c4 (0x0000006f)
core   0: 3 0x800000c4 (0x0000006f)
core   0: 3 0x800000c4 (0x0000006f)
core   0: 3 0x800000c4 (0x0000006f)
core   0: 3 0x800000c4 (0x0000006f)
core   0: 3 0x800000c4 (0x0000006f)
core   0: 3 0x800000c4 (0x0000006f)
core   0: 3 0x800000c4 (0x0000006f)
core   0: 3 0x800000c4 (0x0000006f)
core   0: 3 0x800000c4 (0x0000006f)
core   0: 3 0x800000c4 (0x0000006f)
core   0: 3 0x800000c4 (0x0000006f)
core   0: 3 0x800000c4 (0x0000006f)
core   0: 3 0x800000c4 (0x0000006f)
core   0: 3 0x800000c4 (0x0000006f)
core   0: 3 0x800000c4 (0x0000006f)
core   0: 3 0x800000c4 (0x0000006f)
core   0: 3 0x800000c4 (0x0000006f)
core   0: 3 0x800000c4 (0x0000006f)
core   0: 3 0x800000c4 (0x0000006f)
core   0: 3 0x800000c4 (0x0000006f)
core   0: 3 0x800000c4 (0x0000006f)
core   0: 3 0x800000c4 (0x0000006f)
core   0: 3 0x800000c4 (0x0000006f)
core   0: 3 0x800000c4 (0x0000006f)
core   0: 3 0x800000c4 (0x0000006f)
core   0: 3 0x800000c4 (0x0000006f)
core   0: 3 0x800000c4 (0x0000006f)
core   0: 3 0x800000c4 (0x0000006f)
core   0: 3 0x800000c4 (0x0000006f)
core   0: 3 0x800000c4 (0x0000006f)
core   0: 3 0x800000c4 (0x0000006f)
core   0: 3 0x800000c4 (0x0000006f)
core   0: 3 0x800000c4 (0x0000006f)
core   0: 3 0x800000c4 (0x0000006f)
core   0: 3 0x800000c4 (0x0000006f)
core   0: 3 0x800000c4 (0x0000006f)
core   0: 3 0x800000c4 (0x0000006f)
core   0: 3 0x800000c4 (0x0000006f)
core   0: 3 0x800000c4 (0x0000006f)
core   0: 3 0x800000c4 (0x0000006f)
core   0: 3 0x800000c4 (0x0000006f)
core   0: 3 0x800000c4 (0x0000006f)
core   0: 3 0x800000c4 (0x0000006f)
core   0: 3 0x800000c4 (0x0000006f)
core   0: 3 0x800000c4 (0x0000006f)
core   0: 3 0x800000c4 (0x0000006f)
core   0: 3 0x800000c4 (0x0000006f)
core   0: 3 0x800000c4 (0x0000006f)
core   0: 3 0x800000c4 (0x0000006f)
core   0: 3 0x800000c4 (0x0000006f)
core   0: 3 0x800000c4 (0x0000006f)
core   0: 3 0x800000c4 (0x0000006f)
core   0: 3 0x800000c4 (0x0000006f)
core   0: 3 0x800000c4 (0x0000006f)
core   0: 3 0x800000c4 (0x0000006f)
core   0: 3 0x800000c4 (0x0000006f)
core   0: 3 0x800000c4 (0x0000006f)
core   0: 3 0x800000c4 (0x0000006f)
core   0: 3 0x800000c4 (0x0000006f)
core   0: 3 0x800000c4 (0x0000006f)
core   0: 3 0x800000c4 (0x0000006f)
core   0: 3 0x800000c4 (0x0000006f)
core   0: 3 0x800000c4 (0x0000006f)
core   0: 3 0x800000c4 (0x0000006f)
core   0: 3 0x800000c4 (0x0000006f)
core   0: 3 0x800000c4 (0x0000006f)
core   0: 3 0x800000c4 (0x0000006f)
core   0: 3 0x800000c4 (0x0000006f)
core   0: 3 0x800000c4 (0x0000006f)
core   0: 3 0x800000c4 (0x0000006f)
core   0: 3 0x800000c4 (0x0000006f)
core   0: 3 0x800000c4 (0x0000006f)
core   0: 3 0x800000c4 (0x0000006f)
core   0: 3 0x800000c4 (0x0000006f)
core   0: 3 0x800000c4 (0x0000006f)
core   0: 3 0x800000c4 (0x0000006f)
core   0: 3 0x800000c4 (0x0000006f)
core   0: 3 0x800000c4 (0x0000006f)
core   0: 3 0x800000c4 (0x0000006f)
core   0: 3 0x800000c4 (0x0000006f)
core   0: 3 0x800000c4 (0x0000006f)
core   0: 3 0x800000c4 (0x0000006f)
core   0: 3 0x800000c4 (0x0000006f)
core   0: 3 0x800000c4 (0x0000006f)
core   0: 3 0x800000c4 (0x0000006f)
core   0: 3 0x800000c4 (0x0000006f)
core   0: 3 0x800000c4 (0x0000006f)
core   0: 3 0x800000c4 (0x0000006f)
core   0: 3 0x800000c4 (0x0000006f)
core   0: 3 0x800000c4 (0x0000006f)
core   0: 3 0x800000c4 (0x0000006f)
core   0: 3 0x800000c4 (0x0000006f)
core   0: 3 0x800000c4 (0x0000006f)
core   0: 3 0x800000c4 (0x0000006f)
core   0: 3 0x800000c4 (0x0000006f)
core   0: 3 0x800000c4 (0x0000006f)
core   0: 3 0x800000c4 (0x0000006f)
core   0: 3 0x800000c4 (0x0000006f)
core   0: 3 0x800000c4 (0x0000006f)
core   0: 3 0x800000c4 (0x0000006f)
core   0: 3 0x800000c4 (0x0000006f)
core   0: 3 0x800000c4 (0x0000006f)
core   0: 3 0x800000c4 (0x0000006f)
core   0: 3 0x800000c4 (0x0000006f)
core   0: 3 0x800000c4 (0x0000006f)
core   0: 3 0x800000c4 (0x0000006f)
core   0: 3 0x800000c4 (0x0000006f)
core   0: 3 0x800000c4 (0x0000006f)
core   0: 3 0x800000c4 (0x0000006f)
core   0: 3 0x800000c4 (0x0000006f)
core   0: 3 0x800000c4 (0x0000006f)
core   0: 3 0x800000c4 (0x0000006f)
core   0: 3 0x800000c4 (0x0000006f)
core   0: 3 0x800000c4 (0x0000006f)
core   0: 3 0x800000c4 (0x0000006f)
core   0: 3 0x800000c4 (0x0000006f)
core   0: 3 0x800000c4 (0x0000006f)
core   0: 3 0x800000c4 (0x0000006f)
core   0: 3 0x800000c4 (0x0000006f)
core   0: 3 0x800000c4 (0x0000006f)
core   0: 3 0x800000c4 (0x0000006f)
core   0: 3 0x800000c4 (0x0000006f)
core   0: 3 0x800000c4 (0x0000006f)
core   0: 3 0x800000c4 (0x0000006f)
core   0: 3 0x800000c4 (0x0000006f)
core   0: 3 0x800000c4 (0x0000006f)
core   0: 3 0x800000c4 (0x0000006f)
core   0: 3 0x800000c4 (0x0000006f)
core   0: 3 0x800000c4 (0x0000006f)
core   0: 3 0x800000c4 (0x0000006f)
core   0: 3 0x800000c4 (0x0000006f)
core   0: 3 0x800000c4 (0x0000006f)
core   0: 3 0x800000c4 (0x0000006f)
core   0: 3 0x800000c4 (0x0000006f)
core   0: 3 0x800000c4 (0x0000006f)
core   0: 3 0x800000c4 (0x0000006f)
core   0: 3 0x800000c4 (0x0000006f)
core   0: 3 0x800000c4 (0x0000006f)
core   0: 3 0x800000c4 (0x0000006f)
core   0: 3 0x800000c4 (0x0000006f)
core   0: 3 0x800000c4 (0x0000006f)
core   0: 3 0x800000c4 (0x0000006f)
core   0: 3 0x800000c4 (0x0000006f)
core   0: 3 0x800000c4 (0x0000006f)
core   0: 3 0x800000c4 (0x0000006f)
core   0: 3 0x800000c4 (0x0000006f)
core   0: 3 0x800000c4 (0x0000006f)
core   0: 3 0x800000c4 (0x0000006f)
core   0: 3 0x800000c4 (0x0000006f)
core   0: 3 0x800000c4 (0x0000006f)
core   0: 3 0x800000c4 (0x0000006f)
core   0: 3 0x800000c4 (0x0000006f)
core   0: 3 0x800000c4 (0x0000006f)
core   0: 3 0x800000c4 (0x0000006f)
core   0: 3 0x800000c4 (0x0000006f)
core   0: 3 0x800000c4 (0x0000006f)
core   0: 3 0x800000c4 (0x0000006f)
core   0: 3 0x800000c4 (0x0000006f)
core   0: 3 0x800000c4 (0x0000006f)
core   0: 3 0x800000c4 (0x0000006f)
core   0: 3 0x800000c4 (0x0000006f)
core   0: 3 0x800000c4 (0x0000006f)
core   0: 3 0x800000c4 (0x0000006f)
core   0: 3 0x800000c4 (0x0000006f)
core   0: 3 0x800000c4 (0x0000006f)
core   0: 3 0x800000c4 (0x0000006f)
core   0: 3 0x800000c4 (0x0000006f)
core   0: 3 0x800000c4 (0x0000006f)
core   0: 3 0x800000c4 (0x0000006f)
core   0: 3 0x800000c4 (0x0000006f)
core   0: 3 0x800000c4 (0x0000006f)
core   0: 3 0x800000c4 (0x0000006f)
core   0: 3 0x800000c4 (0x0000006f)
core   0: 3 0x800000c4 (0x0000006f)
core   0: 3 0x800000c4 (0x0000006f)
core   0: 3 0x800000c4 (0x0000006f)
core   0: 3 0x800000c4 (0x0000006f)
core   0: 3 0x800000c4 (0x0000006f)
core   0: 3 0x800000c4 (0x0000006f)
core   0: 3 0x800000c4 (0x0000006f)
core   0: 3 0x800000c4 (0x0000006f)
core   0: 3 0x800000c4 (0x0000006f)
core   0: 3 0x800000c4 (0x0000006f)
core   0: 3 0x800000c4 (0x0000006f)
core   0: 3 0x800000c4 (0x0000006f)
core   0: 3 0x800000c4 (0x0000006f)
core   0: 3 0x800000c4 (0x0000006f)
core   0: 3 0x800000c4 (0x0000006f)
core   0: 3 0x800000c4 (0x0000006f)
core   0: 3 0x800000c4 (0x0000006f)
core   0: 3 0x800000c4 (0x0000006f)
core   0: 3 0x800000c4 (0x0000006f)
core   0: 3 0x800000c4 (0x0000006f)
core   0: 3 0x800000c4 (0x0000006f)
core   0: 3 0x800000c4 (0x0000006f)
core   0: 3 0x800000c4 (0x0000006f)
core   0: 3 0x800000c4 (0x0000006f)
core   0: 3 0x800000c4 (0x0000006f)
core   0: 3 0x800000c4 (0x0000006f)
core   0: 3 0x800000c4 (0x0000006f)
core   0: 3 0x800000c4 (0x0000006f)
core   0: 3 0x800000c4 (0x0000006f)
core   0: 3 0x800000c4 (0x0000006f)
core   0: 3 0x800000c4 (0x0000006f)
core   0: 3 0x800000c4 (0x0000006f)
core   0: 3 0x800000c4 (0x0000006f)
core   0: 3 0x800000c4 (0x0000006f)
core   0: 3 0x800000c4 (0x0000006f)
core   0: 3 0x800000c4 (0x0000006f)
core   0: 3 0x800000c4 (0x0000006f)
core   0: 3 0x800000c4 (0x0000006f)
core   0: 3 0x800000c4 (0x0000006f)
core   0: 3 0x800000c4 (0x0000006f)
core   0: 3 0x800000c4 (0x0000006f)
core   0: 3 0x800000c4 (0x0000006f)
core   0: 3 0x800000c4 (0x0000006f)
core   0: 3 0x800000c4 (0x0000006f)
core   0: 3 0x800000c4 (0x0000006f)
core   0: 3 0x800000c4 (0x0000006f)
core   0: 3 0x800000c4 (0x0000006f)
core   0: 3 0x800000c4 (0x0000006f)
core   0: 3 0x800000c4 (0x0000006f)
core   0: 3 0x800000c4 (0x0000006f)
core   0: 3 0x800000c4 (0x0000006f)
core   0: 3 0x800000c4 (0x0000006f)
core   0: 3 0x800000c4 (0x0000006f)
core   0: 3 0x800000c4 (0x0000006f)
core   0: 3 0x800000c4 (0x0000006f)
core   0: 3 0x800000c4 (0x0000006f)
core   0: 3 0x800000c4 (0x0000006f)
core   0: 3 0x800000c4 (0x0000006f)
core   0: 3 0x800000c4 (0x0000006f)
core   0: 3 0x800000c4 (0x0000006f)
core   0: 3 0x800000c4 (0x0000006f)
core   0: 3 0x800000c4 (0x0000006f)
core   0: 3 0x800000c4 (0x0000006f)
core   0: 3 0x800000c4 (0x0000006f)
core   0: 3 0x800000c4 (0x0000006f)
core   0: 3 0x800000c4 (0x0000006f)
core   0: 3 0x800000c4 (0x0000006f)
core   0: 3 0x800000c4 (0x0000006f)
core   0: 3 0x800000c4 (0x0000006f)
core   0: 3 0x800000c4 (0x0000006f)
core   0: 3 0x800000c4 (0x0000006f)
core   0: 3 0x800000c4 (0x0000006f)
core   0: 3 0x800000c4 (0x0000006f)
core   0: 3 0x800000c4 (0x0000006f)
core   0: 3 0x800000c4 (0x0000006f)
core   0: 3 0x800000c4 (0x0000006f)
core   0: 3 0x800000c4 (0x0000006f)
core   0: 3 0x800000c4 (0x0000006f)
core   0: 3 0x800000c4 (0x0000006f)
core   0: 3 0x800000c4 (0x0000006f)
core   0: 3 0x800000c4 (0x0000006f)
core   0: 3 0x800000c4 (0x0000006f)
core   0: 3 0x800000c4 (0x0000006f)
core   0: 3 0x800000c4 (0x0000006f)
core   0: 3 0x800000c4 (0x0000006f)
core   0: 3 0x800000c4 (0x0000006f)
core   0: 3 0x800000c4 (0x0000006f)
core   0: 3 0x800000c4 (0x0000006f)
core   0: 3 0x800000c4 (0x0000006f)
core   0: 3 0x800000c4 (0x0000006f)
core   0: 3 0x800000c4 (0x0000006f)
core   0: 3 0x800000c4 (0x0000006f)
core   0: 3 0x800000c4 (0x0000006f)
core   0: 3 0x800000c4 (0x0000006f)
core   0: 3 0x800000c4 (0x0000006f)
core   0: 3 0x800000c4 (0x0000006f)
core   0: 3 0x800000c4 (0x0000006f)
core   0: 3 0x800000c4 (0x0000006f)
core   0: 3 0x800000c4 (0x0000006f)
core   0: 3 0x800000c4 (0x0000006f)
core   0: 3 0x800000c4 (0x0000006f)
core   0: 3 0x800000c4 (0x0000006f)
core   0: 3 0x800000c4 (0x0000006f)
core   0: 3 0x800000c4 (0x0000006f)
core   0: 3 0x800000c4 (0x0000006f)
core   0: 3 0x800000c4 (0x0000006f)
core   0: 3 0x800000c4 (0x0000006f)
core   0: 3 0x800000c4 (0x0000006f)
core   0: 3 0x800000c4 (0x0000006f)
core   0: 3 0x800000c4 (0x0000006f)
core   0: 3 0x800000c4 (0x0000006f)
core   0: 3 0x800000c4 (0x0000006f)
core   0: 3 0x800000c4 (0x0000006f)
core   0: 3 0x800000c4 (0x0000006f)
core   0: 3 0x800000c4 (0x0000006f)
core   0: 3 0x800000c4 (0x0000006f)
core   0: 3 0x800000c4 (0x0000006f)
core   0: 3 0x800000c4 (0x0000006f)
core   0: 3 0x800000c4 (0x0000006f)
core   0: 3 0x800000c4 (0x0000006f)
core   0: 3 0x800000c4 (0x0000006f)
core   0: 3 0x800000c4 (0x0000006f)
core   0: 3 0x800000c4 (0x0000006f)
core   0: 3 0x800000c4 (0x0000006f)
core   0: 3 0x800000c4 (0x0000006f)
core   0: 3 0x800000c4 (0x0000006f)
core   0: 3 0x800000c4 (0x0000006f)
core   0: 3 0x800000c4 (0x0000006f)
core   0: 3 0x800000c4 (0x0000006f)
core   0: 3 0x800000c4 (0x0000006f)
core   0: 3 0x800000c4 (0x0000006f)
core   0: 3 0x800000c4 (0x0000006f)
core   0: 3 0x800000c4 (0x0000006f)
core   0: 3 0x800000c4 (0x0000006f)
core   0: 3 0x800000c4 (0x0000006f)
core   0: 3 0x800000c4 (0x0000006f)
core   0: 3 0x800000c4 (0x0000006f)
core   0: 3 0x800000c4 (0x0000006f)
core   0: 3 0x800000c4 (0x0000006f)
core   0: 3 0x800000c4 (0x0000006f)
core   0: 3 0x800000c4 (0x0000006f)
core   0: 3 0x800000c4 (0x0000006f)
core   0: 3 0x800000c4 (0x0000006f)
core   0: 3 0x800000c4 (0x0000006f)
core   0: 3 0x800000c4 (0x0000006f)
core   0: 3 0x800000c4 (0x0000006f)
core   0: 3 0x800000c4 (0x0000006f)
core   0: 3 0x800000c4 (0x0000006f)
core   0: 3 0x800000c4 (0x0000006f)
core   0: 3 0x800000c4 (0x0000006f)
core   0: 3 0x800000c4 (0x0000006f)
core   0: 3 0x800000c4 (0x0000006f)
core   0: 3 0x800000c4 (0x0000006f)
core   0: 3 0x800000c4 (0x0000006f)
core   0: 3 0x800000c4 (0x0000006f)
core   0: 3 0x800000c4 (0x0000006f)
core   0: 3 0x800000c4 (0x0000006f)
core   0: 3 0x800000c4 (0x0000006f)
core   0: 3 0x800000c4 (0x0000006f)
core   0: 3 0x800000c4 (0x0000006f)
core   0: 3 0x800000c4 (0x0000006f)
core   0: 3 0x800000c4 (0x0000006f)
core   0: 3 0x800000c4 (0x0000006f)
core   0: 3 0x800000c4 (0x0000006f)
core   0: 3 0x800000c4 (0x0000006f)
core   0: 3 0x800000c4 (0x0000006f)
core   0: 3 0x800000c4 (0x0000006f)
core   0: 3 0x800000c4 (0x0000006f)
core   0: 3 0x800000c4 (0x0000006f)
core   0: 3 0x800000c4 (0x0000006f)
core   0: 3 0x800000c4 (0x0000006f)
core   0: 3 0x800000c4 (0x0000006f)
core   0: 3 0x800000c4 (0x0000006f)
core   0: 3 0x800000c4 (0x0000006f)
core   0: 3 0x800000c4 (0x0000006f)
core   0: 3 0x800000c4 (0x0000006f)
core   0: 3 0x800000c4 (0x0000006f)
core   0: 3 0x800000c4 (0x0000006f)
core   0: 3 0x800000c4 (0x0000006f)
core   0: 3 0x800000c4 (0x0000006f)
core   0: 3 0x800000c4 (0x0000006f)
core   0: 3 0x800000c4 (0x0000006f)
core   0: 3 0x800000c4 (0x0000006f)
core   0: 3 0x800000c4 (0x0000006f)
core   0: 3 0x800000c4 (0x0000006f)
core   0: 3 0x800000c4 (0x0000006f)
core   0: 3 0x800000c4 (0x0000006f)
core   0: 3 0x800000c4 (0x0000006f)
core   0: 3 0x800000c4 (0x0000006f)
core   0: 3 0x800000c4 (0x0000006f)
core   0: 3 0x800000c4 (0x0000006f)
core   0: 3 0x800000c4 (0x0000006f)
core   0: 3 0x800000c4 (0x0000006f)
core   0: 3 0x800000c4 (0x0000006f)
core   0: 3 0x800000c4 (0x0000006f)
core   0: 3 0x800000c4 (0x0000006f)
core   0: 3 0x800000c4 (0x0000006f)
core   0: 3 0x800000c4 (0x0000006f)
core   0: 3 0x800000c4 (0x0000006f)
core   0: 3 0x800000c4 (0x0000006f)
core   0: 3 0x800000c4 (0x0000006f)
core   0: 3 0x800000c4 (0x0000006f)
core   0: 3 0x800000c4 (0x0000006f)
core   0: 3 0x800000c4 (0x0000006f)
core   0: 3 0x800000c4 (0x0000006f)
core   0: 3 0x800000c4 (0x0000006f)
core   0: 3 0x800000c4 (0x0000006f)
core   0: 3 0x800000c4 (0x0000006f)
core   0: 3 0x800000c4 (0x0000006f)
core   0: 3 0x800000c4 (0x0000006f)
core   0: 3 0x800000c4 (0x0000006f)
core   0: 3 0x800000c4 (0x0000006f)
core   0: 3 0x800000c4 (0x0000006f)
core   0: 3 0x800000c4 (0x0000006f)
core   0: 3 0x800000c4 (0x0000006f)
core   0: 3 0x800000c4 (0x0000006f)
core   0: 3 0x800000c4 (0x0000006f)
core   0: 3 0x800000c4 (0x0000006f)
core   0: 3 0x800000c4 (0x0000006f)
core   0: 3 0x800000c4 (0x0000006f)
core   0: 3 0x800000c4 (0x0000006f)
core   0: 3 0x800000c4 (0x0000006f)
core   0: 3 0x800000c4 (0x0000006f)
core   0: 3 0x800000c4 (0x0000006f)
core   0: 3 0x800000c4 (0x0000006f)
core   0: 3 0x800000c4 (0x0000006f)
core   0: 3 0x800000c4 (0x0000006f)
core   0: 3 0x800000c4 (0x0000006f)
core   0: 3 0x800000c4 (0x0000006f)
core   0: 3 0x800000c4 (0x0000006f)
core   0: 3 0x800000c4 (0x0000006f)
core   0: 3 0x800000c4 (0x0000006f)
core   0: 3 0x800000c4 (0x0000006f)
core   0: 3 0x800000c4 (0x0000006f)
core   0: 3 0x800000c4 (0x0000006f)
core   0: 3 0x800000c4 (0x0000006f)
core   0: 3 0x800000c4 (0x0000006f)
core   0: 3 0x800000c4 (0x0000006f)
core   0: 3 0x800000c4 (0x0000006f)
core   0: 3 0x800000c4 (0x0000006f)
core   0: 3 0x800000c4 (0x0000006f)
core   0: 3 0x800000c4 (0x0000006f)
core   0: 3 0x800000c4 (0x0000006f)
core   0: 3 0x800000c4 (0x0000006f)
core   0: 3 0x800000c4 (0x0000006f)
core   0: 3 0x800000c4 (0x0000006f)
core   0: 3 0x800000c4 (0x0000006f)
core   0: 3 0x800000c4 (0x0000006f)
core   0: 3 0x800000c4 (0x0000006f)
core   0: 3 0x800000c4 (0x0000006f)
core   0: 3 0x800000c4 (0x0000006f)
core   0: 3 0x800000c4 (0x0000006f)
core   0: 3 0x800000c4 (0x0000006f)
core   0: 3 0x800000c4 (0x0000006f)
core   0: 3 0x800000c4 (0x0000006f)
core   0: 3 0x800000c4 (0x0000006f)
core   0: 3 0x800000c4 (0x0000006f)
core   0: 3 0x800000c4 (0x0000006f)
core   0: 3 0x800000c4 (0x0000006f)
core   0: 3 0x800000c4 (0x0000006f)
core   0: 3 0x800000c4 (0x0000006f)
core   0: 3 0x800000c4 (0x0000006f)
core   0: 3 0x800000c4 (0x0000006f)
core   0: 3 0x800000c4 (0x0000006f)
core   0: 3 0x800000c4 (0x0000006f)
core   0: 3 0x800000c4 (0x0000006f)
core   0: 3 0x800000c4 (0x0000006f)
core   0: 3 0x800000c4 (0x0000006f)
core   0: 3 0x800000c4 (0x0000006f)
core   0: 3 0x800000c4 (0x0000006f)
core   0: 3 0x800000c4 (0x0000006f)
core   0: 3 0x800000c4 (0x0000006f)
core   0: 3 0x800000c4 (0x0000006f)
core   0: 3 0x800000c4 (0x0000006f)
core   0: 3 0x800000c4 (0x0000006f)
core   0: 3 0x800000c4 (0x0000006f)
core   0: 3 0x800000c4 (0x0000006f)
core   0: 3 0x800000c4 (0x0000006f)
core   0: 3 0x800000c4 (0x0000006f)
core   0: 3 0x800000c4 (0x0000006f)
core   0: 3 0x800000c4 (0x0000006f)
core   0: 3 0x800000c4 (0x0000006f)
core   0: 3 0x800000c4 (0x0000006f)
core   0: 3 0x800000c4 (0x0000006f)
core   0: 3 0x800000c4 (0x0000006f)
core   0: 3 0x800000c4 (0x0000006f)
core   0: 3 0x800000c4 (0x0000006f)
core   0: 3 0x800000c4 (0x0000006f)
core   0: 3 0x800000c4 (0x0000006f)
core   0: 3 0x800000c4 (0x0000006f)
core   0: 3 0x800000c4 (0x0000006f)
core   0: 3 0x800000c4 (0x0000006f)
core   0: 3 0x800000c4 (0x0000006f)
core   0: 3 0x800000c4 (0x0000006f)
core   0: 3 0x800000c4 (0x0000006f)
core   0: 3 0x800000c4 (0x0000006f)
core   0: 3 0x800000c4 (0x0000006f)
core   0: 3 0x800000c4 (0x0000006f)
core   0: 3 0x800000c4 (0x0000006f)
core   0: 3 0x800000c4 (0x0000006f)
core   0: 3 0x800000c4 (0x0000006f)
core   0: 3 0x800000c4 (0x0000006f)
core   0: 3 0x800000c4 (0x0000006f)
core   0: 3 0x800000c4 (0x0000006f)
core   0: 3 0x800000c4 (0x0000006f)
core   0: 3 0x800000c4 (0x0000006f)
core   0: 3 0x800000c4 (0x0000006f)
core   0: 3 0x800000c4 (0x0000006f)
core   0: 3 0x800000c4 (0x0000006f)
core   0: 3 0x800000c4 (0x0000006f)
core   0: 3 0x800000c4 (0x0000006f)
core   0: 3 0x800000c4 (0x0000006f)
core   0: 3 0x800000c4 (0x0000006f)
core   0: 3 0x800000c4 (0x0000006f)
core   0: 3 0x800000c4 (0x0000006f)
core   0: 3 0x800000c4 (0x0000006f)
core   0: 3 0x800000c4 (0x0000006f)
core   0: 3 0x800000c4 (0x0000006f)
core   0: 3 0x800000c4 (0x0000006f)
core   0: 3 0x800000c4 (0x0000006f)
core   0: 3 0x800000c4 (0x0000006f)
core   0: 3 0x800000c4 (0x0000006f)
core   0: 3 0x800000c4 (0x0000006f)
core   0: 3 0x800000c4 (0x0000006f)
core   0: 3 0x800000c4 (0x0000006f)
core   0: 3 0x800000c4 (0x0000006f)
core   0: 3 0x800000c4 (0x0000006f)
core   0: 3 0x800000c4 (0x0000006f)
core   0: 3 0x800000c4 (0x0000006f)
core   0: 3 0x800000c4 (0x0000006f)
core   0: 3 0x800000c4 (0x0000006f)
core   0: 3 0x800000c4 (0x0000006f)
core   0: 3 0x800000c4 (0x0000006f)
core   0: 3 0x800000c4 (0x0000006f)
core   0: 3 0x800000c4 (0x0000006f)
core   0: 3 0x800000c4 (0x0000006f)
core   0: 3 0x800000c4 (0x0000006f)
core   0: 3 0x800000c4 (0x0000006f)
core   0: 3 0x800000c4 (0x0000006f)
core   0: 3 0x800000c4 (0x0000006f)
core   0: 3 0x800000c4 (0x0000006f)
core   0: 3 0x800000c4 (0x0000006f)
core   0: 3 0x800000c4 (0x0000006f)
core   0: 3 0x800000c4 (0x0000006f)
core   0: 3 0x800000c4 (0x0000006f)
core   0: 3 0x800000c4 (0x0000006f)
core   0: 3 0x800000c4 (0x0000006f)
core   0: 3 0x800000c4 (0x0000006f)
core   0: 3 0x800000c4 (0x0000006f)
core   0: 3 0x800000c4 (0x0000006f)
core   0: 3 0x800000c4 (0x0000006f)
core   0: 3 0x800000c4 (0x0000006f)
core   0: 3 0x800000c4 (0x0000006f)
core   0: 3 0x800000c4 (0x0000006f)
core   0: 3 0x800000c4 (0x0000006f)
core   0: 3 0x800000c4 (0x0000006f)
core   0: 3 0x800000c4 (0x0000006f)
core   0: 3 0x800000c4 (0x0000006f)
core   0: 3 0x800000c4 (0x0000006f)
core   0: 3 0x800000c4 (0x0000006f)
core   0: 3 0x800000c4 (0x0000006f)
core   0: 3 0x800000c4 (0x0000006f)
core   0: 3 0x800000c4 (0x0000006f)
core   0: 3 0x800000c4 (0x0000006f)
core   0: 3 0x800000c4 (0x0000006f)
core   0: 3 0x800000c4 (0x0000006f)
core   0: 3 0x800000c4 (0x0000006f)
core   0: 3 0x800000c4 (0x0000006f)
core   0: 3 0x800000c4 (0x0000006f)
core   0: 3 0x800000c4 (0x0000006f)
core   0: 3 0x800000c4 (0x0000006f)
core   0: 3 0x800000c4 (0x0000006f)
core   0: 3 0x800000c4 (0x0000006f)
core   0: 3 0x800000c4 (0x0000006f)
core   0: 3 0x800000c4 (0x0000006f)
core   0: 3 0x800000c4 (0x0000006f)
core   0: 3 0x800000c4 (0x0000006f)
core   0: 3 0x800000c4 (0x0000006f)
core   0: 3 0x800000c4 (0x0000006f)
core   0: 3 0x800000c4 (0x0000006f)
core   0: 3 0x800000c4 (0x0000006f)
core   0: 3 0x800000c4 (0x0000006f)
core   0: 3 0x800000c4 (0x0000006f)
core   0: 3 0x800000c4 (0x0000006f)
core   0: 3 0x800000c4 (0x0000006f)
core   0: 3 0x800000c4 (0x0000006f)
core   0: 3 0x800000c4 (0x0000006f)
core   0: 3 0x800000c4 (0x0000006f)
core   0: 3 0x800000c4 (0x0000006f)
core   0: 3 0x800000c4 (0x0000006f)
core   0: 3 0x800000c4 (0x0000006f)
core   0: 3 0x800000c4 (0x0000006f)
core   0: 3 0x800000c4 (0x0000006f)
core   0: 3 0x800000c4 (0x0000006f)
core   0: 3 0x800000c4 (0x0000006f)
core   0: 3 0x800000c4 (0x0000006f)
core   0: 3 0x800000c4 (0x0000006f)
core   0: 3 0x800000c4 (0x0000006f)
core   0: 3 0x800000c4 (0x0000006f)
core   0: 3 0x800000c4 (0x0000006f)
core   0: 3 0x800000c4 (0x0000006f)
core   0: 3 0x800000c4 (0x0000006f)
core   0: 3 0x800000c4 (0x0000006f)
core   0: 3 0x800000c4 (0x0000006f)
core   0: 3 0x800000c4 (0x0000006f)
core   0: 3 0x800000c4 (0x0000006f)
core   0: 3 0x800000c4 (0x0000006f)
core   0: 3 0x800000c4 (0x0000006f)
core   0: 3 0x800000c4 (0x0000006f)
core   0: 3 0x800000c4 (0x0000006f)
core   0: 3 0x800000c4 (0x0000006f)
core   0: 3 0x800000c4 (0x0000006f)
core   0: 3 0x800000c4 (0x0000006f)
core   0: 3 0x800000c4 (0x0000006f)
core   0: 3 0x800000c4 (0x0000006f)
core   0: 3 0x800000c4 (0x0000006f)
core   0: 3 0x800000c4 (0x0000006f)
core   0: 3 0x800000c4 (0x0000006f)
core   0: 3 0x800000c4 (0x0000006f)
core   0: 3 0x800000c4 (0x0000006f)
core   0: 3 0x800000c4 (0x0000006f)
core   0: 3 0x800000c4 (0x0000006f)
core   0: 3 0x800000c4 (0x0000006f)
core   0: 3 0x800000c4 (0x0000006f)
core   0: 3 0x800000c4 (0x0000006f)
core   0: 3 0x800000c4 (0x0000006f)
core   0: 3 0x800000c4 (0x0000006f)
core   0: 3 0x800000c4 (0x0000006f)
core   0: 3 0x800000c4 (0x0000006f)
core   0: 3 0x800000c4 (0x0000006f)
core   0: 3 0x800000c4 (0x0000006f)
core   0: 3 0x800000c4 (0x0000006f)
core   0: 3 0x800000c4 (0x0000006f)
core   0: 3 0x800000c4 (0x0000006f)
core   0: 3 0x800000c4 (0x0000006f)
core   0: 3 0x800000c4 (0x0000006f)
core   0: 3 0x800000c4 (0x0000006f)
core   0: 3 0x800000c4 (0x0000006f)
core   0: 3 0x800000c4 (0x0000006f)
core   0: 3 0x800000c4 (0x0000006f)
core   0: 3 0x800000c4 (0x0000006f)
core   0: 3 0x800000c4 (0x0000006f)
core   0: 3 0x800000c4 (0x0000006f)
core   0: 3 0x800000c4 (0x0000006f)
core   0: 3 0x800000c4 (0x0000006f)
core   0: 3 0x800000c4 (0x0000006f)
core   0: 3 0x800000c4 (0x0000006f)
core   0: 3 0x800000c4 (0x0000006f)
core   0: 3 0x800000c4 (0x0000006f)
core   0: 3 0x800000c4 (0x0000006f)
core   0: 3 0x800000c4 (0x0000006f)
core   0: 3 0x800000c4 (0x0000006f)
core   0: 3 0x800000c4 (0x0000006f)
core   0: 3 0x800000c4 (0x0000006f)
core   0: 3 0x800000c4 (0x0000006f)
core   0: 3 0x800000c4 (0x0000006f)
core   0: 3 0x800000c4 (0x0000006f)
core   0: 3 0x800000c4 (0x0000006f)
core   0: 3 0x800000c4 (0x0000006f)
core   0: 3 0x800000c4 (0x0000006f)
core   0: 3 0x800000c4 (0x0000006f)
core   0: 3 0x800000c4 (0x0000006f)
core   0: 3 0x800000c4 (0x0000006f)
core   0: 3 0x800000c4 (0x0000006f)
core   0: 3 0x800000c4 (0x0000006f)
core   0: 3 0x800000c4 (0x0000006f)
core   0: 3 0x800000c4 (0x0000006f)
core   0: 3 0x800000c4 (0x0000006f)
core   0: 3 0x800000c4 (0x0000006f)
core   0: 3 0x800000c4 (0x0000006f)
core   0: 3 0x800000c4 (0x0000006f)
core   0: 3 0x800000c4 (0x0000006f)
core   0: 3 0x800000c4 (0x0000006f)
core   0: 3 0x800000c4 (0x0000006f)
core   0: 3 0x800000c4 (0x0000006f)
core   0: 3 0x800000c4 (0x0000006f)
core   0: 3 0x800000c4 (0x0000006f)
core   0: 3 0x800000c4 (0x0000006f)
core   0: 3 0x800000c4 (0x0000006f)
core   0: 3 0x800000c4 (0x0000006f)
core   0: 3 0x800000c4 (0x0000006f)
core   0: 3 0x800000c4 (0x0000006f)
core   0: 3 0x800000c4 (0x0000006f)
core   0: 3 0x800000c4 (0x0000006f)
core   0: 3 0x800000c4 (0x0000006f)
core   0: 3 0x800000c4 (0x0000006f)
core   0: 3 0x800000c4 (0x0000006f)
core   0: 3 0x800000c4 (0x0000006f)
core   0: 3 0x800000c4 (0x0000006f)
core   0: 3 0x800000c4 (0x0000006f)
core   0: 3 0x800000c4 (0x0000006f)
core   0: 3 0x800000c4 (0x0000006f)
core   0: 3 0x800000c4 (0x0000006f)
core   0: 3 0x800000c4 (0x0000006f)
core   0: 3 0x800000c4 (0x0000006f)
core   0: 3 0x800000c4 (0x0000006f)
core   0: 3 0x800000c4 (0x0000006f)
core   0: 3 0x800000c4 (0x0000006f)
core   0: 3 0x800000c4 (0x0000006f)
core   0: 3 0x800000c4 (0x0000006f)
core   0: 3 0x800000c4 (0x0000006f)
core   0: 3 0x800000c4 (0x0000006f)
core   0: 3 0x800000c4 (0x0000006f)
core   0: 3 0x800000c4 (0x0000006f)
core   0: 3 0x800000c4 (0x0000006f)
core   0: 3 0x800000c4 (0x0000006f)
core   0: 3 0x800000c4 (0x0000006f)
core   0: 3 0x800000c4 (0x0000006f)
core   0: 3 0x800000c4 (0x0000006f)
core   0: 3 0x800000c4 (0x0000006f)
core   0: 3 0x800000c4 (0x0000006f)
core   0: 3 0x800000c4 (0x0000006f)
core   0: 3 0x800000c4 (0x0000006f)
core   0: 3 0x800000c4 (0x0000006f)
core   0: 3 0x800000c4 (0x0000006f)
core   0: 3 0x800000c4 (0x0000006f)
core   0: 3 0x800000c4 (0x0000006f)
core   0: 3 0x800000c4 (0x0000006f)
core   0: 3 0x800000c4 (0x0000006f)
core   0: 3 0x800000c4 (0x0000006f)
core   0: 3 0x800000c4 (0x0000006f)
core   0: 3 0x800000c4 (0x0000006f)
core   0: 3 0x800000c4 (0x0000006f)
core   0: 3 0x800000c4 (0x0000006f)
core   0: 3 0x800000c4 (0x0000006f)
core   0: 3 0x800000c4 (0x0000006f)
core   0: 3 0x800000c4 (0x0000006f)
core   0: 3 0x800000c4 (0x0000006f)
core   0: 3 0x800000c4 (0x0000006f)
core   0: 3 0x800000c4 (0x0000006f)
core   0: 3 0x800000c4 (0x0000006f)
core   0: 3 0x800000c4 (0x0000006f)
core   0: 3 0x800000c4 (0x0000006f)
core   0: 3 0x800000c4 (0x0000006f)
core   0: 3 0x800000c4 (0x0000006f)
core   0: 3 0x800000c4 (0x0000006f)
core   0: 3 0x800000c4 (0x0000006f)
core   0: 3 0x800000c4 (0x0000006f)
core   0: 3 0x800000c4 (0x0000006f)
core   0: 3 0x800000c4 (0x0000006f)
core   0: 3 0x800000c4 (0x0000006f)
core   0: 3 0x800000c4 (0x0000006f)
core   0: 3 0x800000c4 (0x0000006f)
core   0: 3 0x800000c4 (0x0000006f)
core   0: 3 0x800000c4 (0x0000006f)
core   0: 3 0x800000c4 (0x0000006f)
core   0: 3 0x800000c4 (0x0000006f)
core   0: 3 0x800000c4 (0x0000006f)
core   0: 3 0x800000c4 (0x0000006f)
core   0: 3 0x800000c4 (0x0000006f)
core   0: 3 0x800000c4 (0x0000006f)
core   0: 3 0x800000c4 (0x0000006f)
core   0: 3 0x800000c4 (0x0000006f)
core   0: 3 0x800000c4 (0x0000006f)
core   0: 3 0x800000c4 (0x0000006f)
core   0: 3 0x800000c4 (0x0000006f)
core   0: 3 0x800000c4 (0x0000006f)
core   0: 3 0x800000c4 (0x0000006f)
core   0: 3 0x800000c4 (0x0000006f)
core   0: 3 0x800000c4 (0x0000006f)
core   0: 3 0x800000c4 (0x0000006f)
core   0: 3 0x800000c4 (0x0000006f)
core   0: 3 0x800000c4 (0x0000006f)
core   0: 3 0x800000c4 (0x0000006f)
core   0: 3 0x800000c4 (0x0000006f)
core   0: 3 0x800000c4 (0x0000006f)
core   0: 3 0x800000c4 (0x0000006f)
core   0: 3 0x800000c4 (0x0000006f)
core   0: 3 0x800000c4 (0x0000006f)
core   0: 3 0x800000c4 (0x0000006f)
core   0: 3 0x800000c4 (0x0000006f)
core   0: 3 0x800000c4 (0x0000006f)
core   0: 3 0x800000c4 (0x0000006f)
core   0: 3 0x800000c4 (0x0000006f)
core   0: 3 0x800000c4 (0x0000006f)
core   0: 3 0x800000c4 (0x0000006f)
core   0: 3 0x800000c4 (0x0000006f)
core   0: 3 0x800000c4 (0x0000006f)
core   0: 3 0x800000c4 (0x0000006f)
core   0: 3 0x800000c4 (0x0000006f)
core   0: 3 0x800000c4 (0x0000006f)
core   0: 3 0x800000c4 (0x0000006f)
core   0: 3 0x800000c4 (0x0000006f)
core   0: 3 0x800000c4 (0x0000006f)
core   0: 3 0x800000c4 (0x0000006f)
core   0: 3 0x800000c4 (0x0000006f)
core   0: 3 0x800000c4 (0x0000006f)
core   0: 3 0x800000c4 (0x0000006f)
core   0: 3 0x800000c4 (0x0000006f)
core   0: 3 0x800000c4 (0x0000006f)
core   0: 3 0x800000c4 (0x0000006f)
core   0: 3 0x800000c4 (0x0000006f)
core   0: 3 0x800000c4 (0x0000006f)
core   0: 3 0x800000c4 (0x0000006f)
core   0: 3 0x800000c4 (0x0000006f)
core   0: 3 0x800000c4 (0x0000006f)
core   0: 3 0x800000c4 (0x0000006f)
core   0: 3 0x800000c4 (0x0000006f)
core   0: 3 0x800000c4 (0x0000006f)
core   0: 3 0x800000c4 (0x0000006f)
core   0: 3 0x800000c4 (0x0000006f)
core   0: 3 0x800000c4 (0x0000006f)
core   0: 3 0x800000c4 (0x0000006f)
core   0: 3 0x800000c4 (0x0000006f)
core   0: 3 0x800000c4 (0x0000006f)
core   0: 3 0x800000c4 (0x0000006f)
core   0: 3 0x800000c4 (0x0000006f)
core   0: 3 0x800000c4 (0x0000006f)
core   0: 3 0x800000c4 (0x0000006f)
core   0: 3 0x800000c4 (0x0000006f)
core   0: 3 0x800000c4 (0x0000006f)
core   0: 3 0x800000c4 (0x0000006f)
core   0: 3 0x800000c4 (0x0000006f)
core   0: 3 0x800000c4 (0x0000006f)
core   0: 3 0x800000c4 (0x0000006f)
core   0: 3 0x800000c4 (0x0000006f)
core   0: 3 0x800000c4 (0x0000006f)
core   0: 3 0x800000c4 (0x0000006f)
core   0: 3 0x800000c4 (0x0000006f)
core   0: 3 0x800000c4 (0x0000006f)
core   0: 3 0x800000c4 (0x0000006f)
core   0: 3 0x800000c4 (0x0000006f)
core   0: 3 0x800000c4 (0x0000006f)
core   0: 3 0x800000c4 (0x0000006f)
core   0: 3 0x800000c4 (0x0000006f)
core   0: 3 0x800000c4 (0x0000006f)
core   0: 3 0x800000c4 (0x0000006f)
core   0: 3 0x800000c4 (0x0000006f)
core   0: 3 0x800000c4 (0x0000006f)
core   0: 3 0x800000c4 (0x0000006f)
core   0: 3 0x800000c4 (0x0000006f)
core   0: 3 0x800000c4 (0x0000006f)
core   0: 3 0x800000c4 (0x0000006f)
core   0: 3 0x800000c4 (0x0000006f)
core   0: 3 0x800000c4 (0x0000006f)
core   0: 3 0x800000c4 (0x0000006f)
core   0: 3 0x800000c4 (0x0000006f)
core   0: 3 0x800000c4 (0x0000006f)
core   0: 3 0x800000c4 (0x0000006f)
core   0: 3 0x800000c4 (0x0000006f)
core   0: 3 0x800000c4 (0x0000006f)
core   0: 3 0x800000c4 (0x0000006f)
core   0: 3 0x800000c4 (0x0000006f)
core   0: 3 0x800000c4 (0x0000006f)
core   0: 3 0x800000c4 (0x0000006f)
core   0: 3 0x800000c4 (0x0000006f)
core   0: 3 0x800000c4 (0x0000006f)
core   0: 3 0x800000c4 (0x0000006f)
core   0: 3 0x800000c4 (0x0000006f)
core   0: 3 0x800000c4 (0x0000006f)
core   0: 3 0x800000c4 (0x0000006f)
core   0: 3 0x800000c4 (0x0000006f)
core   0: 3 0x800000c4 (0x0000006f)
core   0: 3 0x800000c4 (0x0000006f)
core   0: 3 0x800000c4 (0x0000006f)
core   0: 3 0x800000c4 (0x0000006f)
core   0: 3 0x800000c4 (0x0000006f)
core   0: 3 0x800000c4 (0x0000006f)
core   0: 3 0x800000c4 (0x0000006f)
core   0: 3 0x800000c4 (0x0000006f)
core   0: 3 0x800000c4 (0x0000006f)
core   0: 3 0x800000c4 (0x0000006f)
core   0: 3 0x800000c4 (0x0000006f)
core   0: 3 0x800000c4 (0x0000006f)
core   0: 3 0x800000c4 (0x0000006f)
core   0: 3 0x800000c4 (0x0000006f)
core   0: 3 0x800000c4 (0x0000006f)
core   0: 3 0x800000c4 (0x0000006f)
core   0: 3 0x800000c4 (0x0000006f)
core   0: 3 0x800000c4 (0x0000006f)
core   0: 3 0x800000c4 (0x0000006f)
core   0: 3 0x800000c4 (0x0000006f)
core   0: 3 0x800000c4 (0x0000006f)
core   0: 3 0x800000c4 (0x0000006f)
core   0: 3 0x800000c4 (0x0000006f)
core   0: 3 0x800000c4 (0x0000006f)
core   0: 3 0x800000c4 (0x0000006f)
core   0: 3 0x800000c4 (0x0000006f)
core   0: 3 0x800000c4 (0x0000006f)
core   0: 3 0x800000c4 (0x0000006f)
core   0: 3 0x800000c4 (0x0000006f)
core   0: 3 0x800000c4 (0x0000006f)
core   0: 3 0x800000c4 (0x0000006f)
core   0: 3 0x800000c4 (0x0000006f)
core   0: 3 0x800000c4 (0x0000006f)
core   0: 3 0x800000c4 (0x0000006f)
core   0: 3 0x800000c4 (0x0000006f)
core   0: 3 0x800000c4 (0x0000006f)
core   0: 3 0x800000c4 (0x0000006f)
core   0: 3 0x800000c4 (0x0000006f)
core   0: 3 0x800000c4 (0x0000006f)
core   0: 3 0x800000c4 (0x0000006f)
core   0: 3 0x800000c4 (0x0000006f)
core   0: 3 0x800000c4 (0x0000006f)
core   0: 3 0x800000c4 (0x0000006f)
core   0: 3 0x800000c4 (0x0000006f)
core   0: 3 0x800000c4 (0x0000006f)
core   0: 3 0x800000c4 (0x0000006f)
core   0: 3 0x800000c4 (0x0000006f)
core   0: 3 0x800000c4 (0x0000006f)
core   0: 3 0x800000c4 (0x0000006f)
core   0: 3 0x800000c4 (0x0000006f)
core   0: 3 0x800000c4 (0x0000006f)
core   0: 3 0x800000c4 (0x0000006f)
core   0: 3 0x800000c4 (0x0000006f)
core   0: 3 0x800000c4 (0x0000006f)
core   0: 3 0x800000c4 (0x0000006f)
core   0: 3 0x800000c4 (0x0000006f)
core   0: 3 0x800000c4 (0x0000006f)
core   0: 3 0x800000c4 (0x0000006f)
core   0: 3 0x800000c4 (0x0000006f)
core   0: 3 0x800000c4 (0x0000006f)
core   0: 3 0x800000c4 (0x0000006f)
core   0: 3 0x800000c4 (0x0000006f)
core   0: 3 0x800000c4 (0x0000006f)
core   0: 3 0x800000c4 (0x0000006f)
core   0: 3 0x800000c4 (0x0000006f)
core   0: 3 0x800000c4 (0x0000006f)
core   0: 3 0x800000c4 (0x0000006f)
core   0: 3 0x800000c4 (0x0000006f)
core   0: 3 0x800000c4 (0x0000006f)
core   0: 3 0x800000c4 (0x0000006f)
core   0: 3 0x800000c4 (0x0000006f)
core   0: 3 0x800000c4 (0x0000006f)
core   0: 3 0x800000c4 (0x0000006f)
core   0: 3 0x800000c4 (0x0000006f)
core   0: 3 0x800000c4 (0x0000006f)
core   0: 3 0x800000c4 (0x0000006f)
core   0: 3 0x800000c4 (0x0000006f)
core   0: 3 0x800000c4 (0x0000006f)
core   0: 3 0x800000c4 (0x0000006f)
core   0: 3 0x800000c4 (0x0000006f)
core   0: 3 0x800000c4 (0x0000006f)
core   0: 3 0x800000c4 (0x0000006f)
core   0: 3 0x800000c4 (0x0000006f)
core   0: 3 0x800000c4 (0x0000006f)
core   0: 3 0x800000c4 (0x0000006f)
core   0: 3 0x800000c4 (0x0000006f)
core   0: 3 0x800000c4 (0x0000006f)
core   0: 3 0x800000c4 (0x0000006f)
core   0: 3 0x800000c4 (0x0000006f)
core   0: 3 0x800000c4 (0x0000006f)
core   0: 3 0x800000c4 (0x0000006f)
core   0: 3 0x800000c4 (0x0000006f)
core   0: 3 0x800000c4 (0x0000006f)
core   0: 3 0x800000c4 (0x0000006f)
core   0: 3 0x800000c4 (0x0000006f)
core   0: 3 0x800000c4 (0x0000006f)
core   0: 3 0x800000c4 (0x0000006f)
core   0: 3 0x800000c4 (0x0000006f)
core   0: 3 0x800000c4 (0x0000006f)
core   0: 3 0x800000c4 (0x0000006f)
core   0: 3 0x800000c4 (0x0000006f)
core   0: 3 0x800000c4 (0x0000006f)
core   0: 3 0x800000c4 (0x0000006f)
core   0: 3 0x800000c4 (0x0000006f)
core   0: 3 0x800000c4 (0x0000006f)
core   0: 3 0x800000c4 (0x0000006f)
core   0: 3 0x800000c4 (0x0000006f)
core   0: 3 0x800000c4 (0x0000006f)
core   0: 3 0x800000c4 (0x0000006f)
core   0: 3 0x800000c4 (0x0000006f)
core   0: 3 0x800000c4 (0x0000006f)
core   0: 3 0x800000c4 (0x0000006f)
core   0: 3 0x800000c4 (0x0000006f)
core   0: 3 0x800000c4 (0x0000006f)
core   0: 3 0x800000c4 (0x0000006f)
core   0: 3 0x800000c4 (0x0000006f)
core   0: 3 0x800000c4 (0x0000006f)
core   0: 3 0x800000c4 (0x0000006f)
core   0: 3 0x800000c4 (0x0000006f)
core   0: 3 0x800000c4 (0x0000006f)
core   0: 3 0x800000c4 (0x0000006f)
core   0: 3 0x800000c4 (0x0000006f)
core   0: 3 0x800000c4 (0x0000006f)
core   0: 3 0x800000c4 (0x0000006f)
core   0: 3 0x800000c4 (0x0000006f)
core   0: 3 0x800000c4 (0x0000006f)
core   0: 3 0x800000c4 (0x0000006f)
core   0: 3 0x800000c4 (0x0000006f)
core   0: 3 0x800000c4 (0x0000006f)
core   0: 3 0x800000c4 (0x0000006f)
core   0: 3 0x800000c4 (0x0000006f)
core   0: 3 0x800000c4 (0x0000006f)
core   0: 3 0x800000c4 (0x0000006f)
core   0: 3 0x800000c4 (0x0000006f)
core   0: 3 0x800000c4 (0x0000006f)
core   0: 3 0x800000c4 (0x0000006f)
core   0: 3 0x800000c4 (0x0000006f)
core   0: 3 0x800000c4 (0x0000006f)
core   0: 3 0x800000c4 (0x0000006f)
core   0: 3 0x800000c4 (0x0000006f)
core   0: 3 0x800000c4 (0x0000006f)
core   0: 3 0x800000c4 (0x0000006f)
core   0: 3 0x800000c4 (0x0000006f)
core   0: 3 0x800000c4 (0x0000006f)
core   0: 3 0x800000c4 (0x0000006f)
core   0: 3 0x800000c4 (0x0000006f)
core   0: 3 0x800000c4 (0x0000006f)
core   0: 3 0x800000c4 (0x0000006f)
core   0: 3 0x800000c4 (0x0000006f)
core   0: 3 0x800000c4 (0x0000006f)
core   0: 3 0x800000c4 (0x0000006f)
core   0: 3 0x800000c4 (0x0000006f)
core   0: 3 0x800000c4 (0x0000006f)
core   0: 3 0x800000c4 (0x0000006f)
core   0: 3 0x800000c4 (0x0000006f)
core   0: 3 0x800000c4 (0x0000006f)
core   0: 3 0x800000c4 (0x0000006f)
core   0: 3 0x800000c4 (0x0000006f)
core   0: 3 0x800000c4 (0x0000006f)
core   0: 3 0x800000c4 (0x0000006f)
core   0: 3 0x800000c4 (0x0000006f)
core   0: 3 0x800000c4 (0x0000006f)
core   0: 3 0x800000c4 (0x0000006f)
core   0: 3 0x800000c4 (0x0000006f)
core   0: 3 0x800000c4 (0x0000006f)
core   0: 3 0x800000c4 (0x0000006f)
core   0: 3 0x800000c4 (0x0000006f)
core   0: 3 0x800000c4 (0x0000006f)
core   0: 3 0x800000c4 (0x0000006f)
core   0: 3 0x800000c4 (0x0000006f)
core   0: 3 0x800000c4 (0x0000006f)
core   0: 3 0x800000c4 (0x0000006f)
core   0: 3 0x800000c4 (0x0000006f)
core   0: 3 0x800000c4 (0x0000006f)
core   0: 3 0x800000c4 (0x0000006f)
core   0: 3 0x800000c4 (0x0000006f)
core   0: 3 0x800000c4 (0x0000006f)
core   0: 3 0x800000c4 (0x0000006f)
core   0: 3 0x800000c4 (0x0000006f)
core   0: 3 0x800000c4 (0x0000006f)
core   0: 3 0x800000c4 (0x0000006f)
core   0: 3 0x800000c4 (0x0000006f)
core   0: 3 0x800000c4 (0x0000006f)
core   0: 3 0x800000c4 (0x0000006f)
core   0: 3 0x800000c4 (0x0000006f)
core   0: 3 0x800000c4 (0x0000006f)
core   0: 3 0x800000c4 (0x0000006f)
core   0: 3 0x800000c4 (0x0000006f)
core   0: 3 0x800000c4 (0x0000006f)
core   0: 3 0x800000c4 (0x0000006f)
core   0: 3 0x800000c4 (0x0000006f)
core   0: 3 0x800000c4 (0x0000006f)
core   0: 3 0x800000c4 (0x0000006f)
core   0: 3 0x800000c4 (0x0000006f)
core   0: 3 0x800000c4 (0x0000006f)
core   0: 3 0x800000c4 (0x0000006f)
core   0: 3 0x800000c4 (0x0000006f)
core   0: 3 0x800000c4 (0x0000006f)
core   0: 3 0x800000c4 (0x0000006f)
core   0: 3 0x800000c4 (0x0000006f)
core   0: 3 0x800000c4 (0x0000006f)
core   0: 3 0x800000c4 (0x0000006f)
core   0: 3 0x800000c4 (0x0000006f)
core   0: 3 0x800000c4 (0x0000006f)
core   0: 3 0x800000c4 (0x0000006f)
core   0: 3 0x800000c4 (0x0000006f)
core   0: 3 0x800000c4 (0x0000006f)
core   0: 3 0x800000c4 (0x0000006f)
core   0: 3 0x800000c4 (0x0000006f)
core   0: 3 0x800000c4 (0x0000006f)
core   0: 3 0x800000c4 (0x0000006f)
core   0: 3 0x800000c4 (0x0000006f)
core   0: 3 0x800000c4 (0x0000006f)
core   0: 3 0x800000c4 (0x0000006f)
core   0: 3 0x800000c4 (0x0000006f)
core   0: 3 0x800000c4 (0x0000006f)
core   0: 3 0x800000c4 (0x0000006f)
core   0: 3 0x800000c4 (0x0000006f)
core   0: 3 0x800000c4 (0x0000006f)
core   0: 3 0x800000c4 (0x0000006f)
core   0: 3 0x800000c4 (0x0000006f)
core   0: 3 0x800000c4 (0x0000006f)
core   0: 3 0x800000c4 (0x0000006f)
core   0: 3 0x800000c4 (0x0000006f)
core   0: 3 0x800000c4 (0x0000006f)
core   0: 3 0x800000c4 (0x0000006f)
core   0: 3 0x800000c4 (0x0000006f)
core   0: 3 0x800000c4 (0x0000006f)
core   0: 3 0x800000c4 (0x0000006f)
core   0: 3 0x800000c4 (0x0000006f)
core   0: 3 0x800000c4 (0x0000006f)
core   0: 3 0x800000c4 (0x0000006f)
core   0: 3 0x800000c4 (0x0000006f)
core   0: 3 0x800000c4 (0x0000006f)
core   0: 3 0x800000c4 (0x0000006f)
core   0: 3 0x800000c4 (0x0000006f)
core   0: 3 0x800000c4 (0x0000006f)
core   0: 3 0x800000c4 (0x0000006f)
core   0: 3 0x800000c4 (0x0000006f)
core   0: 3 0x800000c4 (0x0000006f)
core   0: 3 0x800000c4 (0x0000006f)
core   0: 3 0x800000c4 (0x0000006f)
core   0: 3 0x800000c4 (0x0000006f)
core   0: 3 0x800000c4 (0x0000006f)
core   0: 3 0x800000c4 (0x0000006f)
core   0: 3 0x800000c4 (0x0000006f)
core   0: 3 0x800000c4 (0x0000006f)
core   0: 3 0x800000c4 (0x0000006f)
core   0: 3 0x800000c4 (0x0000006f)
core   0: 3 0x800000c4 (0x0000006f)
core   0: 3 0x800000c4 (0x0000006f)
core   0: 3 0x800000c4 (0x0000006f)
core   0: 3 0x800000c4 (0x0000006f)
core   0: 3 0x800000c4 (0x0000006f)
core   0: 3 0x800000c4 (0x0000006f)
core   0: 3 0x800000c4 (0x0000006f)
core   0: 3 0x800000c4 (0x0000006f)
core   0: 3 0x800000c4 (0x0000006f)
core   0: 3 0x800000c4 (0x0000006f)
core   0: 3 0x800000c4 (0x0000006f)
core   0: 3 0x800000c4 (0x0000006f)
core   0: 3 0x800000c4 (0x0000006f)
core   0: 3 0x800000c4 (0x0000006f)
core   0: 3 0x800000c4 (0x0000006f)
core   0: 3 0x800000c4 (0x0000006f)
core   0: 3 0x800000c4 (0x0000006f)
core   0: 3 0x800000c4 (0x0000006f)
core   0: 3 0x800000c4 (0x0000006f)
core   0: 3 0x800000c4 (0x0000006f)
core   0: 3 0x800000c4 (0x0000006f)
core   0: 3 0x800000c4 (0x0000006f)
core   0: 3 0x800000c4 (0x0000006f)
core   0: 3 0x800000c4 (0x0000006f)
core   0: 3 0x800000c4 (0x0000006f)
core   0: 3 0x800000c4 (0x0000006f)
core   0: 3 0x800000c4 (0x0000006f)
core   0: 3 0x800000c4 (0x0000006f)
core   0: 3 0x800000c4 (0x0000006f)
core   0: 3 0x800000c4 (0x0000006f)
core   0: 3 0x800000c4 (0x0000006f)
core   0: 3 0x800000c4 (0x0000006f)
core   0: 3 0x800000c4 (0x0000006f)
core   0: 3 0x800000c4 (0x0000006f)
core   0: 3 0x800000c4 (0x0000006f)
core   0: 3 0x800000c4 (0x0000006f)
core   0: 3 0x800000c4 (0x0000006f)
core   0: 3 0x800000c4 (0x0000006f)
core   0: 3 0x800000c4 (0x0000006f)
core   0: 3 0x800000c4 (0x0000006f)
core   0: 3 0x800000c4 (0x0000006f)
core   0: 3 0x800000c4 (0x0000006f)
core   0: 3 0x800000c4 (0x0000006f)
core   0: 3 0x800000c4 (0x0000006f)
core   0: 3 0x800000c4 (0x0000006f)
core   0: 3 0x800000c4 (0x0000006f)
core   0: 3 0x800000c4 (0x0000006f)
core   0: 3 0x800000c4 (0x0000006f)
core   0: 3 0x800000c4 (0x0000006f)
core   0: 3 0x800000c4 (0x0000006f)
core   0: 3 0x800000c4 (0x0000006f)
core   0: 3 0x800000c4 (0x0000006f)
core   0: 3 0x800000c4 (0x0000006f)
core   0: 3 0x800000c4 (0x0000006f)
core   0: 3 0x800000c4 (0x0000006f)
core   0: 3 0x800000c4 (0x0000006f)
core   0: 3 0x800000c4 (0x0000006f)
core   0: 3 0x800000c4 (0x0000006f)
core   0: 3 0x800000c4 (0x0000006f)
core   0: 3 0x800000c4 (0x0000006f)
core   0: 3 0x800000c4 (0x0000006f)
core   0: 3 0x800000c4 (0x0000006f)
core   0: 3 0x800000c4 (0x0000006f)
core   0: 3 0x800000c4 (0x0000006f)
core   0: 3 0x800000c4 (0x0000006f)
core   0: 3 0x800000c4 (0x0000006f)
core   0: 3 0x800000c4 (0x0000006f)
core   0: 3 0x800000c4 (0x0000006f)
core   0: 3 0x800000c4 (0x0000006f)
core   0: 3 0x800000c4 (0x0000006f)
core   0: 3 0x800000c4 (0x0000006f)
core   0: 3 0x800000c4 (0x0000006f)
core   0: 3 0x800000c4 (0x0000006f)
core   0: 3 0x800000c4 (0x0000006f)
core   0: 3 0x800000c4 (0x0000006f)
core   0: 3 0x800000c4 (0x0000006f)
core   0: 3 0x800000c4 (0x0000006f)
core   0: 3 0x800000c4 (0x0000006f)
core   0: 3 0x800000c4 (0x0000006f)
core   0: 3 0x800000c4 (0x0000006f)
core   0: 3 0x800000c4 (0x0000006f)
core   0: 3 0x800000c4 (0x0000006f)
core   0: 3 0x800000c4 (0x0000006f)
core   0: 3 0x800000c4 (0x0000006f)
core   0: 3 0x800000c4 (0x0000006f)
core   0: 3 0x800000c4 (0x0000006f)
core   0: 3 0x800000c4 (0x0000006f)
core   0: 3 0x800000c4 (0x0000006f)
core   0: 3 0x800000c4 (0x0000006f)
core   0: 3 0x800000c4 (0x0000006f)
core   0: 3 0x800000c4 (0x0000006f)
core   0: 3 0x800000c4 (0x0000006f)
core   0: 3 0x800000c4 (0x0000006f)
core   0: 3 0x800000c4 (0x0000006f)
core   0: 3 0x800000c4 (0x0000006f)
core   0: 3 0x800000c4 (0x0000006f)
core   0: 3 0x800000c4 (0x0000006f)
core   0: 3 0x800000c4 (0x0000006f)
core   0: 3 0x800000c4 (0x0000006f)
core   0: 3 0x800000c4 (0x0000006f)
core   0: 3 0x800000c4 (0x0000006f)
core   0: 3 0x800000c4 (0x0000006f)
core   0: 3 0x800000c4 (0x0000006f)
core   0: 3 0x800000c4 (0x0000006f)
core   0: 3 0x800000c4 (0x0000006f)
core   0: 3 0x800000c4 (0x0000006f)
core   0: 3 0x800000c4 (0x0000006f)
core   0: 3 0x800000c4 (0x0000006f)
core   0: 3 0x800000c4 (0x0000006f)
core   0: 3 0x800000c4 (0x0000006f)
core   0: 3 0x800000c4 (0x0000006f)
core   0: 3 0x800000c4 (0x0000006f)
core   0: 3 0x800000c4 (0x0000006f)
core   0: 3 0x800000c4 (0x0000006f)
core   0: 3 0x800000c4 (0x0000006f)
core   0: 3 0x800000c4 (0x0000006f)
core   0: 3 0x800000c4 (0x0000006f)
core   0: 3 0x800000c4 (0x0000006f)
core   0: 3 0x800000c4 (0x0000006f)
core   0: 3 0x800000c4 (0x0000006f)
core   0: 3 0x800000c4 (0x0000006f)
core   0: 3 0x800000c4 (0x0000006f)
core   0: 3 0x800000c4 (0x0000006f)
core   0: 3 0x800000c4 (0x0000006f)
core   0: 3 0x800000c4 (0x0000006f)
core   0: 3 0x800000c4 (0x0000006f)
core   0: 3 0x800000c4 (0x0000006f)
core   0: 3 0x800000c4 (0x0000006f)
core   0: 3 0x800000c4 (0x0000006f)
core   0: 3 0x800000c4 (0x0000006f)
core   0: 3 0x800000c4 (0x0000006f)
core   0: 3 0x800000c4 (0x0000006f)
core   0: 3 0x800000c4 (0x0000006f)
core   0: 3 0x800000c4 (0x0000006f)
core   0: 3 0x800000c4 (0x0000006f)
core   0: 3 0x800000c4 (0x0000006f)
core   0: 3 0x800000c4 (0x0000006f)
core   0: 3 0x800000c4 (0x0000006f)
core   0: 3 0x800000c4 (0x0000006f)
core   0: 3 0x800000c4 (0x0000006f)
core   0: 3 0x800000c4 (0x0000006f)
core   0: 3 0x800000c4 (0x0000006f)
core   0: 3 0x800000c4 (0x0000006f)
core   0: 3 0x800000c4 (0x0000006f)
core   0: 3 0x800000c4 (0x0000006f)
core   0: 3 0x800000c4 (0x0000006f)
core   0: 3 0x800000c4 (0x0000006f)
core   0: 3 0x800000c4 (0x0000006f)
core   0: 3 0x800000c4 (0x0000006f)
core   0: 3 0x800000c4 (0x0000006f)
core   0: 3 0x800000c4 (0x0000006f)
core   0: 3 0x800000c4 (0x0000006f)
core   0: 3 0x800000c4 (0x0000006f)
core   0: 3 0x800000c4 (0x0000006f)
core   0: 3 0x800000c4 (0x0000006f)
core   0: 3 0x800000c4 (0x0000006f)
core   0: 3 0x800000c4 (0x0000006f)
core   0: 3 0x800000c4 (0x0000006f)
core   0: 3 0x800000c4 (0x0000006f)
core   0: 3 0x800000c4 (0x0000006f)
core   0: 3 0x800000c4 (0x0000006f)
core   0: 3 0x800000c4 (0x0000006f)
core   0: 3 0x800000c4 (0x0000006f)
core   0: 3 0x800000c4 (0x0000006f)
core   0: 3 0x800000c4 (0x0000006f)
core   0: 3 0x800000c4 (0x0000006f)
core   0: 3 0x800000c4 (0x0000006f)
core   0: 3 0x800000c4 (0x0000006f)
core   0: 3 0x800000c4 (0x0000006f)
core   0: 3 0x800000c4 (0x0000006f)
core   0: 3 0x800000c4 (0x0000006f)
core   0: 3 0x800000c4 (0x0000006f)
core   0: 3 0x800000c4 (0x0000006f)
core   0: 3 0x800000c4 (0x0000006f)
core   0: 3 0x800000c4 (0x0000006f)
core   0: 3 0x800000c4 (0x0000006f)
core   0: 3 0x800000c4 (0x0000006f)
core   0: 3 0x800000c4 (0x0000006f)
core   0: 3 0x800000c4 (0x0000006f)
core   0: 3 0x800000c4 (0x0000006f)
core   0: 3 0x800000c4 (0x0000006f)
core   0: 3 0x800000c4 (0x0000006f)
core   0: 3 0x800000c4 (0x0000006f)
core   0: 3 0x800000c4 (0x0000006f)
core   0: 3 0x800000c4 (0x0000006f)
core   0: 3 0x800000c4 (0x0000006f)
core   0: 3 0x800000c4 (0x0000006f)
core   0: 3 0x800000c4 (0x0000006f)
core   0: 3 0x800000c4 (0x0000006f)
core   0: 3 0x800000c4 (0x0000006f)
core   0: 3 0x800000c4 (0x0000006f)
core   0: 3 0x800000c4 (0x0000006f)
core   0: 3 0x800000c4 (0x0000006f)
core   0: 3 0x800000c4 (0x0000006f)
core   0: 3 0x800000c4 (0x0000006f)
core   0: 3 0x800000c4 (0x0000006f)
core   0: 3 0x800000c4 (0x0000006f)
core   0: 3 0x800000c4 (0x0000006f)
core   0: 3 0x800000c4 (0x0000006f)
core   0: 3 0x800000c4 (0x0000006f)
core   0: 3 0x800000c4 (0x0000006f)
core   0: 3 0x800000c4 (0x0000006f)
core   0: 3 0x800000c4 (0x0000006f)
core   0: 3 0x800000c4 (0x0000006f)
core   0: 3 0x800000c4 (0x0000006f)
core   0: 3 0x800000c4 (0x0000006f)
core   0: 3 0x800000c4 (0x0000006f)
core   0: 3 0x800000c4 (0x0000006f)
core   0: 3 0x800000c4 (0x0000006f)
core   0: 3 0x800000c4 (0x0000006f)
core   0: 3 0x800000c4 (0x0000006f)
core   0: 3 0x800000c4 (0x0000006f)
core   0: 3 0x800000c4 (0x0000006f)
core   0: 3 0x800000c4 (0x0000006f)
core   0: 3 0x800000c4 (0x0000006f)
core   0: 3 0x800000c4 (0x0000006f)
core   0: 3 0x800000c4 (0x0000006f)
core   0: 3 0x800000c4 (0x0000006f)
core   0: 3 0x800000c4 (0x0000006f)
core   0: 3 0x800000c4 (0x0000006f)
core   0: 3 0x800000c4 (0x0000006f)
core   0: 3 0x800000c4 (0x0000006f)
core   0: 3 0x800000c4 (0x0000006f)
core   0: 3 0x800000c4 (0x0000006f)
core   0: 3 0x800000c4 (0x0000006f)
core   0: 3 0x800000c4 (0x0000006f)
core   0: 3 0x800000c4 (0x0000006f)
core   0: 3 0x800000c4 (0x0000006f)
core   0: 3 0x800000c4 (0x0000006f)
core   0: 3 0x800000c4 (0x0000006f)
core   0: 3 0x800000c4 (0x0000006f)
core   0: 3 0x800000c4 (0x0000006f)
core   0: 3 0x800000c4 (0x0000006f)
core   0: 3 0x800000c4 (0x0000006f)
core   0: 3 0x800000c4 (0x0000006f)
core   0: 3 0x800000c4 (0x0000006f)
core   0: 3 0x800000c4 (0x0000006f)
core   0: 3 0x800000c4 (0x0000006f)
core   0: 3 0x800000c4 (0x0000006f)
core   0: 3 0x800000c4 (0x0000006f)
core   0: 3 0x800000c4 (0x0000006f)
core   0: 3 0x800000c4 (0x0000006f)
core   0: 3 0x800000c4 (0x0000006f)
core   0: 3 0x800000c4 (0x0000006f)
core   0: 3 0x800000c4 (0x0000006f)
core   0: 3 0x800000c4 (0x0000006f)
core   0: 3 0x800000c4 (0x0000006f)
core   0: 3 0x800000c4 (0x0000006f)
core   0: 3 0x800000c4 (0x0000006f)
core   0: 3 0x800000c4 (0x0000006f)
core   0: 3 0x800000c4 (0x0000006f)
core   0: 3 0x800000c4 (0x0000006f)
core   0: 3 0x800000c4 (0x0000006f)
core   0: 3 0x800000c4 (0x0000006f)
core   0: 3 0x800000c4 (0x0000006f)
core   0: 3 0x800000c4 (0x0000006f)
core   0: 3 0x800000c4 (0x0000006f)
core   0: 3 0x800000c4 (0x0000006f)
core   0: 3 0x800000c4 (0x0000006f)
core   0: 3 0x800000c4 (0x0000006f)
core   0: 3 0x800000c4 (0x0000006f)
core   0: 3 0x800000c4 (0x0000006f)
core   0: 3 0x800000c4 (0x0000006f)
core   0: 3 0x800000c4 (0x0000006f)
core   0: 3 0x800000c4 (0x0000006f)
core   0: 3 0x800000c4 (0x0000006f)
core   0: 3 0x800000c4 (0x0000006f)
core   0: 3 0x800000c4 (0x0000006f)
core   0: 3 0x800000c4 (0x0000006f)
core   0: 3 0x800000c4 (0x0000006f)
core   0: 3 0x800000c4 (0x0000006f)
core   0: 3 0x800000c4 (0x0000006f)
core   0: 3 0x800000c4 (0x0000006f)
core   0: 3 0x800000c4 (0x0000006f)
core   0: 3 0x800000c4 (0x0000006f)
core   0: 3 0x800000c4 (0x0000006f)
core   0: 3 0x800000c4 (0x0000006f)
core   0: 3 0x800000c4 (0x0000006f)
core   0: 3 0x800000c4 (0x0000006f)
core   0: 3 0x800000c4 (0x0000006f)
core   0: 3 0x800000c4 (0x0000006f)
core   0: 3 0x800000c4 (0x0000006f)
core   0: 3 0x800000c4 (0x0000006f)
core   0: 3 0x800000c4 (0x0000006f)
core   0: 3 0x800000c4 (0x0000006f)
core   0: 3 0x800000c4 (0x0000006f)
core   0: 3 0x800000c4 (0x0000006f)
core   0: 3 0x800000c4 (0x0000006f)
core   0: 3 0x800000c4 (0x0000006f)
core   0: 3 0x800000c4 (0x0000006f)
core   0: 3 0x800000c4 (0x0000006f)
core   0: 3 0x800000c4 (0x0000006f)
core   0: 3 0x800000c4 (0x0000006f)
core   0: 3 0x800000c4 (0x0000006f)
core   0: 3 0x800000c4 (0x0000006f)
core   0: 3 0x800000c4 (0x0000006f)
core   0: 3 0x800000c4 (0x0000006f)
core   0: 3 0x800000c4 (0x0000006f)
core   0: 3 0x800000c4 (0x0000006f)
core   0: 3 0x800000c4 (0x0000006f)
core   0: 3 0x800000c4 (0x0000006f)
core   0: 3 0x800000c4 (0x0000006f)
core   0: 3 0x800000c4 (0x0000006f)
core   0: 3 0x800000c4 (0x0000006f)
core   0: 3 0x800000c4 (0x0000006f)
core   0: 3 0x800000c4 (0x0000006f)
core   0: 3 0x800000c4 (0x0000006f)
core   0: 3 0x800000c4 (0x0000006f)
core   0: 3 0x800000c4 (0x0000006f)
core   0: 3 0x800000c4 (0x0000006f)
core   0: 3 0x800000c4 (0x0000006f)
core   0: 3 0x800000c4 (0x0000006f)
core   0: 3 0x800000c4 (0x0000006f)
core   0: 3 0x800000c4 (0x0000006f)
core   0: 3 0x800000c4 (0x0000006f)
core   0: 3 0x800000c4 (0x0000006f)
core   0: 3 0x800000c4 (0x0000006f)
core   0: 3 0x800000c4 (0x0000006f)
core   0: 3 0x800000c4 (0x0000006f)
core   0: 3 0x800000c4 (0x0000006f)
core   0: 3 0x800000c4 (0x0000006f)
core   0: 3 0x800000c4 (0x0000006f)
core   0: 3 0x800000c4 (0x0000006f)
core   0: 3 0x800000c4 (0x0000006f)
core   0: 3 0x800000c4 (0x0000006f)
core   0: 3 0x800000c4 (0x0000006f)
core   0: 3 0x800000c4 (0x0000006f)
core   0: 3 0x800000c4 (0x0000006f)
core   0: 3 0x800000c4 (0x0000006f)
core   0: 3 0x800000c4 (0x0000006f)
core   0: 3 0x800000c4 (0x0000006f)
core   0: 3 0x800000c4 (0x0000006f)
core   0: 3 0x800000c4 (0x0000006f)
core   0: 3 0x800000c4 (0x0000006f)
core   0: 3 0x800000c4 (0x0000006f)
core   0: 3 0x800000c4 (0x0000006f)
core   0: 3 0x800000c4 (0x0000006f)
core   0: 3 0x800000c4 (0x0000006f)
core   0: 3 0x800000c4 (0x0000006f)
core   0: 3 0x800000c4 (0x0000006f)
core   0: 3 0x800000c4 (0x0000006f)
core   0: 3 0x800000c4 (0x0000006f)
core   0: 3 0x800000c4 (0x0000006f)
core   0: 3 0x800000c4 (0x0000006f)
core   0: 3 0x800000c4 (0x0000006f)
core   0: 3 0x800000c4 (0x0000006f)
core   0: 3 0x800000c4 (0x0000006f)
core   0: 3 0x800000c4 (0x0000006f)
core   0: 3 0x800000c4 (0x0000006f)
core   0: 3 0x800000c4 (0x0000006f)
core   0: 3 0x800000c4 (0x0000006f)
core   0: 3 0x800000c4 (0x0000006f)
core   0: 3 0x800000c4 (0x0000006f)
core   0: 3 0x800000c4 (0x0000006f)
core   0: 3 0x800000c4 (0x0000006f)
core   0: 3 0x800000c4 (0x0000006f)
core   0: 3 0x800000c4 (0x0000006f)
core   0: 3 0x800000c4 (0x0000006f)
core   0: 3 0x800000c4 (0x0000006f)
core   0: 3 0x800000c4 (0x0000006f)
core   0: 3 0x800000c4 (0x0000006f)
core   0: 3 0x800000c4 (0x0000006f)
core   0: 3 0x800000c4 (0x0000006f)
core   0: 3 0x800000c4 (0x0000006f)
core   0: 3 0x800000c4 (0x0000006f)
core   0: 3 0x800000c4 (0x0000006f)
core   0: 3 0x800000c4 (0x0000006f)
core   0: 3 0x800000c4 (0x0000006f)
core   0: 3 0x800000c4 (0x0000006f)
core   0: 3 0x800000c4 (0x0000006f)
core   0: 3 0x800000c4 (0x0000006f)
core   0: 3 0x800000c4 (0x0000006f)
core   0: 3 0x800000c4 (0x0000006f)
core   0: 3 0x800000c4 (0x0000006f)
core   0: 3 0x800000c4 (0x0000006f)
core   0: 3 0x800000c4 (0x0000006f)
core   0: 3 0x800000c4 (0x0000006f)
core   0: 3 0x800000c4 (0x0000006f)
core   0: 3 0x800000c4 (0x0000006f)
core   0: 3 0x800000c4 (0x0000006f)
core   0: 3 0x800000c4 (0x0000006f)
core   0: 3 0x800000c4 (0x0000006f)
core   0: 3 0x800000c4 (0x0000006f)
core   0: 3 0x800000c4 (0x0000006f)
core   0: 3 0x800000c4 (0x0000006f)
core   0: 3 0x800000c4 (0x0000006f)
core   0: 3 0x800000c4 (0x0000006f)
core   0: 3 0x800000c4 (0x0000006f)
core   0: 3 0x800000c4 (0x0000006f)
core   0: 3 0x800000c4 (0x0000006f)
core   0: 3 0x800000c4 (0x0000006f)
core   0: 3 0x800000c4 (0x0000006f)
core   0: 3 0x800000c4 (0x0000006f)
core   0: 3 0x800000c4 (0x0000006f)
core   0: 3 0x800000c4 (0x0000006f)
core   0: 3 0x800000c4 (0x0000006f)
core   0: 3 0x800000c4 (0x0000006f)
core   0: 3 0x800000c4 (0x0000006f)
core   0: 3 0x800000c4 (0x0000006f)
core   0: 3 0x800000c4 (0x0000006f)
core   0: 3 0x800000c4 (0x0000006f)
core   0: 3 0x800000c4 (0x0000006f)
core   0: 3 0x800000c4 (0x0000006f)
core   0: 3 0x800000c4 (0x0000006f)
core   0: 3 0x800000c4 (0x0000006f)
core   0: 3 0x800000c4 (0x0000006f)
core   0: 3 0x800000c4 (0x0000006f)
core   0: 3 0x800000c4 (0x0000006f)
core   0: 3 0x800000c4 (0x0000006f)
core   0: 3 0x800000c4 (0x0000006f)
core   0: 3 0x800000c4 (0x0000006f)
core   0: 3 0x800000c4 (0x0000006f)
core   0: 3 0x800000c4 (0x0000006f)
core   0: 3 0x800000c4 (0x0000006f)
core   0: 3 0x800000c4 (0x0000006f)
core   0: 3 0x800000c4 (0x0000006f)
core   0: 3 0x800000c4 (0x0000006f)
core   0: 3 0x800000c4 (0x0000006f)
core   0: 3 0x800000c4 (0x0000006f)
core   0: 3 0x800000c4 (0x0000006f)
core   0: 3 0x800000c4 (0x0000006f)
core   0: 3 0x800000c4 (0x0000006f)
core   0: 3 0x800000c4 (0x0000006f)
core   0: 3 0x800000c4 (0x0000006f)
core   0: 3 0x800000c4 (0x0000006f)
core   0: 3 0x800000c4 (0x0000006f)
core   0: 3 0x800000c4 (0x0000006f)
core   0: 3 0x800000c4 (0x0000006f)
core   0: 3 0x800000c4 (0x0000006f)
core   0: 3 0x800000c4 (0x0000006f)
core   0: 3 0x800000c4 (0x0000006f)
core   0: 3 0x800000c4 (0x0000006f)
core   0: 3 0x800000c4 (0x0000006f)
core   0: 3 0x800000c4 (0x0000006f)
core   0: 3 0x800000c4 (0x0000006f)
core   0: 3 0x800000c4 (0x0000006f)
core   0: 3 0x800000c4 (0x0000006f)
core   0: 3 0x800000c4 (0x0000006f)
core   0: 3 0x800000c4 (0x0000006f)
core   0: 3 0x800000c4 (0x0000006f)
core   0: 3 0x800000c4 (0x0000006f)
core   0: 3 0x800000c4 (0x0000006f)
core   0: 3 0x800000c4 (0x0000006f)
core   0: 3 0x800000c4 (0x0000006f)
core   0: 3 0x800000c4 (0x0000006f)
core   0: 3 0x800000c4 (0x0000006f)
core   0: 3 0x800000c4 (0x0000006f)
core   0: 3 0x800000c4 (0x0000006f)
core   0: 3 0x800000c4 (0x0000006f)
core   0: 3 0x800000c4 (0x0000006f)
core   0: 3 0x800000c4 (0x0000006f)
core   0: 3 0x800000c4 (0x0000006f)
core   0: 3 0x800000c4 (0x0000006f)
core   0: 3 0x800000c4 (0x0000006f)
core   0: 3 0x800000c4 (0x0000006f)
core   0: 3 0x800000c4 (0x0000006f)
core   0: 3 0x800000c4 (0x0000006f)
core   0: 3 0x800000c4 (0x0000006f)
core   0: 3 0x800000c4 (0x0000006f)
core   0: 3 0x800000c4 (0x0000006f)
core   0: 3 0x800000c4 (0x0000006f)
core   0: 3 0x800000c4 (0x0000006f)
core   0: 3 0x800000c4 (0x0000006f)
core   0: 3 0x800000c4 (0x0000006f)
core   0: 3 0x800000c4 (0x0000006f)
core   0: 3 0x800000c4 (0x0000006f)
core   0: 3 0x800000c4 (0x0000006f)
core   0: 3 0x800000c4 (0x0000006f)
core   0: 3 0x800000c4 (0x0000006f)
core   0: 3 0x800000c4 (0x0000006f)
core   0: 3 0x800000c4 (0x0000006f)
core   0: 3 0x800000c4 (0x0000006f)
core   0: 3 0x800000c4 (0x0000006f)
core   0: 3 0x800000c4 (0x0000006f)
core   0: 3 0x800000c4 (0x0000006f)
core   0: 3 0x800000c4 (0x0000006f)
core   0: 3 0x800000c4 (0x0000006f)
core   0: 3 0x800000c4 (0x0000006f)
core   0: 3 0x800000c4 (0x0000006f)
core   0: 3 0x800000c4 (0x0000006f)
core   0: 3 0x800000c4 (0x0000006f)
core   0: 3 0x800000c4 (0x0000006f)
core   0: 3 0x800000c4 (0x0000006f)
core   0: 3 0x800000c4 (0x0000006f)
core   0: 3 0x800000c4 (0x0000006f)
core   0: 3 0x800000c4 (0x0000006f)
core   0: 3 0x800000c4 (0x0000006f)
core   0: 3 0x800000c4 (0x0000006f)
core   0: 3 0x800000c4 (0x0000006f)
core   0: 3 0x800000c4 (0x0000006f)
core   0: 3 0x800000c4 (0x0000006f)
core   0: 3 0x800000c4 (0x0000006f)
core   0: 3 0x800000c4 (0x0000006f)
core   0: 3 0x800000c4 (0x0000006f)
core   0: 3 0x800000c4 (0x0000006f)
core   0: 3 0x800000c4 (0x0000006f)
core   0: 3 0x800000c4 (0x0000006f)
core   0: 3 0x800000c4 (0x0000006f)
core   0: 3 0x800000c4 (0x0000006f)
core   0: 3 0x800000c4 (0x0000006f)
core   0: 3 0x800000c4 (0x0000006f)
core   0: 3 0x800000c4 (0x0000006f)
core   0: 3 0x800000c4 (0x0000006f)
core   0: 3 0x800000c4 (0x0000006f)
core   0: 3 0x800000c4 (0x0000006f)
core   0: 3 0x800000c4 (0x0000006f)
core   0: 3 0x800000c4 (0x0000006f)
core   0: 3 0x800000c4 (0x0000006f)
core   0: 3 0x800000c4 (0x0000006f)
core   0: 3 0x800000c4 (0x0000006f)
core   0: 3 0x800000c4 (0x0000006f)
core   0: 3 0x800000c4 (0x0000006f)
core   0: 3 0x800000c4 (0x0000006f)
core   0: 3 0x800000c4 (0x0000006f)
core   0: 3 0x800000c4 (0x0000006f)
core   0: 3 0x800000c4 (0x0000006f)
core   0: 3 0x800000c4 (0x0000006f)
core   0: 3 0x800000c4 (0x0000006f)
core   0: 3 0x800000c4 (0x0000006f)
core   0: 3 0x800000c4 (0x0000006f)
core   0: 3 0x800000c4 (0x0000006f)
core   0: 3 0x800000c4 (0x0000006f)
core   0: 3 0x800000c4 (0x0000006f)
core   0: 3 0x800000c4 (0x0000006f)
core   0: 3 0x800000c4 (0x0000006f)
core   0: 3 0x800000c4 (0x0000006f)
core   0: 3 0x800000c4 (0x0000006f)
core   0: 3 0x800000c4 (0x0000006f)
core   0: 3 0x800000c4 (0x0000006f)
core   0: 3 0x800000c4 (0x0000006f)
core   0: 3 0x800000c4 (0x0000006f)
core   0: 3 0x800000c4 (0x0000006f)
core   0: 3 0x800000c4 (0x0000006f)
core   0: 3 0x800000c4 (0x0000006f)
core   0: 3 0x800000c4 (0x0000006f)
core   0: 3 0x800000c4 (0x0000006f)
core   0: 3 0x800000c4 (0x0000006f)
core   0: 3 0x800000c4 (0x0000006f)
core   0: 3 0x800000c4 (0x0000006f)
core   0: 3 0x800000c4 (0x0000006f)
core   0: 3 0x800000c4 (0x0000006f)
core   0: 3 0x800000c4 (0x0000006f)
core   0: 3 0x800000c4 (0x0000006f)
core   0: 3 0x800000c4 (0x0000006f)
core   0: 3 0x800000c4 (0x0000006f)
core   0: 3 0x800000c4 (0x0000006f)
core   0: 3 0x800000c4 (0x0000006f)
core   0: 3 0x800000c4 (0x0000006f)
core   0: 3 0x800000c4 (0x0000006f)
core   0: 3 0x800000c4 (0x0000006f)
core   0: 3 0x800000c4 (0x0000006f)
core   0: 3 0x800000c4 (0x0000006f)
core   0: 3 0x800000c4 (0x0000006f)
core   0: 3 0x800000c4 (0x0000006f)
core   0: 3 0x800000c4 (0x0000006f)
core   0: 3 0x800000c4 (0x0000006f)
core   0: 3 0x800000c4 (0x0000006f)
core   0: 3 0x800000c4 (0x0000006f)
core   0: 3 0x800000c4 (0x0000006f)
core   0: 3 0x800000c4 (0x0000006f)
core   0: 3 0x800000c4 (0x0000006f)
core   0: 3 0x800000c4 (0x0000006f)
core   0: 3 0x800000c4 (0x0000006f)
core   0: 3 0x800000c4 (0x0000006f)
core   0: 3 0x800000c4 (0x0000006f)
core   0: 3 0x800000c4 (0x0000006f)
core   0: 3 0x800000c4 (0x0000006f)
core   0: 3 0x800000c4 (0x0000006f)
core   0: 3 0x800000c4 (0x0000006f)
core   0: 3 0x800000c4 (0x0000006f)
core   0: 3 0x800000c4 (0x0000006f)
core   0: 3 0x800000c4 (0x0000006f)
core   0: 3 0x800000c4 (0x0000006f)
core   0: 3 0x800000c4 (0x0000006f)
core   0: 3 0x800000c4 (0x0000006f)
core   0: 3 0x800000c4 (0x0000006f)
core   0: 3 0x800000c4 (0x0000006f)
core   0: 3 0x800000c4 (0x0000006f)
core   0: 3 0x800000c4 (0x0000006f)
core   0: 3 0x800000c4 (0x0000006f)
core   0: 3 0x800000c4 (0x0000006f)
core   0: 3 0x800000c4 (0x0000006f)
core   0: 3 0x800000c4 (0x0000006f)
core   0: 3 0x800000c4 (0x0000006f)
core   0: 3 0x800000c4 (0x0000006f)
core   0: 3 0x800000c4 (0x0000006f)
core   0: 3 0x800000c4 (0x0000006f)
core   0: 3 0x800000c4 (0x0000006f)
core   0: 3 0x800000c4 (0x0000006f)
core   0: 3 0x800000c4 (0x0000006f)
core   0: 3 0x800000c4 (0x0000006f)
core   0: 3 0x800000c4 (0x0000006f)
core   0: 3 0x800000c4 (0x0000006f)
core   0: 3 0x800000c4 (0x0000006f)
core   0: 3 0x800000c4 (0x0000006f)
core   0: 3 0x800000c4 (0x0000006f)
core   0: 3 0x800000c4 (0x0000006f)
core   0: 3 0x800000c4 (0x0000006f)
core   0: 3 0x800000c4 (0x0000006f)
core   0: 3 0x800000c4 (0x0000006f)
core   0: 3 0x800000c4 (0x0000006f)
core   0: 3 0x800000c4 (0x0000006f)
core   0: 3 0x800000c4 (0x0000006f)
core   0: 3 0x800000c4 (0x0000006f)
core   0: 3 0x800000c4 (0x0000006f)
core   0: 3 0x800000c4 (0x0000006f)
core   0: 3 0x800000c4 (0x0000006f)
core   0: 3 0x800000c4 (0x0000006f)
core   0: 3 0x800000c4 (0x0000006f)
core   0: 3 0x800000c4 (0x0000006f)
core   0: 3 0x800000c4 (0x0000006f)
core   0: 3 0x800000c4 (0x0000006f)
core   0: 3 0x800000c4 (0x0000006f)
core   0: 3 0x800000c4 (0x0000006f)
core   0: 3 0x800000c4 (0x0000006f)
core   0: 3 0x800000c4 (0x0000006f)
core   0: 3 0x800000c4 (0x0000006f)
core   0: 3 0x800000c4 (0x0000006f)
core   0: 3 0x800000c4 (0x0000006f)
core   0: 3 0x800000c4 (0x0000006f)
core   0: 3 0x800000c4 (0x0000006f)
core   0: 3 0x800000c4 (0x0000006f)
core   0: 3 0x800000c4 (0x0000006f)
core   0: 3 0x800000c4 (0x0000006f)
core   0: 3 0x800000c4 (0x0000006f)
core   0: 3 0x800000c4 (0x0000006f)
core   0: 3 0x800000c4 (0x0000006f)
core   0: 3 0x800000c4 (0x0000006f)
core   0: 3 0x800000c4 (0x0000006f)
core   0: 3 0x800000c4 (0x0000006f)
core   0: 3 0x800000c4 (0x0000006f)
core   0: 3 0x800000c4 (0x0000006f)
core   0: 3 0x800000c4 (0x0000006f)
core   0: 3 0x800000c4 (0x0000006f)
core   0: 3 0x800000c4 (0x0000006f)
core   0: 3 0x800000c4 (0x0000006f)
core   0: 3 0x800000c4 (0x0000006f)
core   0: 3 0x800000c4 (0x0000006f)
core   0: 3 0x800000c4 (0x0000006f)
core   0: 3 0x800000c4 (0x0000006f)
core   0: 3 0x800000c4 (0x0000006f)
core   0: 3 0x800000c4 (0x0000006f)
core   0: 3 0x800000c4 (0x0000006f)
core   0: 3 0x800000c4 (0x0000006f)
core   0: 3 0x800000c4 (0x0000006f)
core   0: 3 0x800000c4 (0x0000006f)
core   0: 3 0x800000c4 (0x0000006f)
core   0: 3 0x800000c4 (0x0000006f)
core   0: 3 0x800000c4 (0x0000006f)
core   0: 3 0x800000c4 (0x0000006f)
core   0: 3 0x800000c4 (0x0000006f)
core   0: 3 0x800000c4 (0x0000006f)
core   0: 3 0x800000c4 (0x0000006f)
core   0: 3 0x800000c4 (0x0000006f)
core   0: 3 0x800000c4 (0x0000006f)
core   0: 3 0x800000c4 (0x0000006f)
core   0: 3 0x800000c4 (0x0000006f)
core   0: 3 0x800000c4 (0x0000006f)
core   0: 3 0x800000c4 (0x0000006f)
core   0: 3 0x800000c4 (0x0000006f)
core   0: 3 0x800000c4 (0x0000006f)
core   0: 3 0x800000c4 (0x0000006f)
core   0: 3 0x800000c4 (0x0000006f)
core   0: 3 0x800000c4 (0x0000006f)
core   0: 3 0x800000c4 (0x0000006f)
core   0: 3 0x800000c4 (0x0000006f)
core   0: 3 0x800000c4 (0x0000006f)
core   0: 3 0x800000c4 (0x0000006f)
core   0: 3 0x800000c4 (0x0000006f)
core   0: 3 0x800000c4 (0x0000006f)
core   0: 3 0x800000c4 (0x0000006f)
core   0: 3 0x800000c4 (0x0000006f)
core   0: 3 0x800000c4 (0x0000006f)
core   0: 3 0x800000c4 (0x0000006f)
core   0: 3 0x800000c4 (0x0000006f)
core   0: 3 0x800000c4 (0x0000006f)
core   0: 3 0x800000c4 (0x0000006f)
core   0: 3 0x800000c4 (0x0000006f)
core   0: 3 0x800000c4 (0x0000006f)
core   0: 3 0x800000c4 (0x0000006f)
core   0: 3 0x800000c4 (0x0000006f)
core   0: 3 0x800000c4 (0x0000006f)
core   0: 3 0x800000c4 (0x0000006f)
core   0: 3 0x800000c4 (0x0000006f)
core   0: 3 0x800000c4 (0x0000006f)
core   0: 3 0x800000c4 (0x0000006f)
core   0: 3 0x800000c4 (0x0000006f)
core   0: 3 0x800000c4 (0x0000006f)
core   0: 3 0x800000c4 (0x0000006f)
core   0: 3 0x800000c4 (0x0000006f)
core   0: 3 0x800000c4 (0x0000006f)
core   0: 3 0x800000c4 (0x0000006f)
core   0: 3 0x800000c4 (0x0000006f)
core   0: 3 0x800000c4 (0x0000006f)
core   0: 3 0x800000c4 (0x0000006f)
core   0: 3 0x800000c4 (0x0000006f)
core   0: 3 0x800000c4 (0x0000006f)
core   0: 3 0x800000c4 (0x0000006f)
core   0: 3 0x800000c4 (0x0000006f)
core   0: 3 0x800000c4 (0x0000006f)
core   0: 3 0x800000c4 (0x0000006f)
core   0: 3 0x800000c4 (0x0000006f)
core   0: 3 0x800000c4 (0x0000006f)
core   0: 3 0x800000c4 (0x0000006f)
core   0: 3 0x800000c4 (0x0000006f)
core   0: 3 0x800000c4 (0x0000006f)
core   0: 3 0x800000c4 (0x0000006f)
core   0: 3 0x800000c4 (0x0000006f)
core   0: 3 0x800000c4 (0x0000006f)
core   0: 3 0x800000c4 (0x0000006f)
core   0: 3 0x800000c4 (0x0000006f)
core   0: 3 0x800000c4 (0x0000006f)
core   0: 3 0x800000c4 (0x0000006f)
core   0: 3 0x800000c4 (0x0000006f)
core   0: 3 0x800000c4 (0x0000006f)
core   0: 3 0x800000c4 (0x0000006f)
core   0: 3 0x800000c4 (0x0000006f)
core   0: 3 0x800000c4 (0x0000006f)
core   0: 3 0x800000c4 (0x0000006f)
core   0: 3 0x800000c4 (0x0000006f)
core   0: 3 0x800000c4 (0x0000006f)
core   0: 3 0x800000c4 (0x0000006f)
core   0: 3 0x800000c4 (0x0000006f)
core   0: 3 0x800000c4 (0x0000006f)
core   0: 3 0x800000c4 (0x0000006f)
core   0: 3 0x800000c4 (0x0000006f)
core   0: 3 0x800000c4 (0x0000006f)
core   0: 3 0x800000c4 (0x0000006f)
core   0: 3 0x800000c4 (0x0000006f)
core   0: 3 0x800000c4 (0x0000006f)
core   0: 3 0x800000c4 (0x0000006f)
core   0: 3 0x800000c4 (0x0000006f)
core   0: 3 0x800000c4 (0x0000006f)
core   0: 3 0x800000c4 (0x0000006f)
core   0: 3 0x800000c4 (0x0000006f)
core   0: 3 0x800000c4 (0x0000006f)
core   0: 3 0x800000c4 (0x0000006f)
core   0: 3 0x800000c4 (0x0000006f)
core   0: 3 0x800000c4 (0x0000006f)
core   0: 3 0x800000c4 (0x0000006f)
core   0: 3 0x800000c4 (0x0000006f)
core   0: 3 0x800000c4 (0x0000006f)
core   0: 3 0x800000c4 (0x0000006f)
core   0: 3 0x800000c4 (0x0000006f)
core   0: 3 0x800000c4 (0x0000006f)
core   0: 3 0x800000c4 (0x0000006f)
core   0: 3 0x800000c4 (0x0000006f)
core   0: 3 0x800000c4 (0x0000006f)
core   0: 3 0x800000c4 (0x0000006f)
core   0: 3 0x800000c4 (0x0000006f)
core   0: 3 0x800000c4 (0x0000006f)
core   0: 3 0x800000c4 (0x0000006f)
core   0: 3 0x800000c4 (0x0000006f)
core   0: 3 0x800000c4 (0x0000006f)
core   0: 3 0x800000c4 (0x0000006f)
core   0: 3 0x800000c4 (0x0000006f)
core   0: 3 0x800000c4 (0x0000006f)
core   0: 3 0x800000c4 (0x0000006f)
core   0: 3 0x800000c4 (0x0000006f)
core   0: 3 0x800000c4 (0x0000006f)
core   0: 3 0x800000c4 (0x0000006f)
core   0: 3 0x800000c4 (0x0000006f)
core   0: 3 0x800000c4 (0x0000006f)
core   0: 3 0x800000c4 (0x0000006f)
core   0: 3 0x800000c4 (0x0000006f)
core   0: 3 0x800000c4 (0x0000006f)
core   0: 3 0x800000c4 (0x0000006f)
core   0: 3 0x800000c4 (0x0000006f)
core   0: 3 0x800000c4 (0x0000006f)
core   0: 3 0x800000c4 (0x0000006f)
core   0: 3 0x800000c4 (0x0000006f)
core   0: 3 0x800000c4 (0x0000006f)
core   0: 3 0x800000c4 (0x0000006f)
core   0: 3 0x800000c4 (0x0000006f)
core   0: 3 0x800000c4 (0x0000006f)
core   0: 3 0x800000c4 (0x0000006f)
core   0: 3 0x800000c4 (0x0000006f)
core   0: 3 0x800000c4 (0x0000006f)
core   0: 3 0x800000c4 (0x0000006f)
core   0: 3 0x800000c4 (0x0000006f)
core   0: 3 0x800000c4 (0x0000006f)
core   0: 3 0x800000c4 (0x0000006f)
core   0: 3 0x800000c4 (0x0000006f)
core   0: 3 0x800000c4 (0x0000006f)
core   0: 3 0x800000c4 (0x0000006f)
core   0: 3 0x800000c4 (0x0000006f)
core   0: 3 0x800000c4 (0x0000006f)
core   0: 3 0x800000c4 (0x0000006f)
core   0: 3 0x800000c4 (0x0000006f)
core   0: 3 0x800000c4 (0x0000006f)
core   0: 3 0x800000c4 (0x0000006f)
core   0: 3 0x800000c4 (0x0000006f)
core   0: 3 0x800000c4 (0x0000006f)
core   0: 3 0x800000c4 (0x0000006f)
core   0: 3 0x800000c4 (0x0000006f)
core   0: 3 0x800000c4 (0x0000006f)
core   0: 3 0x800000c4 (0x0000006f)
core   0: 3 0x800000c4 (0x0000006f)
core   0: 3 0x800000c4 (0x0000006f)
core   0: 3 0x800000c4 (0x0000006f)
core   0: 3 0x800000c4 (0x0000006f)
core   0: 3 0x800000c4 (0x0000006f)
core   0: 3 0x800000c4 (0x0000006f)
core   0: 3 0x800000c4 (0x0000006f)
core   0: 3 0x800000c4 (0x0000006f)
core   0: 3 0x800000c4 (0x0000006f)
core   0: 3 0x800000c4 (0x0000006f)
core   0: 3 0x800000c4 (0x0000006f)
core   0: 3 0x800000c4 (0x0000006f)
core   0: 3 0x800000c4 (0x0000006f)
core   0: 3 0x800000c4 (0x0000006f)
core   0: 3 0x800000c4 (0x0000006f)
core   0: 3 0x800000c4 (0x0000006f)
core   0: 3 0x800000c4 (0x0000006f)
core   0: 3 0x800000c4 (0x0000006f)
core   0: 3 0x800000c4 (0x0000006f)
core   0: 3 0x800000c4 (0x0000006f)
core   0: 3 0x800000c4 (0x0000006f)
core   0: 3 0x800000c4 (0x0000006f)
core   0: 3 0x800000c4 (0x0000006f)
core   0: 3 0x800000c4 (0x0000006f)
core   0: 3 0x800000c4 (0x0000006f)
core   0: 3 0x800000c4 (0x0000006f)
core   0: 3 0x800000c4 (0x0000006f)
core   0: 3 0x800000c4 (0x0000006f)
core   0: 3 0x800000c4 (0x0000006f)
core   0: 3 0x800000c4 (0x0000006f)
core   0: 3 0x800000c4 (0x0000006f)
core   0: 3 0x800000c4 (0x0000006f)
core   0: 3 0x800000c4 (0x0000006f)
core   0: 3 0x800000c4 (0x0000006f)
core   0: 3 0x800000c4 (0x0000006f)
core   0: 3 0x800000c4 (0x0000006f)
core   0: 3 0x800000c4 (0x0000006f)
core   0: 3 0x800000c4 (0x0000006f)
core   0: 3 0x800000c4 (0x0000006f)
core   0: 3 0x800000c4 (0x0000006f)
core   0: 3 0x800000c4 (0x0000006f)
core   0: 3 0x800000c4 (0x0000006f)
core   0: 3 0x800000c4 (0x0000006f)
core   0: 3 0x800000c4 (0x0000006f)
core   0: 3 0x800000c4 (0x0000006f)
core   0: 3 0x800000c4 (0x0000006f)
core   0: 3 0x800000c4 (0x0000006f)
core   0: 3 0x800000c4 (0x0000006f)
core   0: 3 0x800000c4 (0x0000006f)
core   0: 3 0x800000c4 (0x0000006f)
core   0: 3 0x800000c4 (0x0000006f)
core   0: 3 0x800000c4 (0x0000006f)
core   0: 3 0x800000c4 (0x0000006f)
core   0: 3 0x800000c4 (0x0000006f)
core   0: 3 0x800000c4 (0x0000006f)
core   0: 3 0x800000c4 (0x0000006f)
core   0: 3 0x800000c4 (0x0000006f)
core   0: 3 0x800000c4 (0x0000006f)
core   0: 3 0x800000c4 (0x0000006f)
core   0: 3 0x800000c4 (0x0000006f)
core   0: 3 0x800000c4 (0x0000006f)
core   0: 3 0x800000c4 (0x0000006f)
core   0: 3 0x800000c4 (0x0000006f)
core   0: 3 0x800000c4 (0x0000006f)
core   0: 3 0x800000c4 (0x0000006f)
core   0: 3 0x800000c4 (0x0000006f)
core   0: 3 0x800000c4 (0x0000006f)
core   0: 3 0x800000c4 (0x0000006f)
core   0: 3 0x800000c4 (0x0000006f)
core   0: 3 0x800000c4 (0x0000006f)
core   0: 3 0x800000c4 (0x0000006f)
core   0: 3 0x800000c4 (0x0000006f)
core   0: 3 0x800000c4 (0x0000006f)
core   0: 3 0x800000c4 (0x0000006f)
core   0: 3 0x800000c4 (0x0000006f)
core   0: 3 0x800000c4 (0x0000006f)
core   0: 3 0x800000c4 (0x0000006f)
core   0: 3 0x800000c4 (0x0000006f)
core   0: 3 0x800000c4 (0x0000006f)
core   0: 3 0x800000c4 (0x0000006f)
core   0: 3 0x800000c4 (0x0000006f)
core   0: 3 0x800000c4 (0x0000006f)
core   0: 3 0x800000c4 (0x0000006f)
core   0: 3 0x800000c4 (0x0000006f)
core   0: 3 0x800000c4 (0x0000006f)
core   0: 3 0x800000c4 (0x0000006f)
core   0: 3 0x800000c4 (0x0000006f)
core   0: 3 0x800000c4 (0x0000006f)
core   0: 3 0x800000c4 (0x0000006f)
core   0: 3 0x800000c4 (0x0000006f)
core   0: 3 0x800000c4 (0x0000006f)
core   0: 3 0x800000c4 (0x0000006f)
core   0: 3 0x800000c4 (0x0000006f)
core   0: 3 0x800000c4 (0x0000006f)
core   0: 3 0x800000c4 (0x0000006f)
core   0: 3 0x800000c4 (0x0000006f)
core   0: 3 0x800000c4 (0x0000006f)
core   0: 3 0x800000c4 (0x0000006f)
core   0: 3 0x800000c4 (0x0000006f)
core   0: 3 0x800000c4 (0x0000006f)
core   0: 3 0x800000c4 (0x0000006f)
core   0: 3 0x800000c4 (0x0000006f)
core   0: 3 0x800000c4 (0x0000006f)
core   0: 3 0x800000c4 (0x0000006f)
core   0: 3 0x800000c4 (0x0000006f)
core   0: 3 0x800000c4 (0x0000006f)
core   0: 3 0x800000c4 (0x0000006f)
core   0: 3 0x800000c4 (0x0000006f)
core   0: 3 0x800000c4 (0x0000006f)
core   0: 3 0x800000c4 (0x0000006f)
core   0: 3 0x800000c4 (0x0000006f)
core   0: 3 0x800000c4 (0x0000006f)
core   0: 3 0x800000c4 (0x0000006f)
core   0: 3 0x800000c4 (0x0000006f)
core   0: 3 0x800000c4 (0x0000006f)
core   0: 3 0x800000c4 (0x0000006f)
core   0: 3 0x800000c4 (0x0000006f)
core   0: 3 0x800000c4 (0x0000006f)
core   0: 3 0x800000c4 (0x0000006f)
core   0: 3 0x800000c4 (0x0000006f)
core   0: 3 0x800000c4 (0x0000006f)
core   0: 3 0x800000c4 (0x0000006f)
core   0: 3 0x800000c4 (0x0000006f)
core   0: 3 0x800000c4 (0x0000006f)
core   0: 3 0x800000c4 (0x0000006f)
core   0: 3 0x800000c4 (0x0000006f)
core   0: 3 0x800000c4 (0x0000006f)
core   0: 3 0x800000c4 (0x0000006f)
core   0: 3 0x800000c4 (0x0000006f)
core   0: 3 0x800000c4 (0x0000006f)
core   0: 3 0x800000c4 (0x0000006f)
core   0: 3 0x800000c4 (0x0000006f)
core   0: 3 0x800000c4 (0x0000006f)
core   0: 3 0x800000c4 (0x0000006f)
core   0: 3 0x800000c4 (0x0000006f)
core   0: 3 0x800000c4 (0x0000006f)
core   0: 3 0x800000c4 (0x0000006f)
core   0: 3 0x800000c4 (0x0000006f)
core   0: 3 0x800000c4 (0x0000006f)
core   0: 3 0x800000c4 (0x0000006f)
core   0: 3 0x800000c4 (0x0000006f)
core   0: 3 0x800000c4 (0x0000006f)
core   0: 3 0x800000c4 (0x0000006f)
core   0: 3 0x800000c4 (0x0000006f)
core   0: 3 0x800000c4 (0x0000006f)
core   0: 3 0x800000c4 (0x0000006f)
core   0: 3 0x800000c4 (0x0000006f)
core   0: 3 0x800000c4 (0x0000006f)
core   0: 3 0x800000c4 (0x0000006f)
core   0: 3 0x800000c4 (0x0000006f)
core   0: 3 0x800000c4 (0x0000006f)
core   0: 3 0x800000c4 (0x0000006f)
core   0: 3 0x800000c4 (0x0000006f)
core   0: 3 0x800000c4 (0x0000006f)
core   0: 3 0x800000c4 (0x0000006f)
core   0: 3 0x800000c4 (0x0000006f)
core   0: 3 0x800000c4 (0x0000006f)
core   0: 3 0x800000c4 (0x0000006f)
core   0: 3 0x800000c4 (0x0000006f)
core   0: 3 0x800000c4 (0x0000006f)
core   0: 3 0x800000c4 (0x0000006f)
core   0: 3 0x800000c4 (0x0000006f)
core   0: 3 0x800000c4 (0x0000006f)
core   0: 3 0x800000c4 (0x0000006f)
core   0: 3 0x800000c4 (0x0000006f)
core   0: 3 0x800000c4 (0x0000006f)
core   0: 3 0x800000c4 (0x0000006f)
core   0: 3 0x800000c4 (0x0000006f)
core   0: 3 0x800000c4 (0x0000006f)
core   0: 3 0x800000c4 (0x0000006f)
core   0: 3 0x800000c4 (0x0000006f)
core   0: 3 0x800000c4 (0x0000006f)
core   0: 3 0x800000c4 (0x0000006f)
core   0: 3 0x800000c4 (0x0000006f)
core   0: 3 0x800000c4 (0x0000006f)
core   0: 3 0x800000c4 (0x0000006f)
core   0: 3 0x800000c4 (0x0000006f)
core   0: 3 0x800000c4 (0x0000006f)
core   0: 3 0x800000c4 (0x0000006f)
core   0: 3 0x800000c4 (0x0000006f)
core   0: 3 0x800000c4 (0x0000006f)
core   0: 3 0x800000c4 (0x0000006f)
core   0: 3 0x800000c4 (0x0000006f)
core   0: 3 0x800000c4 (0x0000006f)
core   0: 3 0x800000c4 (0x0000006f)
core   0: 3 0x800000c4 (0x0000006f)
core   0: 3 0x800000c4 (0x0000006f)
core   0: 3 0x800000c4 (0x0000006f)
core   0: 3 0x800000c4 (0x0000006f)
core   0: 3 0x800000c4 (0x0000006f)
core   0: 3 0x800000c4 (0x0000006f)
core   0: 3 0x800000c4 (0x0000006f)
core   0: 3 0x800000c4 (0x0000006f)
core   0: 3 0x800000c4 (0x0000006f)
core   0: 3 0x800000c4 (0x0000006f)
core   0: 3 0x800000c4 (0x0000006f)
core   0: 3 0x800000c4 (0x0000006f)
core   0: 3 0x800000c4 (0x0000006f)
core   0: 3 0x800000c4 (0x0000006f)
core   0: 3 0x800000c4 (0x0000006f)
core   0: 3 0x800000c4 (0x0000006f)
core   0: 3 0x800000c4 (0x0000006f)
core   0: 3 0x800000c4 (0x0000006f)
core   0: 3 0x800000c4 (0x0000006f)
core   0: 3 0x800000c4 (0x0000006f)
core   0: 3 0x800000c4 (0x0000006f)
core   0: 3 0x800000c4 (0x0000006f)
core   0: 3 0x800000c4 (0x0000006f)
core   0: 3 0x800000c4 (0x0000006f)
core   0: 3 0x800000c4 (0x0000006f)
core   0: 3 0x800000c4 (0x0000006f)
core   0: 3 0x800000c4 (0x0000006f)
core   0: 3 0x800000c4 (0x0000006f)
core   0: 3 0x800000c4 (0x0000006f)
core   0: 3 0x800000c4 (0x0000006f)
core   0: 3 0x800000c4 (0x0000006f)
core   0: 3 0x800000c4 (0x0000006f)
core   0: 3 0x800000c4 (0x0000006f)
core   0: 3 0x800000c4 (0x0000006f)
core   0: 3 0x800000c4 (0x0000006f)
core   0: 3 0x800000c4 (0x0000006f)
core   0: 3 0x800000c4 (0x0000006f)
core   0: 3 0x800000c4 (0x0000006f)
core   0: 3 0x800000c4 (0x0000006f)
core   0: 3 0x800000c4 (0x0000006f)
core   0: 3 0x800000c4 (0x0000006f)
core   0: 3 0x800000c4 (0x0000006f)
core   0: 3 0x800000c4 (0x0000006f)
core   0: 3 0x800000c4 (0x0000006f)
core   0: 3 0x800000c4 (0x0000006f)
core   0: 3 0x800000c4 (0x0000006f)
core   0: 3 0x800000c4 (0x0000006f)
core   0: 3 0x800000c4 (0x0000006f)
core   0: 3 0x800000c4 (0x0000006f)
core   0: 3 0x800000c4 (0x0000006f)
core   0: 3 0x800000c4 (0x0000006f)
core   0: 3 0x800000c4 (0x0000006f)
core   0: 3 0x800000c4 (0x0000006f)
core   0: 3 0x800000c4 (0x0000006f)
core   0: 3 0x800000c4 (0x0000006f)
core   0: 3 0x800000c4 (0x0000006f)
core   0: 3 0x800000c4 (0x0000006f)
core   0: 3 0x800000c4 (0x0000006f)
core   0: 3 0x800000c4 (0x0000006f)
core   0: 3 0x800000c4 (0x0000006f)
core   0: 3 0x800000c4 (0x0000006f)
core   0: 3 0x800000c4 (0x0000006f)
core   0: 3 0x800000c4 (0x0000006f)
core   0: 3 0x800000c4 (0x0000006f)
core   0: 3 0x800000c4 (0x0000006f)
core   0: 3 0x800000c4 (0x0000006f)
core   0: 3 0x800000c4 (0x0000006f)
core   0: 3 0x800000c4 (0x0000006f)
core   0: 3 0x800000c4 (0x0000006f)
core   0: 3 0x800000c4 (0x0000006f)
core   0: 3 0x800000c4 (0x0000006f)
core   0: 3 0x800000c4 (0x0000006f)
core   0: 3 0x800000c4 (0x0000006f)
core   0: 3 0x800000c4 (0x0000006f)
core   0: 3 0x800000c4 (0x0000006f)
core   0: 3 0x800000c4 (0x0000006f)
core   0: 3 0x800000c4 (0x0000006f)
core   0: 3 0x800000c4 (0x0000006f)
core   0: 3 0x800000c4 (0x0000006f)
core   0: 3 0x800000c4 (0x0000006f)
core   0: 3 0x800000c4 (0x0000006f)
core   0: 3 0x800000c4 (0x0000006f)
core   0: 3 0x800000c4 (0x0000006f)
core   0: 3 0x800000c4 (0x0000006f)
core   0: 3 0x800000c4 (0x0000006f)
core   0: 3 0x800000c4 (0x0000006f)
core   0: 3 0x800000c4 (0x0000006f)
core   0: 3 0x800000c4 (0x0000006f)
core   0: 3 0x800000c4 (0x0000006f)
core   0: 3 0x800000c4 (0x0000006f)
core   0: 3 0x800000c4 (0x0000006f)
core   0: 3 0x800000c4 (0x0000006f)
core   0: 3 0x800000c4 (0x0000006f)
core   0: 3 0x800000c4 (0x0000006f)
core   0: 3 0x800000c4 (0x0000006f)
core   0: 3 0x800000c4 (0x0000006f)
core   0: 3 0x800000c4 (0x0000006f)
core   0: 3 0x800000c4 (0x0000006f)
core   0: 3 0x800000c4 (0x0000006f)
core   0: 3 0x800000c4 (0x0000006f)
core   0: 3 0x800000c4 (0x0000006f)
core   0: 3 0x800000c4 (0x0000006f)
core   0: 3 0x800000c4 (0x0000006f)
core   0: 3 0x800000c4 (0x0000006f)
core   0: 3 0x800000c4 (0x0000006f)
core   0: 3 0x800000c4 (0x0000006f)
core   0: 3 0x800000c4 (0x0000006f)
core   0: 3 0x800000c4 (0x0000006f)
core   0: 3 0x800000c4 (0x0000006f)
core   0: 3 0x800000c4 (0x0000006f)
core   0: 3 0x800000c4 (0x0000006f)
core   0: 3 0x800000c4 (0x0000006f)
core   0: 3 0x800000c4 (0x0000006f)
core   0: 3 0x800000c4 (0x0000006f)
core   0: 3 0x800000c4 (0x0000006f)
core   0: 3 0x800000c4 (0x0000006f)
core   0: 3 0x800000c4 (0x0000006f)
core   0: 3 0x800000c4 (0x0000006f)
core   0: 3 0x800000c4 (0x0000006f)
core   0: 3 0x800000c4 (0x0000006f)
core   0: 3 0x800000c4 (0x0000006f)
core   0: 3 0x800000c4 (0x0000006f)
core   0: 3 0x800000c4 (0x0000006f)
core   0: 3 0x800000c4 (0x0000006f)
core   0: 3 0x800000c4 (0x0000006f)
core   0: 3 0x800000c4 (0x0000006f)
core   0: 3 0x800000c4 (0x0000006f)
core   0: 3 0x800000c4 (0x0000006f)
core   0: 3 0x800000c4 (0x0000006f)
core   0: 3 0x800000c4 (0x0000006f)
core   0: 3 0x800000c4 (0x0000006f)
core   0: 3 0x800000c4 (0x0000006f)
core   0: 3 0x800000c4 (0x0000006f)
core   0: 3 0x800000c4 (0x0000006f)
core   0: 3 0x800000c4 (0x0000006f)
core   0: 3 0x800000c4 (0x0000006f)
core   0: 3 0x800000c4 (0x0000006f)
core   0: 3 0x800000c4 (0x0000006f)
core   0: 3 0x800000c4 (0x0000006f)
core   0: 3 0x800000c4 (0x0000006f)
core   0: 3 0x800000c4 (0x0000006f)
core   0: 3 0x800000c4 (0x0000006f)
core   0: 3 0x800000c4 (0x0000006f)
core   0: 3 0x800000c4 (0x0000006f)
core   0: 3 0x800000c4 (0x0000006f)
core   0: 3 0x800000c4 (0x0000006f)
core   0: 3 0x800000c4 (0x0000006f)
core   0: 3 0x800000c4 (0x0000006f)
core   0: 3 0x800000c4 (0x0000006f)
core   0: 3 0x800000c4 (0x0000006f)
core   0: 3 0x800000c4 (0x0000006f)
core   0: 3 0x800000c4 (0x0000006f)
core   0: 3 0x800000c4 (0x0000006f)
core   0: 3 0x800000c4 (0x0000006f)
core   0: 3 0x800000c4 (0x0000006f)
core   0: 3 0x800000c4 (0x0000006f)
core   0: 3 0x800000c4 (0x0000006f)
core   0: 3 0x800000c4 (0x0000006f)
core   0: 3 0x800000c4 (0x0000006f)
core   0: 3 0x800000c4 (0x0000006f)
core   0: 3 0x800000c4 (0x0000006f)
core   0: 3 0x800000c4 (0x0000006f)
core   0: 3 0x800000c4 (0x0000006f)
core   0: 3 0x800000c4 (0x0000006f)
core   0: 3 0x800000c4 (0x0000006f)
core   0: 3 0x800000c4 (0x0000006f)
core   0: 3 0x800000c4 (0x0000006f)
core   0: 3 0x800000c4 (0x0000006f)
core   0: 3 0x800000c4 (0x0000006f)
core   0: 3 0x800000c4 (0x0000006f)
core   0: 3 0x800000c4 (0x0000006f)
core   0: 3 0x800000c4 (0x0000006f)
core   0: 3 0x800000c4 (0x0000006f)
core   0: 3 0x800000c4 (0x0000006f)
core   0: 3 0x800000c4 (0x0000006f)
core   0: 3 0x800000c4 (0x0000006f)
core   0: 3 0x800000c4 (0x0000006f)
core   0: 3 0x800000c4 (0x0000006f)
core   0: 3 0x800000c4 (0x0000006f)
core   0: 3 0x800000c4 (0x0000006f)
core   0: 3 0x800000c4 (0x0000006f)
core   0: 3 0x800000c4 (0x0000006f)
core   0: 3 0x800000c4 (0x0000006f)
core   0: 3 0x800000c4 (0x0000006f)
core   0: 3 0x800000c4 (0x0000006f)
core   0: 3 0x800000c4 (0x0000006f)
core   0: 3 0x800000c4 (0x0000006f)
core   0: 3 0x800000c4 (0x0000006f)
core   0: 3 0x800000c4 (0x0000006f)
core   0: 3 0x800000c4 (0x0000006f)
core   0: 3 0x800000c4 (0x0000006f)
core   0: 3 0x800000c4 (0x0000006f)
core   0: 3 0x800000c4 (0x0000006f)
core   0: 3 0x800000c4 (0x0000006f)
core   0: 3 0x800000c4 (0x0000006f)
core   0: 3 0x800000c4 (0x0000006f)
core   0: 3 0x800000c4 (0x0000006f)
core   0: 3 0x800000c4 (0x0000006f)
core   0: 3 0x800000c4 (0x0000006f)
core   0: 3 0x800000c4 (0x0000006f)
core   0: 3 0x800000c4 (0x0000006f)
core   0: 3 0x800000c4 (0x0000006f)
core   0: 3 0x800000c4 (0x0000006f)
core   0: 3 0x800000c4 (0x0000006f)
core   0: 3 0x800000c4 (0x0000006f)
core   0: 3 0x800000c4 (0x0000006f)
core   0: 3 0x800000c4 (0x0000006f)
core   0: 3 0x800000c4 (0x0000006f)
core   0: 3 0x800000c4 (0x0000006f)
core   0: 3 0x800000c4 (0x0000006f)
core   0: 3 0x800000c4 (0x0000006f)
core   0: 3 0x800000c4 (0x0000006f)
core   0: 3 0x800000c4 (0x0000006f)
core   0: 3 0x800000c4 (0x0000006f)
core   0: 3 0x800000c4 (0x0000006f)
core   0: 3 0x800000c4 (0x0000006f)
core   0: 3 0x800000c4 (0x0000006f)
core   0: 3 0x800000c4 (0x0000006f)
core   0: 3 0x800000c4 (0x0000006f)
core   0: 3 0x800000c4 (0x0000006f)
core   0: 3 0x800000c4 (0x0000006f)
core   0: 3 0x800000c4 (0x0000006f)
core   0: 3 0x800000c4 (0x0000006f)
core   0: 3 0x800000c4 (0x0000006f)
core   0: 3 0x800000c4 (0x0000006f)
core   0: 3 0x800000c4 (0x0000006f)
core   0: 3 0x800000c4 (0x0000006f)
core   0: 3 0x800000c4 (0x0000006f)
core   0: 3 0x800000c4 (0x0000006f)
core   0: 3 0x800000c4 (0x0000006f)
core   0: 3 0x800000c4 (0x0000006f)
core   0: 3 0x800000c4 (0x0000006f)
core   0: 3 0x800000c4 (0x0000006f)
core   0: 3 0x800000c4 (0x0000006f)
core   0: 3 0x800000c4 (0x0000006f)
core   0: 3 0x800000c4 (0x0000006f)
core   0: 3 0x800000c4 (0x0000006f)
core   0: 3 0x800000c4 (0x0000006f)
core   0: 3 0x800000c4 (0x0000006f)
core   0: 3 0x800000c4 (0x0000006f)
core   0: 3 0x800000c4 (0x0000006f)
core   0: 3 0x800000c4 (0x0000006f)
core   0: 3 0x800000c4 (0x0000006f)
core   0: 3 0x800000c4 (0x0000006f)
core   0: 3 0x800000c4 (0x0000006f)
core   0: 3 0x800000c4 (0x0000006f)
core   0: 3 0x800000c4 (0x0000006f)
core   0: 3 0x800000c4 (0x0000006f)
core   0: 3 0x800000c4 (0x0000006f)
core   0: 3 0x800000c4 (0x0000006f)
core   0: 3 0x800000c4 (0x0000006f)
core   0: 3 0x800000c4 (0x0000006f)
core   0: 3 0x800000c4 (0x0000006f)
core   0: 3 0x800000c4 (0x0000006f)
core   0: 3 0x800000c4 (0x0000006f)
core   0: 3 0x800000c4 (0x0000006f)
core   0: 3 0x800000c4 (0x0000006f)
core   0: 3 0x800000c4 (0x0000006f)
core   0: 3 0x800000c4 (0x0000006f)
core   0: 3 0x800000c4 (0x0000006f)
core   0: 3 0x800000c4 (0x0000006f)
core   0: 3 0x800000c4 (0x0000006f)
core   0: 3 0x800000c4 (0x0000006f)
core   0: 3 0x800000c4 (0x0000006f)
core   0: 3 0x800000c4 (0x0000006f)
core   0: 3 0x800000c4 (0x0000006f)
core   0: 3 0x800000c4 (0x0000006f)
core   0: 3 0x800000c4 (0x0000006f)
core   0: 3 0x800000c4 (0x0000006f)
core   0: 3 0x800000c4 (0x0000006f)
core   0: 3 0x800000c4 (0x0000006f)
core   0: 3 0x800000c4 (0x0000006f)
core   0: 3 0x800000c4 (0x0000006f)
core   0: 3 0x800000c4 (0x0000006f)
core   0: 3 0x800000c4 (0x0000006f)
core   0: 3 0x800000c4 (0x0000006f)
core   0: 3 0x800000c4 (0x0000006f)
core   0: 3 0x800000c4 (0x0000006f)
core   0: 3 0x800000c4 (0x0000006f)
core   0: 3 0x800000c4 (0x0000006f)
core   0: 3 0x800000c4 (0x0000006f)
core   0: 3 0x800000c4 (0x0000006f)
core   0: 3 0x800000c4 (0x0000006f)
core   0: 3 0x800000c4 (0x0000006f)
core   0: 3 0x800000c4 (0x0000006f)
core   0: 3 0x800000c4 (0x0000006f)
core   0: 3 0x800000c4 (0x0000006f)
core   0: 3 0x800000c4 (0x0000006f)
core   0: 3 0x800000c4 (0x0000006f)
core   0: 3 0x800000c4 (0x0000006f)
