core   0: 3 0x00001000 (0x00000297) x5  0x00001000
core   0: 3 0x00001004 (0x02028593) x11 0x00001020
core   0: 3 0x00001008 (0xf1402573) x10 0x00000000
core   0: 3 0x0000100c (0x0182a283) x5  0x80000000 mem 0x00001018
core   0: 3 0x00001010 (0x00028067)
core   0: 3 0x80000000 (0x00000093) x1  0x00000000
core   0: 3 0x80000004 (0x00000113) x2  0x00000000
core   0: 3 0x80000008 (0x00000193) x3  0x00000000
core   0: 3 0x8000000c (0x00000213) x4  0x00000000
core   0: 3 0x80000010 (0x00000293) x5  0x00000000
core   0: 3 0x80000014 (0x00000313) x6  0x00000000
core   0: 3 0x80000018 (0x00000393) x7  0x00000000
core   0: 3 0x8000001c (0x00000413) x8  0x00000000
core   0: 3 0x80000020 (0x00000493) x9  0x00000000
core   0: 3 0x80000024 (0x00000513) x10 0x00000000
core   0: 3 0x80000028 (0x00000593) x11 0x00000000
core   0: 3 0x8000002c (0x00000613) x12 0x00000000
core   0: 3 0x80000030 (0x00000693) x13 0x00000000
core   0: 3 0x80000034 (0x00000713) x14 0x00000000
core   0: 3 0x80000038 (0x00000793) x15 0x00000000
core   0: 3 0x8000003c (0x00000813) x16 0x00000000
core   0: 3 0x80000040 (0x00000893) x17 0x00000000
core   0: 3 0x80000044 (0x00000913) x18 0x00000000
core   0: 3 0x80000048 (0x00000993) x19 0x00000000
core   0: 3 0x8000004c (0x00000a13) x20 0x00000000
core   0: 3 0x80000050 (0x00000a93) x21 0x00000000
core   0: 3 0x80000054 (0x00000b13) x22 0x00000000
core   0: 3 0x80000058 (0x00000b93) x23 0x00000000
core   0: 3 0x8000005c (0x00000c13) x24 0x00000000
core   0: 3 0x80000060 (0x00000c93) x25 0x00000000
core   0: 3 0x80000064 (0x00000d13) x26 0x00000000
core   0: 3 0x80000068 (0x00000d93) x27 0x00000000
core   0: 3 0x8000006c (0x00000e13) x28 0x00000000
core   0: 3 0x80000070 (0x00000e93) x29 0x00000000
core   0: 3 0x80000074 (0x00000f13) x30 0x00000000
core   0: 3 0x80000078 (0x00000f93) x31 0x00000000
core   0: 3 0x8000007c (0x00001197) x3  0x8000107c
core   0: 3 0x80000080 (0xba818193) x3  0x80000c24
core   0: 3 0x80000084 (0x00100117) x2  0x80100084
core   0: 3 0x80000088 (0xf7c10113) x2  0x80100000
core   0: 3 0x8000008c (0x00000297) x5  0x8000008c
core   0: 3 0x80000090 (0x39828293) x5  0x80000424
core   0: 3 0x80000094 (0x00000317) x6  0x80000094
core   0: 3 0x80000098 (0x39030313) x6  0x80000424
core   0: 3 0x8000009c (0x0062f863)
core   0: 3 0x800000ac (0x01c000ef) x1  0x800000b0
core   0: 3 0x800000c8 (0x00000417) x8  0x800000c8
core   0: 3 0x800000cc (0x34040413) x8  0x80000408
core   0: 3 0x800000d0 (0x00300513) x10 0x00000003
core   0: 3 0x800000d4 (0x00a505b3) x11 0x00000006
core   0: 3 0x800000d8 (0x00b58633) x12 0x0000000c
core   0: 3 0x800000dc (0x00c00f93) x31 0x0000000c
core   0: 3 0x800000e0 (0x01f60663)
core   0: 3 0x800000ec (0x00700513) x10 0x00000007
core   0: 3 0x800000f0 (0x00000013)
core   0: 3 0x800000f4 (0x000505b3) x11 0x00000007
core   0: 3 0x800000f8 (0x00700f93) x31 0x00000007
core   0: 3 0x800000fc (0x01f58663)
core   0: 3 0x80000108 (0x00900513) x10 0x00000009
core   0: 3 0x8000010c (0x00000013)
core   0: 3 0x80000110 (0x00000013)
core   0: 3 0x80000114 (0x000505b3) x11 0x00000009
core   0: 3 0x80000118 (0x00900f93) x31 0x00000009
core   0: 3 0x8000011c (0x01f58663)
core   0: 3 0x80000128 (0x00100513) x10 0x00000001
core   0: 3 0x8000012c (0x00200513) x10 0x00000002
core   0: 3 0x80000130 (0x000505b3) x11 0x00000002
core   0: 3 0x80000134 (0x00200f93) x31 0x00000002
core   0: 3 0x80000138 (0x01f58663)
core   0: 3 0x80000144 (0x00042503) x10 0x00000005 mem 0x80000408
core   0: 3 0x80000148 (0x000505b3) x11 0x00000005
core   0: 3 0x8000014c (0x00500f93) x31 0x00000005
core   0: 3 0x80000150 (0x01f58663)
core   0: 3 0x8000015c (0x00042503) x10 0x00000005 mem 0x80000408
core   0: 3 0x80000160 (0x00a005b3) x11 0x00000005
core   0: 3 0x80000164 (0x00500f93) x31 0x00000005
core   0: 3 0x80000168 (0x01f58663)
core   0: 3 0x80000174 (0x00042503) x10 0x00000005 mem 0x80000408
core   0: 3 0x80000178 (0x00a42423) mem 0x80000410 0x00000005
core   0: 3 0x8000017c (0x00842583) x11 0x00000005 mem 0x80000410
core   0: 3 0x80000180 (0x00500f93) x31 0x00000005
core   0: 3 0x80000184 (0x01f58663)
core   0: 3 0x80000190 (0x00442603) x12 0x80000408 mem 0x8000040c
core   0: 3 0x80000194 (0x00a62623) mem 0x80000414 0x00000005
core   0: 3 0x80000198 (0x00c42583) x11 0x00000005 mem 0x80000414
core   0: 3 0x8000019c (0x00500f93) x31 0x00000005
core   0: 3 0x800001a0 (0x01f58663)
core   0: 3 0x800001ac (0x00442503) x10 0x80000408 mem 0x8000040c
core   0: 3 0x800001b0 (0x00052583) x11 0x00000005 mem 0x80000408
core   0: 3 0x800001b4 (0x00500f93) x31 0x00000005
core   0: 3 0x800001b8 (0x01f58663)
core   0: 3 0x800001c4 (0x00400513) x10 0x00000004
core   0: 3 0x800001c8 (0x00150593) x11 0x00000005
core   0: 3 0x800001cc (0x00500293) x5  0x00000005
core   0: 3 0x800001d0 (0x00558663)
core   0: 3 0x800001dc (0x00400513) x10 0x00000004
core   0: 3 0x800001e0 (0x00250593) x11 0x00000006
core   0: 3 0x800001e4 (0x00000013)
core   0: 3 0x800001e8 (0x00600293) x5  0x00000006
core   0: 3 0x800001ec (0x00559463)
core   0: 3 0x800001f0 (0x00c0006f)
core   0: 3 0x800001fc (0x00042503) x10 0x00000005 mem 0x80000408
core   0: 3 0x80000200 (0x00500293) x5  0x00000005
core   0: 3 0x80000204 (0x00551c63)
core   0: 3 0x80000208 (0x00042503) x10 0x00000005 mem 0x80000408
core   0: 3 0x8000020c (0x00000013)
core   0: 3 0x80000210 (0x00050663)
core   0: 3 0x80000214 (0x00042503) x10 0x00000005 mem 0x80000408
core   0: 3 0x80000218 (0x00a04663)
core   0: 3 0x80000224 (0x01042503) x10 0x800003a8 mem 0x80000418
core   0: 3 0x80000228 (0x000500e7) x1  0x8000022c
core   0: 3 0x800003a8 (0x07700493) x9  0x00000077
core   0: 3 0x800003ac (0x00008067)
core   0: 3 0x8000022c (0x07700f93) x31 0x00000077
core   0: 3 0x80000230 (0x01f48663)
core   0: 3 0x8000023c (0x00000517) x10 0x8000023c
core   0: 3 0x80000240 (0x16c50513) x10 0x800003a8
core   0: 3 0x80000244 (0x00050513) x10 0x800003a8
core   0: 3 0x80000248 (0x000500e7) x1  0x8000024c
core   0: 3 0x800003a8 (0x07700493) x9  0x00000077
core   0: 3 0x800003ac (0x00008067)
core   0: 3 0x8000024c (0x07700f93) x31 0x00000077
core   0: 3 0x80000250 (0x01f48663)
core   0: 3 0x8000025c (0x154000ef) x1  0x80000260
core   0: 3 0x800003b0 (0x00008693) x13 0x80000260
core   0: 3 0x800003b4 (0x00008067)
core   0: 3 0x80000260 (0x00000297) x5  0x80000260
core   0: 3 0x80000264 (0x00028293) x5  0x80000260
core   0: 3 0x80000268 (0x00569c63)
core   0: 3 0x8000026c (0x0040036f) x6  0x80000270
core   0: 3 0x80000270 (0x00000297) x5  0x80000270
core   0: 3 0x80000274 (0x00028293) x5  0x80000270
core   0: 3 0x80000278 (0x00531463)
core   0: 3 0x8000027c (0x00c0006f)
core   0: 3 0x80000288 (0x00000297) x5  0x80000288
core   0: 3 0x8000028c (0x01028293) x5  0x80000298
core   0: 3 0x80000290 (0x000283e7) x7  0x80000294
core   0: 3 0x80000298 (0x00038713) x14 0x80000294
core   0: 3 0x8000029c (0x00000297) x5  0x8000029c
core   0: 3 0x800002a0 (0xff828293) x5  0x80000294
core   0: 3 0x800002a4 (0x00571463)
core   0: 3 0x800002a8 (0x00038067)
core   0: 3 0x80000294 (0x0200006f)
core   0: 3 0x800002b4 (0x00000293) x5  0x00000000
core   0: 3 0x800002b8 (0x00000313) x6  0x00000000
core   0: 3 0x800002bc (0x01000393) x7  0x00000010
core   0: 3 0x800002c0 (0x0012fe13) x28 0x00000000
core   0: 3 0x800002c4 (0x000e1463)
core   0: 3 0x800002c8 (0x00530333) x6  0x00000000
core   0: 3 0x800002cc (0x00128293) x5  0x00000001
core   0: 3 0x800002d0 (0xfe72c8e3)
core   0: 3 0x800002c0 (0x0012fe13) x28 0x00000001
core   0: 3 0x800002c4 (0x000e1463)
core   0: 3 0x800002cc (0x00128293) x5  0x00000002
core   0: 3 0x800002d0 (0xfe72c8e3)
core   0: 3 0x800002c0 (0x0012fe13) x28 0x00000000
core   0: 3 0x800002c4 (0x000e1463)
core   0: 3 0x800002c8 (0x00530333) x6  0x00000002
core   0: 3 0x800002cc (0x00128293) x5  0x00000003
core   0: 3 0x800002d0 (0xfe72c8e3)
core   0: 3 0x800002c0 (0x0012fe13) x28 0x00000001
core   0: 3 0x800002c4 (0x000e1463)
core   0: 3 0x800002cc (0x00128293) x5  0x00000004
core   0: 3 0x800002d0 (0xfe72c8e3)
core   0: 3 0x800002c0 (0x0012fe13) x28 0x00000000
core   0: 3 0x800002c4 (0x000e1463)
core   0: 3 0x800002c8 (0x00530333) x6  0x00000006
core   0: 3 0x800002cc (0x00128293) x5  0x00000005
core   0: 3 0x800002d0 (0xfe72c8e3)
core   0: 3 0x800002c0 (0x0012fe13) x28 0x00000001
core   0: 3 0x800002c4 (0x000e1463)
core   0: 3 0x800002cc (0x00128293) x5  0x00000006
core   0: 3 0x800002d0 (0xfe72c8e3)
core   0: 3 0x800002c0 (0x0012fe13) x28 0x00000000
core   0: 3 0x800002c4 (0x000e1463)
core   0: 3 0x800002c8 (0x00530333) x6  0x0000000c
core   0: 3 0x800002cc (0x00128293) x5  0x00000007
core   0: 3 0x800002d0 (0xfe72c8e3)
core   0: 3 0x800002c0 (0x0012fe13) x28 0x00000001
core   0: 3 0x800002c4 (0x000e1463)
core   0: 3 0x800002cc (0x00128293) x5  0x00000008
core   0: 3 0x800002d0 (0xfe72c8e3)
core   0: 3 0x800002c0 (0x0012fe13) x28 0x00000000
core   0: 3 0x800002c4 (0x000e1463)
core   0: 3 0x800002c8 (0x00530333) x6  0x00000014
core   0: 3 0x800002cc (0x00128293) x5  0x00000009
core   0: 3 0x800002d0 (0xfe72c8e3)
core   0: 3 0x800002c0 (0x0012fe13) x28 0x00000001
core   0: 3 0x800002c4 (0x000e1463)
core   0: 3 0x800002cc (0x00128293) x5  0x0000000a
core   0: 3 0x800002d0 (0xfe72c8e3)
core   0: 3 0x800002c0 (0x0012fe13) x28 0x00000000
core   0: 3 0x800002c4 (0x000e1463)
core   0: 3 0x800002c8 (0x00530333) x6  0x0000001e
core   0: 3 0x800002cc (0x00128293) x5  0x0000000b
core   0: 3 0x800002d0 (0xfe72c8e3)
core   0: 3 0x800002c0 (0x0012fe13) x28 0x00000001
core   0: 3 0x800002c4 (0x000e1463)
core   0: 3 0x800002cc (0x00128293) x5  0x0000000c
core   0: 3 0x800002d0 (0xfe72c8e3)
core   0: 3 0x800002c0 (0x0012fe13) x28 0x00000000
core   0: 3 0x800002c4 (0x000e1463)
core   0: 3 0x800002c8 (0x00530333) x6  0x0000002a
core   0: 3 0x800002cc (0x00128293) x5  0x0000000d
core   0: 3 0x800002d0 (0xfe72c8e3)
core   0: 3 0x800002c0 (0x0012fe13) x28 0x00000001
core   0: 3 0x800002c4 (0x000e1463)
core   0: 3 0x800002cc (0x00128293) x5  0x0000000e
core   0: 3 0x800002d0 (0xfe72c8e3)
core   0: 3 0x800002c0 (0x0012fe13) x28 0x00000000
core   0: 3 0x800002c4 (0x000e1463)
core   0: 3 0x800002c8 (0x00530333) x6  0x00000038
core   0: 3 0x800002cc (0x00128293) x5  0x0000000f
core   0: 3 0x800002d0 (0xfe72c8e3)
core   0: 3 0x800002c0 (0x0012fe13) x28 0x00000001
core   0: 3 0x800002c4 (0x000e1463)
core   0: 3 0x800002cc (0x00128293) x5  0x00000010
core   0: 3 0x800002d0 (0xfe72c8e3)
core   0: 3 0x800002d4 (0x03800f93) x31 0x00000038
core   0: 3 0x800002d8 (0x01f30663)
core   0: 3 0x800002e4 (0x00000293) x5  0x00000000
core   0: 3 0x800002e8 (0x00000e93) x29 0x00000000
core   0: 3 0x800002ec (0x00000313) x6  0x00000000
core   0: 3 0x800002f0 (0x001e8e93) x29 0x00000001
core   0: 3 0x800002f4 (0x00130313) x6  0x00000001
core   0: 3 0x800002f8 (0x00300e13) x28 0x00000003
core   0: 3 0x800002fc (0xffc34ae3)
core   0: 3 0x800002f0 (0x001e8e93) x29 0x00000002
core   0: 3 0x800002f4 (0x00130313) x6  0x00000002
core   0: 3 0x800002f8 (0x00300e13) x28 0x00000003
core   0: 3 0x800002fc (0xffc34ae3)
core   0: 3 0x800002f0 (0x001e8e93) x29 0x00000003
core   0: 3 0x800002f4 (0x00130313) x6  0x00000003
core   0: 3 0x800002f8 (0x00300e13) x28 0x00000003
core   0: 3 0x800002fc (0xffc34ae3)
core   0: 3 0x80000300 (0x00128293) x5  0x00000001
core   0: 3 0x80000304 (0x00400e13) x28 0x00000004
core   0: 3 0x80000308 (0xffc2c2e3)
core   0: 3 0x800002ec (0x00000313) x6  0x00000000
core   0: 3 0x800002f0 (0x001e8e93) x29 0x00000004
core   0: 3 0x800002f4 (0x00130313) x6  0x00000001
core   0: 3 0x800002f8 (0x00300e13) x28 0x00000003
core   0: 3 0x800002fc (0xffc34ae3)
core   0: 3 0x800002f0 (0x001e8e93) x29 0x00000005
core   0: 3 0x800002f4 (0x00130313) x6  0x00000002
core   0: 3 0x800002f8 (0x00300e13) x28 0x00000003
core   0: 3 0x800002fc (0xffc34ae3)
core   0: 3 0x800002f0 (0x001e8e93) x29 0x00000006
core   0: 3 0x800002f4 (0x00130313) x6  0x00000003
core   0: 3 0x800002f8 (0x00300e13) x28 0x00000003
core   0: 3 0x800002fc (0xffc34ae3)
core   0: 3 0x80000300 (0x00128293) x5  0x00000002
core   0: 3 0x80000304 (0x00400e13) x28 0x00000004
core   0: 3 0x80000308 (0xffc2c2e3)
core   0: 3 0x800002ec (0x00000313) x6  0x00000000
core   0: 3 0x800002f0 (0x001e8e93) x29 0x00000007
core   0: 3 0x800002f4 (0x00130313) x6  0x00000001
core   0: 3 0x800002f8 (0x00300e13) x28 0x00000003
core   0: 3 0x800002fc (0xffc34ae3)
core   0: 3 0x800002f0 (0x001e8e93) x29 0x00000008
core   0: 3 0x800002f4 (0x00130313) x6  0x00000002
core   0: 3 0x800002f8 (0x00300e13) x28 0x00000003
core   0: 3 0x800002fc (0xffc34ae3)
core   0: 3 0x800002f0 (0x001e8e93) x29 0x00000009
core   0: 3 0x800002f4 (0x00130313) x6  0x00000003
core   0: 3 0x800002f8 (0x00300e13) x28 0x00000003
core   0: 3 0x800002fc (0xffc34ae3)
core   0: 3 0x80000300 (0x00128293) x5  0x00000003
core   0: 3 0x80000304 (0x00400e13) x28 0x00000004
core   0: 3 0x80000308 (0xffc2c2e3)
core   0: 3 0x800002ec (0x00000313) x6  0x00000000
core   0: 3 0x800002f0 (0x001e8e93) x29 0x0000000a
core   0: 3 0x800002f4 (0x00130313) x6  0x00000001
core   0: 3 0x800002f8 (0x00300e13) x28 0x00000003
core   0: 3 0x800002fc (0xffc34ae3)
core   0: 3 0x800002f0 (0x001e8e93) x29 0x0000000b
core   0: 3 0x800002f4 (0x00130313) x6  0x00000002
core   0: 3 0x800002f8 (0x00300e13) x28 0x00000003
core   0: 3 0x800002fc (0xffc34ae3)
core   0: 3 0x800002f0 (0x001e8e93) x29 0x0000000c
core   0: 3 0x800002f4 (0x00130313) x6  0x00000003
core   0: 3 0x800002f8 (0x00300e13) x28 0x00000003
core   0: 3 0x800002fc (0xffc34ae3)
core   0: 3 0x80000300 (0x00128293) x5  0x00000004
core   0: 3 0x80000304 (0x00400e13) x28 0x00000004
core   0: 3 0x80000308 (0xffc2c2e3)
core   0: 3 0x8000030c (0x00c00f93) x31 0x0000000c
core   0: 3 0x80000310 (0x01fe8663)
core   0: 3 0x8000031c (0x00000913) x18 0x00000000
core   0: 3 0x80000320 (0x00000993) x19 0x00000000
core   0: 3 0x80000324 (0x094000ef) x1  0x80000328
core   0: 3 0x800003b8 (0x00190913) x18 0x00000001
core   0: 3 0x800003bc (0x00008067)
core   0: 3 0x80000328 (0x00198993) x19 0x00000001
core   0: 3 0x8000032c (0x00500293) x5  0x00000005
core   0: 3 0x80000330 (0xfe59cae3)
core   0: 3 0x80000324 (0x094000ef) x1  0x80000328
core   0: 3 0x800003b8 (0x00190913) x18 0x00000002
core   0: 3 0x800003bc (0x00008067)
core   0: 3 0x80000328 (0x00198993) x19 0x00000002
core   0: 3 0x8000032c (0x00500293) x5  0x00000005
core   0: 3 0x80000330 (0xfe59cae3)
core   0: 3 0x80000324 (0x094000ef) x1  0x80000328
core   0: 3 0x800003b8 (0x00190913) x18 0x00000003
core   0: 3 0x800003bc (0x00008067)
core   0: 3 0x80000328 (0x00198993) x19 0x00000003
core   0: 3 0x8000032c (0x00500293) x5  0x00000005
core   0: 3 0x80000330 (0xfe59cae3)
core   0: 3 0x80000324 (0x094000ef) x1  0x80000328
core   0: 3 0x800003b8 (0x00190913) x18 0x00000004
core   0: 3 0x800003bc (0x00008067)
core   0: 3 0x80000328 (0x00198993) x19 0x00000004
core   0: 3 0x8000032c (0x00500293) x5  0x00000005
core   0: 3 0x80000330 (0xfe59cae3)
core   0: 3 0x80000324 (0x094000ef) x1  0x80000328
core   0: 3 0x800003b8 (0x00190913) x18 0x00000005
core   0: 3 0x800003bc (0x00008067)
core   0: 3 0x80000328 (0x00198993) x19 0x00000005
core   0: 3 0x8000032c (0x00500293) x5  0x00000005
core   0: 3 0x80000330 (0xfe59cae3)
core   0: 3 0x80000334 (0x00500f93) x31 0x00000005
core   0: 3 0x80000338 (0x01f90663)
core   0: 3 0x80000344 (0x00001537) x10 0x00001000
core   0: 3 0x80000348 (0x23450513) x10 0x00001234
core   0: 3 0x8000034c (0x00150513) x10 0x00001235
core   0: 3 0x80000350 (0x00a42a23) mem 0x8000041c 0x00001235
core   0: 3 0x80000354 (0x01442583) x11 0x00001235 mem 0x8000041c
core   0: 3 0x80000358 (0x00001fb7) x31 0x00001000
core   0: 3 0x8000035c (0x235f8f93) x31 0x00001235
core   0: 3 0x80000360 (0x01f58663)
core   0: 3 0x8000036c (0x00000513) x10 0x00000000
core   0: 3 0x80000370 (0x00500013)
core   0: 3 0x80000374 (0x000005b3) x11 0x00000000
core   0: 3 0x80000378 (0x00000f93) x31 0x00000000
core   0: 3 0x8000037c (0x01f58663)
core   0: 3 0x80000388 (0x00042003) mem 0x80000408
core   0: 3 0x8000038c (0x000005b3) x11 0x00000000
core   0: 3 0x80000390 (0x00000f93) x31 0x00000000
core   0: 3 0x80000394 (0x01f58663)
core   0: 3 0x800003a0 (0x00000513) x10 0x00000000
core   0: 3 0x800003a4 (0xd0dff06f)
core   0: 3 0x800000b0 (0x00151513) x10 0x00000000
core   0: 3 0x800000b4 (0x00156513) x10 0x00000001
core   0: 3 0x800000b8 (0x00000297) x5  0x800000b8
core   0: 3 0x800000bc (0x30828293) x5  0x800003c0
core   0: 3 0x800000c0 (0x00a2a023) mem 0x800003c0 0x00000001
core   0: 3 0x800000c4 (0x0000006f)
core   0: 3 0x800000c4 (0x0000006f)
core   0: 3 0x800000c4 (0x0000006f)
core   0: 3 0x800000c4 (0x0000006f)
core   0: 3 0x800000c4 (0x0000006f)
core   0: 3 0x800000c4 (0x0000006f)
core   0: 3 0x800000c4 (0x0000006f)
core   0: 3 0x800000c4 (0x0000006f)
core   0: 3 0x800000c4 (0x0000006f)
core   0: 3 0x800000c4 (0x0000006f)
core   0: 3 0x800000c4 (0x0000006f)
core   0: 3 0x800000c4 (0x0000006f)
core   0: 3 0x800000c4 (0x0000006f)
core   0: 3 0x800000c4 (0x0000006f)
core   0: 3 0x800000c4 (0x0000006f)
core   0: 3 0x800000c4 (0x0000006f)
core   0: 3 0x800000c4 (0x0000006f)
core   0: 3 0x800000c4 (0x0000006f)
core   0: 3 0x800000c4 (0x0000006f)
core   0: 3 0x800000c4 (0x0000006f)
core   0: 3 0x800000c4 (0x0000006f)
core   0: 3 0x800000c4 (0x0000006f)
core   0: 3 0x800000c4 (0x0000006f)
core   0: 3 0x800000c4 (0x0000006f)
core   0: 3 0x800000c4 (0x0000006f)
core   0: 3 0x800000c4 (0x0000006f)
core   0: 3 0x800000c4 (0x0000006f)
core   0: 3 0x800000c4 (0x0000006f)
core   0: 3 0x800000c4 (0x0000006f)
core   0: 3 0x800000c4 (0x0000006f)
core   0: 3 0x800000c4 (0x0000006f)
core   0: 3 0x800000c4 (0x0000006f)
core   0: 3 0x800000c4 (0x0000006f)
core   0: 3 0x800000c4 (0x0000006f)
core   0: 3 0x800000c4 (0x0000006f)
core   0: 3 0x800000c4 (0x0000006f)
core   0: 3 0x800000c4 (0x0000006f)
core   0: 3 0x800000c4 (0x0000006f)
core   0: 3 0x800000c4 (0x0000006f)
core   0: 3 0x800000c4 (0x0000006f)
core   0: 3 0x800000c4 (0x0000006f)
core   0: 3 0x800000c4 (0x0000006f)
core   0: 3 0x800000c4 (0x0000006f)
core   0: 3 0x800000c4 (0x0000006f)
core   0: 3 0x800000c4 (0x0000006f)
core   0: 3 0x800000c4 (0x0000006f)
core   0: 3 0x800000c4 (0x0000006f)
core   0: 3 0x800000c4 (0x0000006f)
core   0: 3 0x800000c4 (0x0000006f)
core   0: 3 0x800000c4 (0x0000006f)
core   0: 3 0x800000c4 (0x0000006f)
core   0: 3 0x800000c4 (0x0000006f)
core   0: 3 0x800000c4 (0x0000006f)
core   0: 3 0x800000c4 (0x0000006f)
core   0: 3 0x800000c4 (0x0000006f)
core   0: 3 0x800000c4 (0x0000006f)
core   0: 3 0x800000c4 (0x0000006f)
core   0: 3 0x800000c4 (0x0000006f)
core   0: 3 0x800000c4 (0x0000006f)
core   0: 3 0x800000c4 (0x0000006f)
core   0: 3 0x800000c4 (0x0000006f)
core   0: 3 0x800000c4 (0x0000006f)
core   0: 3 0x800000c4 (0x0000006f)
core   0: 3 0x800000c4 (0x0000006f)
core   0: 3 0x800000c4 (0x0000006f)
core   0: 3 0x800000c4 (0x0000006f)
core   0: 3 0x800000c4 (0x0000006f)
core   0: 3 0x800000c4 (0x0000006f)
core   0: 3 0x800000c4 (0x0000006f)
core   0: 3 0x800000c4 (0x0000006f)
core   0: 3 0x800000c4 (0x0000006f)
core   0: 3 0x800000c4 (0x0000006f)
core   0: 3 0x800000c4 (0x0000006f)
core   0: 3 0x800000c4 (0x0000006f)
core   0: 3 0x800000c4 (0x0000006f)
core   0: 3 0x800000c4 (0x0000006f)
core   0: 3 0x800000c4 (0x0000006f)
core   0: 3 0x800000c4 (0x0000006f)
core   0: 3 0x800000c4 (0x0000006f)
core   0: 3 0x800000c4 (0x0000006f)
core   0: 3 0x800000c4 (0x0000006f)
core   0: 3 0x800000c4 (0x0000006f)
core   0: 3 0x800000c4 (0x0000006f)
core   0: 3 0x800000c4 (0x0000006f)
core   0: 3 0x800000c4 (0x0000006f)
core   0: 3 0x800000c4 (0x0000006f)
core   0: 3 0x800000c4 (0x0000006f)
core   0: 3 0x800000c4 (0x0000006f)
core   0: 3 0x800000c4 (0x0000006f)
core   0: 3 0x800000c4 (0x0000006f)
core   0: 3 0x800000c4 (0x0000006f)
core   0: 3 0x800000c4 (0x0000006f)
core   0: 3 0x800000c4 (0x0000006f)
core   0: 3 0x800000c4 (0x0000006f)
core   0: 3 0x800000c4 (0x0000006f)
core   0: 3 0x800000c4 (0x0000006f)
core   0: 3 0x800000c4 (0x0000006f)
core   0: 3 0x800000c4 (0x0000006f)
core   0: 3 0x800000c4 (0x0000006f)
core   0: 3 0x800000c4 (0x0000006f)
core   0: 3 0x800000c4 (0x0000006f)
core   0: 3 0x800000c4 (0x0000006f)
core   0: 3 0x800000c4 (0x0000006f)
core   0: 3 0x800000c4 (0x0000006f)
core   0: 3 0x800000c4 (0x0000006f)
core   0: 3 0x800000c4 (0x0000006f)
core   0: 3 0x800000c4 (0x0000006f)
core   0: 3 0x800000c4 (0x0000006f)
core   0: 3 0x800000c4 (0x0000006f)
core   0: 3 0x800000c4 (0x0000006f)
core   0: 3 0x800000c4 (0x0000006f)
core   0: 3 0x800000c4 (0x0000006f)
core   0: 3 0x800000c4 (0x0000006f)
core   0: 3 0x800000c4 (0x0000006f)
core   0: 3 0x800000c4 (0x0000006f)
core   0: 3 0x800000c4 (0x0000006f)
core   0: 3 0x800000c4 (0x0000006f)
core   0: 3 0x800000c4 (0x0000006f)
core   0: 3 0x800000c4 (0x0000006f)
core   0: 3 0x800000c4 (0x0000006f)
core   0: 3 0x800000c4 (0x0000006f)
core   0: 3 0x800000c4 (0x0000006f)
core   0: 3 0x800000c4 (0x0000006f)
core   0: 3 0x800000c4 (0x0000006f)
core   0: 3 0x800000c4 (0x0000006f)
core   0: 3 0x800000c4 (0x0000006f)
core   0: 3 0x800000c4 (0x0000006f)
core   0: 3 0x800000c4 (0x0000006f)
core   0: 3 0x800000c4 (0x0000006f)
core   0: 3 0x800000c4 (0x0000006f)
core   0: 3 0x800000c4 (0x0000006f)
core   0: 3 0x800000c4 (0x0000006f)
core   0: 3 0x800000c4 (0x0000006f)
core   0: 3 0x800000c4 (0x0000006f)
core   0: 3 0x800000c4 (0x0000006f)
core   0: 3 0x800000c4 (0x0000006f)
core   0: 3 0x800000c4 (0x0000006f)
core   0: 3 0x800000c4 (0x0000006f)
core   0: 3 0x800000c4 (0x0000006f)
core   0: 3 0x800000c4 (0x0000006f)
core   0: 3 0x800000c4 (0x0000006f)
core   0: 3 0x800000c4 (0x0000006f)
core   0: 3 0x800000c4 (0x0000006f)
core   0: 3 0x800000c4 (0x0000006f)
core   0: 3 0x800000c4 (0x0000006f)
core   0: 3 0x800000c4 (0x0000006f)
core   0: 3 0x800000c4 (0x0000006f)
core   0: 3 0x800000c4 (0x0000006f)
core   0: 3 0x800000c4 (0x0000006f)
core   0: 3 0x800000c4 (0x0000006f)
core   0: 3 0x800000c4 (0x0000006f)
core   0: 3 0x800000c4 (0x0000006f)
core   0: 3 0x800000c4 (0x0000006f)
core   0: 3 0x800000c4 (0x0000006f)
core   0: 3 0x800000c4 (0x0000006f)
core   0: 3 0x800000c4 (0x0000006f)
core   0: 3 0x800000c4 (0x0000006f)
core   0: 3 0x800000c4 (0x0000006f)
core   0: 3 0x800000c4 (0x0000006f)
core   0: 3 0x800000c4 (0x0000006f)
core   0: 3 0x800000c4 (0x0000006f)
core   0: 3 0x800000c4 (0x0000006f)
core   0: 3 0x800000c4 (0x0000006f)
core   0: 3 0x800000c4 (0x0000006f)
core   0: 3 0x800000c4 (0x0000006f)
core   0: 3 0x800000c4 (0x0000006f)
core   0: 3 0x800000c4 (0x0000006f)
core   0: 3 0x800000c4 (0x0000006f)
core   0: 3 0x800000c4 (0x0000006f)
core   0: 3 0x800000c4 (0x0000006f)
core   0: 3 0x800000c4 (0x0000006f)
core   0: 3 0x800000c4 (0x0000006f)
core   0: 3 0x800000c4 (0x0000006f)
core   0: 3 0x800000c4 (0x0000006f)
core   0: 3 0x800000c4 (0x0000006f)
core   0: 3 0x800000c4 (0x0000006f)
core   0: 3 0x800000c4 (0x0000006f)
core   0: 3 0x800000c4 (0x0000006f)
core   0: 3 0x800000c4 (0x0000006f)
core   0: 3 0x800000c4 (0x0000006f)
core   0: 3 0x800000c4 (0x0000006f)
core   0: 3 0x800000c4 (0x0000006f)
core   0: 3 0x800000c4 (0x0000006f)
core   0: 3 0x800000c4 (0x0000006f)
core   0: 3 0x800000c4 (0x0000006f)
core   0: 3 0x800000c4 (0x0000006f)
core   0: 3 0x800000c4 (0x0000006f)
core   0: 3 0x800000c4 (0x0000006f)
core   0: 3 0x800000c4 (0x0000006f)
core   0: 3 0x800000c4 (0x0000006f)
core   0: 3 0x800000c4 (0x0000006f)
core   0: 3 0x800000c4 (0x0000006f)
core   0: 3 0x800000c4 (0x0000006f)
core   0: 3 0x800000c4 (0x0000006f)
core   0: 3 0x800000c4 (0x0000006f)
core   0: 3 0x800000c4 (0x0000006f)
core   0: 3 0x800000c4 (0x0000006f)
core   0: 3 0x800000c4 (0x0000006f)
core   0: 3 0x800000c4 (0x0000006f)
core   0: 3 0x800000c4 (0x0000006f)
core   0: 3 0x800000c4 (0x0000006f)
core   0: 3 0x800000c4 (0x0000006f)
core   0: 3 0x800000c4 (0x0000006f)
core   0: 3 0x800000c4 (0x0000006f)
core   0: 3 0x800000c4 (0x0000006f)
core   0: 3 0x800000c4 (0x0000006f)
core   0: 3 0x800000c4 (0x0000006f)
core   0: 3 0x800000c4 (0x0000006f)
core   0: 3 0x800000c4 (0x0000006f)
core   0: 3 0x800000c4 (0x0000006f)
core   0: 3 0x800000c4 (0x0000006f)
core   0: 3 0x800000c4 (0x0000006f)
core   0: 3 0x800000c4 (0x0000006f)
core   0: 3 0x800000c4 (0x0000006f)
core   0: 3 0x800000c4 (0x0000006f)
core   0: 3 0x800000c4 (0x0000006f)
core   0: 3 0x800000c4 (0x0000006f)
core   0: 3 0x800000c4 (0x0000006f)
core   0: 3 0x800000c4 (0x0000006f)
core   0: 3 0x800000c4 (0x0000006f)
core   0: 3 0x800000c4 (0x0000006f)
core   0: 3 0x800000c4 (0x0000006f)
core   0: 3 0x800000c4 (0x0000006f)
core   0: 3 0x800000c4 (0x0000006f)
core   0: 3 0x800000c4 (0x0000006f)
core   0: 3 0x800000c4 (0x0000006f)
core   0: 3 0x800000c4 (0x0000006f)
core   0: 3 0x800000c4 (0x0000006f)
core   0: 3 0x800000c4 (0x0000006f)
core   0: 3 0x800000c4 (0x0000006f)
core   0: 3 0x800000c4 (0x0000006f)
core   0: 3 0x800000c4 (0x0000006f)
core   0: 3 0x800000c4 (0x0000006f)
core   0: 3 0x800000c4 (0x0000006f)
core   0: 3 0x800000c4 (0x0000006f)
core   0: 3 0x800000c4 (0x0000006f)
core   0: 3 0x800000c4 (0x0000006f)
core   0: 3 0x800000c4 (0x0000006f)
core   0: 3 0x800000c4 (0x0000006f)
core   0: 3 0x800000c4 (0x0000006f)
core   0: 3 0x800000c4 (0x0000006f)
core   0: 3 0x800000c4 (0x0000006f)
core   0: 3 0x800000c4 (0x0000006f)
core   0: 3 0x800000c4 (0x0000006f)
core   0: 3 0x800000c4 (0x0000006f)
core   0: 3 0x800000c4 (0x0000006f)
core   0: 3 0x800000c4 (0x0000006f)
core   0: 3 0x800000c4 (0x0000006f)
core   0: 3 0x800000c4 (0x0000006f)
core   0: 3 0x800000c4 (0x0000006f)
core   0: 3 0x800000c4 (0x0000006f)
core   0: 3 0x800000c4 (0x0000006f)
core   0: 3 0x800000c4 (0x0000006f)
core   0: 3 0x800000c4 (0x0000006f)
core   0: 3 0x800000c4 (0x0000006f)
core   0: 3 0x800000c4 (0x0000006f)
core   0: 3 0x800000c4 (0x0000006f)
core   0: 3 0x800000c4 (0x0000006f)
core   0: 3 0x800000c4 (0x0000006f)
core   0: 3 0x800000c4 (0x0000006f)
core   0: 3 0x800000c4 (0x0000006f)
core   0: 3 0x800000c4 (0x0000006f)
core   0: 3 0x800000c4 (0x0000006f)
core   0: 3 0x800000c4 (0x0000006f)
core   0: 3 0x800000c4 (0x0000006f)
core   0: 3 0x800000c4 (0x0000006f)
core   0: 3 0x800000c4 (0x0000006f)
core   0: 3 0x800000c4 (0x0000006f)
core   0: 3 0x800000c4 (0x0000006f)
core   0: 3 0x800000c4 (0x0000006f)
core   0: 3 0x800000c4 (0x0000006f)
core   0: 3 0x800000c4 (0x0000006f)
core   0: 3 0x800000c4 (0x0000006f)
core   0: 3 0x800000c4 (0x0000006f)
core   0: 3 0x800000c4 (0x0000006f)
core   0: 3 0x800000c4 (0x0000006f)
core   0: 3 0x800000c4 (0x0000006f)
core   0: 3 0x800000c4 (0x0000006f)
core   0: 3 0x800000c4 (0x0000006f)
core   0: 3 0x800000c4 (0x0000006f)
core   0: 3 0x800000c4 (0x0000006f)
core   0: 3 0x800000c4 (0x0000006f)
core   0: 3 0x800000c4 (0x0000006f)
core   0: 3 0x800000c4 (0x0000006f)
core   0: 3 0x800000c4 (0x0000006f)
core   0: 3 0x800000c4 (0x0000006f)
core   0: 3 0x800000c4 (0x0000006f)
core   0: 3 0x800000c4 (0x0000006f)
core   0: 3 0x800000c4 (0x0000006f)
core   0: 3 0x800000c4 (0x0000006f)
core   0: 3 0x800000c4 (0x0000006f)
core   0: 3 0x800000c4 (0x0000006f)
core   0: 3 0x800000c4 (0x0000006f)
core   0: 3 0x800000c4 (0x0000006f)
core   0: 3 0x800000c4 (0x0000006f)
core   0: 3 0x800000c4 (0x0000006f)
core   0: 3 0x800000c4 (0x0000006f)
core   0: 3 0x800000c4 (0x0000006f)
core   0: 3 0x800000c4 (0x0000006f)
core   0: 3 0x800000c4 (0x0000006f)
core   0: 3 0x800000c4 (0x0000006f)
core   0: 3 0x800000c4 (0x0000006f)
core   0: 3 0x800000c4 (0x0000006f)
core   0: 3 0x800000c4 (0x0000006f)
core   0: 3 0x800000c4 (0x0000006f)
core   0: 3 0x800000c4 (0x0000006f)
core   0: 3 0x800000c4 (0x0000006f)
core   0: 3 0x800000c4 (0x0000006f)
core   0: 3 0x800000c4 (0x0000006f)
core   0: 3 0x800000c4 (0x0000006f)
core   0: 3 0x800000c4 (0x0000006f)
core   0: 3 0x800000c4 (0x0000006f)
core   0: 3 0x800000c4 (0x0000006f)
core   0: 3 0x800000c4 (0x0000006f)
core   0: 3 0x800000c4 (0x0000006f)
core   0: 3 0x800000c4 (0x0000006f)
core   0: 3 0x800000c4 (0x0000006f)
core   0: 3 0x800000c4 (0x0000006f)
core   0: 3 0x800000c4 (0x0000006f)
core   0: 3 0x800000c4 (0x0000006f)
core   0: 3 0x800000c4 (0x0000006f)
core   0: 3 0x800000c4 (0x0000006f)
core   0: 3 0x800000c4 (0x0000006f)
core   0: 3 0x800000c4 (0x0000006f)
core   0: 3 0x800000c4 (0x0000006f)
core   0: 3 0x800000c4 (0x0000006f)
core   0: 3 0x800000c4 (0x0000006f)
core   0: 3 0x800000c4 (0x0000006f)
core   0: 3 0x800000c4 (0x0000006f)
core   0: 3 0x800000c4 (0x0000006f)
core   0: 3 0x800000c4 (0x0000006f)
core   0: 3 0x800000c4 (0x0000006f)
core   0: 3 0x800000c4 (0x0000006f)
core   0: 3 0x800000c4 (0x0000006f)
core   0: 3 0x800000c4 (0x0000006f)
core   0: 3 0x800000c4 (0x0000006f)
core   0: 3 0x800000c4 (0x0000006f)
core   0: 3 0x800000c4 (0x0000006f)
core   0: 3 0x800000c4 (0x0000006f)
core   0: 3 0x800000c4 (0x0000006f)
core   0: 3 0x800000c4 (0x0000006f)
core   0: 3 0x800000c4 (0x0000006f)
core   0: 3 0x800000c4 (0x0000006f)
core   0: 3 0x800000c4 (0x0000006f)
core   0: 3 0x800000c4 (0x0000006f)
core   0: 3 0x800000c4 (0x0000006f)
core   0: 3 0x800000c4 (0x0000006f)
core   0: 3 0x800000c4 (0x0000006f)
core   0: 3 0x800000c4 (0x0000006f)
core   0: 3 0x800000c4 (0x0000006f)
core   0: 3 0x800000c4 (0x0000006f)
core   0: 3 0x800000c4 (0x0000006f)
core   0: 3 0x800000c4 (0x0000006f)
core   0: 3 0x800000c4 (0x0000006f)
core   0: 3 0x800000c4 (0x0000006f)
core   0: 3 0x800000c4 (0x0000006f)
core   0: 3 0x800000c4 (0x0000006f)
core   0: 3 0x800000c4 (0x0000006f)
core   0: 3 0x800000c4 (0x0000006f)
core   0: 3 0x800000c4 (0x0000006f)
core   0: 3 0x800000c4 (0x0000006f)
core   0: 3 0x800000c4 (0x0000006f)
core   0: 3 0x800000c4 (0x0000006f)
core   0: 3 0x800000c4 (0x0000006f)
core   0: 3 0x800000c4 (0x0000006f)
core   0: 3 0x800000c4 (0x0000006f)
core   0: 3 0x800000c4 (0x0000006f)
core   0: 3 0x800000c4 (0x0000006f)
core   0: 3 0x800000c4 (0x0000006f)
core   0: 3 0x800000c4 (0x0000006f)
core   0: 3 0x800000c4 (0x0000006f)
core   0: 3 0x800000c4 (0x0000006f)
core   0: 3 0x800000c4 (0x0000006f)
core   0: 3 0x800000c4 (0x0000006f)
core   0: 3 0x800000c4 (0x0000006f)
core   0: 3 0x800000c4 (0x0000006f)
core   0: 3 0x800000c4 (0x0000006f)
core   0: 3 0x800000c4 (0x0000006f)
core   0: 3 0x800000c4 (0x0000006f)
core   0: 3 0x800000c4 (0x0000006f)
core   0: 3 0x800000c4 (0x0000006f)
core   0: 3 0x800000c4 (0x0000006f)
core   0: 3 0x800000c4 (0x0000006f)
core   0: 3 0x800000c4 (0x0000006f)
core   0: 3 0x800000c4 (0x0000006f)
core   0: 3 0x800000c4 (0x0000006f)
core   0: 3 0x800000c4 (0x0000006f)
core   0: 3 0x800000c4 (0x0000006f)
core   0: 3 0x800000c4 (0x0000006f)
core   0: 3 0x800000c4 (0x0000006f)
core   0: 3 0x800000c4 (0x0000006f)
core   0: 3 0x800000c4 (0x0000006f)
core   0: 3 0x800000c4 (0x0000006f)
core   0: 3 0x800000c4 (0x0000006f)
core   0: 3 0x800000c4 (0x0000006f)
core   0: 3 0x800000c4 (0x0000006f)
core   0: 3 0x800000c4 (0x0000006f)
core   0: 3 0x800000c4 (0x0000006f)
core   0: 3 0x800000c4 (0x0000006f)
core   0: 3 0x800000c4 (0x0000006f)
core   0: 3 0x800000c4 (0x0000006f)
core   0: 3 0x800000c4 (0x0000006f)
core   0: 3 0x800000c4 (0x0000006f)
core   0: 3 0x800000c4 (0x0000006f)
core   0: 3 0x800000c4 (0x0000006f)
core   0: 3 0x800000c4 (0x0000006f)
core   0: 3 0x800000c4 (0x0000006f)
core   0: 3 0x800000c4 (0x0000006f)
core   0: 3 0x800000c4 (0x0000006f)
core   0: 3 0x800000c4 (0x0000006f)
core   0: 3 0x800000c4 (0x0000006f)
core   0: 3 0x800000c4 (0x0000006f)
core   0: 3 0x800000c4 (0x0000006f)
core   0: 3 0x800000c4 (0x0000006f)
core   0: 3 0x800000c4 (0x0000006f)
core   0: 3 0x800000c4 (0x0000006f)
core   0: 3 0x800000c4 (0x0000006f)
core   0: 3 0x800000c4 (0x0000006f)
core   0: 3 0x800000c4 (0x0000006f)
core   0: 3 0x800000c4 (0x0000006f)
core   0: 3 0x800000c4 (0x0000006f)
core   0: 3 0x800000c4 (0x0000006f)
core   0: 3 0x800000c4 (0x0000006f)
core   0: 3 0x800000c4 (0x0000006f)
core   0: 3 0x800000c4 (0x0000006f)
core   0: 3 0x800000c4 (0x0000006f)
core   0: 3 0x800000c4 (0x0000006f)
core   0: 3 0x800000c4 (0x0000006f)
core   0: 3 0x800000c4 (0x0000006f)
core   0: 3 0x800000c4 (0x0000006f)
core   0: 3 0x800000c4 (0x0000006f)
core   0: 3 0x800000c4 (0x0000006f)
core   0: 3 0x800000c4 (0x0000006f)
core   0: 3 0x800000c4 (0x0000006f)
core   0: 3 0x800000c4 (0x0000006f)
core   0: 3 0x800000c4 (0x0000006f)
core   0: 3 0x800000c4 (0x0000006f)
core   0: 3 0x800000c4 (0x0000006f)
core   0: 3 0x800000c4 (0x0000006f)
core   0: 3 0x800000c4 (0x0000006f)
core   0: 3 0x800000c4 (0x0000006f)
core   0: 3 0x800000c4 (0x0000006f)
core   0: 3 0x800000c4 (0x0000006f)
core   0: 3 0x800000c4 (0x0000006f)
core   0: 3 0x800000c4 (0x0000006f)
core   0: 3 0x800000c4 (0x0000006f)
core   0: 3 0x800000c4 (0x0000006f)
core   0: 3 0x800000c4 (0x0000006f)
core   0: 3 0x800000c4 (0x0000006f)
core   0: 3 0x800000c4 (0x0000006f)
core   0: 3 0x800000c4 (0x0000006f)
core   0: 3 0x800000c4 (0x0000006f)
core   0: 3 0x800000c4 (0x0000006f)
core   0: 3 0x800000c4 (0x0000006f)
core   0: 3 0x800000c4 (0x0000006f)
core   0: 3 0x800000c4 (0x0000006f)
core   0: 3 0x800000c4 (0x0000006f)
core   0: 3 0x800000c4 (0x0000006f)
core   0: 3 0x800000c4 (0x0000006f)
core   0: 3 0x800000c4 (0x0000006f)
core   0: 3 0x800000c4 (0x0000006f)
core   0: 3 0x800000c4 (0x0000006f)
core   0: 3 0x800000c4 (0x0000006f)
core   0: 3 0x800000c4 (0x0000006f)
core   0: 3 0x800000c4 (0x0000006f)
core   0: 3 0x800000c4 (0x0000006f)
core   0: 3 0x800000c4 (0x0000006f)
core   0: 3 0x800000c4 (0x0000006f)
core   0: 3 0x800000c4 (0x0000006f)
core   0: 3 0x800000c4 (0x0000006f)
core   0: 3 0x800000c4 (0x0000006f)
core   0: 3 0x800000c4 (0x0000006f)
core   0: 3 0x800000c4 (0x0000006f)
core   0: 3 0x800000c4 (0x0000006f)
core   0: 3 0x800000c4 (0x0000006f)
core   0: 3 0x800000c4 (0x0000006f)
core   0: 3 0x800000c4 (0x0000006f)
core   0: 3 0x800000c4 (0x0000006f)
core   0: 3 0x800000c4 (0x0000006f)
core   0: 3 0x800000c4 (0x0000006f)
core   0: 3 0x800000c4 (0x0000006f)
core   0: 3 0x800000c4 (0x0000006f)
core   0: 3 0x800000c4 (0x0000006f)
core   0: 3 0x800000c4 (0x0000006f)
core   0: 3 0x800000c4 (0x0000006f)
core   0: 3 0x800000c4 (0x0000006f)
core   0: 3 0x800000c4 (0x0000006f)
core   0: 3 0x800000c4 (0x0000006f)
core   0: 3 0x800000c4 (0x0000006f)
core   0: 3 0x800000c4 (0x0000006f)
core   0: 3 0x800000c4 (0x0000006f)
core   0: 3 0x800000c4 (0x0000006f)
core   0: 3 0x800000c4 (0x0000006f)
core   0: 3 0x800000c4 (0x0000006f)
core   0: 3 0x800000c4 (0x0000006f)
core   0: 3 0x800000c4 (0x0000006f)
core   0: 3 0x800000c4 (0x0000006f)
core   0: 3 0x800000c4 (0x0000006f)
core   0: 3 0x800000c4 (0x0000006f)
core   0: 3 0x800000c4 (0x0000006f)
core   0: 3 0x800000c4 (0x0000006f)
core   0: 3 0x800000c4 (0x0000006f)
core   0: 3 0x800000c4 (0x0000006f)
core   0: 3 0x800000c4 (0x0000006f)
core   0: 3 0x800000c4 (0x0000006f)
core   0: 3 0x800000c4 (0x0000006f)
core   0: 3 0x800000c4 (0x0000006f)
core   0: 3 0x800000c4 (0x0000006f)
core   0: 3 0x800000c4 (0x0000006f)
core   0: 3 0x800000c4 (0x0000006f)
core   0: 3 0x800000c4 (0x0000006f)
core   0: 3 0x800000c4 (0x0000006f)
core   0: 3 0x800000c4 (0x0000006f)
core   0: 3 0x800000c4 (0x0000006f)
core   0: 3 0x800000c4 (0x0000006f)
core   0: 3 0x800000c4 (0x0000006f)
core   0: 3 0x800000c4 (0x0000006f)
core   0: 3 0x800000c4 (0x0000006f)
core   0: 3 0x800000c4 (0x0000006f)
core   0: 3 0x800000c4 (0x0000006f)
core   0: 3 0x800000c4 (0x0000006f)
core   0: 3 0x800000c4 (0x0000006f)
core   0: 3 0x800000c4 (0x0000006f)
core   0: 3 0x800000c4 (0x0000006f)
core   0: 3 0x800000c4 (0x0000006f)
core   0: 3 0x800000c4 (0x0000006f)
core   0: 3 0x800000c4 (0x0000006f)
core   0: 3 0x800000c4 (0x0000006f)
core   0: 3 0x800000c4 (0x0000006f)
core   0: 3 0x800000c4 (0x0000006f)
core   0: 3 0x800000c4 (0x0000006f)
core   0: 3 0x800000c4 (0x0000006f)
core   0: 3 0x800000c4 (0x0000006f)
core   0: 3 0x800000c4 (0x0000006f)
core   0: 3 0x800000c4 (0x0000006f)
core   0: 3 0x800000c4 (0x0000006f)
core   0: 3 0x800000c4 (0x0000006f)
core   0: 3 0x800000c4 (0x0000006f)
core   0: 3 0x800000c4 (0x0000006f)
core   0: 3 0x800000c4 (0x0000006f)
core   0: 3 0x800000c4 (0x0000006f)
core   0: 3 0x800000c4 (0x0000006f)
core   0: 3 0x800000c4 (0x0000006f)
core   0: 3 0x800000c4 (0x0000006f)
core   0: 3 0x800000c4 (0x0000006f)
core   0: 3 0x800000c4 (0x0000006f)
core   0: 3 0x800000c4 (0x0000006f)
core   0: 3 0x800000c4 (0x0000006f)
core   0: 3 0x800000c4 (0x0000006f)
core   0: 3 0x800000c4 (0x0000006f)
core   0: 3 0x800000c4 (0x0000006f)
core   0: 3 0x800000c4 (0x0000006f)
core   0: 3 0x800000c4 (0x0000006f)
core   0: 3 0x800000c4 (0x0000006f)
core   0: 3 0x800000c4 (0x0000006f)
core   0: 3 0x800000c4 (0x0000006f)
core   0: 3 0x800000c4 (0x0000006f)
core   0: 3 0x800000c4 (0x0000006f)
core   0: 3 0x800000c4 (0x0000006f)
core   0: 3 0x800000c4 (0x0000006f)
core   0: 3 0x800000c4 (0x0000006f)
core   0: 3 0x800000c4 (0x0000006f)
core   0: 3 0x800000c4 (0x0000006f)
core   0: 3 0x800000c4 (0x0000006f)
core   0: 3 0x800000c4 (0x0000006f)
core   0: 3 0x800000c4 (0x0000006f)
core   0: 3 0x800000c4 (0x0000006f)
core   0: 3 0x800000c4 (0x0000006f)
core   0: 3 0x800000c4 (0x0000006f)
core   0: 3 0x800000c4 (0x0000006f)
core   0: 3 0x800000c4 (0x0000006f)
core   0: 3 0x800000c4 (0x0000006f)
core   0: 3 0x800000c4 (0x0000006f)
core   0: 3 0x800000c4 (0x0000006f)
core   0: 3 0x800000c4 (0x0000006f)
core   0: 3 0x800000c4 (0x0000006f)
core   0: 3 0x800000c4 (0x0000006f)
core   0: 3 0x800000c4 (0x0000006f)
core   0: 3 0x800000c4 (0x0000006f)
core   0: 3 0x800000c4 (0x0000006f)
core   0: 3 0x800000c4 (0x0000006f)
core   0: 3 0x800000c4 (0x0000006f)
core   0: 3 0x800000c4 (0x0000006f)
core   0: 3 0x800000c4 (0x0000006f)
core   0: 3 0x800000c4 (0x0000006f)
core   0: 3 0x800000c4 (0x0000006f)
core   0: 3 0x800000c4 (0x0000006f)
core   0: 3 0x800000c4 (0x0000006f)
core   0: 3 0x800000c4 (0x0000006f)
core   0: 3 0x800000c4 (0x0000006f)
core   0: 3 0x800000c4 (0x0000006f)
core   0: 3 0x800000c4 (0x0000006f)
core   0: 3 0x800000c4 (0x0000006f)
core   0: 3 0x800000c4 (0x0000006f)
core   0: 3 0x800000c4 (0x0000006f)
core   0: 3 0x800000c4 (0x0000006f)
core   0: 3 0x800000c4 (0x0000006f)
core   0: 3 0x800000c4 (0x0000006f)
core   0: 3 0x800000c4 (0x0000006f)
core   0: 3 0x800000c4 (0x0000006f)
core   0: 3 0x800000c4 (0x0000006f)
core   0: 3 0x800000c4 (0x0000006f)
core   0: 3 0x800000c4 (0x0000006f)
core   0: 3 0x800000c4 (0x0000006f)
core   0: 3 0x800000c4 (0x0000006f)
core   0: 3 0x800000c4 (0x0000006f)
core   0: 3 0x800000c4 (0x0000006f)
core   0: 3 0x800000c4 (0x0000006f)
core   0: 3 0x800000c4 (0x0000006f)
core   0: 3 0x800000c4 (0x0000006f)
core   0: 3 0x800000c4 (0x0000006f)
core   0: 3 0x800000c4 (0x0000006f)
core   0: 3 0x800000c4 (0x0000006f)
core   0: 3 0x800000c4 (0x0000006f)
core   0: 3 0x800000c4 (0x0000006f)
core   0: 3 0x800000c4 (0x0000006f)
core   0: 3 0x800000c4 (0x0000006f)
core   0: 3 0x800000c4 (0x0000006f)
core   0: 3 0x800000c4 (0x0000006f)
core   0: 3 0x800000c4 (0x0000006f)
core   0: 3 0x800000c4 (0x0000006f)
core   0: 3 0x800000c4 (0x0000006f)
core   0: 3 0x800000c4 (0x0000006f)
core   0: 3 0x800000c4 (0x0000006f)
core   0: 3 0x800000c4 (0x0000006f)
core   0: 3 0x800000c4 (0x0000006f)
core   0: 3 0x800000c4 (0x0000006f)
core   0: 3 0x800000c4 (0x0000006f)
core   0: 3 0x800000c4 (0x0000006f)
core   0: 3 0x800000c4 (0x0000006f)
core   0: 3 0x800000c4 (0x0000006f)
core   0: 3 0x800000c4 (0x0000006f)
core   0: 3 0x800000c4 (0x0000006f)
core   0: 3 0x800000c4 (0x0000006f)
core   0: 3 0x800000c4 (0x0000006f)
core   0: 3 0x800000c4 (0x0000006f)
core   0: 3 0x800000c4 (0x0000006f)
core   0: 3 0x800000c4 (0x0000006f)
core   0: 3 0x800000c4 (0x0000006f)
core   0: 3 0x800000c4 (0x0000006f)
core   0: 3 0x800000c4 (0x0000006f)
core   0: 3 0x800000c4 (0x0000006f)
core   0: 3 0x800000c4 (0x0000006f)
core   0: 3 0x800000c4 (0x0000006f)
core   0: 3 0x800000c4 (0x0000006f)
core   0: 3 0x800000c4 (0x0000006f)
core   0: 3 0x800000c4 (0x0000006f)
core   0: 3 0x800000c4 (0x0000006f)
core   0: 3 0x800000c4 (0x0000006f)
core   0: 3 0x800000c4 (0x0000006f)
core   0: 3 0x800000c4 (0x0000006f)
core   0: 3 0x800000c4 (0x0000006f)
core   0: 3 0x800000c4 (0x0000006f)
core   0: 3 0x800000c4 (0x0000006f)
core   0: 3 0x800000c4 (0x0000006f)
core   0: 3 0x800000c4 (0x0000006f)
core   0: 3 0x800000c4 (0x0000006f)
core   0: 3 0x800000c4 (0x0000006f)
core   0: 3 0x800000c4 (0x0000006f)
core   0: 3 0x800000c4 (0x0000006f)
core   0: 3 0x800000c4 (0x0000006f)
core   0: 3 0x800000c4 (0x0000006f)
core   0: 3 0x800000c4 (0x0000006f)
core   0: 3 0x800000c4 (0x0000006f)
core   0: 3 0x800000c4 (0x0000006f)
core   0: 3 0x800000c4 (0x0000006f)
core   0: 3 0x800000c4 (0x0000006f)
core   0: 3 0x800000c4 (0x0000006f)
core   0: 3 0x800000c4 (0x0000006f)
core   0: 3 0x800000c4 (0x0000006f)
core   0: 3 0x800000c4 (0x0000006f)
core   0: 3 0x800000c4 (0x0000006f)
core   0: 3 0x800000c4 (0x0000006f)
core   0: 3 0x800000c4 (0x0000006f)
core   0: 3 0x800000c4 (0x0000006f)
core   0: 3 0x800000c4 (0x0000006f)
core   0: 3 0x800000c4 (0x0000006f)
core   0: 3 0x800000c4 (0x0000006f)
core   0: 3 0x800000c4 (0x0000006f)
core   0: 3 0x800000c4 (0x0000006f)
core   0: 3 0x800000c4 (0x0000006f)
core   0: 3 0x800000c4 (0x0000006f)
core   0: 3 0x800000c4 (0x0000006f)
core   0: 3 0x800000c4 (0x0000006f)
core   0: 3 0x800000c4 (0x0000006f)
core   0: 3 0x800000c4 (0x0000006f)
core   0: 3 0x800000c4 (0x0000006f)
core   0: 3 0x800000c4 (0x0000006f)
core   0: 3 0x800000c4 (0x0000006f)
core   0: 3 0x800000c4 (0x0000006f)
core   0: 3 0x800000c4 (0x0000006f)
core   0: 3 0x800000c4 (0x0000006f)
core   0: 3 0x800000c4 (0x0000006f)
core   0: 3 0x800000c4 (0x0000006f)
core   0: 3 0x800000c4 (0x0000006f)
core   0: 3 0x800000c4 (0x0000006f)
core   0: 3 0x800000c4 (0x0000006f)
core   0: 3 0x800000c4 (0x0000006f)
core   0: 3 0x800000c4 (0x0000006f)
core   0: 3 0x800000c4 (0x0000006f)
core   0: 3 0x800000c4 (0x0000006f)
core   0: 3 0x800000c4 (0x0000006f)
core   0: 3 0x800000c4 (0x0000006f)
core   0: 3 0x800000c4 (0x0000006f)
core   0: 3 0x800000c4 (0x0000006f)
core   0: 3 0x800000c4 (0x0000006f)
core   0: 3 0x800000c4 (0x0000006f)
core   0: 3 0x800000c4 (0x0000006f)
core   0: 3 0x800000c4 (0x0000006f)
core   0: 3 0x800000c4 (0x0000006f)
core   0: 3 0x800000c4 (0x0000006f)
core   0: 3 0x800000c4 (0x0000006f)
core   0: 3 0x800000c4 (0x0000006f)
core   0: 3 0x800000c4 (0x0000006f)
core   0: 3 0x800000c4 (0x0000006f)
core   0: 3 0x800000c4 (0x0000006f)
core   0: 3 0x800000c4 (0x0000006f)
core   0: 3 0x800000c4 (0x0000006f)
core   0: 3 0x800000c4 (0x0000006f)
core   0: 3 0x800000c4 (0x0000006f)
core   0: 3 0x800000c4 (0x0000006f)
core   0: 3 0x800000c4 (0x0000006f)
core   0: 3 0x800000c4 (0x0000006f)
core   0: 3 0x800000c4 (0x0000006f)
core   0: 3 0x800000c4 (0x0000006f)
core   0: 3 0x800000c4 (0x0000006f)
core   0: 3 0x800000c4 (0x0000006f)
core   0: 3 0x800000c4 (0x0000006f)
core   0: 3 0x800000c4 (0x0000006f)
core   0: 3 0x800000c4 (0x0000006f)
core   0: 3 0x800000c4 (0x0000006f)
core   0: 3 0x800000c4 (0x0000006f)
core   0: 3 0x800000c4 (0x0000006f)
core   0: 3 0x800000c4 (0x0000006f)
core   0: 3 0x800000c4 (0x0000006f)
core   0: 3 0x800000c4 (0x0000006f)
core   0: 3 0x800000c4 (0x0000006f)
core   0: 3 0x800000c4 (0x0000006f)
core   0: 3 0x800000c4 (0x0000006f)
core   0: 3 0x800000c4 (0x0000006f)
core   0: 3 0x800000c4 (0x0000006f)
core   0: 3 0x800000c4 (0x0000006f)
core   0: 3 0x800000c4 (0x0000006f)
core   0: 3 0x800000c4 (0x0000006f)
core   0: 3 0x800000c4 (0x0000006f)
core   0: 3 0x800000c4 (0x0000006f)
core   0: 3 0x800000c4 (0x0000006f)
core   0: 3 0x800000c4 (0x0000006f)
core   0: 3 0x800000c4 (0x0000006f)
core   0: 3 0x800000c4 (0x0000006f)
core   0: 3 0x800000c4 (0x0000006f)
core   0: 3 0x800000c4 (0x0000006f)
core   0: 3 0x800000c4 (0x0000006f)
core   0: 3 0x800000c4 (0x0000006f)
core   0: 3 0x800000c4 (0x0000006f)
core   0: 3 0x800000c4 (0x0000006f)
core   0: 3 0x800000c4 (0x0000006f)
core   0: 3 0x800000c4 (0x0000006f)
core   0: 3 0x800000c4 (0x0000006f)
core   0: 3 0x800000c4 (0x0000006f)
core   0: 3 0x800000c4 (0x0000006f)
core   0: 3 0x800000c4 (0x0000006f)
core   0: 3 0x800000c4 (0x0000006f)
core   0: 3 0x800000c4 (0x0000006f)
core   0: 3 0x800000c4 (0x0000006f)
core   0: 3 0x800000c4 (0x0000006f)
core   0: 3 0x800000c4 (0x0000006f)
core   0: 3 0x800000c4 (0x0000006f)
core   0: 3 0x800000c4 (0x0000006f)
core   0: 3 0x800000c4 (0x0000006f)
core   0: 3 0x800000c4 (0x0000006f)
core   0: 3 0x800000c4 (0x0000006f)
core   0: 3 0x800000c4 (0x0000006f)
core   0: 3 0x800000c4 (0x0000006f)
core   0: 3 0x800000c4 (0x0000006f)
core   0: 3 0x800000c4 (0x0000006f)
core   0: 3 0x800000c4 (0x0000006f)
core   0: 3 0x800000c4 (0x0000006f)
core   0: 3 0x800000c4 (0x0000006f)
core   0: 3 0x800000c4 (0x0000006f)
core   0: 3 0x800000c4 (0x0000006f)
core   0: 3 0x800000c4 (0x0000006f)
core   0: 3 0x800000c4 (0x0000006f)
core   0: 3 0x800000c4 (0x0000006f)
core   0: 3 0x800000c4 (0x0000006f)
core   0: 3 0x800000c4 (0x0000006f)
core   0: 3 0x800000c4 (0x0000006f)
core   0: 3 0x800000c4 (0x0000006f)
core   0: 3 0x800000c4 (0x0000006f)
core   0: 3 0x800000c4 (0x0000006f)
core   0: 3 0x800000c4 (0x0000006f)
core   0: 3 0x800000c4 (0x0000006f)
core   0: 3 0x800000c4 (0x0000006f)
core   0: 3 0x800000c4 (0x0000006f)
core   0: 3 0x800000c4 (0x0000006f)
core   0: 3 0x800000c4 (0x0000006f)
core   0: 3 0x800000c4 (0x0000006f)
core   0: 3 0x800000c4 (0x0000006f)
core   0: 3 0x800000c4 (0x0000006f)
core   0: 3 0x800000c4 (0x0000006f)
core   0: 3 0x800000c4 (0x0000006f)
core   0: 3 0x800000c4 (0x0000006f)
core   0: 3 0x800000c4 (0x0000006f)
core   0: 3 0x800000c4 (0x0000006f)
core   0: 3 0x800000c4 (0x0000006f)
core   0: 3 0x800000c4 (0x0000006f)
core   0: 3 0x800000c4 (0x0000006f)
core   0: 3 0x800000c4 (0x0000006f)
core   0: 3 0x800000c4 (0x0000006f)
core   0: 3 0x800000c4 (0x0000006f)
core   0: 3 0x800000c4 (0x0000006f)
core   0: 3 0x800000c4 (0x0000006f)
core   0: 3 0x800000c4 (0x0000006f)
core   0: 3 0x800000c4 (0x0000006f)
core   0: 3 0x800000c4 (0x0000006f)
core   0: 3 0x800000c4 (0x0000006f)
core   0: 3 0x800000c4 (0x0000006f)
core   0: 3 0x800000c4 (0x0000006f)
core   0: 3 0x800000c4 (0x0000006f)
core   0: 3 0x800000c4 (0x0000006f)
core   0: 3 0x800000c4 (0x0000006f)
core   0: 3 0x800000c4 (0x0000006f)
core   0: 3 0x800000c4 (0x0000006f)
core   0: 3 0x800000c4 (0x0000006f)
core   0: 3 0x800000c4 (0x0000006f)
core   0: 3 0x800000c4 (0x0000006f)
core   0: 3 0x800000c4 (0x0000006f)
core   0: 3 0x800000c4 (0x0000006f)
core   0: 3 0x800000c4 (0x0000006f)
core   0: 3 0x800000c4 (0x0000006f)
core   0: 3 0x800000c4 (0x0000006f)
core   0: 3 0x800000c4 (0x0000006f)
core   0: 3 0x800000c4 (0x0000006f)
core   0: 3 0x800000c4 (0x0000006f)
core   0: 3 0x800000c4 (0x0000006f)
core   0: 3 0x800000c4 (0x0000006f)
core   0: 3 0x800000c4 (0x0000006f)
core   0: 3 0x800000c4 (0x0000006f)
core   0: 3 0x800000c4 (0x0000006f)
core   0: 3 0x800000c4 (0x0000006f)
core   0: 3 0x800000c4 (0x0000006f)
core   0: 3 0x800000c4 (0x0000006f)
core   0: 3 0x800000c4 (0x0000006f)
core   0: 3 0x800000c4 (0x0000006f)
core   0: 3 0x800000c4 (0x0000006f)
core   0: 3 0x800000c4 (0x0000006f)
core   0: 3 0x800000c4 (0x0000006f)
core   0: 3 0x800000c4 (0x0000006f)
core   0: 3 0x800000c4 (0x0000006f)
core   0: 3 0x800000c4 (0x0000006f)
core   0: 3 0x800000c4 (0x0000006f)
core   0: 3 0x800000c4 (0x0000006f)
core   0: 3 0x800000c4 (0x0000006f)
core   0: 3 0x800000c4 (0x0000006f)
core   0: 3 0x800000c4 (0x0000006f)
core   0: 3 0x800000c4 (0x0000006f)
core   0: 3 0x800000c4 (0x0000006f)
core   0: 3 0x800000c4 (0x0000006f)
core   0: 3 0x800000c4 (0x0000006f)
core   0: 3 0x800000c4 (0x0000006f)
core   0: 3 0x800000c4 (0x0000006f)
core   0: 3 0x800000c4 (0x0000006f)
core   0: 3 0x800000c4 (0x0000006f)
core   0: 3 0x800000c4 (0x0000006f)
core   0: 3 0x800000c4 (0x0000006f)
core   0: 3 0x800000c4 (0x0000006f)
core   0: 3 0x800000c4 (0x0000006f)
core   0: 3 0x800000c4 (0x0000006f)
core   0: 3 0x800000c4 (0x0000006f)
core   0: 3 0x800000c4 (0x0000006f)
core   0: 3 0x800000c4 (0x0000006f)
core   0: 3 0x800000c4 (0x0000006f)
core   0: 3 0x800000c4 (0x0000006f)
core   0: 3 0x800000c4 (0x0000006f)
core   0: 3 0x800000c4 (0x0000006f)
core   0: 3 0x800000c4 (0x0000006f)
core   0: 3 0x800000c4 (0x0000006f)
core   0: 3 0x800000c4 (0x0000006f)
core   0: 3 0x800000c4 (0x0000006f)
core   0: 3 0x800000c4 (0x0000006f)
core   0: 3 0x800000c4 (0x0000006f)
core   0: 3 0x800000c4 (0x0000006f)
core   0: 3 0x800000c4 (0x0000006f)
core   0: 3 0x800000c4 (0x0000006f)
core   0: 3 0x800000c4 (0x0000006f)
core   0: 3 0x800000c4 (0x0000006f)
core   0: 3 0x800000c4 (0x0000006f)
core   0: 3 0x800000c4 (0x0000006f)
core   0: 3 0x800000c4 (0x0000006f)
core   0: 3 0x800000c4 (0x0000006f)
core   0: 3 0x800000c4 (0x0000006f)
core   0: 3 0x800000c4 (0x0000006f)
core   0: 3 0x800000c4 (0x0000006f)
core   0: 3 0x800000c4 (0x0000006f)
core   0: 3 0x800000c4 (0x0000006f)
core   0: 3 0x800000c4 (0x0000006f)
core   0: 3 0x800000c4 (0x0000006f)
core   0: 3 0x800000c4 (0x0000006f)
core   0: 3 0x800000c4 (0x0000006f)
core   0: 3 0x800000c4 (0x0000006f)
core   0: 3 0x800000c4 (0x0000006f)
core   0: 3 0x800000c4 (0x0000006f)
core   0: 3 0x800000c4 (0x0000006f)
core   0: 3 0x800000c4 (0x0000006f)
core   0: 3 0x800000c4 (0x0000006f)
core   0: 3 0x800000c4 (0x0000006f)
core   0: 3 0x800000c4 (0x0000006f)
core   0: 3 0x800000c4 (0x0000006f)
core   0: 3 0x800000c4 (0x0000006f)
core   0: 3 0x800000c4 (0x0000006f)
core   0: 3 0x800000c4 (0x0000006f)
core   0: 3 0x800000c4 (0x0000006f)
core   0: 3 0x800000c4 (0x0000006f)
core   0: 3 0x800000c4 (0x0000006f)
core   0: 3 0x800000c4 (0x0000006f)
core   0: 3 0x800000c4 (0x0000006f)
core   0: 3 0x800000c4 (0x0000006f)
core   0: 3 0x800000c4 (0x0000006f)
core   0: 3 0x800000c4 (0x0000006f)
core   0: 3 0x800000c4 (0x0000006f)
core   0: 3 0x800000c4 (0x0000006f)
core   0: 3 0x800000c4 (0x0000006f)
core   0: 3 0x800000c4 (0x0000006f)
core   0: 3 0x800000c4 (0x0000006f)
core   0: 3 0x800000c4 (0x0000006f)
core   0: 3 0x800000c4 (0x0000006f)
core   0: 3 0x800000c4 (0x0000006f)
core   0: 3 0x800000c4 (0x0000006f)
core   0: 3 0x800000c4 (0x0000006f)
core   0: 3 0x800000c4 (0x0000006f)
core   0: 3 0x800000c4 (0x0000006f)
core   0: 3 0x800000c4 (0x0000006f)
core   0: 3 0x800000c4 (0x0000006f)
core   0: 3 0x800000c4 (0x0000006f)
core   0: 3 0x800000c4 (0x0000006f)
core   0: 3 0x800000c4 (0x0000006f)
core   0: 3 0x800000c4 (0x0000006f)
core   0: 3 0x800000c4 (0x0000006f)
core   0: 3 0x800000c4 (0x0000006f)
core   0: 3 0x800000c4 (0x0000006f)
core   0: 3 0x800000c4 (0x0000006f)
core   0: 3 0x800000c4 (0x0000006f)
core   0: 3 0x800000c4 (0x0000006f)
core   0: 3 0x800000c4 (0x0000006f)
core   0: 3 0x800000c4 (0x0000006f)
core   0: 3 0x800000c4 (0x0000006f)
core   0: 3 0x800000c4 (0x0000006f)
core   0: 3 0x800000c4 (0x0000006f)
core   0: 3 0x800000c4 (0x0000006f)
core   0: 3 0x800000c4 (0x0000006f)
core   0: 3 0x800000c4 (0x0000006f)
core   0: 3 0x800000c4 (0x0000006f)
core   0: 3 0x800000c4 (0x0000006f)
core   0: 3 0x800000c4 (0x0000006f)
core   0: 3 0x800000c4 (0x0000006f)
core   0: 3 0x800000c4 (0x0000006f)
core   0: 3 0x800000c4 (0x0000006f)
core   0: 3 0x800000c4 (0x0000006f)
core   0: 3 0x800000c4 (0x0000006f)
core   0: 3 0x800000c4 (0x0000006f)
core   0: 3 0x800000c4 (0x0000006f)
core   0: 3 0x800000c4 (0x0000006f)
core   0: 3 0x800000c4 (0x0000006f)
core   0: 3 0x800000c4 (0x0000006f)
core   0: 3 0x800000c4 (0x0000006f)
core   0: 3 0x800000c4 (0x0000006f)
core   0: 3 0x800000c4 (0x0000006f)
core   0: 3 0x800000c4 (0x0000006f)
core   0: 3 0x800000c4 (0x0000006f)
core   0: 3 0x800000c4 (0x0000006f)
core   0: 3 0x800000c4 (0x0000006f)
core   0: 3 0x800000c4 (0x0000006f)
core   0: 3 0x800000c4 (0x0000006f)
core   0: 3 0x800000c4 (0x0000006f)
core   0: 3 0x800000c4 (0x0000006f)
core   0: 3 0x800000c4 (0x0000006f)
core   0: 3 0x800000c4 (0x0000006f)
core   0: 3 0x800000c4 (0x0000006f)
core   0: 3 0x800000c4 (0x0000006f)
core   0: 3 0x800000c4 (0x0000006f)
core   0: 3 0x800000c4 (0x0000006f)
core   0: 3 0x800000c4 (0x0000006f)
core   0: 3 0x800000c4 (0x0000006f)
core   0: 3 0x800000c4 (0x0000006f)
core   0: 3 0x800000c4 (0x0000006f)
core   0: 3 0x800000c4 (0x0000006f)
core   0: 3 0x800000c4 (0x0000006f)
core   0: 3 0x800000c4 (0x0000006f)
core   0: 3 0x800000c4 (0x0000006f)
core   0: 3 0x800000c4 (0x0000006f)
core   0: 3 0x800000c4 (0x0000006f)
core   0: 3 0x800000c4 (0x0000006f)
core   0: 3 0x800000c4 (0x0000006f)
core   0: 3 0x800000c4 (0x0000006f)
core   0: 3 0x800000c4 (0x0000006f)
core   0: 3 0x800000c4 (0x0000006f)
core   0: 3 0x800000c4 (0x0000006f)
core   0: 3 0x800000c4 (0x0000006f)
core   0: 3 0x800000c4 (0x0000006f)
core   0: 3 0x800000c4 (0x0000006f)
core   0: 3 0x800000c4 (0x0000006f)
core   0: 3 0x800000c4 (0x0000006f)
core   0: 3 0x800000c4 (0x0000006f)
core   0: 3 0x800000c4 (0x0000006f)
core   0: 3 0x800000c4 (0x0000006f)
core   0: 3 0x800000c4 (0x0000006f)
core   0: 3 0x800000c4 (0x0000006f)
core   0: 3 0x800000c4 (0x0000006f)
core   0: 3 0x800000c4 (0x0000006f)
core   0: 3 0x800000c4 (0x0000006f)
core   0: 3 0x800000c4 (0x0000006f)
core   0: 3 0x800000c4 (0x0000006f)
core   0: 3 0x800000c4 (0x0000006f)
core   0: 3 0x800000c4 (0x0000006f)
core   0: 3 0x800000c4 (0x0000006f)
core   0: 3 0x800000c4 (0x0000006f)
core   0: 3 0x800000c4 (0x0000006f)
core   0: 3 0x800000c4 (0x0000006f)
core   0: 3 0x800000c4 (0x0000006f)
core   0: 3 0x800000c4 (0x0000006f)
core   0: 3 0x800000c4 (0x0000006f)
core   0: 3 0x800000c4 (0x0000006f)
core   0: 3 0x800000c4 (0x0000006f)
core   0: 3 0x800000c4 (0x0000006f)
core   0: 3 0x800000c4 (0x0000006f)
core   0: 3 0x800000c4 (0x0000006f)
core   0: 3 0x800000c4 (0x0000006f)
core   0: 3 0x800000c4 (0x0000006f)
core   0: 3 0x800000c4 (0x0000006f)
core   0: 3 0x800000c4 (0x0000006f)
core   0: 3 0x800000c4 (0x0000006f)
core   0: 3 0x800000c4 (0x0000006f)
core   0: 3 0x800000c4 (0x0000006f)
core   0: 3 0x800000c4 (0x0000006f)
core   0: 3 0x800000c4 (0x0000006f)
core   0: 3 0x800000c4 (0x0000006f)
core   0: 3 0x800000c4 (0x0000006f)
core   0: 3 0x800000c4 (0x0000006f)
core   0: 3 0x800000c4 (0x0000006f)
core   0: 3 0x800000c4 (0x0000006f)
core   0: 3 0x800000c4 (0x0000006f)
core   0: 3 0x800000c4 (0x0000006f)
core   0: 3 0x800000c4 (0x0000006f)
core   0: 3 0x800000c4 (0x0000006f)
core   0: 3 0x800000c4 (0x0000006f)
core   0: 3 0x800000c4 (0x0000006f)
core   0: 3 0x800000c4 (0x0000006f)
core   0: 3 0x800000c4 (0x0000006f)
core   0: 3 0x800000c4 (0x0000006f)
core   0: 3 0x800000c4 (0x0000006f)
core   0: 3 0x800000c4 (0x0000006f)
core   0: 3 0x800000c4 (0x0000006f)
core   0: 3 0x800000c4 (0x0000006f)
core   0: 3 0x800000c4 (0x0000006f)
core   0: 3 0x800000c4 (0x0000006f)
core   0: 3 0x800000c4 (0x0000006f)
core   0: 3 0x800000c4 (0x0000006f)
core   0: 3 0x800000c4 (0x0000006f)
core   0: 3 0x800000c4 (0x0000006f)
core   0: 3 0x800000c4 (0x0000006f)
core   0: 3 0x800000c4 (0x0000006f)
core   0: 3 0x800000c4 (0x0000006f)
core   0: 3 0x800000c4 (0x0000006f)
core   0: 3 0x800000c4 (0x0000006f)
core   0: 3 0x800000c4 (0x0000006f)
core   0: 3 0x800000c4 (0x0000006f)
core   0: 3 0x800000c4 (0x0000006f)
core   0: 3 0x800000c4 (0x0000006f)
core   0: 3 0x800000c4 (0x0000006f)
core   0: 3 0x800000c4 (0x0000006f)
core   0: 3 0x800000c4 (0x0000006f)
core   0: 3 0x800000c4 (0x0000006f)
core   0: 3 0x800000c4 (0x0000006f)
core   0: 3 0x800000c4 (0x0000006f)
core   0: 3 0x800000c4 (0x0000006f)
core   0: 3 0x800000c4 (0x0000006f)
core   0: 3 0x800000c4 (0x0000006f)
core   0: 3 0x800000c4 (0x0000006f)
core   0: 3 0x800000c4 (0x0000006f)
core   0: 3 0x800000c4 (0x0000006f)
core   0: 3 0x800000c4 (0x0000006f)
core   0: 3 0x800000c4 (0x0000006f)
core   0: 3 0x800000c4 (0x0000006f)
core   0: 3 0x800000c4 (0x0000006f)
core   0: 3 0x800000c4 (0x0000006f)
core   0: 3 0x800000c4 (0x0000006f)
core   0: 3 0x800000c4 (0x0000006f)
core   0: 3 0x800000c4 (0x0000006f)
core   0: 3 0x800000c4 (0x0000006f)
core   0: 3 0x800000c4 (0x0000006f)
core   0: 3 0x800000c4 (0x0000006f)
core   0: 3 0x800000c4 (0x0000006f)
core   0: 3 0x800000c4 (0x0000006f)
core   0: 3 0x800000c4 (0x0000006f)
core   0: 3 0x800000c4 (0x0000006f)
core   0: 3 0x800000c4 (0x0000006f)
core   0: 3 0x800000c4 (0x0000006f)
core   0: 3 0x800000c4 (0x0000006f)
core   0: 3 0x800000c4 (0x0000006f)
core   0: 3 0x800000c4 (0x0000006f)
core   0: 3 0x800000c4 (0x0000006f)
core   0: 3 0x800000c4 (0x0000006f)
core   0: 3 0x800000c4 (0x0000006f)
core   0: 3 0x800000c4 (0x0000006f)
core   0: 3 0x800000c4 (0x0000006f)
core   0: 3 0x800000c4 (0x0000006f)
core   0: 3 0x800000c4 (0x0000006f)
core   0: 3 0x800000c4 (0x0000006f)
core   0: 3 0x800000c4 (0x0000006f)
core   0: 3 0x800000c4 (0x0000006f)
core   0: 3 0x800000c4 (0x0000006f)
core   0: 3 0x800000c4 (0x0000006f)
core   0: 3 0x800000c4 (0x0000006f)
core   0: 3 0x800000c4 (0x0000006f)
core   0: 3 0x800000c4 (0x0000006f)
core   0: 3 0x800000c4 (0x0000006f)
core   0: 3 0x800000c4 (0x0000006f)
core   0: 3 0x800000c4 (0x0000006f)
core   0: 3 0x800000c4 (0x0000006f)
core   0: 3 0x800000c4 (0x0000006f)
core   0: 3 0x800000c4 (0x0000006f)
core   0: 3 0x800000c4 (0x0000006f)
core   0: 3 0x800000c4 (0x0000006f)
core   0: 3 0x800000c4 (0x0000006f)
core   0: 3 0x800000c4 (0x0000006f)
core   0: 3 0x800000c4 (0x0000006f)
core   0: 3 0x800000c4 (0x0000006f)
core   0: 3 0x800000c4 (0x0000006f)
core   0: 3 0x800000c4 (0x0000006f)
core   0: 3 0x800000c4 (0x0000006f)
core   0: 3 0x800000c4 (0x0000006f)
core   0: 3 0x800000c4 (0x0000006f)
core   0: 3 0x800000c4 (0x0000006f)
core   0: 3 0x800000c4 (0x0000006f)
core   0: 3 0x800000c4 (0x0000006f)
core   0: 3 0x800000c4 (0x0000006f)
core   0: 3 0x800000c4 (0x0000006f)
core   0: 3 0x800000c4 (0x0000006f)
core   0: 3 0x800000c4 (0x0000006f)
core   0: 3 0x800000c4 (0x0000006f)
core   0: 3 0x800000c4 (0x0000006f)
core   0: 3 0x800000c4 (0x0000006f)
core   0: 3 0x800000c4 (0x0000006f)
core   0: 3 0x800000c4 (0x0000006f)
core   0: 3 0x800000c4 (0x0000006f)
core   0: 3 0x800000c4 (0x0000006f)
core   0: 3 0x800000c4 (0x0000006f)
core   0: 3 0x800000c4 (0x0000006f)
core   0: 3 0x800000c4 (0x0000006f)
core   0: 3 0x800000c4 (0x0000006f)
core   0: 3 0x800000c4 (0x0000006f)
core   0: 3 0x800000c4 (0x0000006f)
core   0: 3 0x800000c4 (0x0000006f)
core   0: 3 0x800000c4 (0x0000006f)
core   0: 3 0x800000c4 (0x0000006f)
core   0: 3 0x800000c4 (0x0000006f)
core   0: 3 0x800000c4 (0x0000006f)
core   0: 3 0x800000c4 (0x0000006f)
core   0: 3 0x800000c4 (0x0000006f)
core   0: 3 0x800000c4 (0x0000006f)
core   0: 3 0x800000c4 (0x0000006f)
core   0: 3 0x800000c4 (0x0000006f)
core   0: 3 0x800000c4 (0x0000006f)
core   0: 3 0x800000c4 (0x0000006f)
core   0: 3 0x800000c4 (0x0000006f)
core   0: 3 0x800000c4 (0x0000006f)
core   0: 3 0x800000c4 (0x0000006f)
core   0: 3 0x800000c4 (0x0000006f)
core   0: 3 0x800000c4 (0x0000006f)
core   0: 3 0x800000c4 (0x0000006f)
core   0: 3 0x800000c4 (0x0000006f)
core   0: 3 0x800000c4 (0x0000006f)
core   0: 3 0x800000c4 (0x0000006f)
core   0: 3 0x800000c4 (0x0000006f)
core   0: 3 0x800000c4 (0x0000006f)
core   0: 3 0x800000c4 (0x0000006f)
core   0: 3 0x800000c4 (0x0000006f)
core   0: 3 0x800000c4 (0x0000006f)
core   0: 3 0x800000c4 (0x0000006f)
core   0: 3 0x800000c4 (0x0000006f)
core   0: 3 0x800000c4 (0x0000006f)
core   0: 3 0x800000c4 (0x0000006f)
core   0: 3 0x800000c4 (0x0000006f)
core   0: 3 0x800000c4 (0x0000006f)
core   0: 3 0x800000c4 (0x0000006f)
core   0: 3 0x800000c4 (0x0000006f)
core   0: 3 0x800000c4 (0x0000006f)
core   0: 3 0x800000c4 (0x0000006f)
core   0: 3 0x800000c4 (0x0000006f)
core   0: 3 0x800000c4 (0x0000006f)
core   0: 3 0x800000c4 (0x0000006f)
core   0: 3 0x800000c4 (0x0000006f)
core   0: 3 0x800000c4 (0x0000006f)
core   0: 3 0x800000c4 (0x0000006f)
core   0: 3 0x800000c4 (0x0000006f)
core   0: 3 0x800000c4 (0x0000006f)
core   0: 3 0x800000c4 (0x0000006f)
core   0: 3 0x800000c4 (0x0000006f)
core   0: 3 0x800000c4 (0x0000006f)
core   0: 3 0x800000c4 (0x0000006f)
core   0: 3 0x800000c4 (0x0000006f)
core   0: 3 0x800000c4 (0x0000006f)
core   0: 3 0x800000c4 (0x0000006f)
core   0: 3 0x800000c4 (0x0000006f)
core   0: 3 0x800000c4 (0x0000006f)
core   0: 3 0x800000c4 (0x0000006f)
core   0: 3 0x800000c4 (0x0000006f)
core   0: 3 0x800000c4 (0x0000006f)
core   0: 3 0x800000c4 (0x0000006f)
core   0: 3 0x800000c4 (0x0000006f)
core   0: 3 0x800000c4 (0x0000006f)
core   0: 3 0x800000c4 (0x0000006f)
core   0: 3 0x800000c4 (0x0000006f)
core   0: 3 0x800000c4 (0x0000006f)
core   0: 3 0x800000c4 (0x0000006f)
core   0: 3 0x800000c4 (0x0000006f)
core   0: 3 0x800000c4 (0x0000006f)
core   0: 3 0x800000c4 (0x0000006f)
core   0: 3 0x800000c4 (0x0000006f)
core   0: 3 0x800000c4 (0x0000006f)
core   0: 3 0x800000c4 (0x0000006f)
core   0: 3 0x800000c4 (0x0000006f)
core   0: 3 0x800000c4 (0x0000006f)
core   0: 3 0x800000c4 (0x0000006f)
core   0: 3 0x800000c4 (0x0000006f)
core   0: 3 0x800000c4 (0x0000006f)
core   0: 3 0x800000c4 (0x0000006f)
core   0: 3 0x800000c4 (0x0000006f)
core   0: 3 0x800000c4 (0x0000006f)
core   0: 3 0x800000c4 (0x0000006f)
core   0: 3 0x800000c4 (0x0000006f)
core   0: 3 0x800000c4 (0x0000006f)
core   0: 3 0x800000c4 (0x0000006f)
core   0: 3 0x800000c4 (0x0000006f)
core   0: 3 0x800000c4 (0x0000006f)
core   0: 3 0x800000c4 (0x0000006f)
core   0: 3 0x800000c4 (0x0000006f)
core   0: 3 0x800000c4 (0x0000006f)
core   0: 3 0x800000c4 (0x0000006f)
core   0: 3 0x800000c4 (0x0000006f)
core   0: 3 0x800000c4 (0x0000006f)
core   0: 3 0x800000c4 (0x0000006f)
core   0: 3 0x800000c4 (0x0000006f)
core   0: 3 0x800000c4 (0x0000006f)
core   0: 3 0x800000c4 (0x0000006f)
core   0: 3 0x800000c4 (0x0000006f)
core   0: 3 0x800000c4 (0x0000006f)
core   0: 3 0x800000c4 (0x0000006f)
core   0: 3 0x800000c4 (0x0000006f)
core   0: 3 0x800000c4 (0x0000006f)
core   0: 3 0x800000c4 (0x0000006f)
core   0: 3 0x800000c4 (0x0000006f)
core   0: 3 0x800000c4 (0x0000006f)
core   0: 3 0x800000c4 (0x0000006f)
core   0: 3 0x800000c4 (0x0000006f)
core   0: 3 0x800000c4 (0x0000006f)
core   0: 3 0x800000c4 (0x0000006f)
core   0: 3 0x800000c4 (0x0000006f)
core   0: 3 0x800000c4 (0x0000006f)
core   0: 3 0x800000c4 (0x0000006f)
core   0: 3 0x800000c4 (0x0000006f)
core   0: 3 0x800000c4 (0x0000006f)
core   0: 3 0x800000c4 (0x0000006f)
core   0: 3 0x800000c4 (0x0000006f)
core   0: 3 0x800000c4 (0x0000006f)
core   0: 3 0x800000c4 (0x0000006f)
core   0: 3 0x800000c4 (0x0000006f)
core   0: 3 0x800000c4 (0x0000006f)
core   0: 3 0x800000c4 (0x0000006f)
core   0: 3 0x800000c4 (0x0000006f)
core   0: 3 0x800000c4 (0x0000006f)
core   0: 3 0x800000c4 (0x0000006f)
core   0: 3 0x800000c4 (0x0000006f)
core   0: 3 0x800000c4 (0x0000006f)
core   0: 3 0x800000c4 (0x0000006f)
core   0: 3 0x800000c4 (0x0000006f)
core   0: 3 0x800000c4 (0x0000006f)
core   0: 3 0x800000c4 (0x0000006f)
core   0: 3 0x800000c4 (0x0000006f)
core   0: 3 0x800000c4 (0x0000006f)
core   0: 3 0x800000c4 (0x0000006f)
core   0: 3 0x800000c4 (0x0000006f)
core   0: 3 0x800000c4 (0x0000006f)
core   0: 3 0x800000c4 (0x0000006f)
core   0: 3 0x800000c4 (0x0000006f)
core   0: 3 0x800000c4 (0x0000006f)
core   0: 3 0x800000c4 (0x0000006f)
core   0: 3 0x800000c4 (0x0000006f)
core   0: 3 0x800000c4 (0x0000006f)
core   0: 3 0x800000c4 (0x0000006f)
core   0: 3 0x800000c4 (0x0000006f)
core   0: 3 0x800000c4 (0x0000006f)
core   0: 3 0x800000c4 (0x0000006f)
core   0: 3 0x800000c4 (0x0000006f)
core   0: 3 0x800000c4 (0x0000006f)
core   0: 3 0x800000c4 (0x0000006f)
core   0: 3 0x800000c4 (0x0000006f)
core   0: 3 0x800000c4 (0x0000006f)
core   0: 3 0x800000c4 (0x0000006f)
core   0: 3 0x800000c4 (0x0000006f)
core   0: 3 0x800000c4 (0x0000006f)
core   0: 3 0x800000c4 (0x0000006f)
core   0: 3 0x800000c4 (0x0000006f)
core   0: 3 0x800000c4 (0x0000006f)
core   0: 3 0x800000c4 (0x0000006f)
core   0: 3 0x800000c4 (0x0000006f)
core   0: 3 0x800000c4 (0x0000006f)
core   0: 3 0x800000c4 (0x0000006f)
core   0: 3 0x800000c4 (0x0000006f)
core   0: 3 0x800000c4 (0x0000006f)
core   0: 3 0x800000c4 (0x0000006f)
core   0: 3 0x800000c4 (0x0000006f)
core   0: 3 0x800000c4 (0x0000006f)
core   0: 3 0x800000c4 (0x0000006f)
core   0: 3 0x800000c4 (0x0000006f)
core   0: 3 0x800000c4 (0x0000006f)
core   0: 3 0x800000c4 (0x0000006f)
core   0: 3 0x800000c4 (0x0000006f)
core   0: 3 0x800000c4 (0x0000006f)
core   0: 3 0x800000c4 (0x0000006f)
core   0: 3 0x800000c4 (0x0000006f)
core   0: 3 0x800000c4 (0x0000006f)
core   0: 3 0x800000c4 (0x0000006f)
core   0: 3 0x800000c4 (0x0000006f)
core   0: 3 0x800000c4 (0x0000006f)
core   0: 3 0x800000c4 (0x0000006f)
core   0: 3 0x800000c4 (0x0000006f)
core   0: 3 0x800000c4 (0x0000006f)
core   0: 3 0x800000c4 (0x0000006f)
core   0: 3 0x800000c4 (0x0000006f)
core   0: 3 0x800000c4 (0x0000006f)
core   0: 3 0x800000c4 (0x0000006f)
core   0: 3 0x800000c4 (0x0000006f)
core   0: 3 0x800000c4 (0x0000006f)
core   0: 3 0x800000c4 (0x0000006f)
core   0: 3 0x800000c4 (0x0000006f)
core   0: 3 0x800000c4 (0x0000006f)
core   0: 3 0x800000c4 (0x0000006f)
core   0: 3 0x800000c4 (0x0000006f)
core   0: 3 0x800000c4 (0x0000006f)
core   0: 3 0x800000c4 (0x0000006f)
core   0: 3 0x800000c4 (0x0000006f)
core   0: 3 0x800000c4 (0x0000006f)
core   0: 3 0x800000c4 (0x0000006f)
core   0: 3 0x800000c4 (0x0000006f)
core   0: 3 0x800000c4 (0x0000006f)
core   0: 3 0x800000c4 (0x0000006f)
core   0: 3 0x800000c4 (0x0000006f)
core   0: 3 0x800000c4 (0x0000006f)
core   0: 3 0x800000c4 (0x0000006f)
core   0: 3 0x800000c4 (0x0000006f)
core   0: 3 0x800000c4 (0x0000006f)
core   0: 3 0x800000c4 (0x0000006f)
core   0: 3 0x800000c4 (0x0000006f)
core   0: 3 0x800000c4 (0x0000006f)
core   0: 3 0x800000c4 (0x0000006f)
core   0: 3 0x800000c4 (0x0000006f)
core   0: 3 0x800000c4 (0x0000006f)
core   0: 3 0x800000c4 (0x0000006f)
core   0: 3 0x800000c4 (0x0000006f)
core   0: 3 0x800000c4 (0x0000006f)
core   0: 3 0x800000c4 (0x0000006f)
core   0: 3 0x800000c4 (0x0000006f)
core   0: 3 0x800000c4 (0x0000006f)
core   0: 3 0x800000c4 (0x0000006f)
core   0: 3 0x800000c4 (0x0000006f)
core   0: 3 0x800000c4 (0x0000006f)
core   0: 3 0x800000c4 (0x0000006f)
core   0: 3 0x800000c4 (0x0000006f)
core   0: 3 0x800000c4 (0x0000006f)
core   0: 3 0x800000c4 (0x0000006f)
core   0: 3 0x800000c4 (0x0000006f)
core   0: 3 0x800000c4 (0x0000006f)
core   0: 3 0x800000c4 (0x0000006f)
core   0: 3 0x800000c4 (0x0000006f)
core   0: 3 0x800000c4 (0x0000006f)
core   0: 3 0x800000c4 (0x0000006f)
core   0: 3 0x800000c4 (0x0000006f)
core   0: 3 0x800000c4 (0x0000006f)
core   0: 3 0x800000c4 (0x0000006f)
core   0: 3 0x800000c4 (0x0000006f)
core   0: 3 0x800000c4 (0x0000006f)
core   0: 3 0x800000c4 (0x0000006f)
core   0: 3 0x800000c4 (0x0000006f)
core   0: 3 0x800000c4 (0x0000006f)
core   0: 3 0x800000c4 (0x0000006f)
core   0: 3 0x800000c4 (0x0000006f)
core   0: 3 0x800000c4 (0x0000006f)
core   0: 3 0x800000c4 (0x0000006f)
core   0: 3 0x800000c4 (0x0000006f)
core   0: 3 0x800000c4 (0x0000006f)
core   0: 3 0x800000c4 (0x0000006f)
core   0: 3 0x800000c4 (0x0000006f)
core   0: 3 0x800000c4 (0x0000006f)
core   0: 3 0x800000c4 (0x0000006f)
core   0: 3 0x800000c4 (0x0000006f)
core   0: 3 0x800000c4 (0x0000006f)
core   0: 3 0x800000c4 (0x0000006f)
core   0: 3 0x800000c4 (0x0000006f)
core   0: 3 0x800000c4 (0x0000006f)
core   0: 3 0x800000c4 (0x0000006f)
core   0: 3 0x800000c4 (0x0000006f)
core   0: 3 0x800000c4 (0x0000006f)
core   0: 3 0x800000c4 (0x0000006f)
core   0: 3 0x800000c4 (0x0000006f)
core   0: 3 0x800000c4 (0x0000006f)
core   0: 3 0x800000c4 (0x0000006f)
core   0: 3 0x800000c4 (0x0000006f)
core   0: 3 0x800000c4 (0x0000006f)
core   0: 3 0x800000c4 (0x0000006f)
core   0: 3 0x800000c4 (0x0000006f)
core   0: 3 0x800000c4 (0x0000006f)
core   0: 3 0x800000c4 (0x0000006f)
core   0: 3 0x800000c4 (0x0000006f)
core   0: 3 0x800000c4 (0x0000006f)
core   0: 3 0x800000c4 (0x0000006f)
core   0: 3 0x800000c4 (0x0000006f)
core   0: 3 0x800000c4 (0x0000006f)
core   0: 3 0x800000c4 (0x0000006f)
core   0: 3 0x800000c4 (0x0000006f)
core   0: 3 0x800000c4 (0x0000006f)
core   0: 3 0x800000c4 (0x0000006f)
core   0: 3 0x800000c4 (0x0000006f)
core   0: 3 0x800000c4 (0x0000006f)
core   0: 3 0x800000c4 (0x0000006f)
core   0: 3 0x800000c4 (0x0000006f)
core   0: 3 0x800000c4 (0x0000006f)
core   0: 3 0x800000c4 (0x0000006f)
core   0: 3 0x800000c4 (0x0000006f)
core   0: 3 0x800000c4 (0x0000006f)
core   0: 3 0x800000c4 (0x0000006f)
core   0: 3 0x800000c4 (0x0000006f)
core   0: 3 0x800000c4 (0x0000006f)
core   0: 3 0x800000c4 (0x0000006f)
core   0: 3 0x800000c4 (0x0000006f)
core   0: 3 0x800000c4 (0x0000006f)
core   0: 3 0x800000c4 (0x0000006f)
core   0: 3 0x800000c4 (0x0000006f)
core   0: 3 0x800000c4 (0x0000006f)
core   0: 3 0x800000c4 (0x0000006f)
core   0: 3 0x800000c4 (0x0000006f)
core   0: 3 0x800000c4 (0x0000006f)
core   0: 3 0x800000c4 (0x0000006f)
core   0: 3 0x800000c4 (0x0000006f)
core   0: 3 0x800000c4 (0x0000006f)
core   0: 3 0x800000c4 (0x0000006f)
core   0: 3 0x800000c4 (0x0000006f)
core   0: 3 0x800000c4 (0x0000006f)
core   0: 3 0x800000c4 (0x0000006f)
core   0: 3 0x800000c4 (0x0000006f)
core   0: 3 0x800000c4 (0x0000006f)
core   0: 3 0x800000c4 (0x0000006f)
core   0: 3 0x800000c4 (0x0000006f)
core   0: 3 0x800000c4 (0x0000006f)
core   0: 3 0x800000c4 (0x0000006f)
core   0: 3 0x800000c4 (0x0000006f)
core   0: 3 0x800000c4 (0x0000006f)
core   0: 3 0x800000c4 (0x0000006f)
core   0: 3 0x800000c4 (0x0000006f)
core   0: 3 0x800000c4 (0x0000006f)
core   0: 3 0x800000c4 (0x0000006f)
core   0: 3 0x800000c4 (0x0000006f)
core   0: 3 0x800000c4 (0x0000006f)
core   0: 3 0x800000c4 (0x0000006f)
core   0: 3 0x800000c4 (0x0000006f)
core   0: 3 0x800000c4 (0x0000006f)
core   0: 3 0x800000c4 (0x0000006f)
core   0: 3 0x800000c4 (0x0000006f)
core   0: 3 0x800000c4 (0x0000006f)
core   0: 3 0x800000c4 (0x0000006f)
core   0: 3 0x800000c4 (0x0000006f)
core   0: 3 0x800000c4 (0x0000006f)
core   0: 3 0x800000c4 (0x0000006f)
core   0: 3 0x800000c4 (0x0000006f)
core   0: 3 0x800000c4 (0x0000006f)
core   0: 3 0x800000c4 (0x0000006f)
core   0: 3 0x800000c4 (0x0000006f)
core   0: 3 0x800000c4 (0x0000006f)
core   0: 3 0x800000c4 (0x0000006f)
core   0: 3 0x800000c4 (0x0000006f)
core   0: 3 0x800000c4 (0x0000006f)
core   0: 3 0x800000c4 (0x0000006f)
core   0: 3 0x800000c4 (0x0000006f)
core   0: 3 0x800000c4 (0x0000006f)
core   0: 3 0x800000c4 (0x0000006f)
core   0: 3 0x800000c4 (0x0000006f)
core   0: 3 0x800000c4 (0x0000006f)
core   0: 3 0x800000c4 (0x0000006f)
core   0: 3 0x800000c4 (0x0000006f)
core   0: 3 0x800000c4 (0x0000006f)
core   0: 3 0x800000c4 (0x0000006f)
core   0: 3 0x800000c4 (0x0000006f)
core   0: 3 0x800000c4 (0x0000006f)
core   0: 3 0x800000c4 (0x0000006f)
core   0: 3 0x800000c4 (0x0000006f)
core   0: 3 0x800000c4 (0x0000006f)
core   0: 3 0x800000c4 (0x0000006f)
core   0: 3 0x800000c4 (0x0000006f)
core   0: 3 0x800000c4 (0x0000006f)
core   0: 3 0x800000c4 (0x0000006f)
core   0: 3 0x800000c4 (0x0000006f)
core   0: 3 0x800000c4 (0x0000006f)
core   0: 3 0x800000c4 (0x0000006f)
core   0: 3 0x800000c4 (0x0000006f)
core   0: 3 0x800000c4 (0x0000006f)
core   0: 3 0x800000c4 (0x0000006f)
core   0: 3 0x800000c4 (0x0000006f)
core   0: 3 0x800000c4 (0x0000006f)
core   0: 3 0x800000c4 (0x0000006f)
core   0: 3 0x800000c4 (0x0000006f)
core   0: 3 0x800000c4 (0x0000006f)
core   0: 3 0x800000c4 (0x0000006f)
core   0: 3 0x800000c4 (0x0000006f)
core   0: 3 0x800000c4 (0x0000006f)
core   0: 3 0x800000c4 (0x0000006f)
core   0: 3 0x800000c4 (0x0000006f)
core   0: 3 0x800000c4 (0x0000006f)
core   0: 3 0x800000c4 (0x0000006f)
core   0: 3 0x800000c4 (0x0000006f)
core   0: 3 0x800000c4 (0x0000006f)
core   0: 3 0x800000c4 (0x0000006f)
core   0: 3 0x800000c4 (0x0000006f)
core   0: 3 0x800000c4 (0x0000006f)
core   0: 3 0x800000c4 (0x0000006f)
core   0: 3 0x800000c4 (0x0000006f)
core   0: 3 0x800000c4 (0x0000006f)
core   0: 3 0x800000c4 (0x0000006f)
core   0: 3 0x800000c4 (0x0000006f)
core   0: 3 0x800000c4 (0x0000006f)
core   0: 3 0x800000c4 (0x0000006f)
core   0: 3 0x800000c4 (0x0000006f)
core   0: 3 0x800000c4 (0x0000006f)
core   0: 3 0x800000c4 (0x0000006f)
core   0: 3 0x800000c4 (0x0000006f)
core   0: 3 0x800000c4 (0x0000006f)
core   0: 3 0x800000c4 (0x0000006f)
core   0: 3 0x800000c4 (0x0000006f)
core   0: 3 0x800000c4 (0x0000006f)
core   0: 3 0x800000c4 (0x0000006f)
core   0: 3 0x800000c4 (0x0000006f)
core   0: 3 0x800000c4 (0x0000006f)
core   0: 3 0x800000c4 (0x0000006f)
core   0: 3 0x800000c4 (0x0000006f)
core   0: 3 0x800000c4 (0x0000006f)
core   0: 3 0x800000c4 (0x0000006f)
core   0: 3 0x800000c4 (0x0000006f)
core   0: 3 0x800000c4 (0x0000006f)
core   0: 3 0x800000c4 (0x0000006f)
core   0: 3 0x800000c4 (0x0000006f)
core   0: 3 0x800000c4 (0x0000006f)
core   0: 3 0x800000c4 (0x0000006f)
core   0: 3 0x800000c4 (0x0000006f)
core   0: 3 0x800000c4 (0x0000006f)
core   0: 3 0x800000c4 (0x0000006f)
core   0: 3 0x800000c4 (0x0000006f)
core   0: 3 0x800000c4 (0x0000006f)
core   0: 3 0x800000c4 (0x0000006f)
core   0: 3 0x800000c4 (0x0000006f)
core   0: 3 0x800000c4 (0x0000006f)
core   0: 3 0x800000c4 (0x0000006f)
core   0: 3 0x800000c4 (0x0000006f)
core   0: 3 0x800000c4 (0x0000006f)
core   0: 3 0x800000c4 (0x0000006f)
core   0: 3 0x800000c4 (0x0000006f)
core   0: 3 0x800000c4 (0x0000006f)
core   0: 3 0x800000c4 (0x0000006f)
core   0: 3 0x800000c4 (0x0000006f)
core   0: 3 0x800000c4 (0x0000006f)
core   0: 3 0x800000c4 (0x0000006f)
core   0: 3 0x800000c4 (0x0000006f)
core   0: 3 0x800000c4 (0x0000006f)
core   0: 3 0x800000c4 (0x0000006f)
core   0: 3 0x800000c4 (0x0000006f)
core   0: 3 0x800000c4 (0x0000006f)
core   0: 3 0x800000c4 (0x0000006f)
core   0: 3 0x800000c4 (0x0000006f)
core   0: 3 0x800000c4 (0x0000006f)
core   0: 3 0x800000c4 (0x0000006f)
core   0: 3 0x800000c4 (0x0000006f)
core   0: 3 0x800000c4 (0x0000006f)
core   0: 3 0x800000c4 (0x0000006f)
core   0: 3 0x800000c4 (0x0000006f)
core   0: 3 0x800000c4 (0x0000006f)
core   0: 3 0x800000c4 (0x0000006f)
core   0: 3 0x800000c4 (0x0000006f)
core   0: 3 0x800000c4 (0x0000006f)
core   0: 3 0x800000c4 (0x0000006f)
core   0: 3 0x800000c4 (0x0000006f)
core   0: 3 0x800000c4 (0x0000006f)
core   0: 3 0x800000c4 (0x0000006f)
core   0: 3 0x800000c4 (0x0000006f)
core   0: 3 0x800000c4 (0x0000006f)
core   0: 3 0x800000c4 (0x0000006f)
core   0: 3 0x800000c4 (0x0000006f)
core   0: 3 0x800000c4 (0x0000006f)
core   0: 3 0x800000c4 (0x0000006f)
core   0: 3 0x800000c4 (0x0000006f)
core   0: 3 0x800000c4 (0x0000006f)
core   0: 3 0x800000c4 (0x0000006f)
core   0: 3 0x800000c4 (0x0000006f)
core   0: 3 0x800000c4 (0x0000006f)
core   0: 3 0x800000c4 (0x0000006f)
core   0: 3 0x800000c4 (0x0000006f)
core   0: 3 0x800000c4 (0x0000006f)
core   0: 3 0x800000c4 (0x0000006f)
core   0: 3 0x800000c4 (0x0000006f)
core   0: 3 0x800000c4 (0x0000006f)
core   0: 3 0x800000c4 (0x0000006f)
core   0: 3 0x800000c4 (0x0000006f)
core   0: 3 0x800000c4 (0x0000006f)
core   0: 3 0x800000c4 (0x0000006f)
core   0: 3 0x800000c4 (0x0000006f)
core   0: 3 0x800000c4 (0x0000006f)
core   0: 3 0x800000c4 (0x0000006f)
core   0: 3 0x800000c4 (0x0000006f)
core   0: 3 0x800000c4 (0x0000006f)
core   0: 3 0x800000c4 (0x0000006f)
core   0: 3 0x800000c4 (0x0000006f)
core   0: 3 0x800000c4 (0x0000006f)
core   0: 3 0x800000c4 (0x0000006f)
core   0: 3 0x800000c4 (0x0000006f)
core   0: 3 0x800000c4 (0x0000006f)
core   0: 3 0x800000c4 (0x0000006f)
core   0: 3 0x800000c4 (0x0000006f)
core   0: 3 0x800000c4 (0x0000006f)
core   0: 3 0x800000c4 (0x0000006f)
core   0: 3 0x800000c4 (0x0000006f)
core   0: 3 0x800000c4 (0x0000006f)
core   0: 3 0x800000c4 (0x0000006f)
core   0: 3 0x800000c4 (0x0000006f)
core   0: 3 0x800000c4 (0x0000006f)
core   0: 3 0x800000c4 (0x0000006f)
core   0: 3 0x800000c4 (0x0000006f)
core   0: 3 0x800000c4 (0x0000006f)
core   0: 3 0x800000c4 (0x0000006f)
core   0: 3 0x800000c4 (0x0000006f)
core   0: 3 0x800000c4 (0x0000006f)
core   0: 3 0x800000c4 (0x0000006f)
core   0: 3 0x800000c4 (0x0000006f)
core   0: 3 0x800000c4 (0x0000006f)
core   0: 3 0x800000c4 (0x0000006f)
core   0: 3 0x800000c4 (0x0000006f)
core   0: 3 0x800000c4 (0x0000006f)
core   0: 3 0x800000c4 (0x0000006f)
core   0: 3 0x800000c4 (0x0000006f)
core   0: 3 0x800000c4 (0x0000006f)
core   0: 3 0x800000c4 (0x0000006f)
core   0: 3 0x800000c4 (0x0000006f)
core   0: 3 0x800000c4 (0x0000006f)
core   0: 3 0x800000c4 (0x0000006f)
core   0: 3 0x800000c4 (0x0000006f)
core   0: 3 0x800000c4 (0x0000006f)
core   0: 3 0x800000c4 (0x0000006f)
core   0: 3 0x800000c4 (0x0000006f)
core   0: 3 0x800000c4 (0x0000006f)
core   0: 3 0x800000c4 (0x0000006f)
core   0: 3 0x800000c4 (0x0000006f)
core   0: 3 0x800000c4 (0x0000006f)
core   0: 3 0x800000c4 (0x0000006f)
core   0: 3 0x800000c4 (0x0000006f)
core   0: 3 0x800000c4 (0x0000006f)
core   0: 3 0x800000c4 (0x0000006f)
core   0: 3 0x800000c4 (0x0000006f)
core   0: 3 0x800000c4 (0x0000006f)
core   0: 3 0x800000c4 (0x0000006f)
core   0: 3 0x800000c4 (0x0000006f)
core   0: 3 0x800000c4 (0x0000006f)
core   0: 3 0x800000c4 (0x0000006f)
core   0: 3 0x800000c4 (0x0000006f)
core   0: 3 0x800000c4 (0x0000006f)
core   0: 3 0x800000c4 (0x0000006f)
core   0: 3 0x800000c4 (0x0000006f)
core   0: 3 0x800000c4 (0x0000006f)
core   0: 3 0x800000c4 (0x0000006f)
core   0: 3 0x800000c4 (0x0000006f)
core   0: 3 0x800000c4 (0x0000006f)
core   0: 3 0x800000c4 (0x0000006f)
core   0: 3 0x800000c4 (0x0000006f)
core   0: 3 0x800000c4 (0x0000006f)
core   0: 3 0x800000c4 (0x0000006f)
core   0: 3 0x800000c4 (0x0000006f)
core   0: 3 0x800000c4 (0x0000006f)
core   0: 3 0x800000c4 (0x0000006f)
core   0: 3 0x800000c4 (0x0000006f)
core   0: 3 0x800000c4 (0x0000006f)
core   0: 3 0x800000c4 (0x0000006f)
core   0: 3 0x800000c4 (0x0000006f)
core   0: 3 0x800000c4 (0x0000006f)
core   0: 3 0x800000c4 (0x0000006f)
core   0: 3 0x800000c4 (0x0000006f)
core   0: 3 0x800000c4 (0x0000006f)
core   0: 3 0x800000c4 (0x0000006f)
core   0: 3 0x800000c4 (0x0000006f)
core   0: 3 0x800000c4 (0x0000006f)
core   0: 3 0x800000c4 (0x0000006f)
core   0: 3 0x800000c4 (0x0000006f)
core   0: 3 0x800000c4 (0x0000006f)
core   0: 3 0x800000c4 (0x0000006f)
core   0: 3 0x800000c4 (0x0000006f)
core   0: 3 0x800000c4 (0x0000006f)
core   0: 3 0x800000c4 (0x0000006f)
core   0: 3 0x800000c4 (0x0000006f)
core   0: 3 0x800000c4 (0x0000006f)
core   0: 3 0x800000c4 (0x0000006f)
core   0: 3 0x800000c4 (0x0000006f)
core   0: 3 0x800000c4 (0x0000006f)
core   0: 3 0x800000c4 (0x0000006f)
core   0: 3 0x800000c4 (0x0000006f)
core   0: 3 0x800000c4 (0x0000006f)
core   0: 3 0x800000c4 (0x0000006f)
core   0: 3 0x800000c4 (0x0000006f)
core   0: 3 0x800000c4 (0x0000006f)
core   0: 3 0x800000c4 (0x0000006f)
core   0: 3 0x800000c4 (0x0000006f)
core   0: 3 0x800000c4 (0x0000006f)
core   0: 3 0x800000c4 (0x0000006f)
core   0: 3 0x800000c4 (0x0000006f)
core   0: 3 0x800000c4 (0x0000006f)
core   0: 3 0x800000c4 (0x0000006f)
core   0: 3 0x800000c4 (0x0000006f)
core   0: 3 0x800000c4 (0x0000006f)
core   0: 3 0x800000c4 (0x0000006f)
core   0: 3 0x800000c4 (0x0000006f)
core   0: 3 0x800000c4 (0x0000006f)
core   0: 3 0x800000c4 (0x0000006f)
core   0: 3 0x800000c4 (0x0000006f)
core   0: 3 0x800000c4 (0x0000006f)
core   0: 3 0x800000c4 (0x0000006f)
core   0: 3 0x800000c4 (0x0000006f)
core   0: 3 0x800000c4 (0x0000006f)
core   0: 3 0x800000c4 (0x0000006f)
core   0: 3 0x800000c4 (0x0000006f)
core   0: 3 0x800000c4 (0x0000006f)
core   0: 3 0x800000c4 (0x0000006f)
core   0: 3 0x800000c4 (0x0000006f)
core   0: 3 0x800000c4 (0x0000006f)
core   0: 3 0x800000c4 (0x0000006f)
core   0: 3 0x800000c4 (0x0000006f)
core   0: 3 0x800000c4 (0x0000006f)
core   0: 3 0x800000c4 (0x0000006f)
core   0: 3 0x800000c4 (0x0000006f)
core   0: 3 0x800000c4 (0x0000006f)
core   0: 3 0x800000c4 (0x0000006f)
core   0: 3 0x800000c4 (0x0000006f)
core   0: 3 0x800000c4 (0x0000006f)
core   0: 3 0x800000c4 (0x0000006f)
core   0: 3 0x800000c4 (0x0000006f)
core   0: 3 0x800000c4 (0x0000006f)
core   0: 3 0x800000c4 (0x0000006f)
core   0: 3 0x800000c4 (0x0000006f)
core   0: 3 0x800000c4 (0x0000006f)
core   0: 3 0x800000c4 (0x0000006f)
core   0: 3 0x800000c4 (0x0000006f)
core   0: 3 0x800000c4 (0x0000006f)
core   0: 3 0x800000c4 (0x0000006f)
core   0: 3 0x800000c4 (0x0000006f)
core   0: 3 0x800000c4 (0x0000006f)
core   0: 3 0x800000c4 (0x0000006f)
core   0: 3 0x800000c4 (0x0000006f)
core   0: 3 0x800000c4 (0x0000006f)
core   0: 3 0x800000c4 (0x0000006f)
core   0: 3 0x800000c4 (0x0000006f)
core   0: 3 0x800000c4 (0x0000006f)
core   0: 3 0x800000c4 (0x0000006f)
core   0: 3 0x800000c4 (0x0000006f)
core   0: 3 0x800000c4 (0x0000006f)
core   0: 3 0x800000c4 (0x0000006f)
core   0: 3 0x800000c4 (0x0000006f)
core   0: 3 0x800000c4 (0x0000006f)
core   0: 3 0x800000c4 (0x0000006f)
core   0: 3 0x800000c4 (0x0000006f)
core   0: 3 0x800000c4 (0x0000006f)
core   0: 3 0x800000c4 (0x0000006f)
core   0: 3 0x800000c4 (0x0000006f)
core   0: 3 0x800000c4 (0x0000006f)
core   0: 3 0x800000c4 (0x0000006f)
core   0: 3 0x800000c4 (0x0000006f)
core   0: 3 0x800000c4 (0x0000006f)
core   0: 3 0x800000c4 (0x0000006f)
core   0: 3 0x800000c4 (0x0000006f)
core   0: 3 0x800000c4 (0x0000006f)
core   0: 3 0x800000c4 (0x0000006f)
core   0: 3 0x800000c4 (0x0000006f)
core   0: 3 0x800000c4 (0x0000006f)
core   0: 3 0x800000c4 (0x0000006f)
core   0: 3 0x800000c4 (0x0000006f)
core   0: 3 0x800000c4 (0x0000006f)
core   0: 3 0x800000c4 (0x0000006f)
core   0: 3 0x800000c4 (0x0000006f)
core   0: 3 0x800000c4 (0x0000006f)
core   0: 3 0x800000c4 (0x0000006f)
core   0: 3 0x800000c4 (0x0000006f)
core   0: 3 0x800000c4 (0x0000006f)
core   0: 3 0x800000c4 (0x0000006f)
core   0: 3 0x800000c4 (0x0000006f)
core   0: 3 0x800000c4 (0x0000006f)
core   0: 3 0x800000c4 (0x0000006f)
core   0: 3 0x800000c4 (0x0000006f)
core   0: 3 0x800000c4 (0x0000006f)
core   0: 3 0x800000c4 (0x0000006f)
core   0: 3 0x800000c4 (0x0000006f)
core   0: 3 0x800000c4 (0x0000006f)
core   0: 3 0x800000c4 (0x0000006f)
core   0: 3 0x800000c4 (0x0000006f)
core   0: 3 0x800000c4 (0x0000006f)
core   0: 3 0x800000c4 (0x0000006f)
core   0: 3 0x800000c4 (0x0000006f)
core   0: 3 0x800000c4 (0x0000006f)
core   0: 3 0x800000c4 (0x0000006f)
core   0: 3 0x800000c4 (0x0000006f)
core   0: 3 0x800000c4 (0x0000006f)
core   0: 3 0x800000c4 (0x0000006f)
core   0: 3 0x800000c4 (0x0000006f)
core   0: 3 0x800000c4 (0x0000006f)
core   0: 3 0x800000c4 (0x0000006f)
core   0: 3 0x800000c4 (0x0000006f)
core   0: 3 0x800000c4 (0x0000006f)
core   0: 3 0x800000c4 (0x0000006f)
core   0: 3 0x800000c4 (0x0000006f)
core   0: 3 0x800000c4 (0x0000006f)
core   0: 3 0x800000c4 (0x0000006f)
core   0: 3 0x800000c4 (0x0000006f)
core   0: 3 0x800000c4 (0x0000006f)
core   0: 3 0x800000c4 (0x0000006f)
core   0: 3 0x800000c4 (0x0000006f)
core   0: 3 0x800000c4 (0x0000006f)
core   0: 3 0x800000c4 (0x0000006f)
core   0: 3 0x800000c4 (0x0000006f)
core   0: 3 0x800000c4 (0x0000006f)
core   0: 3 0x800000c4 (0x0000006f)
core   0: 3 0x800000c4 (0x0000006f)
core   0: 3 0x800000c4 (0x0000006f)
core   0: 3 0x800000c4 (0x0000006f)
core   0: 3 0x800000c4 (0x0000006f)
core   0: 3 0x800000c4 (0x0000006f)
core   0: 3 0x800000c4 (0x0000006f)
core   0: 3 0x800000c4 (0x0000006f)
core   0: 3 0x800000c4 (0x0000006f)
core   0: 3 0x800000c4 (0x0000006f)
core   0: 3 0x800000c4 (0x0000006f)
core   0: 3 0x800000c4 (0x0000006f)
core   0: 3 0x800000c4 (0x0000006f)
core   0: 3 0x800000c4 (0x0000006f)
core   0: 3 0x800000c4 (0x0000006f)
core   0: 3 0x800000c4 (0x0000006f)
core   0: 3 0x800000c4 (0x0000006f)
core   0: 3 0x800000c4 (0x0000006f)
core   0: 3 0x800000c4 (0x0000006f)
core   0: 3 0x800000c4 (0x0000006f)
core   0: 3 0x800000c4 (0x0000006f)
core   0: 3 0x800000c4 (0x0000006f)
core   0: 3 0x800000c4 (0x0000006f)
core   0: 3 0x800000c4 (0x0000006f)
core   0: 3 0x800000c4 (0x0000006f)
core   0: 3 0x800000c4 (0x0000006f)
core   0: 3 0x800000c4 (0x0000006f)
core   0: 3 0x800000c4 (0x0000006f)
core   0: 3 0x800000c4 (0x0000006f)
core   0: 3 0x800000c4 (0x0000006f)
core   0: 3 0x800000c4 (0x0000006f)
core   0: 3 0x800000c4 (0x0000006f)
core   0: 3 0x800000c4 (0x0000006f)
core   0: 3 0x800000c4 (0x0000006f)
core   0: 3 0x800000c4 (0x0000006f)
core   0: 3 0x800000c4 (0x0000006f)
core   0: 3 0x800000c4 (0x0000006f)
core   0: 3 0x800000c4 (0x0000006f)
core   0: 3 0x800000c4 (0x0000006f)
core   0: 3 0x800000c4 (0x0000006f)
core   0: 3 0x800000c4 (0x0000006f)
core   0: 3 0x800000c4 (0x0000006f)
core   0: 3 0x800000c4 (0x0000006f)
core   0: 3 0x800000c4 (0x0000006f)
core   0: 3 0x800000c4 (0x0000006f)
core   0: 3 0x800000c4 (0x0000006f)
core   0: 3 0x800000c4 (0x0000006f)
core   0: 3 0x800000c4 (0x0000006f)
core   0: 3 0x800000c4 (0x0000006f)
core   0: 3 0x800000c4 (0x0000006f)
core   0: 3 0x800000c4 (0x0000006f)
core   0: 3 0x800000c4 (0x0000006f)
core   0: 3 0x800000c4 (0x0000006f)
core   0: 3 0x800000c4 (0x0000006f)
core   0: 3 0x800000c4 (0x0000006f)
core   0: 3 0x800000c4 (0x0000006f)
core   0: 3 0x800000c4 (0x0000006f)
core   0: 3 0x800000c4 (0x0000006f)
core   0: 3 0x800000c4 (0x0000006f)
core   0: 3 0x800000c4 (0x0000006f)
core   0: 3 0x800000c4 (0x0000006f)
core   0: 3 0x800000c4 (0x0000006f)
core   0: 3 0x800000c4 (0x0000006f)
core   0: 3 0x800000c4 (0x0000006f)
core   0: 3 0x800000c4 (0x0000006f)
core   0: 3 0x800000c4 (0x0000006f)
core   0: 3 0x800000c4 (0x0000006f)
core   0: 3 0x800000c4 (0x0000006f)
core   0: 3 0x800000c4 (0x0000006f)
core   0: 3 0x800000c4 (0x0000006f)
core   0: 3 0x800000c4 (0x0000006f)
core   0: 3 0x800000c4 (0x0000006f)
core   0: 3 0x800000c4 (0x0000006f)
core   0: 3 0x800000c4 (0x0000006f)
core   0: 3 0x800000c4 (0x0000006f)
core   0: 3 0x800000c4 (0x0000006f)
core   0: 3 0x800000c4 (0x0000006f)
core   0: 3 0x800000c4 (0x0000006f)
core   0: 3 0x800000c4 (0x0000006f)
core   0: 3 0x800000c4 (0x0000006f)
core   0: 3 0x800000c4 (0x0000006f)
core   0: 3 0x800000c4 (0x0000006f)
core   0: 3 0x800000c4 (0x0000006f)
core   0: 3 0x800000c4 (0x0000006f)
core   0: 3 0x800000c4 (0x0000006f)
core   0: 3 0x800000c4 (0x0000006f)
core   0: 3 0x800000c4 (0x0000006f)
core   0: 3 0x800000c4 (0x0000006f)
core   0: 3 0x800000c4 (0x0000006f)
core   0: 3 0x800000c4 (0x0000006f)
core   0: 3 0x800000c4 (0x0000006f)
core   0: 3 0x800000c4 (0x0000006f)
core   0: 3 0x800000c4 (0x0000006f)
core   0: 3 0x800000c4 (0x0000006f)
core   0: 3 0x800000c4 (0x0000006f)
core   0: 3 0x800000c4 (0x0000006f)
core   0: 3 0x800000c4 (0x0000006f)
core   0: 3 0x800000c4 (0x0000006f)
core   0: 3 0x800000c4 (0x0000006f)
core   0: 3 0x800000c4 (0x0000006f)
core   0: 3 0x800000c4 (0x0000006f)
core   0: 3 0x800000c4 (0x0000006f)
core   0: 3 0x800000c4 (0x0000006f)
core   0: 3 0x800000c4 (0x0000006f)
core   0: 3 0x800000c4 (0x0000006f)
core   0: 3 0x800000c4 (0x0000006f)
core   0: 3 0x800000c4 (0x0000006f)
core   0: 3 0x800000c4 (0x0000006f)
core   0: 3 0x800000c4 (0x0000006f)
core   0: 3 0x800000c4 (0x0000006f)
core   0: 3 0x800000c4 (0x0000006f)
core   0: 3 0x800000c4 (0x0000006f)
core   0: 3 0x800000c4 (0x0000006f)
core   0: 3 0x800000c4 (0x0000006f)
core   0: 3 0x800000c4 (0x0000006f)
core   0: 3 0x800000c4 (0x0000006f)
core   0: 3 0x800000c4 (0x0000006f)
core   0: 3 0x800000c4 (0x0000006f)
core   0: 3 0x800000c4 (0x0000006f)
core   0: 3 0x800000c4 (0x0000006f)
core   0: 3 0x800000c4 (0x0000006f)
core   0: 3 0x800000c4 (0x0000006f)
core   0: 3 0x800000c4 (0x0000006f)
core   0: 3 0x800000c4 (0x0000006f)
core   0: 3 0x800000c4 (0x0000006f)
core   0: 3 0x800000c4 (0x0000006f)
core   0: 3 0x800000c4 (0x0000006f)
core   0: 3 0x800000c4 (0x0000006f)
core   0: 3 0x800000c4 (0x0000006f)
core   0: 3 0x800000c4 (0x0000006f)
core   0: 3 0x800000c4 (0x0000006f)
core   0: 3 0x800000c4 (0x0000006f)
core   0: 3 0x800000c4 (0x0000006f)
core   0: 3 0x800000c4 (0x0000006f)
core   0: 3 0x800000c4 (0x0000006f)
core   0: 3 0x800000c4 (0x0000006f)
core   0: 3 0x800000c4 (0x0000006f)
core   0: 3 0x800000c4 (0x0000006f)
core   0: 3 0x800000c4 (0x0000006f)
core   0: 3 0x800000c4 (0x0000006f)
core   0: 3 0x800000c4 (0x0000006f)
core   0: 3 0x800000c4 (0x0000006f)
core   0: 3 0x800000c4 (0x0000006f)
core   0: 3 0x800000c4 (0x0000006f)
core   0: 3 0x800000c4 (0x0000006f)
core   0: 3 0x800000c4 (0x0000006f)
core   0: 3 0x800000c4 (0x0000006f)
core   0: 3 0x800000c4 (0x0000006f)
core   0: 3 0x800000c4 (0x0000006f)
core   0: 3 0x800000c4 (0x0000006f)
core   0: 3 0x800000c4 (0x0000006f)
core   0: 3 0x800000c4 (0x0000006f)
core   0: 3 0x800000c4 (0x0000006f)
core   0: 3 0x800000c4 (0x0000006f)
core   0: 3 0x800000c4 (0x0000006f)
core   0: 3 0x800000c4 (0x0000006f)
core   0: 3 0x800000c4 (0x0000006f)
core   0: 3 0x800000c4 (0x0000006f)
core   0: 3 0x800000c4 (0x0000006f)
core   0: 3 0x800000c4 (0x0000006f)
core   0: 3 0x800000c4 (0x0000006f)
core   0: 3 0x800000c4 (0x0000006f)
core   0: 3 0x800000c4 (0x0000006f)
core   0: 3 0x800000c4 (0x0000006f)
core   0: 3 0x800000c4 (0x0000006f)
core   0: 3 0x800000c4 (0x0000006f)
core   0: 3 0x800000c4 (0x0000006f)
core   0: 3 0x800000c4 (0x0000006f)
core   0: 3 0x800000c4 (0x0000006f)
core   0: 3 0x800000c4 (0x0000006f)
core   0: 3 0x800000c4 (0x0000006f)
core   0: 3 0x800000c4 (0x0000006f)
core   0: 3 0x800000c4 (0x0000006f)
core   0: 3 0x800000c4 (0x0000006f)
core   0: 3 0x800000c4 (0x0000006f)
core   0: 3 0x800000c4 (0x0000006f)
core   0: 3 0x800000c4 (0x0000006f)
core   0: 3 0x800000c4 (0x0000006f)
core   0: 3 0x800000c4 (0x0000006f)
core   0: 3 0x800000c4 (0x0000006f)
core   0: 3 0x800000c4 (0x0000006f)
core   0: 3 0x800000c4 (0x0000006f)
core   0: 3 0x800000c4 (0x0000006f)
core   0: 3 0x800000c4 (0x0000006f)
core   0: 3 0x800000c4 (0x0000006f)
core   0: 3 0x800000c4 (0x0000006f)
core   0: 3 0x800000c4 (0x0000006f)
core   0: 3 0x800000c4 (0x0000006f)
core   0: 3 0x800000c4 (0x0000006f)
core   0: 3 0x800000c4 (0x0000006f)
core   0: 3 0x800000c4 (0x0000006f)
core   0: 3 0x800000c4 (0x0000006f)
core   0: 3 0x800000c4 (0x0000006f)
core   0: 3 0x800000c4 (0x0000006f)
core   0: 3 0x800000c4 (0x0000006f)
core   0: 3 0x800000c4 (0x0000006f)
core   0: 3 0x800000c4 (0x0000006f)
core   0: 3 0x800000c4 (0x0000006f)
core   0: 3 0x800000c4 (0x0000006f)
core   0: 3 0x800000c4 (0x0000006f)
core   0: 3 0x800000c4 (0x0000006f)
core   0: 3 0x800000c4 (0x0000006f)
core   0: 3 0x800000c4 (0x0000006f)
core   0: 3 0x800000c4 (0x0000006f)
core   0: 3 0x800000c4 (0x0000006f)
core   0: 3 0x800000c4 (0x0000006f)
core   0: 3 0x800000c4 (0x0000006f)
core   0: 3 0x800000c4 (0x0000006f)
core   0: 3 0x800000c4 (0x0000006f)
core   0: 3 0x800000c4 (0x0000006f)
core   0: 3 0x800000c4 (0x0000006f)
core   0: 3 0x800000c4 (0x0000006f)
core   0: 3 0x800000c4 (0x0000006f)
core   0: 3 0x800000c4 (0x0000006f)
core   0: 3 0x800000c4 (0x0000006f)
core   0: 3 0x800000c4 (0x0000006f)
core   0: 3 0x800000c4 (0x0000006f)
core   0: 3 0x800000c4 (0x0000006f)
core   0: 3 0x800000c4 (0x0000006f)
core   0: 3 0x800000c4 (0x0000006f)
core   0: 3 0x800000c4 (0x0000006f)
core   0: 3 0x800000c4 (0x0000006f)
core   0: 3 0x800000c4 (0x0000006f)
core   0: 3 0x800000c4 (0x0000006f)
core   0: 3 0x800000c4 (0x0000006f)
core   0: 3 0x800000c4 (0x0000006f)
core   0: 3 0x800000c4 (0x0000006f)
core   0: 3 0x800000c4 (0x0000006f)
core   0: 3 0x800000c4 (0x0000006f)
core   0: 3 0x800000c4 (0x0000006f)
core   0: 3 0x800000c4 (0x0000006f)
core   0: 3 0x800000c4 (0x0000006f)
core   0: 3 0x800000c4 (0x0000006f)
core   0: 3 0x800000c4 (0x0000006f)
core   0: 3 0x800000c4 (0x0000006f)
core   0: 3 0x800000c4 (0x0000006f)
core   0: 3 0x800000c4 (0x0000006f)
core   0: 3 0x800000c4 (0x0000006f)
core   0: 3 0x800000c4 (0x0000006f)
core   0: 3 0x800000c4 (0x0000006f)
core   0: 3 0x800000c4 (0x0000006f)
core   0: 3 0x800000c4 (0x0000006f)
core   0: 3 0x800000c4 (0x0000006f)
core   0: 3 0x800000c4 (0x0000006f)
core   0: 3 0x800000c4 (0x0000006f)
core   0: 3 0x800000c4 (0x0000006f)
core   0: 3 0x800000c4 (0x0000006f)
core   0: 3 0x800000c4 (0x0000006f)
core   0: 3 0x800000c4 (0x0000006f)
core   0: 3 0x800000c4 (0x0000006f)
core   0: 3 0x800000c4 (0x0000006f)
core   0: 3 0x800000c4 (0x0000006f)
core   0: 3 0x800000c4 (0x0000006f)
core   0: 3 0x800000c4 (0x0000006f)
core   0: 3 0x800000c4 (0x0000006f)
core   0: 3 0x800000c4 (0x0000006f)
core   0: 3 0x800000c4 (0x0000006f)
core   0: 3 0x800000c4 (0x0000006f)
core   0: 3 0x800000c4 (0x0000006f)
core   0: 3 0x800000c4 (0x0000006f)
core   0: 3 0x800000c4 (0x0000006f)
core   0: 3 0x800000c4 (0x0000006f)
core   0: 3 0x800000c4 (0x0000006f)
core   0: 3 0x800000c4 (0x0000006f)
core   0: 3 0x800000c4 (0x0000006f)
core   0: 3 0x800000c4 (0x0000006f)
core   0: 3 0x800000c4 (0x0000006f)
core   0: 3 0x800000c4 (0x0000006f)
core   0: 3 0x800000c4 (0x0000006f)
core   0: 3 0x800000c4 (0x0000006f)
core   0: 3 0x800000c4 (0x0000006f)
core   0: 3 0x800000c4 (0x0000006f)
core   0: 3 0x800000c4 (0x0000006f)
core   0: 3 0x800000c4 (0x0000006f)
core   0: 3 0x800000c4 (0x0000006f)
core   0: 3 0x800000c4 (0x0000006f)
core   0: 3 0x800000c4 (0x0000006f)
core   0: 3 0x800000c4 (0x0000006f)
core   0: 3 0x800000c4 (0x0000006f)
core   0: 3 0x800000c4 (0x0000006f)
core   0: 3 0x800000c4 (0x0000006f)
core   0: 3 0x800000c4 (0x0000006f)
core   0: 3 0x800000c4 (0x0000006f)
core   0: 3 0x800000c4 (0x0000006f)
core   0: 3 0x800000c4 (0x0000006f)
core   0: 3 0x800000c4 (0x0000006f)
core   0: 3 0x800000c4 (0x0000006f)
core   0: 3 0x800000c4 (0x0000006f)
core   0: 3 0x800000c4 (0x0000006f)
core   0: 3 0x800000c4 (0x0000006f)
core   0: 3 0x800000c4 (0x0000006f)
core   0: 3 0x800000c4 (0x0000006f)
core   0: 3 0x800000c4 (0x0000006f)
core   0: 3 0x800000c4 (0x0000006f)
core   0: 3 0x800000c4 (0x0000006f)
core   0: 3 0x800000c4 (0x0000006f)
core   0: 3 0x800000c4 (0x0000006f)
core   0: 3 0x800000c4 (0x0000006f)
core   0: 3 0x800000c4 (0x0000006f)
core   0: 3 0x800000c4 (0x0000006f)
core   0: 3 0x800000c4 (0x0000006f)
core   0: 3 0x800000c4 (0x0000006f)
core   0: 3 0x800000c4 (0x0000006f)
core   0: 3 0x800000c4 (0x0000006f)
core   0: 3 0x800000c4 (0x0000006f)
core   0: 3 0x800000c4 (0x0000006f)
core   0: 3 0x800000c4 (0x0000006f)
core   0: 3 0x800000c4 (0x0000006f)
core   0: 3 0x800000c4 (0x0000006f)
core   0: 3 0x800000c4 (0x0000006f)
core   0: 3 0x800000c4 (0x0000006f)
core   0: 3 0x800000c4 (0x0000006f)
core   0: 3 0x800000c4 (0x0000006f)
core   0: 3 0x800000c4 (0x0000006f)
core   0: 3 0x800000c4 (0x0000006f)
core   0: 3 0x800000c4 (0x0000006f)
core   0: 3 0x800000c4 (0x0000006f)
core   0: 3 0x800000c4 (0x0000006f)
core   0: 3 0x800000c4 (0x0000006f)
core   0: 3 0x800000c4 (0x0000006f)
core   0: 3 0x800000c4 (0x0000006f)
core   0: 3 0x800000c4 (0x0000006f)
core   0: 3 0x800000c4 (0x0000006f)
core   0: 3 0x800000c4 (0x0000006f)
core   0: 3 0x800000c4 (0x0000006f)
core   0: 3 0x800000c4 (0x0000006f)
core   0: 3 0x800000c4 (0x0000006f)
core   0: 3 0x800000c4 (0x0000006f)
core   0: 3 0x800000c4 (0x0000006f)
core   0: 3 0x800000c4 (0x0000006f)
core   0: 3 0x800000c4 (0x0000006f)
core   0: 3 0x800000c4 (0x0000006f)
core   0: 3 0x800000c4 (0x0000006f)
core   0: 3 0x800000c4 (0x0000006f)
core   0: 3 0x800000c4 (0x0000006f)
core   0: 3 0x800000c4 (0x0000006f)
core   0: 3 0x800000c4 (0x0000006f)
core   0: 3 0x800000c4 (0x0000006f)
core   0: 3 0x800000c4 (0x0000006f)
core   0: 3 0x800000c4 (0x0000006f)
core   0: 3 0x800000c4 (0x0000006f)
core   0: 3 0x800000c4 (0x0000006f)
core   0: 3 0x800000c4 (0x0000006f)
core   0: 3 0x800000c4 (0x0000006f)
core   0: 3 0x800000c4 (0x0000006f)
core   0: 3 0x800000c4 (0x0000006f)
core   0: 3 0x800000c4 (0x0000006f)
core   0: 3 0x800000c4 (0x0000006f)
core   0: 3 0x800000c4 (0x0000006f)
core   0: 3 0x800000c4 (0x0000006f)
core   0: 3 0x800000c4 (0x0000006f)
core   0: 3 0x800000c4 (0x0000006f)
core   0: 3 0x800000c4 (0x0000006f)
core   0: 3 0x800000c4 (0x0000006f)
core   0: 3 0x800000c4 (0x0000006f)
core   0: 3 0x800000c4 (0x0000006f)
core   0: 3 0x800000c4 (0x0000006f)
core   0: 3 0x800000c4 (0x0000006f)
core   0: 3 0x800000c4 (0x0000006f)
core   0: 3 0x800000c4 (0x0000006f)
core   0: 3 0x800000c4 (0x0000006f)
core   0: 3 0x800000c4 (0x0000006f)
core   0: 3 0x800000c4 (0x0000006f)
core   0: 3 0x800000c4 (0x0000006f)
core   0: 3 0x800000c4 (0x0000006f)
core   0: 3 0x800000c4 (0x0000006f)
core   0: 3 0x800000c4 (0x0000006f)
core   0: 3 0x800000c4 (0x0000006f)
core   0: 3 0x800000c4 (0x0000006f)
core   0: 3 0x800000c4 (0x0000006f)
core   0: 3 0x800000c4 (0x0000006f)
core   0: 3 0x800000c4 (0x0000006f)
core   0: 3 0x800000c4 (0x0000006f)
core   0: 3 0x800000c4 (0x0000006f)
core   0: 3 0x800000c4 (0x0000006f)
core   0: 3 0x800000c4 (0x0000006f)
core   0: 3 0x800000c4 (0x0000006f)
core   0: 3 0x800000c4 (0x0000006f)
core   0: 3 0x800000c4 (0x0000006f)
core   0: 3 0x800000c4 (0x0000006f)
core   0: 3 0x800000c4 (0x0000006f)
core   0: 3 0x800000c4 (0x0000006f)
core   0: 3 0x800000c4 (0x0000006f)
core   0: 3 0x800000c4 (0x0000006f)
core   0: 3 0x800000c4 (0x0000006f)
core   0: 3 0x800000c4 (0x0000006f)
core   0: 3 0x800000c4 (0x0000006f)
core   0: 3 0x800000c4 (0x0000006f)
core   0: 3 0x800000c4 (0x0000006f)
core   0: 3 0x800000c4 (0x0000006f)
core   0: 3 0x800000c4 (0x0000006f)
core   0: 3 0x800000c4 (0x0000006f)
core   0: 3 0x800000c4 (0x0000006f)
core   0: 3 0x800000c4 (0x0000006f)
core   0: 3 0x800000c4 (0x0000006f)
core   0: 3 0x800000c4 (0x0000006f)
core   0: 3 0x800000c4 (0x0000006f)
core   0: 3 0x800000c4 (0x0000006f)
core   0: 3 0x800000c4 (0x0000006f)
core   0: 3 0x800000c4 (0x0000006f)
core   0: 3 0x800000c4 (0x0000006f)
core   0: 3 0x800000c4 (0x0000006f)
core   0: 3 0x800000c4 (0x0000006f)
core   0: 3 0x800000c4 (0x0000006f)
core   0: 3 0x800000c4 (0x0000006f)
core   0: 3 0x800000c4 (0x0000006f)
core   0: 3 0x800000c4 (0x0000006f)
core   0: 3 0x800000c4 (0x0000006f)
core   0: 3 0x800000c4 (0x0000006f)
core   0: 3 0x800000c4 (0x0000006f)
core   0: 3 0x800000c4 (0x0000006f)
core   0: 3 0x800000c4 (0x0000006f)
core   0: 3 0x800000c4 (0x0000006f)
core   0: 3 0x800000c4 (0x0000006f)
core   0: 3 0x800000c4 (0x0000006f)
core   0: 3 0x800000c4 (0x0000006f)
core   0: 3 0x800000c4 (0x0000006f)
core   0: 3 0x800000c4 (0x0000006f)
core   0: 3 0x800000c4 (0x0000006f)
core   0: 3 0x800000c4 (0x0000006f)
core   0: 3 0x800000c4 (0x0000006f)
core   0: 3 0x800000c4 (0x0000006f)
core   0: 3 0x800000c4 (0x0000006f)
core   0: 3 0x800000c4 (0x0000006f)
core   0: 3 0x800000c4 (0x0000006f)
core   0: 3 0x800000c4 (0x0000006f)
core   0: 3 0x800000c4 (0x0000006f)
core   0: 3 0x800000c4 (0x0000006f)
core   0: 3 0x800000c4 (0x0000006f)
core   0: 3 0x800000c4 (0x0000006f)
core   0: 3 0x800000c4 (0x0000006f)
core   0: 3 0x800000c4 (0x0000006f)
core   0: 3 0x800000c4 (0x0000006f)
core   0: 3 0x800000c4 (0x0000006f)
core   0: 3 0x800000c4 (0x0000006f)
core   0: 3 0x800000c4 (0x0000006f)
core   0: 3 0x800000c4 (0x0000006f)
core   0: 3 0x800000c4 (0x0000006f)
core   0: 3 0x800000c4 (0x0000006f)
core   0: 3 0x800000c4 (0x0000006f)
core   0: 3 0x800000c4 (0x0000006f)
core   0: 3 0x800000c4 (0x0000006f)
core   0: 3 0x800000c4 (0x0000006f)
core   0: 3 0x800000c4 (0x0000006f)
core   0: 3 0x800000c4 (0x0000006f)
core   0: 3 0x800000c4 (0x0000006f)
core   0: 3 0x800000c4 (0x0000006f)
core   0: 3 0x800000c4 (0x0000006f)
core   0: 3 0x800000c4 (0x0000006f)
core   0: 3 0x800000c4 (0x0000006f)
core   0: 3 0x800000c4 (0x0000006f)
core   0: 3 0x800000c4 (0x0000006f)
core   0: 3 0x800000c4 (0x0000006f)
core   0: 3 0x800000c4 (0x0000006f)
core   0: 3 0x800000c4 (0x0000006f)
core   0: 3 0x800000c4 (0x0000006f)
core   0: 3 0x800000c4 (0x0000006f)
core   0: 3 0x800000c4 (0x0000006f)
core   0: 3 0x800000c4 (0x0000006f)
core   0: 3 0x800000c4 (0x0000006f)
core   0: 3 0x800000c4 (0x0000006f)
core   0: 3 0x800000c4 (0x0000006f)
core   0: 3 0x800000c4 (0x0000006f)
core   0: 3 0x800000c4 (0x0000006f)
core   0: 3 0x800000c4 (0x0000006f)
core   0: 3 0x800000c4 (0x0000006f)
core   0: 3 0x800000c4 (0x0000006f)
core   0: 3 0x800000c4 (0x0000006f)
core   0: 3 0x800000c4 (0x0000006f)
core   0: 3 0x800000c4 (0x0000006f)
core   0: 3 0x800000c4 (0x0000006f)
core   0: 3 0x800000c4 (0x0000006f)
core   0: 3 0x800000c4 (0x0000006f)
core   0: 3 0x800000c4 (0x0000006f)
core   0: 3 0x800000c4 (0x0000006f)
core   0: 3 0x800000c4 (0x0000006f)
core   0: 3 0x800000c4 (0x0000006f)
core   0: 3 0x800000c4 (0x0000006f)
core   0: 3 0x800000c4 (0x0000006f)
core   0: 3 0x800000c4 (0x0000006f)
core   0: 3 0x800000c4 (0x0000006f)
core   0: 3 0x800000c4 (0x0000006f)
core   0: 3 0x800000c4 (0x0000006f)
core   0: 3 0x800000c4 (0x0000006f)
core   0: 3 0x800000c4 (0x0000006f)
core   0: 3 0x800000c4 (0x0000006f)
core   0: 3 0x800000c4 (0x0000006f)
core   0: 3 0x800000c4 (0x0000006f)
core   0: 3 0x800000c4 (0x0000006f)
core   0: 3 0x800000c4 (0x0000006f)
core   0: 3 0x800000c4 (0x0000006f)
core   0: 3 0x800000c4 (0x0000006f)
core   0: 3 0x800000c4 (0x0000006f)
core   0: 3 0x800000c4 (0x0000006f)
core   0: 3 0x800000c4 (0x0000006f)
core   0: 3 0x800000c4 (0x0000006f)
core   0: 3 0x800000c4 (0x0000006f)
core   0: 3 0x800000c4 (0x0000006f)
core   0: 3 0x800000c4 (0x0000006f)
core   0: 3 0x800000c4 (0x0000006f)
core   0: 3 0x800000c4 (0x0000006f)
core   0: 3 0x800000c4 (0x0000006f)
core   0: 3 0x800000c4 (0x0000006f)
core   0: 3 0x800000c4 (0x0000006f)
core   0: 3 0x800000c4 (0x0000006f)
core   0: 3 0x800000c4 (0x0000006f)
core   0: 3 0x800000c4 (0x0000006f)
core   0: 3 0x800000c4 (0x0000006f)
core   0: 3 0x800000c4 (0x0000006f)
core   0: 3 0x800000c4 (0x0000006f)
core   0: 3 0x800000c4 (0x0000006f)
core   0: 3 0x800000c4 (0x0000006f)
core   0: 3 0x800000c4 (0x0000006f)
core   0: 3 0x800000c4 (0x0000006f)
core   0: 3 0x800000c4 (0x0000006f)
core   0: 3 0x800000c4 (0x0000006f)
core   0: 3 0x800000c4 (0x0000006f)
core   0: 3 0x800000c4 (0x0000006f)
core   0: 3 0x800000c4 (0x0000006f)
core   0: 3 0x800000c4 (0x0000006f)
core   0: 3 0x800000c4 (0x0000006f)
core   0: 3 0x800000c4 (0x0000006f)
core   0: 3 0x800000c4 (0x0000006f)
core   0: 3 0x800000c4 (0x0000006f)
core   0: 3 0x800000c4 (0x0000006f)
core   0: 3 0x800000c4 (0x0000006f)
core   0: 3 0x800000c4 (0x0000006f)
core   0: 3 0x800000c4 (0x0000006f)
core   0: 3 0x800000c4 (0x0000006f)
core   0: 3 0x800000c4 (0x0000006f)
core   0: 3 0x800000c4 (0x0000006f)
core   0: 3 0x800000c4 (0x0000006f)
core   0: 3 0x800000c4 (0x0000006f)
core   0: 3 0x800000c4 (0x0000006f)
core   0: 3 0x800000c4 (0x0000006f)
core   0: 3 0x800000c4 (0x0000006f)
core   0: 3 0x800000c4 (0x0000006f)
core   0: 3 0x800000c4 (0x0000006f)
core   0: 3 0x800000c4 (0x0000006f)
core   0: 3 0x800000c4 (0x0000006f)
core   0: 3 0x800000c4 (0x0000006f)
core   0: 3 0x800000c4 (0x0000006f)
core   0: 3 0x800000c4 (0x0000006f)
core   0: 3 0x800000c4 (0x0000006f)
core   0: 3 0x800000c4 (0x0000006f)
core   0: 3 0x800000c4 (0x0000006f)
core   0: 3 0x800000c4 (0x0000006f)
core   0: 3 0x800000c4 (0x0000006f)
core   0: 3 0x800000c4 (0x0000006f)
core   0: 3 0x800000c4 (0x0000006f)
core   0: 3 0x800000c4 (0x0000006f)
core   0: 3 0x800000c4 (0x0000006f)
core   0: 3 0x800000c4 (0x0000006f)
core   0: 3 0x800000c4 (0x0000006f)
core   0: 3 0x800000c4 (0x0000006f)
core   0: 3 0x800000c4 (0x0000006f)
core   0: 3 0x800000c4 (0x0000006f)
core   0: 3 0x800000c4 (0x0000006f)
core   0: 3 0x800000c4 (0x0000006f)
core   0: 3 0x800000c4 (0x0000006f)
core   0: 3 0x800000c4 (0x0000006f)
core   0: 3 0x800000c4 (0x0000006f)
core   0: 3 0x800000c4 (0x0000006f)
core   0: 3 0x800000c4 (0x0000006f)
core   0: 3 0x800000c4 (0x0000006f)
core   0: 3 0x800000c4 (0x0000006f)
core   0: 3 0x800000c4 (0x0000006f)
core   0: 3 0x800000c4 (0x0000006f)
core   0: 3 0x800000c4 (0x0000006f)
core   0: 3 0x800000c4 (0x0000006f)
core   0: 3 0x800000c4 (0x0000006f)
core   0: 3 0x800000c4 (0x0000006f)
core   0: 3 0x800000c4 (0x0000006f)
core   0: 3 0x800000c4 (0x0000006f)
core   0: 3 0x800000c4 (0x0000006f)
core   0: 3 0x800000c4 (0x0000006f)
core   0: 3 0x800000c4 (0x0000006f)
core   0: 3 0x800000c4 (0x0000006f)
core   0: 3 0x800000c4 (0x0000006f)
core   0: 3 0x800000c4 (0x0000006f)
core   0: 3 0x800000c4 (0x0000006f)
core   0: 3 0x800000c4 (0x0000006f)
core   0: 3 0x800000c4 (0x0000006f)
core   0: 3 0x800000c4 (0x0000006f)
core   0: 3 0x800000c4 (0x0000006f)
core   0: 3 0x800000c4 (0x0000006f)
core   0: 3 0x800000c4 (0x0000006f)
core   0: 3 0x800000c4 (0x0000006f)
core   0: 3 0x800000c4 (0x0000006f)
core   0: 3 0x800000c4 (0x0000006f)
core   0: 3 0x800000c4 (0x0000006f)
core   0: 3 0x800000c4 (0x0000006f)
core   0: 3 0x800000c4 (0x0000006f)
core   0: 3 0x800000c4 (0x0000006f)
core   0: 3 0x800000c4 (0x0000006f)
core   0: 3 0x800000c4 (0x0000006f)
core   0: 3 0x800000c4 (0x0000006f)
core   0: 3 0x800000c4 (0x0000006f)
core   0: 3 0x800000c4 (0x0000006f)
core   0: 3 0x800000c4 (0x0000006f)
core   0: 3 0x800000c4 (0x0000006f)
core   0: 3 0x800000c4 (0x0000006f)
core   0: 3 0x800000c4 (0x0000006f)
core   0: 3 0x800000c4 (0x0000006f)
core   0: 3 0x800000c4 (0x0000006f)
core   0: 3 0x800000c4 (0x0000006f)
core   0: 3 0x800000c4 (0x0000006f)
core   0: 3 0x800000c4 (0x0000006f)
core   0: 3 0x800000c4 (0x0000006f)
core   0: 3 0x800000c4 (0x0000006f)
core   0: 3 0x800000c4 (0x0000006f)
core   0: 3 0x800000c4 (0x0000006f)
core   0: 3 0x800000c4 (0x0000006f)
core   0: 3 0x800000c4 (0x0000006f)
core   0: 3 0x800000c4 (0x0000006f)
core   0: 3 0x800000c4 (0x0000006f)
core   0: 3 0x800000c4 (0x0000006f)
core   0: 3 0x800000c4 (0x0000006f)
core   0: 3 0x800000c4 (0x0000006f)
core   0: 3 0x800000c4 (0x0000006f)
core   0: 3 0x800000c4 (0x0000006f)
core   0: 3 0x800000c4 (0x0000006f)
core   0: 3 0x800000c4 (0x0000006f)
core   0: 3 0x800000c4 (0x0000006f)
core   0: 3 0x800000c4 (0x0000006f)
core   0: 3 0x800000c4 (0x0000006f)
core   0: 3 0x800000c4 (0x0000006f)
core   0: 3 0x800000c4 (0x0000006f)
core   0: 3 0x800000c4 (0x0000006f)
core   0: 3 0x800000c4 (0x0000006f)
core   0: 3 0x800000c4 (0x0000006f)
core   0: 3 0x800000c4 (0x0000006f)
core   0: 3 0x800000c4 (0x0000006f)
core   0: 3 0x800000c4 (0x0000006f)
core   0: 3 0x800000c4 (0x0000006f)
core   0: 3 0x800000c4 (0x0000006f)
core   0: 3 0x800000c4 (0x0000006f)
core   0: 3 0x800000c4 (0x0000006f)
core   0: 3 0x800000c4 (0x0000006f)
core   0: 3 0x800000c4 (0x0000006f)
core   0: 3 0x800000c4 (0x0000006f)
core   0: 3 0x800000c4 (0x0000006f)
core   0: 3 0x800000c4 (0x0000006f)
core   0: 3 0x800000c4 (0x0000006f)
core   0: 3 0x800000c4 (0x0000006f)
core   0: 3 0x800000c4 (0x0000006f)
core   0: 3 0x800000c4 (0x0000006f)
core   0: 3 0x800000c4 (0x0000006f)
core   0: 3 0x800000c4 (0x0000006f)
core   0: 3 0x800000c4 (0x0000006f)
core   0: 3 0x800000c4 (0x0000006f)
core   0: 3 0x800000c4 (0x0000006f)
core   0: 3 0x800000c4 (0x0000006f)
core   0: 3 0x800000c4 (0x0000006f)
core   0: 3 0x800000c4 (0x0000006f)
core   0: 3 0x800000c4 (0x0000006f)
core   0: 3 0x800000c4 (0x0000006f)
core   0: 3 0x800000c4 (0x0000006f)
core   0: 3 0x800000c4 (0x0000006f)
core   0: 3 0x800000c4 (0x0000006f)
core   0: 3 0x800000c4 (0x0000006f)
core   0: 3 0x800000c4 (0x0000006f)
core   0: 3 0x800000c4 (0x0000006f)
core   0: 3 0x800000c4 (0x0000006f)
core   0: 3 0x800000c4 (0x0000006f)
core   0: 3 0x800000c4 (0x0000006f)
core   0: 3 0x800000c4 (0x0000006f)
core   0: 3 0x800000c4 (0x0000006f)
core   0: 3 0x800000c4 (0x0000006f)
core   0: 3 0x800000c4 (0x0000006f)
core   0: 3 0x800000c4 (0x0000006f)
core   0: 3 0x800000c4 (0x0000006f)
core   0: 3 0x800000c4 (0x0000006f)
core   0: 3 0x800000c4 (0x0000006f)
core   0: 3 0x800000c4 (0x0000006f)
core   0: 3 0x800000c4 (0x0000006f)
core   0: 3 0x800000c4 (0x0000006f)
core   0: 3 0x800000c4 (0x0000006f)
core   0: 3 0x800000c4 (0x0000006f)
core   0: 3 0x800000c4 (0x0000006f)
core   0: 3 0x800000c4 (0x0000006f)
core   0: 3 0x800000c4 (0x0000006f)
core   0: 3 0x800000c4 (0x0000006f)
core   0: 3 0x800000c4 (0x0000006f)
core   0: 3 0x800000c4 (0x0000006f)
core   0: 3 0x800000c4 (0x0000006f)
core   0: 3 0x800000c4 (0x0000006f)
core   0: 3 0x800000c4 (0x0000006f)
core   0: 3 0x800000c4 (0x0000006f)
core   0: 3 0x800000c4 (0x0000006f)
core   0: 3 0x800000c4 (0x0000006f)
core   0: 3 0x800000c4 (0x0000006f)
core   0: 3 0x800000c4 (0x0000006f)
core   0: 3 0x800000c4 (0x0000006f)
core   0: 3 0x800000c4 (0x0000006f)
core   0: 3 0x800000c4 (0x0000006f)
core   0: 3 0x800000c4 (0x0000006f)
core   0: 3 0x800000c4 (0x0000006f)
core   0: 3 0x800000c4 (0x0000006f)
core   0: 3 0x800000c4 (0x0000006f)
core   0: 3 0x800000c4 (0x0000006f)
core   0: 3 0x800000c4 (0x0000006f)
core   0: 3 0x800000c4 (0x0000006f)
core   0: 3 0x800000c4 (0x0000006f)
core   0: 3 0x800000c4 (0x0000006f)
core   0: 3 0x800000c4 (0x0000006f)
core   0: 3 0x800000c4 (0x0000006f)
core   0: 3 0x800000c4 (0x0000006f)
core   0: 3 0x800000c4 (0x0000006f)
core   0: 3 0x800000c4 (0x0000006f)
core   0: 3 0x800000c4 (0x0000006f)
core   0: 3 0x800000c4 (0x0000006f)
core   0: 3 0x800000c4 (0x0000006f)
core   0: 3 0x800000c4 (0x0000006f)
core   0: 3 0x800000c4 (0x0000006f)
core   0: 3 0x800000c4 (0x0000006f)
core   0: 3 0x800000c4 (0x0000006f)
core   0: 3 0x800000c4 (0x0000006f)
core   0: 3 0x800000c4 (0x0000006f)
core   0: 3 0x800000c4 (0x0000006f)
core   0: 3 0x800000c4 (0x0000006f)
core   0: 3 0x800000c4 (0x0000006f)
core   0: 3 0x800000c4 (0x0000006f)
core   0: 3 0x800000c4 (0x0000006f)
core   0: 3 0x800000c4 (0x0000006f)
core   0: 3 0x800000c4 (0x0000006f)
core   0: 3 0x800000c4 (0x0000006f)
core   0: 3 0x800000c4 (0x0000006f)
core   0: 3 0x800000c4 (0x0000006f)
core   0: 3 0x800000c4 (0x0000006f)
core   0: 3 0x800000c4 (0x0000006f)
core   0: 3 0x800000c4 (0x0000006f)
core   0: 3 0x800000c4 (0x0000006f)
core   0: 3 0x800000c4 (0x0000006f)
core   0: 3 0x800000c4 (0x0000006f)
core   0: 3 0x800000c4 (0x0000006f)
core   0: 3 0x800000c4 (0x0000006f)
core   0: 3 0x800000c4 (0x0000006f)
core   0: 3 0x800000c4 (0x0000006f)
core   0: 3 0x800000c4 (0x0000006f)
core   0: 3 0x800000c4 (0x0000006f)
core   0: 3 0x800000c4 (0x0000006f)
core   0: 3 0x800000c4 (0x0000006f)
core   0: 3 0x800000c4 (0x0000006f)
core   0: 3 0x800000c4 (0x0000006f)
core   0: 3 0x800000c4 (0x0000006f)
core   0: 3 0x800000c4 (0x0000006f)
core   0: 3 0x800000c4 (0x0000006f)
core   0: 3 0x800000c4 (0x0000006f)
core   0: 3 0x800000c4 (0x0000006f)
core   0: 3 0x800000c4 (0x0000006f)
core   0: 3 0x800000c4 (0x0000006f)
core   0: 3 0x800000c4 (0x0000006f)
core   0: 3 0x800000c4 (0x0000006f)
core   0: 3 0x800000c4 (0x0000006f)
core   0: 3 0x800000c4 (0x0000006f)
core   0: 3 0x800000c4 (0x0000006f)
core   0: 3 0x800000c4 (0x0000006f)
core   0: 3 0x800000c4 (0x0000006f)
core   0: 3 0x800000c4 (0x0000006f)
core   0: 3 0x800000c4 (0x0000006f)
core   0: 3 0x800000c4 (0x0000006f)
core   0: 3 0x800000c4 (0x0000006f)
core   0: 3 0x800000c4 (0x0000006f)
core   0: 3 0x800000c4 (0x0000006f)
core   0: 3 0x800000c4 (0x0000006f)
core   0: 3 0x800000c4 (0x0000006f)
core   0: 3 0x800000c4 (0x0000006f)
core   0: 3 0x800000c4 (0x0000006f)
core   0: 3 0x800000c4 (0x0000006f)
core   0: 3 0x800000c4 (0x0000006f)
core   0: 3 0x800000c4 (0x0000006f)
core   0: 3 0x800000c4 (0x0000006f)
core   0: 3 0x800000c4 (0x0000006f)
core   0: 3 0x800000c4 (0x0000006f)
core   0: 3 0x800000c4 (0x0000006f)
core   0: 3 0x800000c4 (0x0000006f)
core   0: 3 0x800000c4 (0x0000006f)
core   0: 3 0x800000c4 (0x0000006f)
core   0: 3 0x800000c4 (0x0000006f)
core   0: 3 0x800000c4 (0x0000006f)
core   0: 3 0x800000c4 (0x0000006f)
core   0: 3 0x800000c4 (0x0000006f)
core   0: 3 0x800000c4 (0x0000006f)
core   0: 3 0x800000c4 (0x0000006f)
core   0: 3 0x800000c4 (0x0000006f)
core   0: 3 0x800000c4 (0x0000006f)
core   0: 3 0x800000c4 (0x0000006f)
core   0: 3 0x800000c4 (0x0000006f)
core   0: 3 0x800000c4 (0x0000006f)
core   0: 3 0x800000c4 (0x0000006f)
core   0: 3 0x800000c4 (0x0000006f)
core   0: 3 0x800000c4 (0x0000006f)
core   0: 3 0x800000c4 (0x0000006f)
core   0: 3 0x800000c4 (0x0000006f)
core   0: 3 0x800000c4 (0x0000006f)
core   0: 3 0x800000c4 (0x0000006f)
core   0: 3 0x800000c4 (0x0000006f)
core   0: 3 0x800000c4 (0x0000006f)
core   0: 3 0x800000c4 (0x0000006f)
core   0: 3 0x800000c4 (0x0000006f)
core   0: 3 0x800000c4 (0x0000006f)
core   0: 3 0x800000c4 (0x0000006f)
core   0: 3 0x800000c4 (0x0000006f)
core   0: 3 0x800000c4 (0x0000006f)
core   0: 3 0x800000c4 (0x0000006f)
core   0: 3 0x800000c4 (0x0000006f)
core   0: 3 0x800000c4 (0x0000006f)
core   0: 3 0x800000c4 (0x0000006f)
core   0: 3 0x800000c4 (0x0000006f)
core   0: 3 0x800000c4 (0x0000006f)
core   0: 3 0x800000c4 (0x0000006f)
core   0: 3 0x800000c4 (0x0000006f)
core   0: 3 0x800000c4 (0x0000006f)
core   0: 3 0x800000c4 (0x0000006f)
core   0: 3 0x800000c4 (0x0000006f)
core   0: 3 0x800000c4 (0x0000006f)
core   0: 3 0x800000c4 (0x0000006f)
core   0: 3 0x800000c4 (0x0000006f)
core   0: 3 0x800000c4 (0x0000006f)
core   0: 3 0x800000c4 (0x0000006f)
core   0: 3 0x800000c4 (0x0000006f)
core   0: 3 0x800000c4 (0x0000006f)
core   0: 3 0x800000c4 (0x0000006f)
core   0: 3 0x800000c4 (0x0000006f)
core   0: 3 0x800000c4 (0x0000006f)
core   0: 3 0x800000c4 (0x0000006f)
core   0: 3 0x800000c4 (0x0000006f)
core   0: 3 0x800000c4 (0x0000006f)
core   0: 3 0x800000c4 (0x0000006f)
core   0: 3 0x800000c4 (0x0000006f)
core   0: 3 0x800000c4 (0x0000006f)
core   0: 3 0x800000c4 (0x0000006f)
core   0: 3 0x800000c4 (0x0000006f)
core   0: 3 0x800000c4 (0x0000006f)
core   0: 3 0x800000c4 (0x0000006f)
core   0: 3 0x800000c4 (0x0000006f)
core   0: 3 0x800000c4 (0x0000006f)
core   0: 3 0x800000c4 (0x0000006f)
core   0: 3 0x800000c4 (0x0000006f)
core   0: 3 0x800000c4 (0x0000006f)
core   0: 3 0x800000c4 (0x0000006f)
core   0: 3 0x800000c4 (0x0000006f)
core   0: 3 0x800000c4 (0x0000006f)
core   0: 3 0x800000c4 (0x0000006f)
core   0: 3 0x800000c4 (0x0000006f)
core   0: 3 0x800000c4 (0x0000006f)
core   0: 3 0x800000c4 (0x0000006f)
core   0: 3 0x800000c4 (0x0000006f)
core   0: 3 0x800000c4 (0x0000006f)
core   0: 3 0x800000c4 (0x0000006f)
core   0: 3 0x800000c4 (0x0000006f)
core   0: 3 0x800000c4 (0x0000006f)
core   0: 3 0x800000c4 (0x0000006f)
core   0: 3 0x800000c4 (0x0000006f)
core   0: 3 0x800000c4 (0x0000006f)
core   0: 3 0x800000c4 (0x0000006f)
core   0: 3 0x800000c4 (0x0000006f)
core   0: 3 0x800000c4 (0x0000006f)
core   0: 3 0x800000c4 (0x0000006f)
core   0: 3 0x800000c4 (0x0000006f)
core   0: 3 0x800000c4 (0x0000006f)
core   0: 3 0x800000c4 (0x0000006f)
core   0: 3 0x800000c4 (0x0000006f)
core   0: 3 0x800000c4 (0x0000006f)
core   0: 3 0x800000c4 (0x0000006f)
core   0: 3 0x800000c4 (0x0000006f)
core   0: 3 0x800000c4 (0x0000006f)
core   0: 3 0x800000c4 (0x0000006f)
core   0: 3 0x800000c4 (0x0000006f)
core   0: 3 0x800000c4 (0x0000006f)
core   0: 3 0x800000c4 (0x0000006f)
core   0: 3 0x800000c4 (0x0000006f)
core   0: 3 0x800000c4 (0x0000006f)
core   0: 3 0x800000c4 (0x0000006f)
core   0: 3 0x800000c4 (0x0000006f)
core   0: 3 0x800000c4 (0x0000006f)
core   0: 3 0x800000c4 (0x0000006f)
core   0: 3 0x800000c4 (0x0000006f)
core   0: 3 0x800000c4 (0x0000006f)
core   0: 3 0x800000c4 (0x0000006f)
core   0: 3 0x800000c4 (0x0000006f)
core   0: 3 0x800000c4 (0x0000006f)
core   0: 3 0x800000c4 (0x0000006f)
core   0: 3 0x800000c4 (0x0000006f)
core   0: 3 0x800000c4 (0x0000006f)
core   0: 3 0x800000c4 (0x0000006f)
core   0: 3 0x800000c4 (0x0000006f)
core   0: 3 0x800000c4 (0x0000006f)
core   0: 3 0x800000c4 (0x0000006f)
core   0: 3 0x800000c4 (0x0000006f)
core   0: 3 0x800000c4 (0x0000006f)
core   0: 3 0x800000c4 (0x0000006f)
core   0: 3 0x800000c4 (0x0000006f)
core   0: 3 0x800000c4 (0x0000006f)
core   0: 3 0x800000c4 (0x0000006f)
core   0: 3 0x800000c4 (0x0000006f)
core   0: 3 0x800000c4 (0x0000006f)
core   0: 3 0x800000c4 (0x0000006f)
core   0: 3 0x800000c4 (0x0000006f)
core   0: 3 0x800000c4 (0x0000006f)
core   0: 3 0x800000c4 (0x0000006f)
core   0: 3 0x800000c4 (0x0000006f)
core   0: 3 0x800000c4 (0x0000006f)
core   0: 3 0x800000c4 (0x0000006f)
core   0: 3 0x800000c4 (0x0000006f)
core   0: 3 0x800000c4 (0x0000006f)
core   0: 3 0x800000c4 (0x0000006f)
core   0: 3 0x800000c4 (0x0000006f)
core   0: 3 0x800000c4 (0x0000006f)
core   0: 3 0x800000c4 (0x0000006f)
core   0: 3 0x800000c4 (0x0000006f)
core   0: 3 0x800000c4 (0x0000006f)
core   0: 3 0x800000c4 (0x0000006f)
core   0: 3 0x800000c4 (0x0000006f)
core   0: 3 0x800000c4 (0x0000006f)
core   0: 3 0x800000c4 (0x0000006f)
core   0: 3 0x800000c4 (0x0000006f)
core   0: 3 0x800000c4 (0x0000006f)
core   0: 3 0x800000c4 (0x0000006f)
core   0: 3 0x800000c4 (0x0000006f)
core   0: 3 0x800000c4 (0x0000006f)
core   0: 3 0x800000c4 (0x0000006f)
core   0: 3 0x800000c4 (0x0000006f)
core   0: 3 0x800000c4 (0x0000006f)
core   0: 3 0x800000c4 (0x0000006f)
core   0: 3 0x800000c4 (0x0000006f)
core   0: 3 0x800000c4 (0x0000006f)
core   0: 3 0x800000c4 (0x0000006f)
core   0: 3 0x800000c4 (0x0000006f)
core   0: 3 0x800000c4 (0x0000006f)
core   0: 3 0x800000c4 (0x0000006f)
core   0: 3 0x800000c4 (0x0000006f)
core   0: 3 0x800000c4 (0x0000006f)
core   0: 3 0x800000c4 (0x0000006f)
core   0: 3 0x800000c4 (0x0000006f)
core   0: 3 0x800000c4 (0x0000006f)
core   0: 3 0x800000c4 (0x0000006f)
core   0: 3 0x800000c4 (0x0000006f)
core   0: 3 0x800000c4 (0x0000006f)
core   0: 3 0x800000c4 (0x0000006f)
core   0: 3 0x800000c4 (0x0000006f)
core   0: 3 0x800000c4 (0x0000006f)
core   0: 3 0x800000c4 (0x0000006f)
core   0: 3 0x800000c4 (0x0000006f)
core   0: 3 0x800000c4 (0x0000006f)
core   0: 3 0x800000c4 (0x0000006f)
core   0: 3 0x800000c4 (0x0000006f)
core   0: 3 0x800000c4 (0x0000006f)
core   0: 3 0x800000c4 (0x0000006f)
core   0: 3 0x800000c4 (0x0000006f)
core   0: 3 0x800000c4 (0x0000006f)
core   0: 3 0x800000c4 (0x0000006f)
core   0: 3 0x800000c4 (0x0000006f)
core   0: 3 0x800000c4 (0x0000006f)
core   0: 3 0x800000c4 (0x0000006f)
core   0: 3 0x800000c4 (0x0000006f)
core   0: 3 0x800000c4 (0x0000006f)
core   0: 3 0x800000c4 (0x0000006f)
core   0: 3 0x800000c4 (0x0000006f)
core   0: 3 0x800000c4 (0x0000006f)
core   0: 3 0x800000c4 (0x0000006f)
core   0: 3 0x800000c4 (0x0000006f)
core   0: 3 0x800000c4 (0x0000006f)
core   0: 3 0x800000c4 (0x0000006f)
core   0: 3 0x800000c4 (0x0000006f)
core   0: 3 0x800000c4 (0x0000006f)
core   0: 3 0x800000c4 (0x0000006f)
core   0: 3 0x800000c4 (0x0000006f)
core   0: 3 0x800000c4 (0x0000006f)
core   0: 3 0x800000c4 (0x0000006f)
core   0: 3 0x800000c4 (0x0000006f)
core   0: 3 0x800000c4 (0x0000006f)
core   0: 3 0x800000c4 (0x0000006f)
core   0: 3 0x800000c4 (0x0000006f)
core   0: 3 0x800000c4 (0x0000006f)
core   0: 3 0x800000c4 (0x0000006f)
core   0: 3 0x800000c4 (0x0000006f)
core   0: 3 0x800000c4 (0x0000006f)
core   0: 3 0x800000c4 (0x0000006f)
core   0: 3 0x800000c4 (0x0000006f)
core   0: 3 0x800000c4 (0x0000006f)
core   0: 3 0x800000c4 (0x0000006f)
core   0: 3 0x800000c4 (0x0000006f)
core   0: 3 0x800000c4 (0x0000006f)
core   0: 3 0x800000c4 (0x0000006f)
core   0: 3 0x800000c4 (0x0000006f)
core   0: 3 0x800000c4 (0x0000006f)
core   0: 3 0x800000c4 (0x0000006f)
core   0: 3 0x800000c4 (0x0000006f)
core   0: 3 0x800000c4 (0x0000006f)
core   0: 3 0x800000c4 (0x0000006f)
core   0: 3 0x800000c4 (0x0000006f)
core   0: 3 0x800000c4 (0x0000006f)
core   0: 3 0x800000c4 (0x0000006f)
core   0: 3 0x800000c4 (0x0000006f)
core   0: 3 0x800000c4 (0x0000006f)
core   0: 3 0x800000c4 (0x0000006f)
core   0: 3 0x800000c4 (0x0000006f)
core   0: 3 0x800000c4 (0x0000006f)
core   0: 3 0x800000c4 (0x0000006f)
core   0: 3 0x800000c4 (0x0000006f)
core   0: 3 0x800000c4 (0x0000006f)
core   0: 3 0x800000c4 (0x0000006f)
core   0: 3 0x800000c4 (0x0000006f)
core   0: 3 0x800000c4 (0x0000006f)
core   0: 3 0x800000c4 (0x0000006f)
core   0: 3 0x800000c4 (0x0000006f)
core   0: 3 0x800000c4 (0x0000006f)
core   0: 3 0x800000c4 (0x0000006f)
core   0: 3 0x800000c4 (0x0000006f)
core   0: 3 0x800000c4 (0x0000006f)
core   0: 3 0x800000c4 (0x0000006f)
core   0: 3 0x800000c4 (0x0000006f)
core   0: 3 0x800000c4 (0x0000006f)
core   0: 3 0x800000c4 (0x0000006f)
core   0: 3 0x800000c4 (0x0000006f)
core   0: 3 0x800000c4 (0x0000006f)
core   0: 3 0x800000c4 (0x0000006f)
core   0: 3 0x800000c4 (0x0000006f)
core   0: 3 0x800000c4 (0x0000006f)
core   0: 3 0x800000c4 (0x0000006f)
core   0: 3 0x800000c4 (0x0000006f)
core   0: 3 0x800000c4 (0x0000006f)
core   0: 3 0x800000c4 (0x0000006f)
core   0: 3 0x800000c4 (0x0000006f)
core   0: 3 0x800000c4 (0x0000006f)
core   0: 3 0x800000c4 (0x0000006f)
core   0: 3 0x800000c4 (0x0000006f)
core   0: 3 0x800000c4 (0x0000006f)
core   0: 3 0x800000c4 (0x0000006f)
core   0: 3 0x800000c4 (0x0000006f)
core   0: 3 0x800000c4 (0x0000006f)
core   0: 3 0x800000c4 (0x0000006f)
core   0: 3 0x800000c4 (0x0000006f)
core   0: 3 0x800000c4 (0x0000006f)
core   0: 3 0x800000c4 (0x0000006f)
core   0: 3 0x800000c4 (0x0000006f)
core   0: 3 0x800000c4 (0x0000006f)
core   0: 3 0x800000c4 (0x0000006f)
core   0: 3 0x800000c4 (0x0000006f)
core   0: 3 0x800000c4 (0x0000006f)
core   0: 3 0x800000c4 (0x0000006f)
core   0: 3 0x800000c4 (0x0000006f)
core   0: 3 0x800000c4 (0x0000006f)
core   0: 3 0x800000c4 (0x0000006f)
core   0: 3 0x800000c4 (0x0000006f)
core   0: 3 0x800000c4 (0x0000006f)
core   0: 3 0x800000c4 (0x0000006f)
core   0: 3 0x800000c4 (0x0000006f)
core   0: 3 0x800000c4 (0x0000006f)
core   0: 3 0x800000c4 (0x0000006f)
core   0: 3 0x800000c4 (0x0000006f)
core   0: 3 0x800000c4 (0x0000006f)
core   0: 3 0x800000c4 (0x0000006f)
core   0: 3 0x800000c4 (0x0000006f)
core   0: 3 0x800000c4 (0x0000006f)
core   0: 3 0x800000c4 (0x0000006f)
core   0: 3 0x800000c4 (0x0000006f)
core   0: 3 0x800000c4 (0x0000006f)
core   0: 3 0x800000c4 (0x0000006f)
core   0: 3 0x800000c4 (0x0000006f)
core   0: 3 0x800000c4 (0x0000006f)
core   0: 3 0x800000c4 (0x0000006f)
core   0: 3 0x800000c4 (0x0000006f)
core   0: 3 0x800000c4 (0x0000006f)
core   0: 3 0x800000c4 (0x0000006f)
core   0: 3 0x800000c4 (0x0000006f)
core   0: 3 0x800000c4 (0x0000006f)
core   0: 3 0x800000c4 (0x0000006f)
core   0: 3 0x800000c4 (0x0000006f)
core   0: 3 0x800000c4 (0x0000006f)
core   0: 3 0x800000c4 (0x0000006f)
core   0: 3 0x800000c4 (0x0000006f)
core   0: 3 0x800000c4 (0x0000006f)
core   0: 3 0x800000c4 (0x0000006f)
core   0: 3 0x800000c4 (0x0000006f)
core   0: 3 0x800000c4 (0x0000006f)
core   0: 3 0x800000c4 (0x0000006f)
core   0: 3 0x800000c4 (0x0000006f)
core   0: 3 0x800000c4 (0x0000006f)
core   0: 3 0x800000c4 (0x0000006f)
core   0: 3 0x800000c4 (0x0000006f)
core   0: 3 0x800000c4 (0x0000006f)
core   0: 3 0x800000c4 (0x0000006f)
core   0: 3 0x800000c4 (0x0000006f)
core   0: 3 0x800000c4 (0x0000006f)
core   0: 3 0x800000c4 (0x0000006f)
core   0: 3 0x800000c4 (0x0000006f)
core   0: 3 0x800000c4 (0x0000006f)
core   0: 3 0x800000c4 (0x0000006f)
core   0: 3 0x800000c4 (0x0000006f)
core   0: 3 0x800000c4 (0x0000006f)
core   0: 3 0x800000c4 (0x0000006f)
core   0: 3 0x800000c4 (0x0000006f)
core   0: 3 0x800000c4 (0x0000006f)
core   0: 3 0x800000c4 (0x0000006f)
core   0: 3 0x800000c4 (0x0000006f)
core   0: 3 0x800000c4 (0x0000006f)
core   0: 3 0x800000c4 (0x0000006f)
core   0: 3 0x800000c4 (0x0000006f)
core   0: 3 0x800000c4 (0x0000006f)
core   0: 3 0x800000c4 (0x0000006f)
core   0: 3 0x800000c4 (0x0000006f)
core   0: 3 0x800000c4 (0x0000006f)
core   0: 3 0x800000c4 (0x0000006f)
core   0: 3 0x800000c4 (0x0000006f)
core   0: 3 0x800000c4 (0x0000006f)
core   0: 3 0x800000c4 (0x0000006f)
core   0: 3 0x800000c4 (0x0000006f)
core   0: 3 0x800000c4 (0x0000006f)
core   0: 3 0x800000c4 (0x0000006f)
core   0: 3 0x800000c4 (0x0000006f)
core   0: 3 0x800000c4 (0x0000006f)
core   0: 3 0x800000c4 (0x0000006f)
core   0: 3 0x800000c4 (0x0000006f)
core   0: 3 0x800000c4 (0x0000006f)
core   0: 3 0x800000c4 (0x0000006f)
core   0: 3 0x800000c4 (0x0000006f)
core   0: 3 0x800000c4 (0x0000006f)
core   0: 3 0x800000c4 (0x0000006f)
core   0: 3 0x800000c4 (0x0000006f)
core   0: 3 0x800000c4 (0x0000006f)
core   0: 3 0x800000c4 (0x0000006f)
core   0: 3 0x800000c4 (0x0000006f)
core   0: 3 0x800000c4 (0x0000006f)
core   0: 3 0x800000c4 (0x0000006f)
core   0: 3 0x800000c4 (0x0000006f)
core   0: 3 0x800000c4 (0x0000006f)
core   0: 3 0x800000c4 (0x0000006f)
core   0: 3 0x800000c4 (0x0000006f)
core   0: 3 0x800000c4 (0x0000006f)
core   0: 3 0x800000c4 (0x0000006f)
core   0: 3 0x800000c4 (0x0000006f)
core   0: 3 0x800000c4 (0x0000006f)
core   0: 3 0x800000c4 (0x0000006f)
core   0: 3 0x800000c4 (0x0000006f)
core   0: 3 0x800000c4 (0x0000006f)
core   0: 3 0x800000c4 (0x0000006f)
core   0: 3 0x800000c4 (0x0000006f)
core   0: 3 0x800000c4 (0x0000006f)
core   0: 3 0x800000c4 (0x0000006f)
core   0: 3 0x800000c4 (0x0000006f)
core   0: 3 0x800000c4 (0x0000006f)
core   0: 3 0x800000c4 (0x0000006f)
core   0: 3 0x800000c4 (0x0000006f)
core   0: 3 0x800000c4 (0x0000006f)
core   0: 3 0x800000c4 (0x0000006f)
core   0: 3 0x800000c4 (0x0000006f)
core   0: 3 0x800000c4 (0x0000006f)
core   0: 3 0x800000c4 (0x0000006f)
core   0: 3 0x800000c4 (0x0000006f)
core   0: 3 0x800000c4 (0x0000006f)
core   0: 3 0x800000c4 (0x0000006f)
core   0: 3 0x800000c4 (0x0000006f)
core   0: 3 0x800000c4 (0x0000006f)
core   0: 3 0x800000c4 (0x0000006f)
core   0: 3 0x800000c4 (0x0000006f)
core   0: 3 0x800000c4 (0x0000006f)
core   0: 3 0x800000c4 (0x0000006f)
core   0: 3 0x800000c4 (0x0000006f)
core   0: 3 0x800000c4 (0x0000006f)
core   0: 3 0x800000c4 (0x0000006f)
core   0: 3 0x800000c4 (0x0000006f)
core   0: 3 0x800000c4 (0x0000006f)
core   0: 3 0x800000c4 (0x0000006f)
core   0: 3 0x800000c4 (0x0000006f)
core   0: 3 0x800000c4 (0x0000006f)
core   0: 3 0x800000c4 (0x0000006f)
core   0: 3 0x800000c4 (0x0000006f)
core   0: 3 0x800000c4 (0x0000006f)
core   0: 3 0x800000c4 (0x0000006f)
core   0: 3 0x800000c4 (0x0000006f)
core   0: 3 0x800000c4 (0x0000006f)
core   0: 3 0x800000c4 (0x0000006f)
core   0: 3 0x800000c4 (0x0000006f)
core   0: 3 0x800000c4 (0x0000006f)
core   0: 3 0x800000c4 (0x0000006f)
core   0: 3 0x800000c4 (0x0000006f)
core   0: 3 0x800000c4 (0x0000006f)
core   0: 3 0x800000c4 (0x0000006f)
core   0: 3 0x800000c4 (0x0000006f)
core   0: 3 0x800000c4 (0x0000006f)
core   0: 3 0x800000c4 (0x0000006f)
core   0: 3 0x800000c4 (0x0000006f)
core   0: 3 0x800000c4 (0x0000006f)
core   0: 3 0x800000c4 (0x0000006f)
core   0: 3 0x800000c4 (0x0000006f)
core   0: 3 0x800000c4 (0x0000006f)
core   0: 3 0x800000c4 (0x0000006f)
core   0: 3 0x800000c4 (0x0000006f)
core   0: 3 0x800000c4 (0x0000006f)
core   0: 3 0x800000c4 (0x0000006f)
core   0: 3 0x800000c4 (0x0000006f)
core   0: 3 0x800000c4 (0x0000006f)
core   0: 3 0x800000c4 (0x0000006f)
core   0: 3 0x800000c4 (0x0000006f)
core   0: 3 0x800000c4 (0x0000006f)
core   0: 3 0x800000c4 (0x0000006f)
core   0: 3 0x800000c4 (0x0000006f)
core   0: 3 0x800000c4 (0x0000006f)
core   0: 3 0x800000c4 (0x0000006f)
core   0: 3 0x800000c4 (0x0000006f)
core   0: 3 0x800000c4 (0x0000006f)
core   0: 3 0x800000c4 (0x0000006f)
core   0: 3 0x800000c4 (0x0000006f)
core   0: 3 0x800000c4 (0x0000006f)
core   0: 3 0x800000c4 (0x0000006f)
core   0: 3 0x800000c4 (0x0000006f)
core   0: 3 0x800000c4 (0x0000006f)
core   0: 3 0x800000c4 (0x0000006f)
core   0: 3 0x800000c4 (0x0000006f)
core   0: 3 0x800000c4 (0x0000006f)
core   0: 3 0x800000c4 (0x0000006f)
core   0: 3 0x800000c4 (0x0000006f)
core   0: 3 0x800000c4 (0x0000006f)
core   0: 3 0x800000c4 (0x0000006f)
core   0: 3 0x800000c4 (0x0000006f)
core   0: 3 0x800000c4 (0x0000006f)
core   0: 3 0x800000c4 (0x0000006f)
core   0: 3 0x800000c4 (0x0000006f)
core   0: 3 0x800000c4 (0x0000006f)
core   0: 3 0x800000c4 (0x0000006f)
core   0: 3 0x800000c4 (0x0000006f)
core   0: 3 0x800000c4 (0x0000006f)
core   0: 3 0x800000c4 (0x0000006f)
core   0: 3 0x800000c4 (0x0000006f)
core   0: 3 0x800000c4 (0x0000006f)
core   0: 3 0x800000c4 (0x0000006f)
core   0: 3 0x800000c4 (0x0000006f)
core   0: 3 0x800000c4 (0x0000006f)
core   0: 3 0x800000c4 (0x0000006f)
core   0: 3 0x800000c4 (0x0000006f)
core   0: 3 0x800000c4 (0x0000006f)
core   0: 3 0x800000c4 (0x0000006f)
core   0: 3 0x800000c4 (0x0000006f)
core   0: 3 0x800000c4 (0x0000006f)
core   0: 3 0x800000c4 (0x0000006f)
core   0: 3 0x800000c4 (0x0000006f)
core   0: 3 0x800000c4 (0x0000006f)
core   0: 3 0x800000c4 (0x0000006f)
core   0: 3 0x800000c4 (0x0000006f)
core   0: 3 0x800000c4 (0x0000006f)
core   0: 3 0x800000c4 (0x0000006f)
core   0: 3 0x800000c4 (0x0000006f)
core   0: 3 0x800000c4 (0x0000006f)
core   0: 3 0x800000c4 (0x0000006f)
core   0: 3 0x800000c4 (0x0000006f)
core   0: 3 0x800000c4 (0x0000006f)
core   0: 3 0x800000c4 (0x0000006f)
core   0: 3 0x800000c4 (0x0000006f)
core   0: 3 0x800000c4 (0x0000006f)
core   0: 3 0x800000c4 (0x0000006f)
core   0: 3 0x800000c4 (0x0000006f)
core   0: 3 0x800000c4 (0x0000006f)
core   0: 3 0x800000c4 (0x0000006f)
core   0: 3 0x800000c4 (0x0000006f)
core   0: 3 0x800000c4 (0x0000006f)
core   0: 3 0x800000c4 (0x0000006f)
core   0: 3 0x800000c4 (0x0000006f)
core   0: 3 0x800000c4 (0x0000006f)
core   0: 3 0x800000c4 (0x0000006f)
core   0: 3 0x800000c4 (0x0000006f)
core   0: 3 0x800000c4 (0x0000006f)
core   0: 3 0x800000c4 (0x0000006f)
core   0: 3 0x800000c4 (0x0000006f)
core   0: 3 0x800000c4 (0x0000006f)
core   0: 3 0x800000c4 (0x0000006f)
core   0: 3 0x800000c4 (0x0000006f)
core   0: 3 0x800000c4 (0x0000006f)
core   0: 3 0x800000c4 (0x0000006f)
core   0: 3 0x800000c4 (0x0000006f)
core   0: 3 0x800000c4 (0x0000006f)
core   0: 3 0x800000c4 (0x0000006f)
core   0: 3 0x800000c4 (0x0000006f)
core   0: 3 0x800000c4 (0x0000006f)
core   0: 3 0x800000c4 (0x0000006f)
core   0: 3 0x800000c4 (0x0000006f)
core   0: 3 0x800000c4 (0x0000006f)
core   0: 3 0x800000c4 (0x0000006f)
core   0: 3 0x800000c4 (0x0000006f)
core   0: 3 0x800000c4 (0x0000006f)
core   0: 3 0x800000c4 (0x0000006f)
core   0: 3 0x800000c4 (0x0000006f)
core   0: 3 0x800000c4 (0x0000006f)
core   0: 3 0x800000c4 (0x0000006f)
core   0: 3 0x800000c4 (0x0000006f)
core   0: 3 0x800000c4 (0x0000006f)
core   0: 3 0x800000c4 (0x0000006f)
core   0: 3 0x800000c4 (0x0000006f)
core   0: 3 0x800000c4 (0x0000006f)
core   0: 3 0x800000c4 (0x0000006f)
core   0: 3 0x800000c4 (0x0000006f)
core   0: 3 0x800000c4 (0x0000006f)
core   0: 3 0x800000c4 (0x0000006f)
core   0: 3 0x800000c4 (0x0000006f)
core   0: 3 0x800000c4 (0x0000006f)
core   0: 3 0x800000c4 (0x0000006f)
core   0: 3 0x800000c4 (0x0000006f)
core   0: 3 0x800000c4 (0x0000006f)
core   0: 3 0x800000c4 (0x0000006f)
core   0: 3 0x800000c4 (0x0000006f)
core   0: 3 0x800000c4 (0x0000006f)
core   0: 3 0x800000c4 (0x0000006f)
core   0: 3 0x800000c4 (0x0000006f)
core   0: 3 0x800000c4 (0x0000006f)
core   0: 3 0x800000c4 (0x0000006f)
core   0: 3 0x800000c4 (0x0000006f)
core   0: 3 0x800000c4 (0x0000006f)
core   0: 3 0x800000c4 (0x0000006f)
core   0: 3 0x800000c4 (0x0000006f)
core   0: 3 0x800000c4 (0x0000006f)
core   0: 3 0x800000c4 (0x0000006f)
core   0: 3 0x800000c4 (0x0000006f)
core   0: 3 0x800000c4 (0x0000006f)
core   0: 3 0x800000c4 (0x0000006f)
core   0: 3 0x800000c4 (0x0000006f)
core   0: 3 0x800000c4 (0x0000006f)
core   0: 3 0x800000c4 (0x0000006f)
core   0: 3 0x800000c4 (0x0000006f)
core   0: 3 0x800000c4 (0x0000006f)
core   0: 3 0x800000c4 (0x0000006f)
core   0: 3 0x800000c4 (0x0000006f)
core   0: 3 0x800000c4 (0x0000006f)
core   0: 3 0x800000c4 (0x0000006f)
core   0: 3 0x800000c4 (0x0000006f)
core   0: 3 0x800000c4 (0x0000006f)
core   0: 3 0x800000c4 (0x0000006f)
core   0: 3 0x800000c4 (0x0000006f)
core   0: 3 0x800000c4 (0x0000006f)
core   0: 3 0x800000c4 (0x0000006f)
core   0: 3 0x800000c4 (0x0000006f)
core   0: 3 0x800000c4 (0x0000006f)
core   0: 3 0x800000c4 (0x0000006f)
core   0: 3 0x800000c4 (0x0000006f)
core   0: 3 0x800000c4 (0x0000006f)
core   0: 3 0x800000c4 (0x0000006f)
core   0: 3 0x800000c4 (0x0000006f)
core   0: 3 0x800000c4 (0x0000006f)
core   0: 3 0x800000c4 (0x0000006f)
core   0: 3 0x800000c4 (0x0000006f)
core   0: 3 0x800000c4 (0x0000006f)
core   0: 3 0x800000c4 (0x0000006f)
core   0: 3 0x800000c4 (0x0000006f)
core   0: 3 0x800000c4 (0x0000006f)
core   0: 3 0x800000c4 (0x0000006f)
core   0: 3 0x800000c4 (0x0000006f)
core   0: 3 0x800000c4 (0x0000006f)
core   0: 3 0x800000c4 (0x0000006f)
core   0: 3 0x800000c4 (0x0000006f)
core   0: 3 0x800000c4 (0x0000006f)
core   0: 3 0x800000c4 (0x0000006f)
core   0: 3 0x800000c4 (0x0000006f)
core   0: 3 0x800000c4 (0x0000006f)
core   0: 3 0x800000c4 (0x0000006f)
core   0: 3 0x800000c4 (0x0000006f)
core   0: 3 0x800000c4 (0x0000006f)
core   0: 3 0x800000c4 (0x0000006f)
core   0: 3 0x800000c4 (0x0000006f)
core   0: 3 0x800000c4 (0x0000006f)
core   0: 3 0x800000c4 (0x0000006f)
core   0: 3 0x800000c4 (0x0000006f)
core   0: 3 0x800000c4 (0x0000006f)
core   0: 3 0x800000c4 (0x0000006f)
core   0: 3 0x800000c4 (0x0000006f)
core   0: 3 0x800000c4 (0x0000006f)
core   0: 3 0x800000c4 (0x0000006f)
core   0: 3 0x800000c4 (0x0000006f)
core   0: 3 0x800000c4 (0x0000006f)
core   0: 3 0x800000c4 (0x0000006f)
core   0: 3 0x800000c4 (0x0000006f)
core   0: 3 0x800000c4 (0x0000006f)
core   0: 3 0x800000c4 (0x0000006f)
core   0: 3 0x800000c4 (0x0000006f)
core   0: 3 0x800000c4 (0x0000006f)
core   0: 3 0x800000c4 (0x0000006f)
core   0: 3 0x800000c4 (0x0000006f)
core   0: 3 0x800000c4 (0x0000006f)
core   0: 3 0x800000c4 (0x0000006f)
core   0: 3 0x800000c4 (0x0000006f)
core   0: 3 0x800000c4 (0x0000006f)
core   0: 3 0x800000c4 (0x0000006f)
core   0: 3 0x800000c4 (0x0000006f)
core   0: 3 0x800000c4 (0x0000006f)
core   0: 3 0x800000c4 (0x0000006f)
core   0: 3 0x800000c4 (0x0000006f)
core   0: 3 0x800000c4 (0x0000006f)
core   0: 3 0x800000c4 (0x0000006f)
core   0: 3 0x800000c4 (0x0000006f)
core   0: 3 0x800000c4 (0x0000006f)
core   0: 3 0x800000c4 (0x0000006f)
core   0: 3 0x800000c4 (0x0000006f)
core   0: 3 0x800000c4 (0x0000006f)
core   0: 3 0x800000c4 (0x0000006f)
core   0: 3 0x800000c4 (0x0000006f)
core   0: 3 0x800000c4 (0x0000006f)
core   0: 3 0x800000c4 (0x0000006f)
core   0: 3 0x800000c4 (0x0000006f)
core   0: 3 0x800000c4 (0x0000006f)
core   0: 3 0x800000c4 (0x0000006f)
core   0: 3 0x800000c4 (0x0000006f)
core   0: 3 0x800000c4 (0x0000006f)
core   0: 3 0x800000c4 (0x0000006f)
core   0: 3 0x800000c4 (0x0000006f)
core   0: 3 0x800000c4 (0x0000006f)
core   0: 3 0x800000c4 (0x0000006f)
core   0: 3 0x800000c4 (0x0000006f)
core   0: 3 0x800000c4 (0x0000006f)
core   0: 3 0x800000c4 (0x0000006f)
core   0: 3 0x800000c4 (0x0000006f)
core   0: 3 0x800000c4 (0x0000006f)
core   0: 3 0x800000c4 (0x0000006f)
core   0: 3 0x800000c4 (0x0000006f)
core   0: 3 0x800000c4 (0x0000006f)
core   0: 3 0x800000c4 (0x0000006f)
core   0: 3 0x800000c4 (0x0000006f)
core   0: 3 0x800000c4 (0x0000006f)
core   0: 3 0x800000c4 (0x0000006f)
core   0: 3 0x800000c4 (0x0000006f)
core   0: 3 0x800000c4 (0x0000006f)
core   0: 3 0x800000c4 (0x0000006f)
core   0: 3 0x800000c4 (0x0000006f)
core   0: 3 0x800000c4 (0x0000006f)
core   0: 3 0x800000c4 (0x0000006f)
core   0: 3 0x800000c4 (0x0000006f)
core   0: 3 0x800000c4 (0x0000006f)
core   0: 3 0x800000c4 (0x0000006f)
core   0: 3 0x800000c4 (0x0000006f)
core   0: 3 0x800000c4 (0x0000006f)
core   0: 3 0x800000c4 (0x0000006f)
core   0: 3 0x800000c4 (0x0000006f)
core   0: 3 0x800000c4 (0x0000006f)
core   0: 3 0x800000c4 (0x0000006f)
core   0: 3 0x800000c4 (0x0000006f)
core   0: 3 0x800000c4 (0x0000006f)
core   0: 3 0x800000c4 (0x0000006f)
core   0: 3 0x800000c4 (0x0000006f)
core   0: 3 0x800000c4 (0x0000006f)
core   0: 3 0x800000c4 (0x0000006f)
core   0: 3 0x800000c4 (0x0000006f)
core   0: 3 0x800000c4 (0x0000006f)
core   0: 3 0x800000c4 (0x0000006f)
core   0: 3 0x800000c4 (0x0000006f)
core   0: 3 0x800000c4 (0x0000006f)
core   0: 3 0x800000c4 (0x0000006f)
core   0: 3 0x800000c4 (0x0000006f)
core   0: 3 0x800000c4 (0x0000006f)
core   0: 3 0x800000c4 (0x0000006f)
core   0: 3 0x800000c4 (0x0000006f)
core   0: 3 0x800000c4 (0x0000006f)
core   0: 3 0x800000c4 (0x0000006f)
core   0: 3 0x800000c4 (0x0000006f)
core   0: 3 0x800000c4 (0x0000006f)
core   0: 3 0x800000c4 (0x0000006f)
core   0: 3 0x800000c4 (0x0000006f)
core   0: 3 0x800000c4 (0x0000006f)
core   0: 3 0x800000c4 (0x0000006f)
core   0: 3 0x800000c4 (0x0000006f)
core   0: 3 0x800000c4 (0x0000006f)
core   0: 3 0x800000c4 (0x0000006f)
core   0: 3 0x800000c4 (0x0000006f)
core   0: 3 0x800000c4 (0x0000006f)
core   0: 3 0x800000c4 (0x0000006f)
core   0: 3 0x800000c4 (0x0000006f)
core   0: 3 0x800000c4 (0x0000006f)
core   0: 3 0x800000c4 (0x0000006f)
core   0: 3 0x800000c4 (0x0000006f)
core   0: 3 0x800000c4 (0x0000006f)
core   0: 3 0x800000c4 (0x0000006f)
core   0: 3 0x800000c4 (0x0000006f)
core   0: 3 0x800000c4 (0x0000006f)
core   0: 3 0x800000c4 (0x0000006f)
core   0: 3 0x800000c4 (0x0000006f)
core   0: 3 0x800000c4 (0x0000006f)
core   0: 3 0x800000c4 (0x0000006f)
core   0: 3 0x800000c4 (0x0000006f)
core   0: 3 0x800000c4 (0x0000006f)
core   0: 3 0x800000c4 (0x0000006f)
core   0: 3 0x800000c4 (0x0000006f)
core   0: 3 0x800000c4 (0x0000006f)
core   0: 3 0x800000c4 (0x0000006f)
core   0: 3 0x800000c4 (0x0000006f)
core   0: 3 0x800000c4 (0x0000006f)
core   0: 3 0x800000c4 (0x0000006f)
core   0: 3 0x800000c4 (0x0000006f)
core   0: 3 0x800000c4 (0x0000006f)
core   0: 3 0x800000c4 (0x0000006f)
core   0: 3 0x800000c4 (0x0000006f)
core   0: 3 0x800000c4 (0x0000006f)
core   0: 3 0x800000c4 (0x0000006f)
core   0: 3 0x800000c4 (0x0000006f)
core   0: 3 0x800000c4 (0x0000006f)
core   0: 3 0x800000c4 (0x0000006f)
core   0: 3 0x800000c4 (0x0000006f)
core   0: 3 0x800000c4 (0x0000006f)
core   0: 3 0x800000c4 (0x0000006f)
core   0: 3 0x800000c4 (0x0000006f)
core   0: 3 0x800000c4 (0x0000006f)
core   0: 3 0x800000c4 (0x0000006f)
core   0: 3 0x800000c4 (0x0000006f)
core   0: 3 0x800000c4 (0x0000006f)
core   0: 3 0x800000c4 (0x0000006f)
core   0: 3 0x800000c4 (0x0000006f)
core   0: 3 0x800000c4 (0x0000006f)
core   0: 3 0x800000c4 (0x0000006f)
core   0: 3 0x800000c4 (0x0000006f)
core   0: 3 0x800000c4 (0x0000006f)
core   0: 3 0x800000c4 (0x0000006f)
core   0: 3 0x800000c4 (0x0000006f)
core   0: 3 0x800000c4 (0x0000006f)
core   0: 3 0x800000c4 (0x0000006f)
core   0: 3 0x800000c4 (0x0000006f)
core   0: 3 0x800000c4 (0x0000006f)
core   0: 3 0x800000c4 (0x0000006f)
core   0: 3 0x800000c4 (0x0000006f)
core   0: 3 0x800000c4 (0x0000006f)
core   0: 3 0x800000c4 (0x0000006f)
core   0: 3 0x800000c4 (0x0000006f)
core   0: 3 0x800000c4 (0x0000006f)
core   0: 3 0x800000c4 (0x0000006f)
core   0: 3 0x800000c4 (0x0000006f)
core   0: 3 0x800000c4 (0x0000006f)
core   0: 3 0x800000c4 (0x0000006f)
core   0: 3 0x800000c4 (0x0000006f)
core   0: 3 0x800000c4 (0x0000006f)
core   0: 3 0x800000c4 (0x0000006f)
core   0: 3 0x800000c4 (0x0000006f)
core   0: 3 0x800000c4 (0x0000006f)
core   0: 3 0x800000c4 (0x0000006f)
core   0: 3 0x800000c4 (0x0000006f)
core   0: 3 0x800000c4 (0x0000006f)
core   0: 3 0x800000c4 (0x0000006f)
core   0: 3 0x800000c4 (0x0000006f)
core   0: 3 0x800000c4 (0x0000006f)
core   0: 3 0x800000c4 (0x0000006f)
core   0: 3 0x800000c4 (0x0000006f)
core   0: 3 0x800000c4 (0x0000006f)
core   0: 3 0x800000c4 (0x0000006f)
core   0: 3 0x800000c4 (0x0000006f)
core   0: 3 0x800000c4 (0x0000006f)
core   0: 3 0x800000c4 (0x0000006f)
core   0: 3 0x800000c4 (0x0000006f)
core   0: 3 0x800000c4 (0x0000006f)
core   0: 3 0x800000c4 (0x0000006f)
core   0: 3 0x800000c4 (0x0000006f)
core   0: 3 0x800000c4 (0x0000006f)
core   0: 3 0x800000c4 (0x0000006f)
core   0: 3 0x800000c4 (0x0000006f)
core   0: 3 0x800000c4 (0x0000006f)
core   0: 3 0x800000c4 (0x0000006f)
core   0: 3 0x800000c4 (0x0000006f)
core   0: 3 0x800000c4 (0x0000006f)
core   0: 3 0x800000c4 (0x0000006f)
core   0: 3 0x800000c4 (0x0000006f)
core   0: 3 0x800000c4 (0x0000006f)
core   0: 3 0x800000c4 (0x0000006f)
core   0: 3 0x800000c4 (0x0000006f)
core   0: 3 0x800000c4 (0x0000006f)
core   0: 3 0x800000c4 (0x0000006f)
core   0: 3 0x800000c4 (0x0000006f)
core   0: 3 0x800000c4 (0x0000006f)
core   0: 3 0x800000c4 (0x0000006f)
core   0: 3 0x800000c4 (0x0000006f)
core   0: 3 0x800000c4 (0x0000006f)
core   0: 3 0x800000c4 (0x0000006f)
core   0: 3 0x800000c4 (0x0000006f)
core   0: 3 0x800000c4 (0x0000006f)
core   0: 3 0x800000c4 (0x0000006f)
core   0: 3 0x800000c4 (0x0000006f)
core   0: 3 0x800000c4 (0x0000006f)
core   0: 3 0x800000c4 (0x0000006f)
core   0: 3 0x800000c4 (0x0000006f)
core   0: 3 0x800000c4 (0x0000006f)
core   0: 3 0x800000c4 (0x0000006f)
core   0: 3 0x800000c4 (0x0000006f)
core   0: 3 0x800000c4 (0x0000006f)
core   0: 3 0x800000c4 (0x0000006f)
core   0: 3 0x800000c4 (0x0000006f)
core   0: 3 0x800000c4 (0x0000006f)
core   0: 3 0x800000c4 (0x0000006f)
core   0: 3 0x800000c4 (0x0000006f)
core   0: 3 0x800000c4 (0x0000006f)
core   0: 3 0x800000c4 (0x0000006f)
core   0: 3 0x800000c4 (0x0000006f)
core   0: 3 0x800000c4 (0x0000006f)
core   0: 3 0x800000c4 (0x0000006f)
core   0: 3 0x800000c4 (0x0000006f)
core   0: 3 0x800000c4 (0x0000006f)
core   0: 3 0x800000c4 (0x0000006f)
core   0: 3 0x800000c4 (0x0000006f)
core   0: 3 0x800000c4 (0x0000006f)
core   0: 3 0x800000c4 (0x0000006f)
core   0: 3 0x800000c4 (0x0000006f)
core   0: 3 0x800000c4 (0x0000006f)
core   0: 3 0x800000c4 (0x0000006f)
core   0: 3 0x800000c4 (0x0000006f)
core   0: 3 0x800000c4 (0x0000006f)
core   0: 3 0x800000c4 (0x0000006f)
core   0: 3 0x800000c4 (0x0000006f)
core   0: 3 0x800000c4 (0x0000006f)
core   0: 3 0x800000c4 (0x0000006f)
core   0: 3 0x800000c4 (0x0000006f)
core   0: 3 0x800000c4 (0x0000006f)
core   0: 3 0x800000c4 (0x0000006f)
core   0: 3 0x800000c4 (0x0000006f)
core   0: 3 0x800000c4 (0x0000006f)
core   0: 3 0x800000c4 (0x0000006f)
core   0: 3 0x800000c4 (0x0000006f)
core   0: 3 0x800000c4 (0x0000006f)
core   0: 3 0x800000c4 (0x0000006f)
core   0: 3 0x800000c4 (0x0000006f)
core   0: 3 0x800000c4 (0x0000006f)
core   0: 3 0x800000c4 (0x0000006f)
core   0: 3 0x800000c4 (0x0000006f)
core   0: 3 0x800000c4 (0x0000006f)
core   0: 3 0x800000c4 (0x0000006f)
core   0: 3 0x800000c4 (0x0000006f)
core   0: 3 0x800000c4 (0x0000006f)
core   0: 3 0x800000c4 (0x0000006f)
core   0: 3 0x800000c4 (0x0000006f)
core   0: 3 0x800000c4 (0x0000006f)
core   0: 3 0x800000c4 (0x0000006f)
core   0: 3 0x800000c4 (0x0000006f)
core   0: 3 0x800000c4 (0x0000006f)
core   0: 3 0x800000c4 (0x0000006f)
core   0: 3 0x800000c4 (0x0000006f)
core   0: 3 0x800000c4 (0x0000006f)
core   0: 3 0x800000c4 (0x0000006f)
core   0: 3 0x800000c4 (0x0000006f)
core   0: 3 0x800000c4 (0x0000006f)
core   0: 3 0x800000c4 (0x0000006f)
core   0: 3 0x800000c4 (0x0000006f)
core   0: 3 0x800000c4 (0x0000006f)
core   0: 3 0x800000c4 (0x0000006f)
core   0: 3 0x800000c4 (0x0000006f)
core   0: 3 0x800000c4 (0x0000006f)
core   0: 3 0x800000c4 (0x0000006f)
core   0: 3 0x800000c4 (0x0000006f)
core   0: 3 0x800000c4 (0x0000006f)
core   0: 3 0x800000c4 (0x0000006f)
core   0: 3 0x800000c4 (0x0000006f)
core   0: 3 0x800000c4 (0x0000006f)
core   0: 3 0x800000c4 (0x0000006f)
core   0: 3 0x800000c4 (0x0000006f)
core   0: 3 0x800000c4 (0x0000006f)
core   0: 3 0x800000c4 (0x0000006f)
core   0: 3 0x800000c4 (0x0000006f)
core   0: 3 0x800000c4 (0x0000006f)
core   0: 3 0x800000c4 (0x0000006f)
core   0: 3 0x800000c4 (0x0000006f)
core   0: 3 0x800000c4 (0x0000006f)
core   0: 3 0x800000c4 (0x0000006f)
core   0: 3 0x800000c4 (0x0000006f)
core   0: 3 0x800000c4 (0x0000006f)
core   0: 3 0x800000c4 (0x0000006f)
core   0: 3 0x800000c4 (0x0000006f)
core   0: 3 0x800000c4 (0x0000006f)
core   0: 3 0x800000c4 (0x0000006f)
core   0: 3 0x800000c4 (0x0000006f)
core   0: 3 0x800000c4 (0x0000006f)
core   0: 3 0x800000c4 (0x0000006f)
core   0: 3 0x800000c4 (0x0000006f)
core   0: 3 0x800000c4 (0x0000006f)
core   0: 3 0x800000c4 (0x0000006f)
core   0: 3 0x800000c4 (0x0000006f)
core   0: 3 0x800000c4 (0x0000006f)
core   0: 3 0x800000c4 (0x0000006f)
core   0: 3 0x800000c4 (0x0000006f)
core   0: 3 0x800000c4 (0x0000006f)
core   0: 3 0x800000c4 (0x0000006f)
core   0: 3 0x800000c4 (0x0000006f)
core   0: 3 0x800000c4 (0x0000006f)
core   0: 3 0x800000c4 (0x0000006f)
core   0: 3 0x800000c4 (0x0000006f)
core   0: 3 0x800000c4 (0x0000006f)
core   0: 3 0x800000c4 (0x0000006f)
core   0: 3 0x800000c4 (0x0000006f)
core   0: 3 0x800000c4 (0x0000006f)
core   0: 3 0x800000c4 (0x0000006f)
core   0: 3 0x800000c4 (0x0000006f)
core   0: 3 0x800000c4 (0x0000006f)
core   0: 3 0x800000c4 (0x0000006f)
core   0: 3 0x800000c4 (0x0000006f)
core   0: 3 0x800000c4 (0x0000006f)
core   0: 3 0x800000c4 (0x0000006f)
core   0: 3 0x800000c4 (0x0000006f)
core   0: 3 0x800000c4 (0x0000006f)
core   0: 3 0x800000c4 (0x0000006f)
core   0: 3 0x800000c4 (0x0000006f)
core   0: 3 0x800000c4 (0x0000006f)
core   0: 3 0x800000c4 (0x0000006f)
core   0: 3 0x800000c4 (0x0000006f)
core   0: 3 0x800000c4 (0x0000006f)
core   0: 3 0x800000c4 (0x0000006f)
core   0: 3 0x800000c4 (0x0000006f)
core   0: 3 0x800000c4 (0x0000006f)
core   0: 3 0x800000c4 (0x0000006f)
core   0: 3 0x800000c4 (0x0000006f)
core   0: 3 0x800000c4 (0x0000006f)
core   0: 3 0x800000c4 (0x0000006f)
core   0: 3 0x800000c4 (0x0000006f)
core   0: 3 0x800000c4 (0x0000006f)
core   0: 3 0x800000c4 (0x0000006f)
core   0: 3 0x800000c4 (0x0000006f)
core   0: 3 0x800000c4 (0x0000006f)
core   0: 3 0x800000c4 (0x0000006f)
core   0: 3 0x800000c4 (0x0000006f)
core   0: 3 0x800000c4 (0x0000006f)
core   0: 3 0x800000c4 (0x0000006f)
core   0: 3 0x800000c4 (0x0000006f)
core   0: 3 0x800000c4 (0x0000006f)
core   0: 3 0x800000c4 (0x0000006f)
core   0: 3 0x800000c4 (0x0000006f)
core   0: 3 0x800000c4 (0x0000006f)
core   0: 3 0x800000c4 (0x0000006f)
core   0: 3 0x800000c4 (0x0000006f)
core   0: 3 0x800000c4 (0x0000006f)
core   0: 3 0x800000c4 (0x0000006f)
core   0: 3 0x800000c4 (0x0000006f)
core   0: 3 0x800000c4 (0x0000006f)
core   0: 3 0x800000c4 (0x0000006f)
core   0: 3 0x800000c4 (0x0000006f)
core   0: 3 0x800000c4 (0x0000006f)
core   0: 3 0x800000c4 (0x0000006f)
core   0: 3 0x800000c4 (0x0000006f)
core   0: 3 0x800000c4 (0x0000006f)
core   0: 3 0x800000c4 (0x0000006f)
core   0: 3 0x800000c4 (0x0000006f)
core   0: 3 0x800000c4 (0x0000006f)
core   0: 3 0x800000c4 (0x0000006f)
core   0: 3 0x800000c4 (0x0000006f)
core   0: 3 0x800000c4 (0x0000006f)
core   0: 3 0x800000c4 (0x0000006f)
core   0: 3 0x800000c4 (0x0000006f)
core   0: 3 0x800000c4 (0x0000006f)
core   0: 3 0x800000c4 (0x0000006f)
core   0: 3 0x800000c4 (0x0000006f)
core   0: 3 0x800000c4 (0x0000006f)
core   0: 3 0x800000c4 (0x0000006f)
core   0: 3 0x800000c4 (0x0000006f)
core   0: 3 0x800000c4 (0x0000006f)
core   0: 3 0x800000c4 (0x0000006f)
core   0: 3 0x800000c4 (0x0000006f)
core   0: 3 0x800000c4 (0x0000006f)
core   0: 3 0x800000c4 (0x0000006f)
core   0: 3 0x800000c4 (0x0000006f)
core   0: 3 0x800000c4 (0x0000006f)
core   0: 3 0x800000c4 (0x0000006f)
core   0: 3 0x800000c4 (0x0000006f)
core   0: 3 0x800000c4 (0x0000006f)
core   0: 3 0x800000c4 (0x0000006f)
core   0: 3 0x800000c4 (0x0000006f)
core   0: 3 0x800000c4 (0x0000006f)
core   0: 3 0x800000c4 (0x0000006f)
core   0: 3 0x800000c4 (0x0000006f)
core   0: 3 0x800000c4 (0x0000006f)
core   0: 3 0x800000c4 (0x0000006f)
core   0: 3 0x800000c4 (0x0000006f)
core   0: 3 0x800000c4 (0x0000006f)
core   0: 3 0x800000c4 (0x0000006f)
core   0: 3 0x800000c4 (0x0000006f)
core   0: 3 0x800000c4 (0x0000006f)
core   0: 3 0x800000c4 (0x0000006f)
core   0: 3 0x800000c4 (0x0000006f)
core   0: 3 0x800000c4 (0x0000006f)
core   0: 3 0x800000c4 (0x0000006f)
core   0: 3 0x800000c4 (0x0000006f)
core   0: 3 0x800000c4 (0x0000006f)
core   0: 3 0x800000c4 (0x0000006f)
core   0: 3 0x800000c4 (0x0000006f)
core   0: 3 0x800000c4 (0x0000006f)
core   0: 3 0x800000c4 (0x0000006f)
core   0: 3 0x800000c4 (0x0000006f)
core   0: 3 0x800000c4 (0x0000006f)
core   0: 3 0x800000c4 (0x0000006f)
core   0: 3 0x800000c4 (0x0000006f)
core   0: 3 0x800000c4 (0x0000006f)
core   0: 3 0x800000c4 (0x0000006f)
core   0: 3 0x800000c4 (0x0000006f)
core   0: 3 0x800000c4 (0x0000006f)
core   0: 3 0x800000c4 (0x0000006f)
core   0: 3 0x800000c4 (0x0000006f)
core   0: 3 0x800000c4 (0x0000006f)
core   0: 3 0x800000c4 (0x0000006f)
core   0: 3 0x800000c4 (0x0000006f)
core   0: 3 0x800000c4 (0x0000006f)
core   0: 3 0x800000c4 (0x0000006f)
core   0: 3 0x800000c4 (0x0000006f)
core   0: 3 0x800000c4 (0x0000006f)
core   0: 3 0x800000c4 (0x0000006f)
core   0: 3 0x800000c4 (0x0000006f)
core   0: 3 0x800000c4 (0x0000006f)
core   0: 3 0x800000c4 (0x0000006f)
core   0: 3 0x800000c4 (0x0000006f)
core   0: 3 0x800000c4 (0x0000006f)
core   0: 3 0x800000c4 (0x0000006f)
core   0: 3 0x800000c4 (0x0000006f)
core   0: 3 0x800000c4 (0x0000006f)
core   0: 3 0x800000c4 (0x0000006f)
core   0: 3 0x800000c4 (0x0000006f)
core   0: 3 0x800000c4 (0x0000006f)
core   0: 3 0x800000c4 (0x0000006f)
core   0: 3 0x800000c4 (0x0000006f)
core   0: 3 0x800000c4 (0x0000006f)
core   0: 3 0x800000c4 (0x0000006f)
core   0: 3 0x800000c4 (0x0000006f)
core   0: 3 0x800000c4 (0x0000006f)
core   0: 3 0x800000c4 (0x0000006f)
core   0: 3 0x800000c4 (0x0000006f)
core   0: 3 0x800000c4 (0x0000006f)
core   0: 3 0x800000c4 (0x0000006f)
core   0: 3 0x800000c4 (0x0000006f)
core   0: 3 0x800000c4 (0x0000006f)
core   0: 3 0x800000c4 (0x0000006f)
core   0: 3 0x800000c4 (0x0000006f)
core   0: 3 0x800000c4 (0x0000006f)
core   0: 3 0x800000c4 (0x0000006f)
core   0: 3 0x800000c4 (0x0000006f)
core   0: 3 0x800000c4 (0x0000006f)
core   0: 3 0x800000c4 (0x0000006f)
core   0: 3 0x800000c4 (0x0000006f)
core   0: 3 0x800000c4 (0x0000006f)
core   0: 3 0x800000c4 (0x0000006f)
core   0: 3 0x800000c4 (0x0000006f)
core   0: 3 0x800000c4 (0x0000006f)
core   0: 3 0x800000c4 (0x0000006f)
core   0: 3 0x800000c4 (0x0000006f)
core   0: 3 0x800000c4 (0x0000006f)
core   0: 3 0x800000c4 (0x0000006f)
core   0: 3 0x800000c4 (0x0000006f)
core   0: 3 0x800000c4 (0x0000006f)
core   0: 3 0x800000c4 (0x0000006f)
core   0: 3 0x800000c4 (0x0000006f)
core   0: 3 0x800000c4 (0x0000006f)
core   0: 3 0x800000c4 (0x0000006f)
core   0: 3 0x800000c4 (0x0000006f)
core   0: 3 0x800000c4 (0x0000006f)
core   0: 3 0x800000c4 (0x0000006f)
core   0: 3 0x800000c4 (0x0000006f)
core   0: 3 0x800000c4 (0x0000006f)
core   0: 3 0x800000c4 (0x0000006f)
core   0: 3 0x800000c4 (0x0000006f)
core   0: 3 0x800000c4 (0x0000006f)
core   0: 3 0x800000c4 (0x0000006f)
core   0: 3 0x800000c4 (0x0000006f)
core   0: 3 0x800000c4 (0x0000006f)
core   0: 3 0x800000c4 (0x0000006f)
core   0: 3 0x800000c4 (0x0000006f)
core   0: 3 0x800000c4 (0x0000006f)
core   0: 3 0x800000c4 (0x0000006f)
core   0: 3 0x800000c4 (0x0000006f)
core   0: 3 0x800000c4 (0x0000006f)
core   0: 3 0x800000c4 (0x0000006f)
core   0: 3 0x800000c4 (0x0000006f)
core   0: 3 0x800000c4 (0x0000006f)
core   0: 3 0x800000c4 (0x0000006f)
core   0: 3 0x800000c4 (0x0000006f)
core   0: 3 0x800000c4 (0x0000006f)
core   0: 3 0x800000c4 (0x0000006f)
core   0: 3 0x800000c4 (0x0000006f)
core   0: 3 0x800000c4 (0x0000006f)
core   0: 3 0x800000c4 (0x0000006f)
core   0: 3 0x800000c4 (0x0000006f)
core   0: 3 0x800000c4 (0x0000006f)
core   0: 3 0x800000c4 (0x0000006f)
core   0: 3 0x800000c4 (0x0000006f)
core   0: 3 0x800000c4 (0x0000006f)
core   0: 3 0x800000c4 (0x0000006f)
core   0: 3 0x800000c4 (0x0000006f)
core   0: 3 0x800000c4 (0x0000006f)
core   0: 3 0x800000c4 (0x0000006f)
core   0: 3 0x800000c4 (0x0000006f)
core   0: 3 0x800000c4 (0x0000006f)
core   0: 3 0x800000c4 (0x0000006f)
core   0: 3 0x800000c4 (0x0000006f)
core   0: 3 0x800000c4 (0x0000006f)
core   0: 3 0x800000c4 (0x0000006f)
core   0: 3 0x800000c4 (0x0000006f)
core   0: 3 0x800000c4 (0x0000006f)
core   0: 3 0x800000c4 (0x0000006f)
core   0: 3 0x800000c4 (0x0000006f)
core   0: 3 0x800000c4 (0x0000006f)
core   0: 3 0x800000c4 (0x0000006f)
core   0: 3 0x800000c4 (0x0000006f)
core   0: 3 0x800000c4 (0x0000006f)
core   0: 3 0x800000c4 (0x0000006f)
core   0: 3 0x800000c4 (0x0000006f)
core   0: 3 0x800000c4 (0x0000006f)
core   0: 3 0x800000c4 (0x0000006f)
core   0: 3 0x800000c4 (0x0000006f)
core   0: 3 0x800000c4 (0x0000006f)
core   0: 3 0x800000c4 (0x0000006f)
core   0: 3 0x800000c4 (0x0000006f)
core   0: 3 0x800000c4 (0x0000006f)
core   0: 3 0x800000c4 (0x0000006f)
core   0: 3 0x800000c4 (0x0000006f)
core   0: 3 0x800000c4 (0x0000006f)
core   0: 3 0x800000c4 (0x0000006f)
core   0: 3 0x800000c4 (0x0000006f)
core   0: 3 0x800000c4 (0x0000006f)
core   0: 3 0x800000c4 (0x0000006f)
core   0: 3 0x800000c4 (0x0000006f)
core   0: 3 0x800000c4 (0x0000006f)
core   0: 3 0x800000c4 (0x0000006f)
core   0: 3 0x800000c4 (0x0000006f)
core   0: 3 0x800000c4 (0x0000006f)
core   0: 3 0x800000c4 (0x0000006f)
core   0: 3 0x800000c4 (0x0000006f)
core   0: 3 0x800000c4 (0x0000006f)
core   0: 3 0x800000c4 (0x0000006f)
core   0: 3 0x800000c4 (0x0000006f)
core   0: 3 0x800000c4 (0x0000006f)
core   0: 3 0x800000c4 (0x0000006f)
core   0: 3 0x800000c4 (0x0000006f)
core   0: 3 0x800000c4 (0x0000006f)
core   0: 3 0x800000c4 (0x0000006f)
core   0: 3 0x800000c4 (0x0000006f)
core   0: 3 0x800000c4 (0x0000006f)
core   0: 3 0x800000c4 (0x0000006f)
core   0: 3 0x800000c4 (0x0000006f)
core   0: 3 0x800000c4 (0x0000006f)
core   0: 3 0x800000c4 (0x0000006f)
core   0: 3 0x800000c4 (0x0000006f)
core   0: 3 0x800000c4 (0x0000006f)
core   0: 3 0x800000c4 (0x0000006f)
core   0: 3 0x800000c4 (0x0000006f)
core   0: 3 0x800000c4 (0x0000006f)
core   0: 3 0x800000c4 (0x0000006f)
core   0: 3 0x800000c4 (0x0000006f)
core   0: 3 0x800000c4 (0x0000006f)
core   0: 3 0x800000c4 (0x0000006f)
core   0: 3 0x800000c4 (0x0000006f)
core   0: 3 0x800000c4 (0x0000006f)
core   0: 3 0x800000c4 (0x0000006f)
core   0: 3 0x800000c4 (0x0000006f)
core   0: 3 0x800000c4 (0x0000006f)
core   0: 3 0x800000c4 (0x0000006f)
core   0: 3 0x800000c4 (0x0000006f)
core   0: 3 0x800000c4 (0x0000006f)
core   0: 3 0x800000c4 (0x0000006f)
core   0: 3 0x800000c4 (0x0000006f)
core   0: 3 0x800000c4 (0x0000006f)
core   0: 3 0x800000c4 (0x0000006f)
core   0: 3 0x800000c4 (0x0000006f)
core   0: 3 0x800000c4 (0x0000006f)
core   0: 3 0x800000c4 (0x0000006f)
core   0: 3 0x800000c4 (0x0000006f)
core   0: 3 0x800000c4 (0x0000006f)
core   0: 3 0x800000c4 (0x0000006f)
core   0: 3 0x800000c4 (0x0000006f)
core   0: 3 0x800000c4 (0x0000006f)
core   0: 3 0x800000c4 (0x0000006f)
core   0: 3 0x800000c4 (0x0000006f)
core   0: 3 0x800000c4 (0x0000006f)
core   0: 3 0x800000c4 (0x0000006f)
core   0: 3 0x800000c4 (0x0000006f)
core   0: 3 0x800000c4 (0x0000006f)
core   0: 3 0x800000c4 (0x0000006f)
core   0: 3 0x800000c4 (0x0000006f)
core   0: 3 0x800000c4 (0x0000006f)
core   0: 3 0x800000c4 (0x0000006f)
core   0: 3 0x800000c4 (0x0000006f)
core   0: 3 0x800000c4 (0x0000006f)
core   0: 3 0x800000c4 (0x0000006f)
core   0: 3 0x800000c4 (0x0000006f)
core   0: 3 0x800000c4 (0x0000006f)
core   0: 3 0x800000c4 (0x0000006f)
core   0: 3 0x800000c4 (0x0000006f)
core   0: 3 0x800000c4 (0x0000006f)
core   0: 3 0x800000c4 (0x0000006f)
core   0: 3 0x800000c4 (0x0000006f)
core   0: 3 0x800000c4 (0x0000006f)
core   0: 3 0x800000c4 (0x0000006f)
core   0: 3 0x800000c4 (0x0000006f)
core   0: 3 0x800000c4 (0x0000006f)
core   0: 3 0x800000c4 (0x0000006f)
core   0: 3 0x800000c4 (0x0000006f)
core   0: 3 0x800000c4 (0x0000006f)
core   0: 3 0x800000c4 (0x0000006f)
core   0: 3 0x800000c4 (0x0000006f)
core   0: 3 0x800000c4 (0x0000006f)
core   0: 3 0x800000c4 (0x0000006f)
core   0: 3 0x800000c4 (0x0000006f)
core   0: 3 0x800000c4 (0x0000006f)
core   0: 3 0x800000c4 (0x0000006f)
core   0: 3 0x800000c4 (0x0000006f)
core   0: 3 0x800000c4 (0x0000006f)
core   0: 3 0x800000c4 (0x0000006f)
core   0: 3 0x800000c4 (0x0000006f)
core   0: 3 0x800000c4 (0x0000006f)
core   0: 3 0x800000c4 (0x0000006f)
core   0: 3 0x800000c4 (0x0000006f)
core   0: 3 0x800000c4 (0x0000006f)
core   0: 3 0x800000c4 (0x0000006f)
core   0: 3 0x800000c4 (0x0000006f)
core   0: 3 0x800000c4 (0x0000006f)
core   0: 3 0x800000c4 (0x0000006f)
core   0: 3 0x800000c4 (0x0000006f)
core   0: 3 0x800000c4 (0x0000006f)
core   0: 3 0x800000c4 (0x0000006f)
core   0: 3 0x800000c4 (0x0000006f)
core   0: 3 0x800000c4 (0x0000006f)
core   0: 3 0x800000c4 (0x0000006f)
core   0: 3 0x800000c4 (0x0000006f)
core   0: 3 0x800000c4 (0x0000006f)
core   0: 3 0x800000c4 (0x0000006f)
core   0: 3 0x800000c4 (0x0000006f)
core   0: 3 0x800000c4 (0x0000006f)
core   0: 3 0x800000c4 (0x0000006f)
core   0: 3 0x800000c4 (0x0000006f)
core   0: 3 0x800000c4 (0x0000006f)
core   0: 3 0x800000c4 (0x0000006f)
core   0: 3 0x800000c4 (0x0000006f)
core   0: 3 0x800000c4 (0x0000006f)
core   0: 3 0x800000c4 (0x0000006f)
core   0: 3 0x800000c4 (0x0000006f)
core   0: 3 0x800000c4 (0x0000006f)
core   0: 3 0x800000c4 (0x0000006f)
core   0: 3 0x800000c4 (0x0000006f)
core   0: 3 0x800000c4 (0x0000006f)
core   0: 3 0x800000c4 (0x0000006f)
core   0: 3 0x800000c4 (0x0000006f)
core   0: 3 0x800000c4 (0x0000006f)
core   0: 3 0x800000c4 (0x0000006f)
core   0: 3 0x800000c4 (0x0000006f)
core   0: 3 0x800000c4 (0x0000006f)
core   0: 3 0x800000c4 (0x0000006f)
core   0: 3 0x800000c4 (0x0000006f)
core   0: 3 0x800000c4 (0x0000006f)
core   0: 3 0x800000c4 (0x0000006f)
core   0: 3 0x800000c4 (0x0000006f)
core   0: 3 0x800000c4 (0x0000006f)
core   0: 3 0x800000c4 (0x0000006f)
core   0: 3 0x800000c4 (0x0000006f)
core   0: 3 0x800000c4 (0x0000006f)
core   0: 3 0x800000c4 (0x0000006f)
core   0: 3 0x800000c4 (0x0000006f)
core   0: 3 0x800000c4 (0x0000006f)
core   0: 3 0x800000c4 (0x0000006f)
core   0: 3 0x800000c4 (0x0000006f)
core   0: 3 0x800000c4 (0x0000006f)
core   0: 3 0x800000c4 (0x0000006f)
core   0: 3 0x800000c4 (0x0000006f)
core   0: 3 0x800000c4 (0x0000006f)
core   0: 3 0x800000c4 (0x0000006f)
core   0: 3 0x800000c4 (0x0000006f)
core   0: 3 0x800000c4 (0x0000006f)
core   0: 3 0x800000c4 (0x0000006f)
core   0: 3 0x800000c4 (0x0000006f)
core   0: 3 0x800000c4 (0x0000006f)
core   0: 3 0x800000c4 (0x0000006f)
core   0: 3 0x800000c4 (0x0000006f)
core   0: 3 0x800000c4 (0x0000006f)
core   0: 3 0x800000c4 (0x0000006f)
core   0: 3 0x800000c4 (0x0000006f)
core   0: 3 0x800000c4 (0x0000006f)
core   0: 3 0x800000c4 (0x0000006f)
core   0: 3 0x800000c4 (0x0000006f)
core   0: 3 0x800000c4 (0x0000006f)
core   0: 3 0x800000c4 (0x0000006f)
core   0: 3 0x800000c4 (0x0000006f)
core   0: 3 0x800000c4 (0x0000006f)
core   0: 3 0x800000c4 (0x0000006f)
core   0: 3 0x800000c4 (0x0000006f)
core   0: 3 0x800000c4 (0x0000006f)
core   0: 3 0x800000c4 (0x0000006f)
core   0: 3 0x800000c4 (0x0000006f)
core   0: 3 0x800000c4 (0x0000006f)
core   0: 3 0x800000c4 (0x0000006f)
core   0: 3 0x800000c4 (0x0000006f)
core   0: 3 0x800000c4 (0x0000006f)
core   0: 3 0x800000c4 (0x0000006f)
core   0: 3 0x800000c4 (0x0000006f)
core   0: 3 0x800000c4 (0x0000006f)
core   0: 3 0x800000c4 (0x0000006f)
core   0: 3 0x800000c4 (0x0000006f)
core   0: 3 0x800000c4 (0x0000006f)
core   0: 3 0x800000c4 (0x0000006f)
core   0: 3 0x800000c4 (0x0000006f)
core   0: 3 0x800000c4 (0x0000006f)
core   0: 3 0x800000c4 (0x0000006f)
core   0: 3 0x800000c4 (0x0000006f)
core   0: 3 0x800000c4 (0x0000006f)
core   0: 3 0x800000c4 (0x0000006f)
core   0: 3 0x800000c4 (0x0000006f)
core   0: 3 0x800000c4 (0x0000006f)
core   0: 3 0x800000c4 (0x0000006f)
core   0: 3 0x800000c4 (0x0000006f)
core   0: 3 0x800000c4 (0x0000006f)
core   0: 3 0x800000c4 (0x0000006f)
core   0: 3 0x800000c4 (0x0000006f)
core   0: 3 0x800000c4 (0x0000006f)
core   0: 3 0x800000c4 (0x0000006f)
core   0: 3 0x800000c4 (0x0000006f)
core   0: 3 0x800000c4 (0x0000006f)
core   0: 3 0x800000c4 (0x0000006f)
core   0: 3 0x800000c4 (0x0000006f)
core   0: 3 0x800000c4 (0x0000006f)
core   0: 3 0x800000c4 (0x0000006f)
core   0: 3 0x800000c4 (0x0000006f)
core   0: 3 0x800000c4 (0x0000006f)
core   0: 3 0x800000c4 (0x0000006f)
core   0: 3 0x800000c4 (0x0000006f)
core   0: 3 0x800000c4 (0x0000006f)
core   0: 3 0x800000c4 (0x0000006f)
core   0: 3 0x800000c4 (0x0000006f)
core   0: 3 0x800000c4 (0x0000006f)
core   0: 3 0x800000c4 (0x0000006f)
core   0: 3 0x800000c4 (0x0000006f)
core   0: 3 0x800000c4 (0x0000006f)
core   0: 3 0x800000c4 (0x0000006f)
core   0: 3 0x800000c4 (0x0000006f)
core   0: 3 0x800000c4 (0x0000006f)
core   0: 3 0x800000c4 (0x0000006f)
core   0: 3 0x800000c4 (0x0000006f)
core   0: 3 0x800000c4 (0x0000006f)
core   0: 3 0x800000c4 (0x0000006f)
core   0: 3 0x800000c4 (0x0000006f)
core   0: 3 0x800000c4 (0x0000006f)
core   0: 3 0x800000c4 (0x0000006f)
core   0: 3 0x800000c4 (0x0000006f)
core   0: 3 0x800000c4 (0x0000006f)
core   0: 3 0x800000c4 (0x0000006f)
core   0: 3 0x800000c4 (0x0000006f)
core   0: 3 0x800000c4 (0x0000006f)
core   0: 3 0x800000c4 (0x0000006f)
core   0: 3 0x800000c4 (0x0000006f)
core   0: 3 0x800000c4 (0x0000006f)
core   0: 3 0x800000c4 (0x0000006f)
core   0: 3 0x800000c4 (0x0000006f)
core   0: 3 0x800000c4 (0x0000006f)
core   0: 3 0x800000c4 (0x0000006f)
core   0: 3 0x800000c4 (0x0000006f)
core   0: 3 0x800000c4 (0x0000006f)
core   0: 3 0x800000c4 (0x0000006f)
core   0: 3 0x800000c4 (0x0000006f)
core   0: 3 0x800000c4 (0x0000006f)
core   0: 3 0x800000c4 (0x0000006f)
core   0: 3 0x800000c4 (0x0000006f)
core   0: 3 0x800000c4 (0x0000006f)
core   0: 3 0x800000c4 (0x0000006f)
core   0: 3 0x800000c4 (0x0000006f)
core   0: 3 0x800000c4 (0x0000006f)
core   0: 3 0x800000c4 (0x0000006f)
core   0: 3 0x800000c4 (0x0000006f)
core   0: 3 0x800000c4 (0x0000006f)
core   0: 3 0x800000c4 (0x0000006f)
core   0: 3 0x800000c4 (0x0000006f)
core   0: 3 0x800000c4 (0x0000006f)
core   0: 3 0x800000c4 (0x0000006f)
core   0: 3 0x800000c4 (0x0000006f)
core   0: 3 0x800000c4 (0x0000006f)
core   0: 3 0x800000c4 (0x0000006f)
core   0: 3 0x800000c4 (0x0000006f)
core   0: 3 0x800000c4 (0x0000006f)
core   0: 3 0x800000c4 (0x0000006f)
core   0: 3 0x800000c4 (0x0000006f)
core   0: 3 0x800000c4 (0x0000006f)
core   0: 3 0x800000c4 (0x0000006f)
core   0: 3 0x800000c4 (0x0000006f)
core   0: 3 0x800000c4 (0x0000006f)
core   0: 3 0x800000c4 (0x0000006f)
core   0: 3 0x800000c4 (0x0000006f)
core   0: 3 0x800000c4 (0x0000006f)
core   0: 3 0x800000c4 (0x0000006f)
core   0: 3 0x800000c4 (0x0000006f)
core   0: 3 0x800000c4 (0x0000006f)
core   0: 3 0x800000c4 (0x0000006f)
core   0: 3 0x800000c4 (0x0000006f)
core   0: 3 0x800000c4 (0x0000006f)
core   0: 3 0x800000c4 (0x0000006f)
core   0: 3 0x800000c4 (0x0000006f)
core   0: 3 0x800000c4 (0x0000006f)
core   0: 3 0x800000c4 (0x0000006f)
core   0: 3 0x800000c4 (0x0000006f)
core   0: 3 0x800000c4 (0x0000006f)
core   0: 3 0x800000c4 (0x0000006f)
core   0: 3 0x800000c4 (0x0000006f)
core   0: 3 0x800000c4 (0x0000006f)
core   0: 3 0x800000c4 (0x0000006f)
core   0: 3 0x800000c4 (0x0000006f)
core   0: 3 0x800000c4 (0x0000006f)
core   0: 3 0x800000c4 (0x0000006f)
core   0: 3 0x800000c4 (0x0000006f)
core   0: 3 0x800000c4 (0x0000006f)
core   0: 3 0x800000c4 (0x0000006f)
core   0: 3 0x800000c4 (0x0000006f)
core   0: 3 0x800000c4 (0x0000006f)
core   0: 3 0x800000c4 (0x0000006f)
core   0: 3 0x800000c4 (0x0000006f)
core   0: 3 0x800000c4 (0x0000006f)
core   0: 3 0x800000c4 (0x0000006f)
core   0: 3 0x800000c4 (0x0000006f)
core   0: 3 0x800000c4 (0x0000006f)
core   0: 3 0x800000c4 (0x0000006f)
core   0: 3 0x800000c4 (0x0000006f)
core   0: 3 0x800000c4 (0x0000006f)
core   0: 3 0x800000c4 (0x0000006f)
core   0: 3 0x800000c4 (0x0000006f)
core   0: 3 0x800000c4 (0x0000006f)
core   0: 3 0x800000c4 (0x0000006f)
core   0: 3 0x800000c4 (0x0000006f)
core   0: 3 0x800000c4 (0x0000006f)
core   0: 3 0x800000c4 (0x0000006f)
core   0: 3 0x800000c4 (0x0000006f)
core   0: 3 0x800000c4 (0x0000006f)
core   0: 3 0x800000c4 (0x0000006f)
core   0: 3 0x800000c4 (0x0000006f)
core   0: 3 0x800000c4 (0x0000006f)
core   0: 3 0x800000c4 (0x0000006f)
core   0: 3 0x800000c4 (0x0000006f)
core   0: 3 0x800000c4 (0x0000006f)
core   0: 3 0x800000c4 (0x0000006f)
core   0: 3 0x800000c4 (0x0000006f)
core   0: 3 0x800000c4 (0x0000006f)
core   0: 3 0x800000c4 (0x0000006f)
core   0: 3 0x800000c4 (0x0000006f)
core   0: 3 0x800000c4 (0x0000006f)
core   0: 3 0x800000c4 (0x0000006f)
core   0: 3 0x800000c4 (0x0000006f)
core   0: 3 0x800000c4 (0x0000006f)
core   0: 3 0x800000c4 (0x0000006f)
core   0: 3 0x800000c4 (0x0000006f)
core   0: 3 0x800000c4 (0x0000006f)
core   0: 3 0x800000c4 (0x0000006f)
core   0: 3 0x800000c4 (0x0000006f)
core   0: 3 0x800000c4 (0x0000006f)
core   0: 3 0x800000c4 (0x0000006f)
core   0: 3 0x800000c4 (0x0000006f)
core   0: 3 0x800000c4 (0x0000006f)
core   0: 3 0x800000c4 (0x0000006f)
core   0: 3 0x800000c4 (0x0000006f)
core   0: 3 0x800000c4 (0x0000006f)
core   0: 3 0x800000c4 (0x0000006f)
core   0: 3 0x800000c4 (0x0000006f)
core   0: 3 0x800000c4 (0x0000006f)
core   0: 3 0x800000c4 (0x0000006f)
core   0: 3 0x800000c4 (0x0000006f)
core   0: 3 0x800000c4 (0x0000006f)
core   0: 3 0x800000c4 (0x0000006f)
core   0: 3 0x800000c4 (0x0000006f)
core   0: 3 0x800000c4 (0x0000006f)
core   0: 3 0x800000c4 (0x0000006f)
core   0: 3 0x800000c4 (0x0000006f)
core   0: 3 0x800000c4 (0x0000006f)
core   0: 3 0x800000c4 (0x0000006f)
core   0: 3 0x800000c4 (0x0000006f)
core   0: 3 0x800000c4 (0x0000006f)
core   0: 3 0x800000c4 (0x0000006f)
core   0: 3 0x800000c4 (0x0000006f)
core   0: 3 0x800000c4 (0x0000006f)
core   0: 3 0x800000c4 (0x0000006f)
core   0: 3 0x800000c4 (0x0000006f)
core   0: 3 0x800000c4 (0x0000006f)
core   0: 3 0x800000c4 (0x0000006f)
core   0: 3 0x800000c4 (0x0000006f)
core   0: 3 0x800000c4 (0x0000006f)
core   0: 3 0x800000c4 (0x0000006f)
core   0: 3 0x800000c4 (0x0000006f)
core   0: 3 0x800000c4 (0x0000006f)
core   0: 3 0x800000c4 (0x0000006f)
core   0: 3 0x800000c4 (0x0000006f)
core   0: 3 0x800000c4 (0x0000006f)
core   0: 3 0x800000c4 (0x0000006f)
core   0: 3 0x800000c4 (0x0000006f)
core   0: 3 0x800000c4 (0x0000006f)
core   0: 3 0x800000c4 (0x0000006f)
core   0: 3 0x800000c4 (0x0000006f)
core   0: 3 0x800000c4 (0x0000006f)
core   0: 3 0x800000c4 (0x0000006f)
core   0: 3 0x800000c4 (0x0000006f)
core   0: 3 0x800000c4 (0x0000006f)
core   0: 3 0x800000c4 (0x0000006f)
core   0: 3 0x800000c4 (0x0000006f)
core   0: 3 0x800000c4 (0x0000006f)
core   0: 3 0x800000c4 (0x0000006f)
core   0: 3 0x800000c4 (0x0000006f)
core   0: 3 0x800000c4 (0x0000006f)
core   0: 3 0x800000c4 (0x0000006f)
core   0: 3 0x800000c4 (0x0000006f)
core   0: 3 0x800000c4 (0x0000006f)
core   0: 3 0x800000c4 (0x0000006f)
core   0: 3 0x800000c4 (0x0000006f)
core   0: 3 0x800000c4 (0x0000006f)
core   0: 3 0x800000c4 (0x0000006f)
core   0: 3 0x800000c4 (0x0000006f)
core   0: 3 0x800000c4 (0x0000006f)
core   0: 3 0x800000c4 (0x0000006f)
core   0: 3 0x800000c4 (0x0000006f)
core   0: 3 0x800000c4 (0x0000006f)
core   0: 3 0x800000c4 (0x0000006f)
core   0: 3 0x800000c4 (0x0000006f)
core   0: 3 0x800000c4 (0x0000006f)
core   0: 3 0x800000c4 (0x0000006f)
core   0: 3 0x800000c4 (0x0000006f)
core   0: 3 0x800000c4 (0x0000006f)
core   0: 3 0x800000c4 (0x0000006f)
core   0: 3 0x800000c4 (0x0000006f)
core   0: 3 0x800000c4 (0x0000006f)
core   0: 3 0x800000c4 (0x0000006f)
core   0: 3 0x800000c4 (0x0000006f)
core   0: 3 0x800000c4 (0x0000006f)
core   0: 3 0x800000c4 (0x0000006f)
core   0: 3 0x800000c4 (0x0000006f)
core   0: 3 0x800000c4 (0x0000006f)
core   0: 3 0x800000c4 (0x0000006f)
core   0: 3 0x800000c4 (0x0000006f)
core   0: 3 0x800000c4 (0x0000006f)
core   0: 3 0x800000c4 (0x0000006f)
core   0: 3 0x800000c4 (0x0000006f)
core   0: 3 0x800000c4 (0x0000006f)
core   0: 3 0x800000c4 (0x0000006f)
core   0: 3 0x800000c4 (0x0000006f)
core   0: 3 0x800000c4 (0x0000006f)
core   0: 3 0x800000c4 (0x0000006f)
core   0: 3 0x800000c4 (0x0000006f)
core   0: 3 0x800000c4 (0x0000006f)
core   0: 3 0x800000c4 (0x0000006f)
core   0: 3 0x800000c4 (0x0000006f)
core   0: 3 0x800000c4 (0x0000006f)
core   0: 3 0x800000c4 (0x0000006f)
core   0: 3 0x800000c4 (0x0000006f)
core   0: 3 0x800000c4 (0x0000006f)
core   0: 3 0x800000c4 (0x0000006f)
core   0: 3 0x800000c4 (0x0000006f)
core   0: 3 0x800000c4 (0x0000006f)
core   0: 3 0x800000c4 (0x0000006f)
core   0: 3 0x800000c4 (0x0000006f)
core   0: 3 0x800000c4 (0x0000006f)
core   0: 3 0x800000c4 (0x0000006f)
core   0: 3 0x800000c4 (0x0000006f)
core   0: 3 0x800000c4 (0x0000006f)
core   0: 3 0x800000c4 (0x0000006f)
core   0: 3 0x800000c4 (0x0000006f)
core   0: 3 0x800000c4 (0x0000006f)
core   0: 3 0x800000c4 (0x0000006f)
core   0: 3 0x800000c4 (0x0000006f)
core   0: 3 0x800000c4 (0x0000006f)
core   0: 3 0x800000c4 (0x0000006f)
core   0: 3 0x800000c4 (0x0000006f)
core   0: 3 0x800000c4 (0x0000006f)
core   0: 3 0x800000c4 (0x0000006f)
core   0: 3 0x800000c4 (0x0000006f)
core   0: 3 0x800000c4 (0x0000006f)
core   0: 3 0x800000c4 (0x0000006f)
core   0: 3 0x800000c4 (0x0000006f)
core   0: 3 0x800000c4 (0x0000006f)
core   0: 3 0x800000c4 (0x0000006f)
core   0: 3 0x800000c4 (0x0000006f)
core   0: 3 0x800000c4 (0x0000006f)
core   0: 3 0x800000c4 (0x0000006f)
core   0: 3 0x800000c4 (0x0000006f)
core   0: 3 0x800000c4 (0x0000006f)
core   0: 3 0x800000c4 (0x0000006f)
core   0: 3 0x800000c4 (0x0000006f)
core   0: 3 0x800000c4 (0x0000006f)
core   0: 3 0x800000c4 (0x0000006f)
core   0: 3 0x800000c4 (0x0000006f)
core   0: 3 0x800000c4 (0x0000006f)
core   0: 3 0x800000c4 (0x0000006f)
core   0: 3 0x800000c4 (0x0000006f)
core   0: 3 0x800000c4 (0x0000006f)
core   0: 3 0x800000c4 (0x0000006f)
core   0: 3 0x800000c4 (0x0000006f)
core   0: 3 0x800000c4 (0x0000006f)
core   0: 3 0x800000c4 (0x0000006f)
core   0: 3 0x800000c4 (0x0000006f)
core   0: 3 0x800000c4 (0x0000006f)
core   0: 3 0x800000c4 (0x0000006f)
core   0: 3 0x800000c4 (0x0000006f)
core   0: 3 0x800000c4 (0x0000006f)
core   0: 3 0x800000c4 (0x0000006f)
core   0: 3 0x800000c4 (0x0000006f)
core   0: 3 0x800000c4 (0x0000006f)
core   0: 3 0x800000c4 (0x0000006f)
core   0: 3 0x800000c4 (0x0000006f)
core   0: 3 0x800000c4 (0x0000006f)
core   0: 3 0x800000c4 (0x0000006f)
core   0: 3 0x800000c4 (0x0000006f)
core   0: 3 0x800000c4 (0x0000006f)
core   0: 3 0x800000c4 (0x0000006f)
core   0: 3 0x800000c4 (0x0000006f)
core   0: 3 0x800000c4 (0x0000006f)
core   0: 3 0x800000c4 (0x0000006f)
core   0: 3 0x800000c4 (0x0000006f)
core   0: 3 0x800000c4 (0x0000006f)
core   0: 3 0x800000c4 (0x0000006f)
core   0: 3 0x800000c4 (0x0000006f)
core   0: 3 0x800000c4 (0x0000006f)
core   0: 3 0x800000c4 (0x0000006f)
core   0: 3 0x800000c4 (0x0000006f)
core   0: 3 0x800000c4 (0x0000006f)
core   0: 3 0x800000c4 (0x0000006f)
core   0: 3 0x800000c4 (0x0000006f)
core   0: 3 0x800000c4 (0x0000006f)
core   0: 3 0x800000c4 (0x0000006f)
core   0: 3 0x800000c4 (0x0000006f)
core   0: 3 0x800000c4 (0x0000006f)
core   0: 3 0x800000c4 (0x0000006f)
core   0: 3 0x800000c4 (0x0000006f)
core   0: 3 0x800000c4 (0x0000006f)
core   0: 3 0x800000c4 (0x0000006f)
core   0: 3 0x800000c4 (0x0000006f)
core   0: 3 0x800000c4 (0x0000006f)
core   0: 3 0x800000c4 (0x0000006f)
core   0: 3 0x800000c4 (0x0000006f)
core   0: 3 0x800000c4 (0x0000006f)
core   0: 3 0x800000c4 (0x0000006f)
core   0: 3 0x800000c4 (0x0000006f)
core   0: 3 0x800000c4 (0x0000006f)
core   0: 3 0x800000c4 (0x0000006f)
core   0: 3 0x800000c4 (0x0000006f)
core   0: 3 0x800000c4 (0x0000006f)
core   0: 3 0x800000c4 (0x0000006f)
core   0: 3 0x800000c4 (0x0000006f)
core   0: 3 0x800000c4 (0x0000006f)
core   0: 3 0x800000c4 (0x0000006f)
core   0: 3 0x800000c4 (0x0000006f)
core   0: 3 0x800000c4 (0x0000006f)
core   0: 3 0x800000c4 (0x0000006f)
core   0: 3 0x800000c4 (0x0000006f)
core   0: 3 0x800000c4 (0x0000006f)
core   0: 3 0x800000c4 (0x0000006f)
core   0: 3 0x800000c4 (0x0000006f)
core   0: 3 0x800000c4 (0x0000006f)
core   0: 3 0x800000c4 (0x0000006f)
core   0: 3 0x800000c4 (0x0000006f)
core   0: 3 0x800000c4 (0x0000006f)
core   0: 3 0x800000c4 (0x0000006f)
core   0: 3 0x800000c4 (0x0000006f)
core   0: 3 0x800000c4 (0x0000006f)
core   0: 3 0x800000c4 (0x0000006f)
core   0: 3 0x800000c4 (0x0000006f)
core   0: 3 0x800000c4 (0x0000006f)
core   0: 3 0x800000c4 (0x0000006f)
core   0: 3 0x800000c4 (0x0000006f)
core   0: 3 0x800000c4 (0x0000006f)
core   0: 3 0x800000c4 (0x0000006f)
core   0: 3 0x800000c4 (0x0000006f)
core   0: 3 0x800000c4 (0x0000006f)
core   0: 3 0x800000c4 (0x0000006f)
core   0: 3 0x800000c4 (0x0000006f)
core   0: 3 0x800000c4 (0x0000006f)
core   0: 3 0x800000c4 (0x0000006f)
core   0: 3 0x800000c4 (0x0000006f)
core   0: 3 0x800000c4 (0x0000006f)
core   0: 3 0x800000c4 (0x0000006f)
core   0: 3 0x800000c4 (0x0000006f)
core   0: 3 0x800000c4 (0x0000006f)
core   0: 3 0x800000c4 (0x0000006f)
core   0: 3 0x800000c4 (0x0000006f)
core   0: 3 0x800000c4 (0x0000006f)
core   0: 3 0x800000c4 (0x0000006f)
core   0: 3 0x800000c4 (0x0000006f)
core   0: 3 0x800000c4 (0x0000006f)
core   0: 3 0x800000c4 (0x0000006f)
core   0: 3 0x800000c4 (0x0000006f)
core   0: 3 0x800000c4 (0x0000006f)
core   0: 3 0x800000c4 (0x0000006f)
core   0: 3 0x800000c4 (0x0000006f)
core   0: 3 0x800000c4 (0x0000006f)
core   0: 3 0x800000c4 (0x0000006f)
core   0: 3 0x800000c4 (0x0000006f)
core   0: 3 0x800000c4 (0x0000006f)
core   0: 3 0x800000c4 (0x0000006f)
core   0: 3 0x800000c4 (0x0000006f)
core   0: 3 0x800000c4 (0x0000006f)
core   0: 3 0x800000c4 (0x0000006f)
core   0: 3 0x800000c4 (0x0000006f)
core   0: 3 0x800000c4 (0x0000006f)
core   0: 3 0x800000c4 (0x0000006f)
core   0: 3 0x800000c4 (0x0000006f)
core   0: 3 0x800000c4 (0x0000006f)
core   0: 3 0x800000c4 (0x0000006f)
core   0: 3 0x800000c4 (0x0000006f)
core   0: 3 0x800000c4 (0x0000006f)
core   0: 3 0x800000c4 (0x0000006f)
core   0: 3 0x800000c4 (0x0000006f)
core   0: 3 0x800000c4 (0x0000006f)
core   0: 3 0x800000c4 (0x0000006f)
core   0: 3 0x800000c4 (0x0000006f)
core   0: 3 0x800000c4 (0x0000006f)
core   0: 3 0x800000c4 (0x0000006f)
core   0: 3 0x800000c4 (0x0000006f)
core   0: 3 0x800000c4 (0x0000006f)
core   0: 3 0x800000c4 (0x0000006f)
core   0: 3 0x800000c4 (0x0000006f)
core   0: 3 0x800000c4 (0x0000006f)
core   0: 3 0x800000c4 (0x0000006f)
core   0: 3 0x800000c4 (0x0000006f)
core   0: 3 0x800000c4 (0x0000006f)
core   0: 3 0x800000c4 (0x0000006f)
core   0: 3 0x800000c4 (0x0000006f)
core   0: 3 0x800000c4 (0x0000006f)
core   0: 3 0x800000c4 (0x0000006f)
core   0: 3 0x800000c4 (0x0000006f)
core   0: 3 0x800000c4 (0x0000006f)
core   0: 3 0x800000c4 (0x0000006f)
core   0: 3 0x800000c4 (0x0000006f)
core   0: 3 0x800000c4 (0x0000006f)
core   0: 3 0x800000c4 (0x0000006f)
core   0: 3 0x800000c4 (0x0000006f)
core   0: 3 0x800000c4 (0x0000006f)
core   0: 3 0x800000c4 (0x0000006f)
core   0: 3 0x800000c4 (0x0000006f)
core   0: 3 0x800000c4 (0x0000006f)
core   0: 3 0x800000c4 (0x0000006f)
core   0: 3 0x800000c4 (0x0000006f)
core   0: 3 0x800000c4 (0x0000006f)
core   0: 3 0x800000c4 (0x0000006f)
core   0: 3 0x800000c4 (0x0000006f)
core   0: 3 0x800000c4 (0x0000006f)
core   0: 3 0x800000c4 (0x0000006f)
core   0: 3 0x800000c4 (0x0000006f)
core   0: 3 0x800000c4 (0x0000006f)
core   0: 3 0x800000c4 (0x0000006f)
core   0: 3 0x800000c4 (0x0000006f)
core   0: 3 0x800000c4 (0x0000006f)
core   0: 3 0x800000c4 (0x0000006f)
core   0: 3 0x800000c4 (0x0000006f)
core   0: 3 0x800000c4 (0x0000006f)
core   0: 3 0x800000c4 (0x0000006f)
core   0: 3 0x800000c4 (0x0000006f)
core   0: 3 0x800000c4 (0x0000006f)
core   0: 3 0x800000c4 (0x0000006f)
core   0: 3 0x800000c4 (0x0000006f)
core   0: 3 0x800000c4 (0x0000006f)
core   0: 3 0x800000c4 (0x0000006f)
core   0: 3 0x800000c4 (0x0000006f)
core   0: 3 0x800000c4 (0x0000006f)
core   0: 3 0x800000c4 (0x0000006f)
core   0: 3 0x800000c4 (0x0000006f)
core   0: 3 0x800000c4 (0x0000006f)
core   0: 3 0x800000c4 (0x0000006f)
core   0: 3 0x800000c4 (0x0000006f)
core   0: 3 0x800000c4 (0x0000006f)
core   0: 3 0x800000c4 (0x0000006f)
core   0: 3 0x800000c4 (0x0000006f)
core   0: 3 0x800000c4 (0x0000006f)
core   0: 3 0x800000c4 (0x0000006f)
core   0: 3 0x800000c4 (0x0000006f)
core   0: 3 0x800000c4 (0x0000006f)
core   0: 3 0x800000c4 (0x0000006f)
core   0: 3 0x800000c4 (0x0000006f)
core   0: 3 0x800000c4 (0x0000006f)
core   0: 3 0x800000c4 (0x0000006f)
core   0: 3 0x800000c4 (0x0000006f)
core   0: 3 0x800000c4 (0x0000006f)
core   0: 3 0x800000c4 (0x0000006f)
core   0: 3 0x800000c4 (0x0000006f)
core   0: 3 0x800000c4 (0x0000006f)
core   0: 3 0x800000c4 (0x0000006f)
core   0: 3 0x800000c4 (0x0000006f)
core   0: 3 0x800000c4 (0x0000006f)
core   0: 3 0x800000c4 (0x0000006f)
core   0: 3 0x800000c4 (0x0000006f)
core   0: 3 0x800000c4 (0x0000006f)
core   0: 3 0x800000c4 (0x0000006f)
core   0: 3 0x800000c4 (0x0000006f)
core   0: 3 0x800000c4 (0x0000006f)
core   0: 3 0x800000c4 (0x0000006f)
core   0: 3 0x800000c4 (0x0000006f)
core   0: 3 0x800000c4 (0x0000006f)
core   0: 3 0x800000c4 (0x0000006f)
core   0: 3 0x800000c4 (0x0000006f)
core   0: 3 0x800000c4 (0x0000006f)
core   0: 3 0x800000c4 (0x0000006f)
core   0: 3 0x800000c4 (0x0000006f)
core   0: 3 0x800000c4 (0x0000006f)
core   0: 3 0x800000c4 (0x0000006f)
core   0: 3 0x800000c4 (0x0000006f)
core   0: 3 0x800000c4 (0x0000006f)
core   0: 3 0x800000c4 (0x0000006f)
core   0: 3 0x800000c4 (0x0000006f)
core   0: 3 0x800000c4 (0x0000006f)
core   0: 3 0x800000c4 (0x0000006f)
core   0: 3 0x800000c4 (0x0000006f)
core   0: 3 0x800000c4 (0x0000006f)
core   0: 3 0x800000c4 (0x0000006f)
core   0: 3 0x800000c4 (0x0000006f)
core   0: 3 0x800000c4 (0x0000006f)
core   0: 3 0x800000c4 (0x0000006f)
core   0: 3 0x800000c4 (0x0000006f)
core   0: 3 0x800000c4 (0x0000006f)
core   0: 3 0x800000c4 (0x0000006f)
core   0: 3 0x800000c4 (0x0000006f)
core   0: 3 0x800000c4 (0x0000006f)
core   0: 3 0x800000c4 (0x0000006f)
core   0: 3 0x800000c4 (0x0000006f)
core   0: 3 0x800000c4 (0x0000006f)
core   0: 3 0x800000c4 (0x0000006f)
core   0: 3 0x800000c4 (0x0000006f)
core   0: 3 0x800000c4 (0x0000006f)
core   0: 3 0x800000c4 (0x0000006f)
core   0: 3 0x800000c4 (0x0000006f)
core   0: 3 0x800000c4 (0x0000006f)
core   0: 3 0x800000c4 (0x0000006f)
core   0: 3 0x800000c4 (0x0000006f)
core   0: 3 0x800000c4 (0x0000006f)
core   0: 3 0x800000c4 (0x0000006f)
core   0: 3 0x800000c4 (0x0000006f)
core   0: 3 0x800000c4 (0x0000006f)
core   0: 3 0x800000c4 (0x0000006f)
core   0: 3 0x800000c4 (0x0000006f)
core   0: 3 0x800000c4 (0x0000006f)
core   0: 3 0x800000c4 (0x0000006f)
core   0: 3 0x800000c4 (0x0000006f)
core   0: 3 0x800000c4 (0x0000006f)
core   0: 3 0x800000c4 (0x0000006f)
core   0: 3 0x800000c4 (0x0000006f)
core   0: 3 0x800000c4 (0x0000006f)
core   0: 3 0x800000c4 (0x0000006f)
core   0: 3 0x800000c4 (0x0000006f)
core   0: 3 0x800000c4 (0x0000006f)
core   0: 3 0x800000c4 (0x0000006f)
core   0: 3 0x800000c4 (0x0000006f)
core   0: 3 0x800000c4 (0x0000006f)
core   0: 3 0x800000c4 (0x0000006f)
core   0: 3 0x800000c4 (0x0000006f)
core   0: 3 0x800000c4 (0x0000006f)
core   0: 3 0x800000c4 (0x0000006f)
core   0: 3 0x800000c4 (0x0000006f)
core   0: 3 0x800000c4 (0x0000006f)
core   0: 3 0x800000c4 (0x0000006f)
core   0: 3 0x800000c4 (0x0000006f)
core   0: 3 0x800000c4 (0x0000006f)
core   0: 3 0x800000c4 (0x0000006f)
core   0: 3 0x800000c4 (0x0000006f)
core   0: 3 0x800000c4 (0x0000006f)
core   0: 3 0x800000c4 (0x0000006f)
core   0: 3 0x800000c4 (0x0000006f)
core   0: 3 0x800000c4 (0x0000006f)
core   0: 3 0x800000c4 (0x0000006f)
core   0: 3 0x800000c4 (0x0000006f)
core   0: 3 0x800000c4 (0x0000006f)
core   0: 3 0x800000c4 (0x0000006f)
core   0: 3 0x800000c4 (0x0000006f)
core   0: 3 0x800000c4 (0x0000006f)
core   0: 3 0x800000c4 (0x0000006f)
core   0: 3 0x800000c4 (0x0000006f)
core   0: 3 0x800000c4 (0x0000006f)
core   0: 3 0x800000c4 (0x0000006f)
core   0: 3 0x800000c4 (0x0000006f)
core   0: 3 0x800000c4 (0x0000006f)
core   0: 3 0x800000c4 (0x0000006f)
core   0: 3 0x800000c4 (0x0000006f)
core   0: 3 0x800000c4 (0x0000006f)
core   0: 3 0x800000c4 (0x0000006f)
core   0: 3 0x800000c4 (0x0000006f)
core   0: 3 0x800000c4 (0x0000006f)
core   0: 3 0x800000c4 (0x0000006f)
core   0: 3 0x800000c4 (0x0000006f)
core   0: 3 0x800000c4 (0x0000006f)
core   0: 3 0x800000c4 (0x0000006f)
core   0: 3 0x800000c4 (0x0000006f)
core   0: 3 0x800000c4 (0x0000006f)
core   0: 3 0x800000c4 (0x0000006f)
core   0: 3 0x800000c4 (0x0000006f)
core   0: 3 0x800000c4 (0x0000006f)
core   0: 3 0x800000c4 (0x0000006f)
core   0: 3 0x800000c4 (0x0000006f)
core   0: 3 0x800000c4 (0x0000006f)
core   0: 3 0x800000c4 (0x0000006f)
core   0: 3 0x800000c4 (0x0000006f)
core   0: 3 0x800000c4 (0x0000006f)
core   0: 3 0x800000c4 (0x0000006f)
core   0: 3 0x800000c4 (0x0000006f)
core   0: 3 0x800000c4 (0x0000006f)
core   0: 3 0x800000c4 (0x0000006f)
core   0: 3 0x800000c4 (0x0000006f)
core   0: 3 0x800000c4 (0x0000006f)
core   0: 3 0x800000c4 (0x0000006f)
core   0: 3 0x800000c4 (0x0000006f)
core   0: 3 0x800000c4 (0x0000006f)
core   0: 3 0x800000c4 (0x0000006f)
core   0: 3 0x800000c4 (0x0000006f)
core   0: 3 0x800000c4 (0x0000006f)
core   0: 3 0x800000c4 (0x0000006f)
core   0: 3 0x800000c4 (0x0000006f)
core   0: 3 0x800000c4 (0x0000006f)
core   0: 3 0x800000c4 (0x0000006f)
core   0: 3 0x800000c4 (0x0000006f)
core   0: 3 0x800000c4 (0x0000006f)
core   0: 3 0x800000c4 (0x0000006f)
core   0: 3 0x800000c4 (0x0000006f)
core   0: 3 0x800000c4 (0x0000006f)
core   0: 3 0x800000c4 (0x0000006f)
core   0: 3 0x800000c4 (0x0000006f)
core   0: 3 0x800000c4 (0x0000006f)
core   0: 3 0x800000c4 (0x0000006f)
core   0: 3 0x800000c4 (0x0000006f)
core   0: 3 0x800000c4 (0x0000006f)
core   0: 3 0x800000c4 (0x0000006f)
core   0: 3 0x800000c4 (0x0000006f)
core   0: 3 0x800000c4 (0x0000006f)
core   0: 3 0x800000c4 (0x0000006f)
core   0: 3 0x800000c4 (0x0000006f)
core   0: 3 0x800000c4 (0x0000006f)
core   0: 3 0x800000c4 (0x0000006f)
core   0: 3 0x800000c4 (0x0000006f)
core   0: 3 0x800000c4 (0x0000006f)
core   0: 3 0x800000c4 (0x0000006f)
core   0: 3 0x800000c4 (0x0000006f)
core   0: 3 0x800000c4 (0x0000006f)
core   0: 3 0x800000c4 (0x0000006f)
core   0: 3 0x800000c4 (0x0000006f)
core   0: 3 0x800000c4 (0x0000006f)
core   0: 3 0x800000c4 (0x0000006f)
core   0: 3 0x800000c4 (0x0000006f)
core   0: 3 0x800000c4 (0x0000006f)
core   0: 3 0x800000c4 (0x0000006f)
core   0: 3 0x800000c4 (0x0000006f)
core   0: 3 0x800000c4 (0x0000006f)
core   0: 3 0x800000c4 (0x0000006f)
core   0: 3 0x800000c4 (0x0000006f)
core   0: 3 0x800000c4 (0x0000006f)
core   0: 3 0x800000c4 (0x0000006f)
core   0: 3 0x800000c4 (0x0000006f)
core   0: 3 0x800000c4 (0x0000006f)
core   0: 3 0x800000c4 (0x0000006f)
core   0: 3 0x800000c4 (0x0000006f)
core   0: 3 0x800000c4 (0x0000006f)
core   0: 3 0x800000c4 (0x0000006f)
core   0: 3 0x800000c4 (0x0000006f)
core   0: 3 0x800000c4 (0x0000006f)
core   0: 3 0x800000c4 (0x0000006f)
core   0: 3 0x800000c4 (0x0000006f)
core   0: 3 0x800000c4 (0x0000006f)
core   0: 3 0x800000c4 (0x0000006f)
core   0: 3 0x800000c4 (0x0000006f)
core   0: 3 0x800000c4 (0x0000006f)
core   0: 3 0x800000c4 (0x0000006f)
core   0: 3 0x800000c4 (0x0000006f)
core   0: 3 0x800000c4 (0x0000006f)
core   0: 3 0x800000c4 (0x0000006f)
core   0: 3 0x800000c4 (0x0000006f)
core   0: 3 0x800000c4 (0x0000006f)
core   0: 3 0x800000c4 (0x0000006f)
core   0: 3 0x800000c4 (0x0000006f)
core   0: 3 0x800000c4 (0x0000006f)
core   0: 3 0x800000c4 (0x0000006f)
core   0: 3 0x800000c4 (0x0000006f)
core   0: 3 0x800000c4 (0x0000006f)
core   0: 3 0x800000c4 (0x0000006f)
core   0: 3 0x800000c4 (0x0000006f)
core   0: 3 0x800000c4 (0x0000006f)
core   0: 3 0x800000c4 (0x0000006f)
core   0: 3 0x800000c4 (0x0000006f)
core   0: 3 0x800000c4 (0x0000006f)
core   0: 3 0x800000c4 (0x0000006f)
core   0: 3 0x800000c4 (0x0000006f)
core   0: 3 0x800000c4 (0x0000006f)
core   0: 3 0x800000c4 (0x0000006f)
core   0: 3 0x800000c4 (0x0000006f)
core   0: 3 0x800000c4 (0x0000006f)
core   0: 3 0x800000c4 (0x0000006f)
core   0: 3 0x800000c4 (0x0000006f)
core   0: 3 0x800000c4 (0x0000006f)
core   0: 3 0x800000c4 (0x0000006f)
core   0: 3 0x800000c4 (0x0000006f)
core   0: 3 0x800000c4 (0x0000006f)
core   0: 3 0x800000c4 (0x0000006f)
core   0: 3 0x800000c4 (0x0000006f)
core   0: 3 0x800000c4 (0x0000006f)
core   0: 3 0x800000c4 (0x0000006f)
core   0: 3 0x800000c4 (0x0000006f)
core   0: 3 0x800000c4 (0x0000006f)
core   0: 3 0x800000c4 (0x0000006f)
core   0: 3 0x800000c4 (0x0000006f)
core   0: 3 0x800000c4 (0x0000006f)
core   0: 3 0x800000c4 (0x0000006f)
core   0: 3 0x800000c4 (0x0000006f)
core   0: 3 0x800000c4 (0x0000006f)
core   0: 3 0x800000c4 (0x0000006f)
core   0: 3 0x800000c4 (0x0000006f)
core   0: 3 0x800000c4 (0x0000006f)
core   0: 3 0x800000c4 (0x0000006f)
core   0: 3 0x800000c4 (0x0000006f)
core   0: 3 0x800000c4 (0x0000006f)
core   0: 3 0x800000c4 (0x0000006f)
core   0: 3 0x800000c4 (0x0000006f)
core   0: 3 0x800000c4 (0x0000006f)
core   0: 3 0x800000c4 (0x0000006f)
core   0: 3 0x800000c4 (0x0000006f)
core   0: 3 0x800000c4 (0x0000006f)
core   0: 3 0x800000c4 (0x0000006f)
core   0: 3 0x800000c4 (0x0000006f)
core   0: 3 0x800000c4 (0x0000006f)
core   0: 3 0x800000c4 (0x0000006f)
core   0: 3 0x800000c4 (0x0000006f)
core   0: 3 0x800000c4 (0x0000006f)
core   0: 3 0x800000c4 (0x0000006f)
core   0: 3 0x800000c4 (0x0000006f)
core   0: 3 0x800000c4 (0x0000006f)
core   0: 3 0x800000c4 (0x0000006f)
core   0: 3 0x800000c4 (0x0000006f)
core   0: 3 0x800000c4 (0x0000006f)
core   0: 3 0x800000c4 (0x0000006f)
core   0: 3 0x800000c4 (0x0000006f)
core   0: 3 0x800000c4 (0x0000006f)
core   0: 3 0x800000c4 (0x0000006f)
core   0: 3 0x800000c4 (0x0000006f)
core   0: 3 0x800000c4 (0x0000006f)
core   0: 3 0x800000c4 (0x0000006f)
core   0: 3 0x800000c4 (0x0000006f)
core   0: 3 0x800000c4 (0x0000006f)
core   0: 3 0x800000c4 (0x0000006f)
core   0: 3 0x800000c4 (0x0000006f)
core   0: 3 0x800000c4 (0x0000006f)
core   0: 3 0x800000c4 (0x0000006f)
core   0: 3 0x800000c4 (0x0000006f)
core   0: 3 0x800000c4 (0x0000006f)
core   0: 3 0x800000c4 (0x0000006f)
core   0: 3 0x800000c4 (0x0000006f)
core   0: 3 0x800000c4 (0x0000006f)
core   0: 3 0x800000c4 (0x0000006f)
core   0: 3 0x800000c4 (0x0000006f)
core   0: 3 0x800000c4 (0x0000006f)
core   0: 3 0x800000c4 (0x0000006f)
core   0: 3 0x800000c4 (0x0000006f)
core   0: 3 0x800000c4 (0x0000006f)
core   0: 3 0x800000c4 (0x0000006f)
core   0: 3 0x800000c4 (0x0000006f)
core   0: 3 0x800000c4 (0x0000006f)
core   0: 3 0x800000c4 (0x0000006f)
