core   0: 3 0x00001000 (0x00000297) x5  0x00001000
core   0: 3 0x00001004 (0x02028593) x11 0x00001020
core   0: 3 0x00001008 (0xf1402573) x10 0x00000000
core   0: 3 0x0000100c (0x0182a283) x5  0x80000000 mem 0x00001018
core   0: 3 0x00001010 (0x00028067)
core   0: 3 0x80000000 (0x00000093) x1  0x00000000
core   0: 3 0x80000004 (0x00000113) x2  0x00000000
core   0: 3 0x80000008 (0x00000193) x3  0x00000000
core   0: 3 0x8000000c (0x00000213) x4  0x00000000
core   0: 3 0x80000010 (0x00000293) x5  0x00000000
core   0: 3 0x80000014 (0x00000313) x6  0x00000000
core   0: 3 0x80000018 (0x00000393) x7  0x00000000
core   0: 3 0x8000001c (0x00000413) x8  0x00000000
core   0: 3 0x80000020 (0x00000493) x9  0x00000000
core   0: 3 0x80000024 (0x00000513) x10 0x00000000
core   0: 3 0x80000028 (0x00000593) x11 0x00000000
core   0: 3 0x8000002c (0x00000613) x12 0x00000000
core   0: 3 0x80000030 (0x00000693) x13 0x00000000
core   0: 3 0x80000034 (0x00000713) x14 0x00000000
core   0: 3 0x80000038 (0x00000793) x15 0x00000000
core   0: 3 0x8000003c (0x00000813) x16 0x00000000
core   0: 3 0x80000040 (0x00000893) x17 0x00000000
core   0: 3 0x80000044 (0x00000913) x18 0x00000000
core   0: 3 0x80000048 (0x00000993) x19 0x00000000
core   0: 3 0x8000004c (0x00000a13) x20 0x00000000
core   0: 3 0x80000050 (0x00000a93) x21 0x00000000
core   0: 3 0x80000054 (0x00000b13) x22 0x00000000
core   0: 3 0x80000058 (0x00000b93) x23 0x00000000
core   0: 3 0x8000005c (0x00000c13) x24 0x00000000
core   0: 3 0x80000060 (0x00000c93) x25 0x00000000
core   0: 3 0x80000064 (0x00000d13) x26 0x00000000
core   0: 3 0x80000068 (0x00000d93) x27 0x00000000
core   0: 3 0x8000006c (0x00000e13) x28 0x00000000
core   0: 3 0x80000070 (0x00000e93) x29 0x00000000
core   0: 3 0x80000074 (0x00000f13) x30 0x00000000
core   0: 3 0x80000078 (0x00000f93) x31 0x00000000
core   0: 3 0x8000007c (0x00001197) x3  0x8000107c
core   0: 3 0x80000080 (0x9d018193) x3  0x80000a4c
core   0: 3 0x80000084 (0x00100117) x2  0x80100084
core   0: 3 0x80000088 (0xf7c10113) x2  0x80100000
core   0: 3 0x8000008c (0x00000297) x5  0x8000008c
core   0: 3 0x80000090 (0x1c028293) x5  0x8000024c
core   0: 3 0x80000094 (0x00000317) x6  0x80000094
core   0: 3 0x80000098 (0x1b830313) x6  0x8000024c
core   0: 3 0x8000009c (0x0062f863)
core   0: 3 0x800000ac (0x01c000ef) x1  0x800000b0
core   0: 3 0x800000c8 (0x00f00093) x1  0x0000000f
core   0: 3 0x800000cc (0x00500113) x2  0x00000005
core   0: 3 0x800000d0 (0x002081b3) x3  0x00000014
core   0: 3 0x800000d4 (0x40208233) x4  0x0000000a
core   0: 3 0x800000d8 (0x0020f2b3) x5  0x00000005
core   0: 3 0x800000dc (0x0020e333) x6  0x0000000f
core   0: 3 0x800000e0 (0x0020c3b3) x7  0x0000000a
core   0: 3 0x800000e4 (0x00209433) x8  0x000001e0
core   0: 3 0x800000e8 (0x0020d4b3) x9  0x00000000
core   0: 3 0x800000ec (0x00112533) x10 0x00000001
core   0: 3 0x800000f0 (0x00000897) x17 0x800000f0
core   0: 3 0x800000f4 (0x15888893) x17 0x80000248
core   0: 3 0x800000f8 (0x0038a023) mem 0x80000248 0x00000014
core   0: 3 0x800000fc (0x0008a603) x12 0x00000014 mem 0x80000248
core   0: 3 0x80000100 (0x001606b3) x13 0x00000023
core   0: 3 0x80000104 (0x00500593) x11 0x00000005
core   0: 3 0x80000108 (0x00000713) x14 0x00000000
core   0: 3 0x8000010c (0x00b70733) x14 0x00000005
core   0: 3 0x80000110 (0xfff58593) x11 0x00000004
core   0: 3 0x80000114 (0xfe059ce3)
core   0: 3 0x8000010c (0x00b70733) x14 0x00000009
core   0: 3 0x80000110 (0xfff58593) x11 0x00000003
core   0: 3 0x80000114 (0xfe059ce3)
core   0: 3 0x8000010c (0x00b70733) x14 0x0000000c
core   0: 3 0x80000110 (0xfff58593) x11 0x00000002
core   0: 3 0x80000114 (0xfe059ce3)
core   0: 3 0x8000010c (0x00b70733) x14 0x0000000e
core   0: 3 0x80000110 (0xfff58593) x11 0x00000001
core   0: 3 0x80000114 (0xfe059ce3)
core   0: 3 0x8000010c (0x00b70733) x14 0x0000000f
core   0: 3 0x80000110 (0xfff58593) x11 0x00000000
core   0: 3 0x80000114 (0xfe059ce3)
core   0: 3 0x80000118 (0x008000ef) x1  0x8000011c
core   0: 3 0x80000120 (0x06400793) x15 0x00000064
core   0: 3 0x80000124 (0x01400f93) x31 0x00000014
core   0: 3 0x80000128 (0x01f18663)
core   0: 3 0x80000134 (0x00a00f93) x31 0x0000000a
core   0: 3 0x80000138 (0x01f20663)
core   0: 3 0x80000144 (0x00500f93) x31 0x00000005
core   0: 3 0x80000148 (0x01f28663)
core   0: 3 0x80000154 (0x00f00f93) x31 0x0000000f
core   0: 3 0x80000158 (0x01f30663)
core   0: 3 0x80000164 (0x00a00f93) x31 0x0000000a
core   0: 3 0x80000168 (0x01f38663)
core   0: 3 0x80000174 (0x1e000f93) x31 0x000001e0
core   0: 3 0x80000178 (0x01f40663)
core   0: 3 0x80000184 (0x00000f93) x31 0x00000000
core   0: 3 0x80000188 (0x01f48663)
core   0: 3 0x80000194 (0x00100f93) x31 0x00000001
core   0: 3 0x80000198 (0x01f50663)
core   0: 3 0x800001a4 (0x01400f93) x31 0x00000014
core   0: 3 0x800001a8 (0x01f60663)
core   0: 3 0x800001b4 (0x02300f93) x31 0x00000023
core   0: 3 0x800001b8 (0x01f68663)
core   0: 3 0x800001c4 (0x00f00f93) x31 0x0000000f
core   0: 3 0x800001c8 (0x01f70663)
core   0: 3 0x800001d4 (0x06400f93) x31 0x00000064
core   0: 3 0x800001d8 (0x01f78663)
core   0: 3 0x800001e4 (0x00000513) x10 0x00000000
core   0: 3 0x800001e8 (0xec9ff06f)
core   0: 3 0x800000b0 (0x00151513) x10 0x00000000
core   0: 3 0x800000b4 (0x00156513) x10 0x00000001
core   0: 3 0x800000b8 (0x00000297) x5  0x800000b8
core   0: 3 0x800000bc (0x14828293) x5  0x80000200
core   0: 3 0x800000c0 (0x00a2a023) mem 0x80000200 0x00000001
core   0: 3 0x800000c4 (0x0000006f)
core   0: 3 0x800000c4 (0x0000006f)
core   0: 3 0x800000c4 (0x0000006f)
core   0: 3 0x800000c4 (0x0000006f)
core   0: 3 0x800000c4 (0x0000006f)
core   0: 3 0x800000c4 (0x0000006f)
core   0: 3 0x800000c4 (0x0000006f)
core   0: 3 0x800000c4 (0x0000006f)
core   0: 3 0x800000c4 (0x0000006f)
core   0: 3 0x800000c4 (0x0000006f)
core   0: 3 0x800000c4 (0x0000006f)
core   0: 3 0x800000c4 (0x0000006f)
core   0: 3 0x800000c4 (0x0000006f)
core   0: 3 0x800000c4 (0x0000006f)
core   0: 3 0x800000c4 (0x0000006f)
core   0: 3 0x800000c4 (0x0000006f)
core   0: 3 0x800000c4 (0x0000006f)
core   0: 3 0x800000c4 (0x0000006f)
core   0: 3 0x800000c4 (0x0000006f)
core   0: 3 0x800000c4 (0x0000006f)
core   0: 3 0x800000c4 (0x0000006f)
core   0: 3 0x800000c4 (0x0000006f)
core   0: 3 0x800000c4 (0x0000006f)
core   0: 3 0x800000c4 (0x0000006f)
core   0: 3 0x800000c4 (0x0000006f)
core   0: 3 0x800000c4 (0x0000006f)
core   0: 3 0x800000c4 (0x0000006f)
core   0: 3 0x800000c4 (0x0000006f)
core   0: 3 0x800000c4 (0x0000006f)
core   0: 3 0x800000c4 (0x0000006f)
core   0: 3 0x800000c4 (0x0000006f)
core   0: 3 0x800000c4 (0x0000006f)
core   0: 3 0x800000c4 (0x0000006f)
core   0: 3 0x800000c4 (0x0000006f)
core   0: 3 0x800000c4 (0x0000006f)
core   0: 3 0x800000c4 (0x0000006f)
core   0: 3 0x800000c4 (0x0000006f)
core   0: 3 0x800000c4 (0x0000006f)
core   0: 3 0x800000c4 (0x0000006f)
core   0: 3 0x800000c4 (0x0000006f)
core   0: 3 0x800000c4 (0x0000006f)
core   0: 3 0x800000c4 (0x0000006f)
core   0: 3 0x800000c4 (0x0000006f)
core   0: 3 0x800000c4 (0x0000006f)
core   0: 3 0x800000c4 (0x0000006f)
core   0: 3 0x800000c4 (0x0000006f)
core   0: 3 0x800000c4 (0x0000006f)
core   0: 3 0x800000c4 (0x0000006f)
core   0: 3 0x800000c4 (0x0000006f)
core   0: 3 0x800000c4 (0x0000006f)
core   0: 3 0x800000c4 (0x0000006f)
core   0: 3 0x800000c4 (0x0000006f)
core   0: 3 0x800000c4 (0x0000006f)
core   0: 3 0x800000c4 (0x0000006f)
core   0: 3 0x800000c4 (0x0000006f)
core   0: 3 0x800000c4 (0x0000006f)
core   0: 3 0x800000c4 (0x0000006f)
core   0: 3 0x800000c4 (0x0000006f)
core   0: 3 0x800000c4 (0x0000006f)
core   0: 3 0x800000c4 (0x0000006f)
core   0: 3 0x800000c4 (0x0000006f)
core   0: 3 0x800000c4 (0x0000006f)
core   0: 3 0x800000c4 (0x0000006f)
core   0: 3 0x800000c4 (0x0000006f)
core   0: 3 0x800000c4 (0x0000006f)
core   0: 3 0x800000c4 (0x0000006f)
core   0: 3 0x800000c4 (0x0000006f)
core   0: 3 0x800000c4 (0x0000006f)
core   0: 3 0x800000c4 (0x0000006f)
core   0: 3 0x800000c4 (0x0000006f)
core   0: 3 0x800000c4 (0x0000006f)
core   0: 3 0x800000c4 (0x0000006f)
core   0: 3 0x800000c4 (0x0000006f)
core   0: 3 0x800000c4 (0x0000006f)
core   0: 3 0x800000c4 (0x0000006f)
core   0: 3 0x800000c4 (0x0000006f)
core   0: 3 0x800000c4 (0x0000006f)
core   0: 3 0x800000c4 (0x0000006f)
core   0: 3 0x800000c4 (0x0000006f)
core   0: 3 0x800000c4 (0x0000006f)
core   0: 3 0x800000c4 (0x0000006f)
core   0: 3 0x800000c4 (0x0000006f)
core   0: 3 0x800000c4 (0x0000006f)
core   0: 3 0x800000c4 (0x0000006f)
core   0: 3 0x800000c4 (0x0000006f)
core   0: 3 0x800000c4 (0x0000006f)
core   0: 3 0x800000c4 (0x0000006f)
core   0: 3 0x800000c4 (0x0000006f)
core   0: 3 0x800000c4 (0x0000006f)
core   0: 3 0x800000c4 (0x0000006f)
core   0: 3 0x800000c4 (0x0000006f)
core   0: 3 0x800000c4 (0x0000006f)
core   0: 3 0x800000c4 (0x0000006f)
core   0: 3 0x800000c4 (0x0000006f)
core   0: 3 0x800000c4 (0x0000006f)
core   0: 3 0x800000c4 (0x0000006f)
core   0: 3 0x800000c4 (0x0000006f)
core   0: 3 0x800000c4 (0x0000006f)
core   0: 3 0x800000c4 (0x0000006f)
core   0: 3 0x800000c4 (0x0000006f)
core   0: 3 0x800000c4 (0x0000006f)
core   0: 3 0x800000c4 (0x0000006f)
core   0: 3 0x800000c4 (0x0000006f)
core   0: 3 0x800000c4 (0x0000006f)
core   0: 3 0x800000c4 (0x0000006f)
core   0: 3 0x800000c4 (0x0000006f)
core   0: 3 0x800000c4 (0x0000006f)
core   0: 3 0x800000c4 (0x0000006f)
core   0: 3 0x800000c4 (0x0000006f)
core   0: 3 0x800000c4 (0x0000006f)
core   0: 3 0x800000c4 (0x0000006f)
core   0: 3 0x800000c4 (0x0000006f)
core   0: 3 0x800000c4 (0x0000006f)
core   0: 3 0x800000c4 (0x0000006f)
core   0: 3 0x800000c4 (0x0000006f)
core   0: 3 0x800000c4 (0x0000006f)
core   0: 3 0x800000c4 (0x0000006f)
core   0: 3 0x800000c4 (0x0000006f)
core   0: 3 0x800000c4 (0x0000006f)
core   0: 3 0x800000c4 (0x0000006f)
core   0: 3 0x800000c4 (0x0000006f)
core   0: 3 0x800000c4 (0x0000006f)
core   0: 3 0x800000c4 (0x0000006f)
core   0: 3 0x800000c4 (0x0000006f)
core   0: 3 0x800000c4 (0x0000006f)
core   0: 3 0x800000c4 (0x0000006f)
core   0: 3 0x800000c4 (0x0000006f)
core   0: 3 0x800000c4 (0x0000006f)
core   0: 3 0x800000c4 (0x0000006f)
core   0: 3 0x800000c4 (0x0000006f)
core   0: 3 0x800000c4 (0x0000006f)
core   0: 3 0x800000c4 (0x0000006f)
core   0: 3 0x800000c4 (0x0000006f)
core   0: 3 0x800000c4 (0x0000006f)
core   0: 3 0x800000c4 (0x0000006f)
core   0: 3 0x800000c4 (0x0000006f)
core   0: 3 0x800000c4 (0x0000006f)
core   0: 3 0x800000c4 (0x0000006f)
core   0: 3 0x800000c4 (0x0000006f)
core   0: 3 0x800000c4 (0x0000006f)
core   0: 3 0x800000c4 (0x0000006f)
core   0: 3 0x800000c4 (0x0000006f)
core   0: 3 0x800000c4 (0x0000006f)
core   0: 3 0x800000c4 (0x0000006f)
core   0: 3 0x800000c4 (0x0000006f)
core   0: 3 0x800000c4 (0x0000006f)
core   0: 3 0x800000c4 (0x0000006f)
core   0: 3 0x800000c4 (0x0000006f)
core   0: 3 0x800000c4 (0x0000006f)
core   0: 3 0x800000c4 (0x0000006f)
core   0: 3 0x800000c4 (0x0000006f)
core   0: 3 0x800000c4 (0x0000006f)
core   0: 3 0x800000c4 (0x0000006f)
core   0: 3 0x800000c4 (0x0000006f)
core   0: 3 0x800000c4 (0x0000006f)
core   0: 3 0x800000c4 (0x0000006f)
core   0: 3 0x800000c4 (0x0000006f)
core   0: 3 0x800000c4 (0x0000006f)
core   0: 3 0x800000c4 (0x0000006f)
core   0: 3 0x800000c4 (0x0000006f)
core   0: 3 0x800000c4 (0x0000006f)
core   0: 3 0x800000c4 (0x0000006f)
core   0: 3 0x800000c4 (0x0000006f)
core   0: 3 0x800000c4 (0x0000006f)
core   0: 3 0x800000c4 (0x0000006f)
core   0: 3 0x800000c4 (0x0000006f)
core   0: 3 0x800000c4 (0x0000006f)
core   0: 3 0x800000c4 (0x0000006f)
core   0: 3 0x800000c4 (0x0000006f)
core   0: 3 0x800000c4 (0x0000006f)
core   0: 3 0x800000c4 (0x0000006f)
core   0: 3 0x800000c4 (0x0000006f)
core   0: 3 0x800000c4 (0x0000006f)
core   0: 3 0x800000c4 (0x0000006f)
core   0: 3 0x800000c4 (0x0000006f)
core   0: 3 0x800000c4 (0x0000006f)
core   0: 3 0x800000c4 (0x0000006f)
core   0: 3 0x800000c4 (0x0000006f)
core   0: 3 0x800000c4 (0x0000006f)
core   0: 3 0x800000c4 (0x0000006f)
core   0: 3 0x800000c4 (0x0000006f)
core   0: 3 0x800000c4 (0x0000006f)
core   0: 3 0x800000c4 (0x0000006f)
core   0: 3 0x800000c4 (0x0000006f)
core   0: 3 0x800000c4 (0x0000006f)
core   0: 3 0x800000c4 (0x0000006f)
core   0: 3 0x800000c4 (0x0000006f)
core   0: 3 0x800000c4 (0x0000006f)
core   0: 3 0x800000c4 (0x0000006f)
core   0: 3 0x800000c4 (0x0000006f)
core   0: 3 0x800000c4 (0x0000006f)
core   0: 3 0x800000c4 (0x0000006f)
core   0: 3 0x800000c4 (0x0000006f)
core   0: 3 0x800000c4 (0x0000006f)
core   0: 3 0x800000c4 (0x0000006f)
core   0: 3 0x800000c4 (0x0000006f)
core   0: 3 0x800000c4 (0x0000006f)
core   0: 3 0x800000c4 (0x0000006f)
core   0: 3 0x800000c4 (0x0000006f)
core   0: 3 0x800000c4 (0x0000006f)
core   0: 3 0x800000c4 (0x0000006f)
core   0: 3 0x800000c4 (0x0000006f)
core   0: 3 0x800000c4 (0x0000006f)
core   0: 3 0x800000c4 (0x0000006f)
core   0: 3 0x800000c4 (0x0000006f)
core   0: 3 0x800000c4 (0x0000006f)
core   0: 3 0x800000c4 (0x0000006f)
core   0: 3 0x800000c4 (0x0000006f)
core   0: 3 0x800000c4 (0x0000006f)
core   0: 3 0x800000c4 (0x0000006f)
core   0: 3 0x800000c4 (0x0000006f)
core   0: 3 0x800000c4 (0x0000006f)
core   0: 3 0x800000c4 (0x0000006f)
core   0: 3 0x800000c4 (0x0000006f)
core   0: 3 0x800000c4 (0x0000006f)
core   0: 3 0x800000c4 (0x0000006f)
core   0: 3 0x800000c4 (0x0000006f)
core   0: 3 0x800000c4 (0x0000006f)
core   0: 3 0x800000c4 (0x0000006f)
core   0: 3 0x800000c4 (0x0000006f)
core   0: 3 0x800000c4 (0x0000006f)
core   0: 3 0x800000c4 (0x0000006f)
core   0: 3 0x800000c4 (0x0000006f)
core   0: 3 0x800000c4 (0x0000006f)
core   0: 3 0x800000c4 (0x0000006f)
core   0: 3 0x800000c4 (0x0000006f)
core   0: 3 0x800000c4 (0x0000006f)
core   0: 3 0x800000c4 (0x0000006f)
core   0: 3 0x800000c4 (0x0000006f)
core   0: 3 0x800000c4 (0x0000006f)
core   0: 3 0x800000c4 (0x0000006f)
core   0: 3 0x800000c4 (0x0000006f)
core   0: 3 0x800000c4 (0x0000006f)
core   0: 3 0x800000c4 (0x0000006f)
core   0: 3 0x800000c4 (0x0000006f)
core   0: 3 0x800000c4 (0x0000006f)
core   0: 3 0x800000c4 (0x0000006f)
core   0: 3 0x800000c4 (0x0000006f)
core   0: 3 0x800000c4 (0x0000006f)
core   0: 3 0x800000c4 (0x0000006f)
core   0: 3 0x800000c4 (0x0000006f)
core   0: 3 0x800000c4 (0x0000006f)
core   0: 3 0x800000c4 (0x0000006f)
core   0: 3 0x800000c4 (0x0000006f)
core   0: 3 0x800000c4 (0x0000006f)
core   0: 3 0x800000c4 (0x0000006f)
core   0: 3 0x800000c4 (0x0000006f)
core   0: 3 0x800000c4 (0x0000006f)
core   0: 3 0x800000c4 (0x0000006f)
core   0: 3 0x800000c4 (0x0000006f)
core   0: 3 0x800000c4 (0x0000006f)
core   0: 3 0x800000c4 (0x0000006f)
core   0: 3 0x800000c4 (0x0000006f)
core   0: 3 0x800000c4 (0x0000006f)
core   0: 3 0x800000c4 (0x0000006f)
core   0: 3 0x800000c4 (0x0000006f)
core   0: 3 0x800000c4 (0x0000006f)
core   0: 3 0x800000c4 (0x0000006f)
core   0: 3 0x800000c4 (0x0000006f)
core   0: 3 0x800000c4 (0x0000006f)
core   0: 3 0x800000c4 (0x0000006f)
core   0: 3 0x800000c4 (0x0000006f)
core   0: 3 0x800000c4 (0x0000006f)
core   0: 3 0x800000c4 (0x0000006f)
core   0: 3 0x800000c4 (0x0000006f)
core   0: 3 0x800000c4 (0x0000006f)
core   0: 3 0x800000c4 (0x0000006f)
core   0: 3 0x800000c4 (0x0000006f)
core   0: 3 0x800000c4 (0x0000006f)
core   0: 3 0x800000c4 (0x0000006f)
core   0: 3 0x800000c4 (0x0000006f)
core   0: 3 0x800000c4 (0x0000006f)
core   0: 3 0x800000c4 (0x0000006f)
core   0: 3 0x800000c4 (0x0000006f)
core   0: 3 0x800000c4 (0x0000006f)
core   0: 3 0x800000c4 (0x0000006f)
core   0: 3 0x800000c4 (0x0000006f)
core   0: 3 0x800000c4 (0x0000006f)
core   0: 3 0x800000c4 (0x0000006f)
core   0: 3 0x800000c4 (0x0000006f)
core   0: 3 0x800000c4 (0x0000006f)
core   0: 3 0x800000c4 (0x0000006f)
core   0: 3 0x800000c4 (0x0000006f)
core   0: 3 0x800000c4 (0x0000006f)
core   0: 3 0x800000c4 (0x0000006f)
core   0: 3 0x800000c4 (0x0000006f)
core   0: 3 0x800000c4 (0x0000006f)
core   0: 3 0x800000c4 (0x0000006f)
core   0: 3 0x800000c4 (0x0000006f)
core   0: 3 0x800000c4 (0x0000006f)
core   0: 3 0x800000c4 (0x0000006f)
core   0: 3 0x800000c4 (0x0000006f)
core   0: 3 0x800000c4 (0x0000006f)
core   0: 3 0x800000c4 (0x0000006f)
core   0: 3 0x800000c4 (0x0000006f)
core   0: 3 0x800000c4 (0x0000006f)
core   0: 3 0x800000c4 (0x0000006f)
core   0: 3 0x800000c4 (0x0000006f)
core   0: 3 0x800000c4 (0x0000006f)
core   0: 3 0x800000c4 (0x0000006f)
core   0: 3 0x800000c4 (0x0000006f)
core   0: 3 0x800000c4 (0x0000006f)
core   0: 3 0x800000c4 (0x0000006f)
core   0: 3 0x800000c4 (0x0000006f)
core   0: 3 0x800000c4 (0x0000006f)
core   0: 3 0x800000c4 (0x0000006f)
core   0: 3 0x800000c4 (0x0000006f)
core   0: 3 0x800000c4 (0x0000006f)
core   0: 3 0x800000c4 (0x0000006f)
core   0: 3 0x800000c4 (0x0000006f)
core   0: 3 0x800000c4 (0x0000006f)
core   0: 3 0x800000c4 (0x0000006f)
core   0: 3 0x800000c4 (0x0000006f)
core   0: 3 0x800000c4 (0x0000006f)
core   0: 3 0x800000c4 (0x0000006f)
core   0: 3 0x800000c4 (0x0000006f)
core   0: 3 0x800000c4 (0x0000006f)
core   0: 3 0x800000c4 (0x0000006f)
core   0: 3 0x800000c4 (0x0000006f)
core   0: 3 0x800000c4 (0x0000006f)
core   0: 3 0x800000c4 (0x0000006f)
core   0: 3 0x800000c4 (0x0000006f)
core   0: 3 0x800000c4 (0x0000006f)
core   0: 3 0x800000c4 (0x0000006f)
core   0: 3 0x800000c4 (0x0000006f)
core   0: 3 0x800000c4 (0x0000006f)
core   0: 3 0x800000c4 (0x0000006f)
core   0: 3 0x800000c4 (0x0000006f)
core   0: 3 0x800000c4 (0x0000006f)
core   0: 3 0x800000c4 (0x0000006f)
core   0: 3 0x800000c4 (0x0000006f)
core   0: 3 0x800000c4 (0x0000006f)
core   0: 3 0x800000c4 (0x0000006f)
core   0: 3 0x800000c4 (0x0000006f)
core   0: 3 0x800000c4 (0x0000006f)
core   0: 3 0x800000c4 (0x0000006f)
core   0: 3 0x800000c4 (0x0000006f)
core   0: 3 0x800000c4 (0x0000006f)
core   0: 3 0x800000c4 (0x0000006f)
core   0: 3 0x800000c4 (0x0000006f)
core   0: 3 0x800000c4 (0x0000006f)
core   0: 3 0x800000c4 (0x0000006f)
core   0: 3 0x800000c4 (0x0000006f)
core   0: 3 0x800000c4 (0x0000006f)
core   0: 3 0x800000c4 (0x0000006f)
core   0: 3 0x800000c4 (0x0000006f)
core   0: 3 0x800000c4 (0x0000006f)
core   0: 3 0x800000c4 (0x0000006f)
core   0: 3 0x800000c4 (0x0000006f)
core   0: 3 0x800000c4 (0x0000006f)
core   0: 3 0x800000c4 (0x0000006f)
core   0: 3 0x800000c4 (0x0000006f)
core   0: 3 0x800000c4 (0x0000006f)
core   0: 3 0x800000c4 (0x0000006f)
core   0: 3 0x800000c4 (0x0000006f)
core   0: 3 0x800000c4 (0x0000006f)
core   0: 3 0x800000c4 (0x0000006f)
core   0: 3 0x800000c4 (0x0000006f)
core   0: 3 0x800000c4 (0x0000006f)
core   0: 3 0x800000c4 (0x0000006f)
core   0: 3 0x800000c4 (0x0000006f)
core   0: 3 0x800000c4 (0x0000006f)
core   0: 3 0x800000c4 (0x0000006f)
core   0: 3 0x800000c4 (0x0000006f)
core   0: 3 0x800000c4 (0x0000006f)
core   0: 3 0x800000c4 (0x0000006f)
core   0: 3 0x800000c4 (0x0000006f)
core   0: 3 0x800000c4 (0x0000006f)
core   0: 3 0x800000c4 (0x0000006f)
core   0: 3 0x800000c4 (0x0000006f)
core   0: 3 0x800000c4 (0x0000006f)
core   0: 3 0x800000c4 (0x0000006f)
core   0: 3 0x800000c4 (0x0000006f)
core   0: 3 0x800000c4 (0x0000006f)
core   0: 3 0x800000c4 (0x0000006f)
core   0: 3 0x800000c4 (0x0000006f)
core   0: 3 0x800000c4 (0x0000006f)
core   0: 3 0x800000c4 (0x0000006f)
core   0: 3 0x800000c4 (0x0000006f)
core   0: 3 0x800000c4 (0x0000006f)
core   0: 3 0x800000c4 (0x0000006f)
core   0: 3 0x800000c4 (0x0000006f)
core   0: 3 0x800000c4 (0x0000006f)
core   0: 3 0x800000c4 (0x0000006f)
core   0: 3 0x800000c4 (0x0000006f)
core   0: 3 0x800000c4 (0x0000006f)
core   0: 3 0x800000c4 (0x0000006f)
core   0: 3 0x800000c4 (0x0000006f)
core   0: 3 0x800000c4 (0x0000006f)
core   0: 3 0x800000c4 (0x0000006f)
core   0: 3 0x800000c4 (0x0000006f)
core   0: 3 0x800000c4 (0x0000006f)
core   0: 3 0x800000c4 (0x0000006f)
core   0: 3 0x800000c4 (0x0000006f)
core   0: 3 0x800000c4 (0x0000006f)
core   0: 3 0x800000c4 (0x0000006f)
core   0: 3 0x800000c4 (0x0000006f)
core   0: 3 0x800000c4 (0x0000006f)
core   0: 3 0x800000c4 (0x0000006f)
core   0: 3 0x800000c4 (0x0000006f)
core   0: 3 0x800000c4 (0x0000006f)
core   0: 3 0x800000c4 (0x0000006f)
core   0: 3 0x800000c4 (0x0000006f)
core   0: 3 0x800000c4 (0x0000006f)
core   0: 3 0x800000c4 (0x0000006f)
core   0: 3 0x800000c4 (0x0000006f)
core   0: 3 0x800000c4 (0x0000006f)
core   0: 3 0x800000c4 (0x0000006f)
core   0: 3 0x800000c4 (0x0000006f)
core   0: 3 0x800000c4 (0x0000006f)
core   0: 3 0x800000c4 (0x0000006f)
core   0: 3 0x800000c4 (0x0000006f)
core   0: 3 0x800000c4 (0x0000006f)
core   0: 3 0x800000c4 (0x0000006f)
core   0: 3 0x800000c4 (0x0000006f)
core   0: 3 0x800000c4 (0x0000006f)
core   0: 3 0x800000c4 (0x0000006f)
core   0: 3 0x800000c4 (0x0000006f)
core   0: 3 0x800000c4 (0x0000006f)
core   0: 3 0x800000c4 (0x0000006f)
core   0: 3 0x800000c4 (0x0000006f)
core   0: 3 0x800000c4 (0x0000006f)
core   0: 3 0x800000c4 (0x0000006f)
core   0: 3 0x800000c4 (0x0000006f)
core   0: 3 0x800000c4 (0x0000006f)
core   0: 3 0x800000c4 (0x0000006f)
core   0: 3 0x800000c4 (0x0000006f)
core   0: 3 0x800000c4 (0x0000006f)
core   0: 3 0x800000c4 (0x0000006f)
core   0: 3 0x800000c4 (0x0000006f)
core   0: 3 0x800000c4 (0x0000006f)
core   0: 3 0x800000c4 (0x0000006f)
core   0: 3 0x800000c4 (0x0000006f)
core   0: 3 0x800000c4 (0x0000006f)
core   0: 3 0x800000c4 (0x0000006f)
core   0: 3 0x800000c4 (0x0000006f)
core   0: 3 0x800000c4 (0x0000006f)
core   0: 3 0x800000c4 (0x0000006f)
core   0: 3 0x800000c4 (0x0000006f)
core   0: 3 0x800000c4 (0x0000006f)
core   0: 3 0x800000c4 (0x0000006f)
core   0: 3 0x800000c4 (0x0000006f)
core   0: 3 0x800000c4 (0x0000006f)
core   0: 3 0x800000c4 (0x0000006f)
core   0: 3 0x800000c4 (0x0000006f)
core   0: 3 0x800000c4 (0x0000006f)
core   0: 3 0x800000c4 (0x0000006f)
core   0: 3 0x800000c4 (0x0000006f)
core   0: 3 0x800000c4 (0x0000006f)
core   0: 3 0x800000c4 (0x0000006f)
core   0: 3 0x800000c4 (0x0000006f)
core   0: 3 0x800000c4 (0x0000006f)
core   0: 3 0x800000c4 (0x0000006f)
core   0: 3 0x800000c4 (0x0000006f)
core   0: 3 0x800000c4 (0x0000006f)
core   0: 3 0x800000c4 (0x0000006f)
core   0: 3 0x800000c4 (0x0000006f)
core   0: 3 0x800000c4 (0x0000006f)
core   0: 3 0x800000c4 (0x0000006f)
core   0: 3 0x800000c4 (0x0000006f)
core   0: 3 0x800000c4 (0x0000006f)
core   0: 3 0x800000c4 (0x0000006f)
core   0: 3 0x800000c4 (0x0000006f)
core   0: 3 0x800000c4 (0x0000006f)
core   0: 3 0x800000c4 (0x0000006f)
core   0: 3 0x800000c4 (0x0000006f)
core   0: 3 0x800000c4 (0x0000006f)
core   0: 3 0x800000c4 (0x0000006f)
core   0: 3 0x800000c4 (0x0000006f)
core   0: 3 0x800000c4 (0x0000006f)
core   0: 3 0x800000c4 (0x0000006f)
core   0: 3 0x800000c4 (0x0000006f)
core   0: 3 0x800000c4 (0x0000006f)
core   0: 3 0x800000c4 (0x0000006f)
core   0: 3 0x800000c4 (0x0000006f)
core   0: 3 0x800000c4 (0x0000006f)
core   0: 3 0x800000c4 (0x0000006f)
core   0: 3 0x800000c4 (0x0000006f)
core   0: 3 0x800000c4 (0x0000006f)
core   0: 3 0x800000c4 (0x0000006f)
core   0: 3 0x800000c4 (0x0000006f)
core   0: 3 0x800000c4 (0x0000006f)
core   0: 3 0x800000c4 (0x0000006f)
core   0: 3 0x800000c4 (0x0000006f)
core   0: 3 0x800000c4 (0x0000006f)
core   0: 3 0x800000c4 (0x0000006f)
core   0: 3 0x800000c4 (0x0000006f)
core   0: 3 0x800000c4 (0x0000006f)
core   0: 3 0x800000c4 (0x0000006f)
core   0: 3 0x800000c4 (0x0000006f)
core   0: 3 0x800000c4 (0x0000006f)
core   0: 3 0x800000c4 (0x0000006f)
core   0: 3 0x800000c4 (0x0000006f)
core   0: 3 0x800000c4 (0x0000006f)
core   0: 3 0x800000c4 (0x0000006f)
core   0: 3 0x800000c4 (0x0000006f)
core   0: 3 0x800000c4 (0x0000006f)
core   0: 3 0x800000c4 (0x0000006f)
core   0: 3 0x800000c4 (0x0000006f)
core   0: 3 0x800000c4 (0x0000006f)
core   0: 3 0x800000c4 (0x0000006f)
core   0: 3 0x800000c4 (0x0000006f)
core   0: 3 0x800000c4 (0x0000006f)
core   0: 3 0x800000c4 (0x0000006f)
core   0: 3 0x800000c4 (0x0000006f)
core   0: 3 0x800000c4 (0x0000006f)
core   0: 3 0x800000c4 (0x0000006f)
core   0: 3 0x800000c4 (0x0000006f)
core   0: 3 0x800000c4 (0x0000006f)
core   0: 3 0x800000c4 (0x0000006f)
core   0: 3 0x800000c4 (0x0000006f)
core   0: 3 0x800000c4 (0x0000006f)
core   0: 3 0x800000c4 (0x0000006f)
core   0: 3 0x800000c4 (0x0000006f)
core   0: 3 0x800000c4 (0x0000006f)
core   0: 3 0x800000c4 (0x0000006f)
core   0: 3 0x800000c4 (0x0000006f)
core   0: 3 0x800000c4 (0x0000006f)
core   0: 3 0x800000c4 (0x0000006f)
core   0: 3 0x800000c4 (0x0000006f)
core   0: 3 0x800000c4 (0x0000006f)
core   0: 3 0x800000c4 (0x0000006f)
core   0: 3 0x800000c4 (0x0000006f)
core   0: 3 0x800000c4 (0x0000006f)
core   0: 3 0x800000c4 (0x0000006f)
core   0: 3 0x800000c4 (0x0000006f)
core   0: 3 0x800000c4 (0x0000006f)
core   0: 3 0x800000c4 (0x0000006f)
core   0: 3 0x800000c4 (0x0000006f)
core   0: 3 0x800000c4 (0x0000006f)
core   0: 3 0x800000c4 (0x0000006f)
core   0: 3 0x800000c4 (0x0000006f)
core   0: 3 0x800000c4 (0x0000006f)
core   0: 3 0x800000c4 (0x0000006f)
core   0: 3 0x800000c4 (0x0000006f)
core   0: 3 0x800000c4 (0x0000006f)
core   0: 3 0x800000c4 (0x0000006f)
core   0: 3 0x800000c4 (0x0000006f)
core   0: 3 0x800000c4 (0x0000006f)
core   0: 3 0x800000c4 (0x0000006f)
core   0: 3 0x800000c4 (0x0000006f)
core   0: 3 0x800000c4 (0x0000006f)
core   0: 3 0x800000c4 (0x0000006f)
core   0: 3 0x800000c4 (0x0000006f)
core   0: 3 0x800000c4 (0x0000006f)
core   0: 3 0x800000c4 (0x0000006f)
core   0: 3 0x800000c4 (0x0000006f)
core   0: 3 0x800000c4 (0x0000006f)
core   0: 3 0x800000c4 (0x0000006f)
core   0: 3 0x800000c4 (0x0000006f)
core   0: 3 0x800000c4 (0x0000006f)
core   0: 3 0x800000c4 (0x0000006f)
core   0: 3 0x800000c4 (0x0000006f)
core   0: 3 0x800000c4 (0x0000006f)
core   0: 3 0x800000c4 (0x0000006f)
core   0: 3 0x800000c4 (0x0000006f)
core   0: 3 0x800000c4 (0x0000006f)
core   0: 3 0x800000c4 (0x0000006f)
core   0: 3 0x800000c4 (0x0000006f)
core   0: 3 0x800000c4 (0x0000006f)
core   0: 3 0x800000c4 (0x0000006f)
core   0: 3 0x800000c4 (0x0000006f)
core   0: 3 0x800000c4 (0x0000006f)
core   0: 3 0x800000c4 (0x0000006f)
core   0: 3 0x800000c4 (0x0000006f)
core   0: 3 0x800000c4 (0x0000006f)
core   0: 3 0x800000c4 (0x0000006f)
core   0: 3 0x800000c4 (0x0000006f)
core   0: 3 0x800000c4 (0x0000006f)
core   0: 3 0x800000c4 (0x0000006f)
core   0: 3 0x800000c4 (0x0000006f)
core   0: 3 0x800000c4 (0x0000006f)
core   0: 3 0x800000c4 (0x0000006f)
core   0: 3 0x800000c4 (0x0000006f)
core   0: 3 0x800000c4 (0x0000006f)
core   0: 3 0x800000c4 (0x0000006f)
core   0: 3 0x800000c4 (0x0000006f)
core   0: 3 0x800000c4 (0x0000006f)
core   0: 3 0x800000c4 (0x0000006f)
core   0: 3 0x800000c4 (0x0000006f)
core   0: 3 0x800000c4 (0x0000006f)
core   0: 3 0x800000c4 (0x0000006f)
core   0: 3 0x800000c4 (0x0000006f)
core   0: 3 0x800000c4 (0x0000006f)
core   0: 3 0x800000c4 (0x0000006f)
core   0: 3 0x800000c4 (0x0000006f)
core   0: 3 0x800000c4 (0x0000006f)
core   0: 3 0x800000c4 (0x0000006f)
core   0: 3 0x800000c4 (0x0000006f)
core   0: 3 0x800000c4 (0x0000006f)
core   0: 3 0x800000c4 (0x0000006f)
core   0: 3 0x800000c4 (0x0000006f)
core   0: 3 0x800000c4 (0x0000006f)
core   0: 3 0x800000c4 (0x0000006f)
core   0: 3 0x800000c4 (0x0000006f)
core   0: 3 0x800000c4 (0x0000006f)
core   0: 3 0x800000c4 (0x0000006f)
core   0: 3 0x800000c4 (0x0000006f)
core   0: 3 0x800000c4 (0x0000006f)
core   0: 3 0x800000c4 (0x0000006f)
core   0: 3 0x800000c4 (0x0000006f)
core   0: 3 0x800000c4 (0x0000006f)
core   0: 3 0x800000c4 (0x0000006f)
core   0: 3 0x800000c4 (0x0000006f)
core   0: 3 0x800000c4 (0x0000006f)
core   0: 3 0x800000c4 (0x0000006f)
core   0: 3 0x800000c4 (0x0000006f)
core   0: 3 0x800000c4 (0x0000006f)
core   0: 3 0x800000c4 (0x0000006f)
core   0: 3 0x800000c4 (0x0000006f)
core   0: 3 0x800000c4 (0x0000006f)
core   0: 3 0x800000c4 (0x0000006f)
core   0: 3 0x800000c4 (0x0000006f)
core   0: 3 0x800000c4 (0x0000006f)
core   0: 3 0x800000c4 (0x0000006f)
core   0: 3 0x800000c4 (0x0000006f)
core   0: 3 0x800000c4 (0x0000006f)
core   0: 3 0x800000c4 (0x0000006f)
core   0: 3 0x800000c4 (0x0000006f)
core   0: 3 0x800000c4 (0x0000006f)
core   0: 3 0x800000c4 (0x0000006f)
core   0: 3 0x800000c4 (0x0000006f)
core   0: 3 0x800000c4 (0x0000006f)
core   0: 3 0x800000c4 (0x0000006f)
core   0: 3 0x800000c4 (0x0000006f)
core   0: 3 0x800000c4 (0x0000006f)
core   0: 3 0x800000c4 (0x0000006f)
core   0: 3 0x800000c4 (0x0000006f)
core   0: 3 0x800000c4 (0x0000006f)
core   0: 3 0x800000c4 (0x0000006f)
core   0: 3 0x800000c4 (0x0000006f)
core   0: 3 0x800000c4 (0x0000006f)
core   0: 3 0x800000c4 (0x0000006f)
core   0: 3 0x800000c4 (0x0000006f)
core   0: 3 0x800000c4 (0x0000006f)
core   0: 3 0x800000c4 (0x0000006f)
core   0: 3 0x800000c4 (0x0000006f)
core   0: 3 0x800000c4 (0x0000006f)
core   0: 3 0x800000c4 (0x0000006f)
core   0: 3 0x800000c4 (0x0000006f)
core   0: 3 0x800000c4 (0x0000006f)
core   0: 3 0x800000c4 (0x0000006f)
core   0: 3 0x800000c4 (0x0000006f)
core   0: 3 0x800000c4 (0x0000006f)
core   0: 3 0x800000c4 (0x0000006f)
core   0: 3 0x800000c4 (0x0000006f)
core   0: 3 0x800000c4 (0x0000006f)
core   0: 3 0x800000c4 (0x0000006f)
core   0: 3 0x800000c4 (0x0000006f)
core   0: 3 0x800000c4 (0x0000006f)
core   0: 3 0x800000c4 (0x0000006f)
core   0: 3 0x800000c4 (0x0000006f)
core   0: 3 0x800000c4 (0x0000006f)
core   0: 3 0x800000c4 (0x0000006f)
core   0: 3 0x800000c4 (0x0000006f)
core   0: 3 0x800000c4 (0x0000006f)
core   0: 3 0x800000c4 (0x0000006f)
core   0: 3 0x800000c4 (0x0000006f)
core   0: 3 0x800000c4 (0x0000006f)
core   0: 3 0x800000c4 (0x0000006f)
core   0: 3 0x800000c4 (0x0000006f)
core   0: 3 0x800000c4 (0x0000006f)
core   0: 3 0x800000c4 (0x0000006f)
core   0: 3 0x800000c4 (0x0000006f)
core   0: 3 0x800000c4 (0x0000006f)
core   0: 3 0x800000c4 (0x0000006f)
core   0: 3 0x800000c4 (0x0000006f)
core   0: 3 0x800000c4 (0x0000006f)
core   0: 3 0x800000c4 (0x0000006f)
core   0: 3 0x800000c4 (0x0000006f)
core   0: 3 0x800000c4 (0x0000006f)
core   0: 3 0x800000c4 (0x0000006f)
core   0: 3 0x800000c4 (0x0000006f)
core   0: 3 0x800000c4 (0x0000006f)
core   0: 3 0x800000c4 (0x0000006f)
core   0: 3 0x800000c4 (0x0000006f)
core   0: 3 0x800000c4 (0x0000006f)
core   0: 3 0x800000c4 (0x0000006f)
core   0: 3 0x800000c4 (0x0000006f)
core   0: 3 0x800000c4 (0x0000006f)
core   0: 3 0x800000c4 (0x0000006f)
core   0: 3 0x800000c4 (0x0000006f)
core   0: 3 0x800000c4 (0x0000006f)
core   0: 3 0x800000c4 (0x0000006f)
core   0: 3 0x800000c4 (0x0000006f)
core   0: 3 0x800000c4 (0x0000006f)
core   0: 3 0x800000c4 (0x0000006f)
core   0: 3 0x800000c4 (0x0000006f)
core   0: 3 0x800000c4 (0x0000006f)
core   0: 3 0x800000c4 (0x0000006f)
core   0: 3 0x800000c4 (0x0000006f)
core   0: 3 0x800000c4 (0x0000006f)
core   0: 3 0x800000c4 (0x0000006f)
core   0: 3 0x800000c4 (0x0000006f)
core   0: 3 0x800000c4 (0x0000006f)
core   0: 3 0x800000c4 (0x0000006f)
core   0: 3 0x800000c4 (0x0000006f)
core   0: 3 0x800000c4 (0x0000006f)
core   0: 3 0x800000c4 (0x0000006f)
core   0: 3 0x800000c4 (0x0000006f)
core   0: 3 0x800000c4 (0x0000006f)
core   0: 3 0x800000c4 (0x0000006f)
core   0: 3 0x800000c4 (0x0000006f)
core   0: 3 0x800000c4 (0x0000006f)
core   0: 3 0x800000c4 (0x0000006f)
core   0: 3 0x800000c4 (0x0000006f)
core   0: 3 0x800000c4 (0x0000006f)
core   0: 3 0x800000c4 (0x0000006f)
core   0: 3 0x800000c4 (0x0000006f)
core   0: 3 0x800000c4 (0x0000006f)
core   0: 3 0x800000c4 (0x0000006f)
core   0: 3 0x800000c4 (0x0000006f)
core   0: 3 0x800000c4 (0x0000006f)
core   0: 3 0x800000c4 (0x0000006f)
core   0: 3 0x800000c4 (0x0000006f)
core   0: 3 0x800000c4 (0x0000006f)
core   0: 3 0x800000c4 (0x0000006f)
core   0: 3 0x800000c4 (0x0000006f)
core   0: 3 0x800000c4 (0x0000006f)
core   0: 3 0x800000c4 (0x0000006f)
core   0: 3 0x800000c4 (0x0000006f)
core   0: 3 0x800000c4 (0x0000006f)
core   0: 3 0x800000c4 (0x0000006f)
core   0: 3 0x800000c4 (0x0000006f)
core   0: 3 0x800000c4 (0x0000006f)
core   0: 3 0x800000c4 (0x0000006f)
core   0: 3 0x800000c4 (0x0000006f)
core   0: 3 0x800000c4 (0x0000006f)
core   0: 3 0x800000c4 (0x0000006f)
core   0: 3 0x800000c4 (0x0000006f)
core   0: 3 0x800000c4 (0x0000006f)
core   0: 3 0x800000c4 (0x0000006f)
core   0: 3 0x800000c4 (0x0000006f)
core   0: 3 0x800000c4 (0x0000006f)
core   0: 3 0x800000c4 (0x0000006f)
core   0: 3 0x800000c4 (0x0000006f)
core   0: 3 0x800000c4 (0x0000006f)
core   0: 3 0x800000c4 (0x0000006f)
core   0: 3 0x800000c4 (0x0000006f)
core   0: 3 0x800000c4 (0x0000006f)
core   0: 3 0x800000c4 (0x0000006f)
core   0: 3 0x800000c4 (0x0000006f)
core   0: 3 0x800000c4 (0x0000006f)
core   0: 3 0x800000c4 (0x0000006f)
core   0: 3 0x800000c4 (0x0000006f)
core   0: 3 0x800000c4 (0x0000006f)
core   0: 3 0x800000c4 (0x0000006f)
core   0: 3 0x800000c4 (0x0000006f)
core   0: 3 0x800000c4 (0x0000006f)
core   0: 3 0x800000c4 (0x0000006f)
core   0: 3 0x800000c4 (0x0000006f)
core   0: 3 0x800000c4 (0x0000006f)
core   0: 3 0x800000c4 (0x0000006f)
core   0: 3 0x800000c4 (0x0000006f)
core   0: 3 0x800000c4 (0x0000006f)
core   0: 3 0x800000c4 (0x0000006f)
core   0: 3 0x800000c4 (0x0000006f)
core   0: 3 0x800000c4 (0x0000006f)
core   0: 3 0x800000c4 (0x0000006f)
core   0: 3 0x800000c4 (0x0000006f)
core   0: 3 0x800000c4 (0x0000006f)
core   0: 3 0x800000c4 (0x0000006f)
core   0: 3 0x800000c4 (0x0000006f)
core   0: 3 0x800000c4 (0x0000006f)
core   0: 3 0x800000c4 (0x0000006f)
core   0: 3 0x800000c4 (0x0000006f)
core   0: 3 0x800000c4 (0x0000006f)
core   0: 3 0x800000c4 (0x0000006f)
core   0: 3 0x800000c4 (0x0000006f)
core   0: 3 0x800000c4 (0x0000006f)
core   0: 3 0x800000c4 (0x0000006f)
core   0: 3 0x800000c4 (0x0000006f)
core   0: 3 0x800000c4 (0x0000006f)
core   0: 3 0x800000c4 (0x0000006f)
core   0: 3 0x800000c4 (0x0000006f)
core   0: 3 0x800000c4 (0x0000006f)
core   0: 3 0x800000c4 (0x0000006f)
core   0: 3 0x800000c4 (0x0000006f)
core   0: 3 0x800000c4 (0x0000006f)
core   0: 3 0x800000c4 (0x0000006f)
core   0: 3 0x800000c4 (0x0000006f)
core   0: 3 0x800000c4 (0x0000006f)
core   0: 3 0x800000c4 (0x0000006f)
core   0: 3 0x800000c4 (0x0000006f)
core   0: 3 0x800000c4 (0x0000006f)
core   0: 3 0x800000c4 (0x0000006f)
core   0: 3 0x800000c4 (0x0000006f)
core   0: 3 0x800000c4 (0x0000006f)
core   0: 3 0x800000c4 (0x0000006f)
core   0: 3 0x800000c4 (0x0000006f)
core   0: 3 0x800000c4 (0x0000006f)
core   0: 3 0x800000c4 (0x0000006f)
core   0: 3 0x800000c4 (0x0000006f)
core   0: 3 0x800000c4 (0x0000006f)
core   0: 3 0x800000c4 (0x0000006f)
core   0: 3 0x800000c4 (0x0000006f)
core   0: 3 0x800000c4 (0x0000006f)
core   0: 3 0x800000c4 (0x0000006f)
core   0: 3 0x800000c4 (0x0000006f)
core   0: 3 0x800000c4 (0x0000006f)
core   0: 3 0x800000c4 (0x0000006f)
core   0: 3 0x800000c4 (0x0000006f)
core   0: 3 0x800000c4 (0x0000006f)
core   0: 3 0x800000c4 (0x0000006f)
core   0: 3 0x800000c4 (0x0000006f)
core   0: 3 0x800000c4 (0x0000006f)
core   0: 3 0x800000c4 (0x0000006f)
core   0: 3 0x800000c4 (0x0000006f)
core   0: 3 0x800000c4 (0x0000006f)
core   0: 3 0x800000c4 (0x0000006f)
core   0: 3 0x800000c4 (0x0000006f)
core   0: 3 0x800000c4 (0x0000006f)
core   0: 3 0x800000c4 (0x0000006f)
core   0: 3 0x800000c4 (0x0000006f)
core   0: 3 0x800000c4 (0x0000006f)
core   0: 3 0x800000c4 (0x0000006f)
core   0: 3 0x800000c4 (0x0000006f)
core   0: 3 0x800000c4 (0x0000006f)
core   0: 3 0x800000c4 (0x0000006f)
core   0: 3 0x800000c4 (0x0000006f)
core   0: 3 0x800000c4 (0x0000006f)
core   0: 3 0x800000c4 (0x0000006f)
core   0: 3 0x800000c4 (0x0000006f)
core   0: 3 0x800000c4 (0x0000006f)
core   0: 3 0x800000c4 (0x0000006f)
core   0: 3 0x800000c4 (0x0000006f)
core   0: 3 0x800000c4 (0x0000006f)
core   0: 3 0x800000c4 (0x0000006f)
core   0: 3 0x800000c4 (0x0000006f)
core   0: 3 0x800000c4 (0x0000006f)
core   0: 3 0x800000c4 (0x0000006f)
core   0: 3 0x800000c4 (0x0000006f)
core   0: 3 0x800000c4 (0x0000006f)
core   0: 3 0x800000c4 (0x0000006f)
core   0: 3 0x800000c4 (0x0000006f)
core   0: 3 0x800000c4 (0x0000006f)
core   0: 3 0x800000c4 (0x0000006f)
core   0: 3 0x800000c4 (0x0000006f)
core   0: 3 0x800000c4 (0x0000006f)
core   0: 3 0x800000c4 (0x0000006f)
core   0: 3 0x800000c4 (0x0000006f)
core   0: 3 0x800000c4 (0x0000006f)
core   0: 3 0x800000c4 (0x0000006f)
core   0: 3 0x800000c4 (0x0000006f)
core   0: 3 0x800000c4 (0x0000006f)
core   0: 3 0x800000c4 (0x0000006f)
core   0: 3 0x800000c4 (0x0000006f)
core   0: 3 0x800000c4 (0x0000006f)
core   0: 3 0x800000c4 (0x0000006f)
core   0: 3 0x800000c4 (0x0000006f)
core   0: 3 0x800000c4 (0x0000006f)
core   0: 3 0x800000c4 (0x0000006f)
core   0: 3 0x800000c4 (0x0000006f)
core   0: 3 0x800000c4 (0x0000006f)
core   0: 3 0x800000c4 (0x0000006f)
core   0: 3 0x800000c4 (0x0000006f)
core   0: 3 0x800000c4 (0x0000006f)
core   0: 3 0x800000c4 (0x0000006f)
core   0: 3 0x800000c4 (0x0000006f)
core   0: 3 0x800000c4 (0x0000006f)
core   0: 3 0x800000c4 (0x0000006f)
core   0: 3 0x800000c4 (0x0000006f)
core   0: 3 0x800000c4 (0x0000006f)
core   0: 3 0x800000c4 (0x0000006f)
core   0: 3 0x800000c4 (0x0000006f)
core   0: 3 0x800000c4 (0x0000006f)
core   0: 3 0x800000c4 (0x0000006f)
core   0: 3 0x800000c4 (0x0000006f)
core   0: 3 0x800000c4 (0x0000006f)
core   0: 3 0x800000c4 (0x0000006f)
core   0: 3 0x800000c4 (0x0000006f)
core   0: 3 0x800000c4 (0x0000006f)
core   0: 3 0x800000c4 (0x0000006f)
core   0: 3 0x800000c4 (0x0000006f)
core   0: 3 0x800000c4 (0x0000006f)
core   0: 3 0x800000c4 (0x0000006f)
core   0: 3 0x800000c4 (0x0000006f)
core   0: 3 0x800000c4 (0x0000006f)
core   0: 3 0x800000c4 (0x0000006f)
core   0: 3 0x800000c4 (0x0000006f)
core   0: 3 0x800000c4 (0x0000006f)
core   0: 3 0x800000c4 (0x0000006f)
core   0: 3 0x800000c4 (0x0000006f)
core   0: 3 0x800000c4 (0x0000006f)
core   0: 3 0x800000c4 (0x0000006f)
core   0: 3 0x800000c4 (0x0000006f)
core   0: 3 0x800000c4 (0x0000006f)
core   0: 3 0x800000c4 (0x0000006f)
core   0: 3 0x800000c4 (0x0000006f)
core   0: 3 0x800000c4 (0x0000006f)
core   0: 3 0x800000c4 (0x0000006f)
core   0: 3 0x800000c4 (0x0000006f)
core   0: 3 0x800000c4 (0x0000006f)
core   0: 3 0x800000c4 (0x0000006f)
core   0: 3 0x800000c4 (0x0000006f)
core   0: 3 0x800000c4 (0x0000006f)
core   0: 3 0x800000c4 (0x0000006f)
core   0: 3 0x800000c4 (0x0000006f)
core   0: 3 0x800000c4 (0x0000006f)
core   0: 3 0x800000c4 (0x0000006f)
core   0: 3 0x800000c4 (0x0000006f)
core   0: 3 0x800000c4 (0x0000006f)
core   0: 3 0x800000c4 (0x0000006f)
core   0: 3 0x800000c4 (0x0000006f)
core   0: 3 0x800000c4 (0x0000006f)
core   0: 3 0x800000c4 (0x0000006f)
core   0: 3 0x800000c4 (0x0000006f)
core   0: 3 0x800000c4 (0x0000006f)
core   0: 3 0x800000c4 (0x0000006f)
core   0: 3 0x800000c4 (0x0000006f)
core   0: 3 0x800000c4 (0x0000006f)
core   0: 3 0x800000c4 (0x0000006f)
core   0: 3 0x800000c4 (0x0000006f)
core   0: 3 0x800000c4 (0x0000006f)
core   0: 3 0x800000c4 (0x0000006f)
core   0: 3 0x800000c4 (0x0000006f)
core   0: 3 0x800000c4 (0x0000006f)
core   0: 3 0x800000c4 (0x0000006f)
core   0: 3 0x800000c4 (0x0000006f)
core   0: 3 0x800000c4 (0x0000006f)
core   0: 3 0x800000c4 (0x0000006f)
core   0: 3 0x800000c4 (0x0000006f)
core   0: 3 0x800000c4 (0x0000006f)
core   0: 3 0x800000c4 (0x0000006f)
core   0: 3 0x800000c4 (0x0000006f)
core   0: 3 0x800000c4 (0x0000006f)
core   0: 3 0x800000c4 (0x0000006f)
core   0: 3 0x800000c4 (0x0000006f)
core   0: 3 0x800000c4 (0x0000006f)
core   0: 3 0x800000c4 (0x0000006f)
core   0: 3 0x800000c4 (0x0000006f)
core   0: 3 0x800000c4 (0x0000006f)
core   0: 3 0x800000c4 (0x0000006f)
core   0: 3 0x800000c4 (0x0000006f)
core   0: 3 0x800000c4 (0x0000006f)
core   0: 3 0x800000c4 (0x0000006f)
core   0: 3 0x800000c4 (0x0000006f)
core   0: 3 0x800000c4 (0x0000006f)
core   0: 3 0x800000c4 (0x0000006f)
core   0: 3 0x800000c4 (0x0000006f)
core   0: 3 0x800000c4 (0x0000006f)
core   0: 3 0x800000c4 (0x0000006f)
core   0: 3 0x800000c4 (0x0000006f)
core   0: 3 0x800000c4 (0x0000006f)
core   0: 3 0x800000c4 (0x0000006f)
core   0: 3 0x800000c4 (0x0000006f)
core   0: 3 0x800000c4 (0x0000006f)
core   0: 3 0x800000c4 (0x0000006f)
core   0: 3 0x800000c4 (0x0000006f)
core   0: 3 0x800000c4 (0x0000006f)
core   0: 3 0x800000c4 (0x0000006f)
core   0: 3 0x800000c4 (0x0000006f)
core   0: 3 0x800000c4 (0x0000006f)
core   0: 3 0x800000c4 (0x0000006f)
core   0: 3 0x800000c4 (0x0000006f)
core   0: 3 0x800000c4 (0x0000006f)
core   0: 3 0x800000c4 (0x0000006f)
core   0: 3 0x800000c4 (0x0000006f)
core   0: 3 0x800000c4 (0x0000006f)
core   0: 3 0x800000c4 (0x0000006f)
core   0: 3 0x800000c4 (0x0000006f)
core   0: 3 0x800000c4 (0x0000006f)
core   0: 3 0x800000c4 (0x0000006f)
core   0: 3 0x800000c4 (0x0000006f)
core   0: 3 0x800000c4 (0x0000006f)
core   0: 3 0x800000c4 (0x0000006f)
core   0: 3 0x800000c4 (0x0000006f)
core   0: 3 0x800000c4 (0x0000006f)
core   0: 3 0x800000c4 (0x0000006f)
core   0: 3 0x800000c4 (0x0000006f)
core   0: 3 0x800000c4 (0x0000006f)
core   0: 3 0x800000c4 (0x0000006f)
core   0: 3 0x800000c4 (0x0000006f)
core   0: 3 0x800000c4 (0x0000006f)
core   0: 3 0x800000c4 (0x0000006f)
core   0: 3 0x800000c4 (0x0000006f)
core   0: 3 0x800000c4 (0x0000006f)
core   0: 3 0x800000c4 (0x0000006f)
core   0: 3 0x800000c4 (0x0000006f)
core   0: 3 0x800000c4 (0x0000006f)
core   0: 3 0x800000c4 (0x0000006f)
core   0: 3 0x800000c4 (0x0000006f)
core   0: 3 0x800000c4 (0x0000006f)
core   0: 3 0x800000c4 (0x0000006f)
core   0: 3 0x800000c4 (0x0000006f)
core   0: 3 0x800000c4 (0x0000006f)
core   0: 3 0x800000c4 (0x0000006f)
core   0: 3 0x800000c4 (0x0000006f)
core   0: 3 0x800000c4 (0x0000006f)
core   0: 3 0x800000c4 (0x0000006f)
core   0: 3 0x800000c4 (0x0000006f)
core   0: 3 0x800000c4 (0x0000006f)
core   0: 3 0x800000c4 (0x0000006f)
core   0: 3 0x800000c4 (0x0000006f)
core   0: 3 0x800000c4 (0x0000006f)
core   0: 3 0x800000c4 (0x0000006f)
core   0: 3 0x800000c4 (0x0000006f)
core   0: 3 0x800000c4 (0x0000006f)
core   0: 3 0x800000c4 (0x0000006f)
core   0: 3 0x800000c4 (0x0000006f)
core   0: 3 0x800000c4 (0x0000006f)
core   0: 3 0x800000c4 (0x0000006f)
core   0: 3 0x800000c4 (0x0000006f)
core   0: 3 0x800000c4 (0x0000006f)
core   0: 3 0x800000c4 (0x0000006f)
core   0: 3 0x800000c4 (0x0000006f)
core   0: 3 0x800000c4 (0x0000006f)
core   0: 3 0x800000c4 (0x0000006f)
core   0: 3 0x800000c4 (0x0000006f)
core   0: 3 0x800000c4 (0x0000006f)
core   0: 3 0x800000c4 (0x0000006f)
core   0: 3 0x800000c4 (0x0000006f)
core   0: 3 0x800000c4 (0x0000006f)
core   0: 3 0x800000c4 (0x0000006f)
core   0: 3 0x800000c4 (0x0000006f)
core   0: 3 0x800000c4 (0x0000006f)
core   0: 3 0x800000c4 (0x0000006f)
core   0: 3 0x800000c4 (0x0000006f)
core   0: 3 0x800000c4 (0x0000006f)
core   0: 3 0x800000c4 (0x0000006f)
core   0: 3 0x800000c4 (0x0000006f)
core   0: 3 0x800000c4 (0x0000006f)
core   0: 3 0x800000c4 (0x0000006f)
core   0: 3 0x800000c4 (0x0000006f)
core   0: 3 0x800000c4 (0x0000006f)
core   0: 3 0x800000c4 (0x0000006f)
core   0: 3 0x800000c4 (0x0000006f)
core   0: 3 0x800000c4 (0x0000006f)
core   0: 3 0x800000c4 (0x0000006f)
core   0: 3 0x800000c4 (0x0000006f)
core   0: 3 0x800000c4 (0x0000006f)
core   0: 3 0x800000c4 (0x0000006f)
core   0: 3 0x800000c4 (0x0000006f)
core   0: 3 0x800000c4 (0x0000006f)
core   0: 3 0x800000c4 (0x0000006f)
core   0: 3 0x800000c4 (0x0000006f)
core   0: 3 0x800000c4 (0x0000006f)
core   0: 3 0x800000c4 (0x0000006f)
core   0: 3 0x800000c4 (0x0000006f)
core   0: 3 0x800000c4 (0x0000006f)
core   0: 3 0x800000c4 (0x0000006f)
core   0: 3 0x800000c4 (0x0000006f)
core   0: 3 0x800000c4 (0x0000006f)
core   0: 3 0x800000c4 (0x0000006f)
core   0: 3 0x800000c4 (0x0000006f)
core   0: 3 0x800000c4 (0x0000006f)
core   0: 3 0x800000c4 (0x0000006f)
core   0: 3 0x800000c4 (0x0000006f)
core   0: 3 0x800000c4 (0x0000006f)
core   0: 3 0x800000c4 (0x0000006f)
core   0: 3 0x800000c4 (0x0000006f)
core   0: 3 0x800000c4 (0x0000006f)
core   0: 3 0x800000c4 (0x0000006f)
core   0: 3 0x800000c4 (0x0000006f)
core   0: 3 0x800000c4 (0x0000006f)
core   0: 3 0x800000c4 (0x0000006f)
core   0: 3 0x800000c4 (0x0000006f)
core   0: 3 0x800000c4 (0x0000006f)
core   0: 3 0x800000c4 (0x0000006f)
core   0: 3 0x800000c4 (0x0000006f)
core   0: 3 0x800000c4 (0x0000006f)
core   0: 3 0x800000c4 (0x0000006f)
core   0: 3 0x800000c4 (0x0000006f)
core   0: 3 0x800000c4 (0x0000006f)
core   0: 3 0x800000c4 (0x0000006f)
core   0: 3 0x800000c4 (0x0000006f)
core   0: 3 0x800000c4 (0x0000006f)
core   0: 3 0x800000c4 (0x0000006f)
core   0: 3 0x800000c4 (0x0000006f)
core   0: 3 0x800000c4 (0x0000006f)
core   0: 3 0x800000c4 (0x0000006f)
core   0: 3 0x800000c4 (0x0000006f)
core   0: 3 0x800000c4 (0x0000006f)
core   0: 3 0x800000c4 (0x0000006f)
core   0: 3 0x800000c4 (0x0000006f)
core   0: 3 0x800000c4 (0x0000006f)
core   0: 3 0x800000c4 (0x0000006f)
core   0: 3 0x800000c4 (0x0000006f)
core   0: 3 0x800000c4 (0x0000006f)
core   0: 3 0x800000c4 (0x0000006f)
core   0: 3 0x800000c4 (0x0000006f)
core   0: 3 0x800000c4 (0x0000006f)
core   0: 3 0x800000c4 (0x0000006f)
core   0: 3 0x800000c4 (0x0000006f)
core   0: 3 0x800000c4 (0x0000006f)
core   0: 3 0x800000c4 (0x0000006f)
core   0: 3 0x800000c4 (0x0000006f)
core   0: 3 0x800000c4 (0x0000006f)
core   0: 3 0x800000c4 (0x0000006f)
core   0: 3 0x800000c4 (0x0000006f)
core   0: 3 0x800000c4 (0x0000006f)
core   0: 3 0x800000c4 (0x0000006f)
core   0: 3 0x800000c4 (0x0000006f)
core   0: 3 0x800000c4 (0x0000006f)
core   0: 3 0x800000c4 (0x0000006f)
core   0: 3 0x800000c4 (0x0000006f)
core   0: 3 0x800000c4 (0x0000006f)
core   0: 3 0x800000c4 (0x0000006f)
core   0: 3 0x800000c4 (0x0000006f)
core   0: 3 0x800000c4 (0x0000006f)
core   0: 3 0x800000c4 (0x0000006f)
core   0: 3 0x800000c4 (0x0000006f)
core   0: 3 0x800000c4 (0x0000006f)
core   0: 3 0x800000c4 (0x0000006f)
core   0: 3 0x800000c4 (0x0000006f)
core   0: 3 0x800000c4 (0x0000006f)
core   0: 3 0x800000c4 (0x0000006f)
core   0: 3 0x800000c4 (0x0000006f)
core   0: 3 0x800000c4 (0x0000006f)
core   0: 3 0x800000c4 (0x0000006f)
core   0: 3 0x800000c4 (0x0000006f)
core   0: 3 0x800000c4 (0x0000006f)
core   0: 3 0x800000c4 (0x0000006f)
core   0: 3 0x800000c4 (0x0000006f)
core   0: 3 0x800000c4 (0x0000006f)
core   0: 3 0x800000c4 (0x0000006f)
core   0: 3 0x800000c4 (0x0000006f)
core   0: 3 0x800000c4 (0x0000006f)
core   0: 3 0x800000c4 (0x0000006f)
core   0: 3 0x800000c4 (0x0000006f)
core   0: 3 0x800000c4 (0x0000006f)
core   0: 3 0x800000c4 (0x0000006f)
core   0: 3 0x800000c4 (0x0000006f)
core   0: 3 0x800000c4 (0x0000006f)
core   0: 3 0x800000c4 (0x0000006f)
core   0: 3 0x800000c4 (0x0000006f)
core   0: 3 0x800000c4 (0x0000006f)
core   0: 3 0x800000c4 (0x0000006f)
core   0: 3 0x800000c4 (0x0000006f)
core   0: 3 0x800000c4 (0x0000006f)
core   0: 3 0x800000c4 (0x0000006f)
core   0: 3 0x800000c4 (0x0000006f)
core   0: 3 0x800000c4 (0x0000006f)
core   0: 3 0x800000c4 (0x0000006f)
core   0: 3 0x800000c4 (0x0000006f)
core   0: 3 0x800000c4 (0x0000006f)
core   0: 3 0x800000c4 (0x0000006f)
core   0: 3 0x800000c4 (0x0000006f)
core   0: 3 0x800000c4 (0x0000006f)
core   0: 3 0x800000c4 (0x0000006f)
core   0: 3 0x800000c4 (0x0000006f)
core   0: 3 0x800000c4 (0x0000006f)
core   0: 3 0x800000c4 (0x0000006f)
core   0: 3 0x800000c4 (0x0000006f)
core   0: 3 0x800000c4 (0x0000006f)
core   0: 3 0x800000c4 (0x0000006f)
core   0: 3 0x800000c4 (0x0000006f)
core   0: 3 0x800000c4 (0x0000006f)
core   0: 3 0x800000c4 (0x0000006f)
core   0: 3 0x800000c4 (0x0000006f)
core   0: 3 0x800000c4 (0x0000006f)
core   0: 3 0x800000c4 (0x0000006f)
core   0: 3 0x800000c4 (0x0000006f)
core   0: 3 0x800000c4 (0x0000006f)
core   0: 3 0x800000c4 (0x0000006f)
core   0: 3 0x800000c4 (0x0000006f)
core   0: 3 0x800000c4 (0x0000006f)
core   0: 3 0x800000c4 (0x0000006f)
core   0: 3 0x800000c4 (0x0000006f)
core   0: 3 0x800000c4 (0x0000006f)
core   0: 3 0x800000c4 (0x0000006f)
core   0: 3 0x800000c4 (0x0000006f)
core   0: 3 0x800000c4 (0x0000006f)
core   0: 3 0x800000c4 (0x0000006f)
core   0: 3 0x800000c4 (0x0000006f)
core   0: 3 0x800000c4 (0x0000006f)
core   0: 3 0x800000c4 (0x0000006f)
core   0: 3 0x800000c4 (0x0000006f)
core   0: 3 0x800000c4 (0x0000006f)
core   0: 3 0x800000c4 (0x0000006f)
core   0: 3 0x800000c4 (0x0000006f)
core   0: 3 0x800000c4 (0x0000006f)
core   0: 3 0x800000c4 (0x0000006f)
core   0: 3 0x800000c4 (0x0000006f)
core   0: 3 0x800000c4 (0x0000006f)
core   0: 3 0x800000c4 (0x0000006f)
core   0: 3 0x800000c4 (0x0000006f)
core   0: 3 0x800000c4 (0x0000006f)
core   0: 3 0x800000c4 (0x0000006f)
core   0: 3 0x800000c4 (0x0000006f)
core   0: 3 0x800000c4 (0x0000006f)
core   0: 3 0x800000c4 (0x0000006f)
core   0: 3 0x800000c4 (0x0000006f)
core   0: 3 0x800000c4 (0x0000006f)
core   0: 3 0x800000c4 (0x0000006f)
core   0: 3 0x800000c4 (0x0000006f)
core   0: 3 0x800000c4 (0x0000006f)
core   0: 3 0x800000c4 (0x0000006f)
core   0: 3 0x800000c4 (0x0000006f)
core   0: 3 0x800000c4 (0x0000006f)
core   0: 3 0x800000c4 (0x0000006f)
core   0: 3 0x800000c4 (0x0000006f)
core   0: 3 0x800000c4 (0x0000006f)
core   0: 3 0x800000c4 (0x0000006f)
core   0: 3 0x800000c4 (0x0000006f)
core   0: 3 0x800000c4 (0x0000006f)
core   0: 3 0x800000c4 (0x0000006f)
core   0: 3 0x800000c4 (0x0000006f)
core   0: 3 0x800000c4 (0x0000006f)
core   0: 3 0x800000c4 (0x0000006f)
core   0: 3 0x800000c4 (0x0000006f)
core   0: 3 0x800000c4 (0x0000006f)
core   0: 3 0x800000c4 (0x0000006f)
core   0: 3 0x800000c4 (0x0000006f)
core   0: 3 0x800000c4 (0x0000006f)
core   0: 3 0x800000c4 (0x0000006f)
core   0: 3 0x800000c4 (0x0000006f)
core   0: 3 0x800000c4 (0x0000006f)
core   0: 3 0x800000c4 (0x0000006f)
core   0: 3 0x800000c4 (0x0000006f)
core   0: 3 0x800000c4 (0x0000006f)
core   0: 3 0x800000c4 (0x0000006f)
core   0: 3 0x800000c4 (0x0000006f)
core   0: 3 0x800000c4 (0x0000006f)
core   0: 3 0x800000c4 (0x0000006f)
core   0: 3 0x800000c4 (0x0000006f)
core   0: 3 0x800000c4 (0x0000006f)
core   0: 3 0x800000c4 (0x0000006f)
core   0: 3 0x800000c4 (0x0000006f)
core   0: 3 0x800000c4 (0x0000006f)
core   0: 3 0x800000c4 (0x0000006f)
core   0: 3 0x800000c4 (0x0000006f)
core   0: 3 0x800000c4 (0x0000006f)
core   0: 3 0x800000c4 (0x0000006f)
core   0: 3 0x800000c4 (0x0000006f)
core   0: 3 0x800000c4 (0x0000006f)
core   0: 3 0x800000c4 (0x0000006f)
core   0: 3 0x800000c4 (0x0000006f)
core   0: 3 0x800000c4 (0x0000006f)
core   0: 3 0x800000c4 (0x0000006f)
core   0: 3 0x800000c4 (0x0000006f)
core   0: 3 0x800000c4 (0x0000006f)
core   0: 3 0x800000c4 (0x0000006f)
core   0: 3 0x800000c4 (0x0000006f)
core   0: 3 0x800000c4 (0x0000006f)
core   0: 3 0x800000c4 (0x0000006f)
core   0: 3 0x800000c4 (0x0000006f)
core   0: 3 0x800000c4 (0x0000006f)
core   0: 3 0x800000c4 (0x0000006f)
core   0: 3 0x800000c4 (0x0000006f)
core   0: 3 0x800000c4 (0x0000006f)
core   0: 3 0x800000c4 (0x0000006f)
core   0: 3 0x800000c4 (0x0000006f)
core   0: 3 0x800000c4 (0x0000006f)
core   0: 3 0x800000c4 (0x0000006f)
core   0: 3 0x800000c4 (0x0000006f)
core   0: 3 0x800000c4 (0x0000006f)
core   0: 3 0x800000c4 (0x0000006f)
core   0: 3 0x800000c4 (0x0000006f)
core   0: 3 0x800000c4 (0x0000006f)
core   0: 3 0x800000c4 (0x0000006f)
core   0: 3 0x800000c4 (0x0000006f)
core   0: 3 0x800000c4 (0x0000006f)
core   0: 3 0x800000c4 (0x0000006f)
core   0: 3 0x800000c4 (0x0000006f)
core   0: 3 0x800000c4 (0x0000006f)
core   0: 3 0x800000c4 (0x0000006f)
core   0: 3 0x800000c4 (0x0000006f)
core   0: 3 0x800000c4 (0x0000006f)
core   0: 3 0x800000c4 (0x0000006f)
core   0: 3 0x800000c4 (0x0000006f)
core   0: 3 0x800000c4 (0x0000006f)
core   0: 3 0x800000c4 (0x0000006f)
core   0: 3 0x800000c4 (0x0000006f)
core   0: 3 0x800000c4 (0x0000006f)
core   0: 3 0x800000c4 (0x0000006f)
core   0: 3 0x800000c4 (0x0000006f)
core   0: 3 0x800000c4 (0x0000006f)
core   0: 3 0x800000c4 (0x0000006f)
core   0: 3 0x800000c4 (0x0000006f)
core   0: 3 0x800000c4 (0x0000006f)
core   0: 3 0x800000c4 (0x0000006f)
core   0: 3 0x800000c4 (0x0000006f)
core   0: 3 0x800000c4 (0x0000006f)
core   0: 3 0x800000c4 (0x0000006f)
core   0: 3 0x800000c4 (0x0000006f)
core   0: 3 0x800000c4 (0x0000006f)
core   0: 3 0x800000c4 (0x0000006f)
core   0: 3 0x800000c4 (0x0000006f)
core   0: 3 0x800000c4 (0x0000006f)
core   0: 3 0x800000c4 (0x0000006f)
core   0: 3 0x800000c4 (0x0000006f)
core   0: 3 0x800000c4 (0x0000006f)
core   0: 3 0x800000c4 (0x0000006f)
core   0: 3 0x800000c4 (0x0000006f)
core   0: 3 0x800000c4 (0x0000006f)
core   0: 3 0x800000c4 (0x0000006f)
core   0: 3 0x800000c4 (0x0000006f)
core   0: 3 0x800000c4 (0x0000006f)
core   0: 3 0x800000c4 (0x0000006f)
core   0: 3 0x800000c4 (0x0000006f)
core   0: 3 0x800000c4 (0x0000006f)
core   0: 3 0x800000c4 (0x0000006f)
core   0: 3 0x800000c4 (0x0000006f)
core   0: 3 0x800000c4 (0x0000006f)
core   0: 3 0x800000c4 (0x0000006f)
core   0: 3 0x800000c4 (0x0000006f)
core   0: 3 0x800000c4 (0x0000006f)
core   0: 3 0x800000c4 (0x0000006f)
core   0: 3 0x800000c4 (0x0000006f)
core   0: 3 0x800000c4 (0x0000006f)
core   0: 3 0x800000c4 (0x0000006f)
core   0: 3 0x800000c4 (0x0000006f)
core   0: 3 0x800000c4 (0x0000006f)
core   0: 3 0x800000c4 (0x0000006f)
core   0: 3 0x800000c4 (0x0000006f)
core   0: 3 0x800000c4 (0x0000006f)
core   0: 3 0x800000c4 (0x0000006f)
core   0: 3 0x800000c4 (0x0000006f)
core   0: 3 0x800000c4 (0x0000006f)
core   0: 3 0x800000c4 (0x0000006f)
core   0: 3 0x800000c4 (0x0000006f)
core   0: 3 0x800000c4 (0x0000006f)
core   0: 3 0x800000c4 (0x0000006f)
core   0: 3 0x800000c4 (0x0000006f)
core   0: 3 0x800000c4 (0x0000006f)
core   0: 3 0x800000c4 (0x0000006f)
core   0: 3 0x800000c4 (0x0000006f)
core   0: 3 0x800000c4 (0x0000006f)
core   0: 3 0x800000c4 (0x0000006f)
core   0: 3 0x800000c4 (0x0000006f)
core   0: 3 0x800000c4 (0x0000006f)
core   0: 3 0x800000c4 (0x0000006f)
core   0: 3 0x800000c4 (0x0000006f)
core   0: 3 0x800000c4 (0x0000006f)
core   0: 3 0x800000c4 (0x0000006f)
core   0: 3 0x800000c4 (0x0000006f)
core   0: 3 0x800000c4 (0x0000006f)
core   0: 3 0x800000c4 (0x0000006f)
core   0: 3 0x800000c4 (0x0000006f)
core   0: 3 0x800000c4 (0x0000006f)
core   0: 3 0x800000c4 (0x0000006f)
core   0: 3 0x800000c4 (0x0000006f)
core   0: 3 0x800000c4 (0x0000006f)
core   0: 3 0x800000c4 (0x0000006f)
core   0: 3 0x800000c4 (0x0000006f)
core   0: 3 0x800000c4 (0x0000006f)
core   0: 3 0x800000c4 (0x0000006f)
core   0: 3 0x800000c4 (0x0000006f)
core   0: 3 0x800000c4 (0x0000006f)
core   0: 3 0x800000c4 (0x0000006f)
core   0: 3 0x800000c4 (0x0000006f)
core   0: 3 0x800000c4 (0x0000006f)
core   0: 3 0x800000c4 (0x0000006f)
core   0: 3 0x800000c4 (0x0000006f)
core   0: 3 0x800000c4 (0x0000006f)
core   0: 3 0x800000c4 (0x0000006f)
core   0: 3 0x800000c4 (0x0000006f)
core   0: 3 0x800000c4 (0x0000006f)
core   0: 3 0x800000c4 (0x0000006f)
core   0: 3 0x800000c4 (0x0000006f)
core   0: 3 0x800000c4 (0x0000006f)
core   0: 3 0x800000c4 (0x0000006f)
core   0: 3 0x800000c4 (0x0000006f)
core   0: 3 0x800000c4 (0x0000006f)
core   0: 3 0x800000c4 (0x0000006f)
core   0: 3 0x800000c4 (0x0000006f)
core   0: 3 0x800000c4 (0x0000006f)
core   0: 3 0x800000c4 (0x0000006f)
core   0: 3 0x800000c4 (0x0000006f)
core   0: 3 0x800000c4 (0x0000006f)
core   0: 3 0x800000c4 (0x0000006f)
core   0: 3 0x800000c4 (0x0000006f)
core   0: 3 0x800000c4 (0x0000006f)
core   0: 3 0x800000c4 (0x0000006f)
core   0: 3 0x800000c4 (0x0000006f)
core   0: 3 0x800000c4 (0x0000006f)
core   0: 3 0x800000c4 (0x0000006f)
core   0: 3 0x800000c4 (0x0000006f)
core   0: 3 0x800000c4 (0x0000006f)
core   0: 3 0x800000c4 (0x0000006f)
core   0: 3 0x800000c4 (0x0000006f)
core   0: 3 0x800000c4 (0x0000006f)
core   0: 3 0x800000c4 (0x0000006f)
core   0: 3 0x800000c4 (0x0000006f)
core   0: 3 0x800000c4 (0x0000006f)
core   0: 3 0x800000c4 (0x0000006f)
core   0: 3 0x800000c4 (0x0000006f)
core   0: 3 0x800000c4 (0x0000006f)
core   0: 3 0x800000c4 (0x0000006f)
core   0: 3 0x800000c4 (0x0000006f)
core   0: 3 0x800000c4 (0x0000006f)
core   0: 3 0x800000c4 (0x0000006f)
core   0: 3 0x800000c4 (0x0000006f)
core   0: 3 0x800000c4 (0x0000006f)
core   0: 3 0x800000c4 (0x0000006f)
core   0: 3 0x800000c4 (0x0000006f)
core   0: 3 0x800000c4 (0x0000006f)
core   0: 3 0x800000c4 (0x0000006f)
core   0: 3 0x800000c4 (0x0000006f)
core   0: 3 0x800000c4 (0x0000006f)
core   0: 3 0x800000c4 (0x0000006f)
core   0: 3 0x800000c4 (0x0000006f)
core   0: 3 0x800000c4 (0x0000006f)
core   0: 3 0x800000c4 (0x0000006f)
core   0: 3 0x800000c4 (0x0000006f)
core   0: 3 0x800000c4 (0x0000006f)
core   0: 3 0x800000c4 (0x0000006f)
core   0: 3 0x800000c4 (0x0000006f)
core   0: 3 0x800000c4 (0x0000006f)
core   0: 3 0x800000c4 (0x0000006f)
core   0: 3 0x800000c4 (0x0000006f)
core   0: 3 0x800000c4 (0x0000006f)
core   0: 3 0x800000c4 (0x0000006f)
core   0: 3 0x800000c4 (0x0000006f)
core   0: 3 0x800000c4 (0x0000006f)
core   0: 3 0x800000c4 (0x0000006f)
core   0: 3 0x800000c4 (0x0000006f)
core   0: 3 0x800000c4 (0x0000006f)
core   0: 3 0x800000c4 (0x0000006f)
core   0: 3 0x800000c4 (0x0000006f)
core   0: 3 0x800000c4 (0x0000006f)
core   0: 3 0x800000c4 (0x0000006f)
core   0: 3 0x800000c4 (0x0000006f)
core   0: 3 0x800000c4 (0x0000006f)
core   0: 3 0x800000c4 (0x0000006f)
core   0: 3 0x800000c4 (0x0000006f)
core   0: 3 0x800000c4 (0x0000006f)
core   0: 3 0x800000c4 (0x0000006f)
core   0: 3 0x800000c4 (0x0000006f)
core   0: 3 0x800000c4 (0x0000006f)
core   0: 3 0x800000c4 (0x0000006f)
core   0: 3 0x800000c4 (0x0000006f)
core   0: 3 0x800000c4 (0x0000006f)
core   0: 3 0x800000c4 (0x0000006f)
core   0: 3 0x800000c4 (0x0000006f)
core   0: 3 0x800000c4 (0x0000006f)
core   0: 3 0x800000c4 (0x0000006f)
core   0: 3 0x800000c4 (0x0000006f)
core   0: 3 0x800000c4 (0x0000006f)
core   0: 3 0x800000c4 (0x0000006f)
core   0: 3 0x800000c4 (0x0000006f)
core   0: 3 0x800000c4 (0x0000006f)
core   0: 3 0x800000c4 (0x0000006f)
core   0: 3 0x800000c4 (0x0000006f)
core   0: 3 0x800000c4 (0x0000006f)
core   0: 3 0x800000c4 (0x0000006f)
core   0: 3 0x800000c4 (0x0000006f)
core   0: 3 0x800000c4 (0x0000006f)
core   0: 3 0x800000c4 (0x0000006f)
core   0: 3 0x800000c4 (0x0000006f)
core   0: 3 0x800000c4 (0x0000006f)
core   0: 3 0x800000c4 (0x0000006f)
core   0: 3 0x800000c4 (0x0000006f)
core   0: 3 0x800000c4 (0x0000006f)
core   0: 3 0x800000c4 (0x0000006f)
core   0: 3 0x800000c4 (0x0000006f)
core   0: 3 0x800000c4 (0x0000006f)
core   0: 3 0x800000c4 (0x0000006f)
core   0: 3 0x800000c4 (0x0000006f)
core   0: 3 0x800000c4 (0x0000006f)
core   0: 3 0x800000c4 (0x0000006f)
core   0: 3 0x800000c4 (0x0000006f)
core   0: 3 0x800000c4 (0x0000006f)
core   0: 3 0x800000c4 (0x0000006f)
core   0: 3 0x800000c4 (0x0000006f)
core   0: 3 0x800000c4 (0x0000006f)
core   0: 3 0x800000c4 (0x0000006f)
core   0: 3 0x800000c4 (0x0000006f)
core   0: 3 0x800000c4 (0x0000006f)
core   0: 3 0x800000c4 (0x0000006f)
core   0: 3 0x800000c4 (0x0000006f)
core   0: 3 0x800000c4 (0x0000006f)
core   0: 3 0x800000c4 (0x0000006f)
core   0: 3 0x800000c4 (0x0000006f)
core   0: 3 0x800000c4 (0x0000006f)
core   0: 3 0x800000c4 (0x0000006f)
core   0: 3 0x800000c4 (0x0000006f)
core   0: 3 0x800000c4 (0x0000006f)
core   0: 3 0x800000c4 (0x0000006f)
core   0: 3 0x800000c4 (0x0000006f)
core   0: 3 0x800000c4 (0x0000006f)
core   0: 3 0x800000c4 (0x0000006f)
core   0: 3 0x800000c4 (0x0000006f)
core   0: 3 0x800000c4 (0x0000006f)
core   0: 3 0x800000c4 (0x0000006f)
core   0: 3 0x800000c4 (0x0000006f)
core   0: 3 0x800000c4 (0x0000006f)
core   0: 3 0x800000c4 (0x0000006f)
core   0: 3 0x800000c4 (0x0000006f)
core   0: 3 0x800000c4 (0x0000006f)
core   0: 3 0x800000c4 (0x0000006f)
core   0: 3 0x800000c4 (0x0000006f)
core   0: 3 0x800000c4 (0x0000006f)
core   0: 3 0x800000c4 (0x0000006f)
core   0: 3 0x800000c4 (0x0000006f)
core   0: 3 0x800000c4 (0x0000006f)
core   0: 3 0x800000c4 (0x0000006f)
core   0: 3 0x800000c4 (0x0000006f)
core   0: 3 0x800000c4 (0x0000006f)
core   0: 3 0x800000c4 (0x0000006f)
core   0: 3 0x800000c4 (0x0000006f)
core   0: 3 0x800000c4 (0x0000006f)
core   0: 3 0x800000c4 (0x0000006f)
core   0: 3 0x800000c4 (0x0000006f)
core   0: 3 0x800000c4 (0x0000006f)
core   0: 3 0x800000c4 (0x0000006f)
core   0: 3 0x800000c4 (0x0000006f)
core   0: 3 0x800000c4 (0x0000006f)
core   0: 3 0x800000c4 (0x0000006f)
core   0: 3 0x800000c4 (0x0000006f)
core   0: 3 0x800000c4 (0x0000006f)
core   0: 3 0x800000c4 (0x0000006f)
core   0: 3 0x800000c4 (0x0000006f)
core   0: 3 0x800000c4 (0x0000006f)
core   0: 3 0x800000c4 (0x0000006f)
core   0: 3 0x800000c4 (0x0000006f)
core   0: 3 0x800000c4 (0x0000006f)
core   0: 3 0x800000c4 (0x0000006f)
core   0: 3 0x800000c4 (0x0000006f)
core   0: 3 0x800000c4 (0x0000006f)
core   0: 3 0x800000c4 (0x0000006f)
core   0: 3 0x800000c4 (0x0000006f)
core   0: 3 0x800000c4 (0x0000006f)
core   0: 3 0x800000c4 (0x0000006f)
core   0: 3 0x800000c4 (0x0000006f)
core   0: 3 0x800000c4 (0x0000006f)
core   0: 3 0x800000c4 (0x0000006f)
core   0: 3 0x800000c4 (0x0000006f)
core   0: 3 0x800000c4 (0x0000006f)
core   0: 3 0x800000c4 (0x0000006f)
core   0: 3 0x800000c4 (0x0000006f)
core   0: 3 0x800000c4 (0x0000006f)
core   0: 3 0x800000c4 (0x0000006f)
core   0: 3 0x800000c4 (0x0000006f)
core   0: 3 0x800000c4 (0x0000006f)
core   0: 3 0x800000c4 (0x0000006f)
core   0: 3 0x800000c4 (0x0000006f)
core   0: 3 0x800000c4 (0x0000006f)
core   0: 3 0x800000c4 (0x0000006f)
core   0: 3 0x800000c4 (0x0000006f)
core   0: 3 0x800000c4 (0x0000006f)
core   0: 3 0x800000c4 (0x0000006f)
core   0: 3 0x800000c4 (0x0000006f)
core   0: 3 0x800000c4 (0x0000006f)
core   0: 3 0x800000c4 (0x0000006f)
core   0: 3 0x800000c4 (0x0000006f)
core   0: 3 0x800000c4 (0x0000006f)
core   0: 3 0x800000c4 (0x0000006f)
core   0: 3 0x800000c4 (0x0000006f)
core   0: 3 0x800000c4 (0x0000006f)
core   0: 3 0x800000c4 (0x0000006f)
core   0: 3 0x800000c4 (0x0000006f)
core   0: 3 0x800000c4 (0x0000006f)
core   0: 3 0x800000c4 (0x0000006f)
core   0: 3 0x800000c4 (0x0000006f)
core   0: 3 0x800000c4 (0x0000006f)
core   0: 3 0x800000c4 (0x0000006f)
core   0: 3 0x800000c4 (0x0000006f)
core   0: 3 0x800000c4 (0x0000006f)
core   0: 3 0x800000c4 (0x0000006f)
core   0: 3 0x800000c4 (0x0000006f)
core   0: 3 0x800000c4 (0x0000006f)
core   0: 3 0x800000c4 (0x0000006f)
core   0: 3 0x800000c4 (0x0000006f)
core   0: 3 0x800000c4 (0x0000006f)
core   0: 3 0x800000c4 (0x0000006f)
core   0: 3 0x800000c4 (0x0000006f)
core   0: 3 0x800000c4 (0x0000006f)
core   0: 3 0x800000c4 (0x0000006f)
core   0: 3 0x800000c4 (0x0000006f)
core   0: 3 0x800000c4 (0x0000006f)
core   0: 3 0x800000c4 (0x0000006f)
core   0: 3 0x800000c4 (0x0000006f)
core   0: 3 0x800000c4 (0x0000006f)
core   0: 3 0x800000c4 (0x0000006f)
core   0: 3 0x800000c4 (0x0000006f)
core   0: 3 0x800000c4 (0x0000006f)
core   0: 3 0x800000c4 (0x0000006f)
core   0: 3 0x800000c4 (0x0000006f)
core   0: 3 0x800000c4 (0x0000006f)
core   0: 3 0x800000c4 (0x0000006f)
core   0: 3 0x800000c4 (0x0000006f)
core   0: 3 0x800000c4 (0x0000006f)
core   0: 3 0x800000c4 (0x0000006f)
core   0: 3 0x800000c4 (0x0000006f)
core   0: 3 0x800000c4 (0x0000006f)
core   0: 3 0x800000c4 (0x0000006f)
core   0: 3 0x800000c4 (0x0000006f)
core   0: 3 0x800000c4 (0x0000006f)
core   0: 3 0x800000c4 (0x0000006f)
core   0: 3 0x800000c4 (0x0000006f)
core   0: 3 0x800000c4 (0x0000006f)
core   0: 3 0x800000c4 (0x0000006f)
core   0: 3 0x800000c4 (0x0000006f)
core   0: 3 0x800000c4 (0x0000006f)
core   0: 3 0x800000c4 (0x0000006f)
core   0: 3 0x800000c4 (0x0000006f)
core   0: 3 0x800000c4 (0x0000006f)
core   0: 3 0x800000c4 (0x0000006f)
core   0: 3 0x800000c4 (0x0000006f)
core   0: 3 0x800000c4 (0x0000006f)
core   0: 3 0x800000c4 (0x0000006f)
core   0: 3 0x800000c4 (0x0000006f)
core   0: 3 0x800000c4 (0x0000006f)
core   0: 3 0x800000c4 (0x0000006f)
core   0: 3 0x800000c4 (0x0000006f)
core   0: 3 0x800000c4 (0x0000006f)
core   0: 3 0x800000c4 (0x0000006f)
core   0: 3 0x800000c4 (0x0000006f)
core   0: 3 0x800000c4 (0x0000006f)
core   0: 3 0x800000c4 (0x0000006f)
core   0: 3 0x800000c4 (0x0000006f)
core   0: 3 0x800000c4 (0x0000006f)
core   0: 3 0x800000c4 (0x0000006f)
core   0: 3 0x800000c4 (0x0000006f)
core   0: 3 0x800000c4 (0x0000006f)
core   0: 3 0x800000c4 (0x0000006f)
core   0: 3 0x800000c4 (0x0000006f)
core   0: 3 0x800000c4 (0x0000006f)
core   0: 3 0x800000c4 (0x0000006f)
core   0: 3 0x800000c4 (0x0000006f)
core   0: 3 0x800000c4 (0x0000006f)
core   0: 3 0x800000c4 (0x0000006f)
core   0: 3 0x800000c4 (0x0000006f)
core   0: 3 0x800000c4 (0x0000006f)
core   0: 3 0x800000c4 (0x0000006f)
core   0: 3 0x800000c4 (0x0000006f)
core   0: 3 0x800000c4 (0x0000006f)
core   0: 3 0x800000c4 (0x0000006f)
core   0: 3 0x800000c4 (0x0000006f)
core   0: 3 0x800000c4 (0x0000006f)
core   0: 3 0x800000c4 (0x0000006f)
core   0: 3 0x800000c4 (0x0000006f)
core   0: 3 0x800000c4 (0x0000006f)
core   0: 3 0x800000c4 (0x0000006f)
core   0: 3 0x800000c4 (0x0000006f)
core   0: 3 0x800000c4 (0x0000006f)
core   0: 3 0x800000c4 (0x0000006f)
core   0: 3 0x800000c4 (0x0000006f)
core   0: 3 0x800000c4 (0x0000006f)
core   0: 3 0x800000c4 (0x0000006f)
core   0: 3 0x800000c4 (0x0000006f)
core   0: 3 0x800000c4 (0x0000006f)
core   0: 3 0x800000c4 (0x0000006f)
core   0: 3 0x800000c4 (0x0000006f)
core   0: 3 0x800000c4 (0x0000006f)
core   0: 3 0x800000c4 (0x0000006f)
core   0: 3 0x800000c4 (0x0000006f)
core   0: 3 0x800000c4 (0x0000006f)
core   0: 3 0x800000c4 (0x0000006f)
core   0: 3 0x800000c4 (0x0000006f)
core   0: 3 0x800000c4 (0x0000006f)
core   0: 3 0x800000c4 (0x0000006f)
core   0: 3 0x800000c4 (0x0000006f)
core   0: 3 0x800000c4 (0x0000006f)
core   0: 3 0x800000c4 (0x0000006f)
core   0: 3 0x800000c4 (0x0000006f)
core   0: 3 0x800000c4 (0x0000006f)
core   0: 3 0x800000c4 (0x0000006f)
core   0: 3 0x800000c4 (0x0000006f)
core   0: 3 0x800000c4 (0x0000006f)
core   0: 3 0x800000c4 (0x0000006f)
core   0: 3 0x800000c4 (0x0000006f)
core   0: 3 0x800000c4 (0x0000006f)
core   0: 3 0x800000c4 (0x0000006f)
core   0: 3 0x800000c4 (0x0000006f)
core   0: 3 0x800000c4 (0x0000006f)
core   0: 3 0x800000c4 (0x0000006f)
core   0: 3 0x800000c4 (0x0000006f)
core   0: 3 0x800000c4 (0x0000006f)
core   0: 3 0x800000c4 (0x0000006f)
core   0: 3 0x800000c4 (0x0000006f)
core   0: 3 0x800000c4 (0x0000006f)
core   0: 3 0x800000c4 (0x0000006f)
core   0: 3 0x800000c4 (0x0000006f)
core   0: 3 0x800000c4 (0x0000006f)
core   0: 3 0x800000c4 (0x0000006f)
core   0: 3 0x800000c4 (0x0000006f)
core   0: 3 0x800000c4 (0x0000006f)
core   0: 3 0x800000c4 (0x0000006f)
core   0: 3 0x800000c4 (0x0000006f)
core   0: 3 0x800000c4 (0x0000006f)
core   0: 3 0x800000c4 (0x0000006f)
core   0: 3 0x800000c4 (0x0000006f)
core   0: 3 0x800000c4 (0x0000006f)
core   0: 3 0x800000c4 (0x0000006f)
core   0: 3 0x800000c4 (0x0000006f)
core   0: 3 0x800000c4 (0x0000006f)
core   0: 3 0x800000c4 (0x0000006f)
core   0: 3 0x800000c4 (0x0000006f)
core   0: 3 0x800000c4 (0x0000006f)
core   0: 3 0x800000c4 (0x0000006f)
core   0: 3 0x800000c4 (0x0000006f)
core   0: 3 0x800000c4 (0x0000006f)
core   0: 3 0x800000c4 (0x0000006f)
core   0: 3 0x800000c4 (0x0000006f)
core   0: 3 0x800000c4 (0x0000006f)
core   0: 3 0x800000c4 (0x0000006f)
core   0: 3 0x800000c4 (0x0000006f)
core   0: 3 0x800000c4 (0x0000006f)
core   0: 3 0x800000c4 (0x0000006f)
core   0: 3 0x800000c4 (0x0000006f)
core   0: 3 0x800000c4 (0x0000006f)
core   0: 3 0x800000c4 (0x0000006f)
core   0: 3 0x800000c4 (0x0000006f)
core   0: 3 0x800000c4 (0x0000006f)
core   0: 3 0x800000c4 (0x0000006f)
core   0: 3 0x800000c4 (0x0000006f)
core   0: 3 0x800000c4 (0x0000006f)
core   0: 3 0x800000c4 (0x0000006f)
core   0: 3 0x800000c4 (0x0000006f)
core   0: 3 0x800000c4 (0x0000006f)
core   0: 3 0x800000c4 (0x0000006f)
core   0: 3 0x800000c4 (0x0000006f)
core   0: 3 0x800000c4 (0x0000006f)
core   0: 3 0x800000c4 (0x0000006f)
core   0: 3 0x800000c4 (0x0000006f)
core   0: 3 0x800000c4 (0x0000006f)
core   0: 3 0x800000c4 (0x0000006f)
core   0: 3 0x800000c4 (0x0000006f)
core   0: 3 0x800000c4 (0x0000006f)
core   0: 3 0x800000c4 (0x0000006f)
core   0: 3 0x800000c4 (0x0000006f)
core   0: 3 0x800000c4 (0x0000006f)
core   0: 3 0x800000c4 (0x0000006f)
core   0: 3 0x800000c4 (0x0000006f)
core   0: 3 0x800000c4 (0x0000006f)
core   0: 3 0x800000c4 (0x0000006f)
core   0: 3 0x800000c4 (0x0000006f)
core   0: 3 0x800000c4 (0x0000006f)
core   0: 3 0x800000c4 (0x0000006f)
core   0: 3 0x800000c4 (0x0000006f)
core   0: 3 0x800000c4 (0x0000006f)
core   0: 3 0x800000c4 (0x0000006f)
core   0: 3 0x800000c4 (0x0000006f)
core   0: 3 0x800000c4 (0x0000006f)
core   0: 3 0x800000c4 (0x0000006f)
core   0: 3 0x800000c4 (0x0000006f)
core   0: 3 0x800000c4 (0x0000006f)
core   0: 3 0x800000c4 (0x0000006f)
core   0: 3 0x800000c4 (0x0000006f)
core   0: 3 0x800000c4 (0x0000006f)
core   0: 3 0x800000c4 (0x0000006f)
core   0: 3 0x800000c4 (0x0000006f)
core   0: 3 0x800000c4 (0x0000006f)
core   0: 3 0x800000c4 (0x0000006f)
core   0: 3 0x800000c4 (0x0000006f)
core   0: 3 0x800000c4 (0x0000006f)
core   0: 3 0x800000c4 (0x0000006f)
core   0: 3 0x800000c4 (0x0000006f)
core   0: 3 0x800000c4 (0x0000006f)
core   0: 3 0x800000c4 (0x0000006f)
core   0: 3 0x800000c4 (0x0000006f)
core   0: 3 0x800000c4 (0x0000006f)
core   0: 3 0x800000c4 (0x0000006f)
core   0: 3 0x800000c4 (0x0000006f)
core   0: 3 0x800000c4 (0x0000006f)
core   0: 3 0x800000c4 (0x0000006f)
core   0: 3 0x800000c4 (0x0000006f)
core   0: 3 0x800000c4 (0x0000006f)
core   0: 3 0x800000c4 (0x0000006f)
core   0: 3 0x800000c4 (0x0000006f)
core   0: 3 0x800000c4 (0x0000006f)
core   0: 3 0x800000c4 (0x0000006f)
core   0: 3 0x800000c4 (0x0000006f)
core   0: 3 0x800000c4 (0x0000006f)
core   0: 3 0x800000c4 (0x0000006f)
core   0: 3 0x800000c4 (0x0000006f)
core   0: 3 0x800000c4 (0x0000006f)
core   0: 3 0x800000c4 (0x0000006f)
core   0: 3 0x800000c4 (0x0000006f)
core   0: 3 0x800000c4 (0x0000006f)
core   0: 3 0x800000c4 (0x0000006f)
core   0: 3 0x800000c4 (0x0000006f)
core   0: 3 0x800000c4 (0x0000006f)
core   0: 3 0x800000c4 (0x0000006f)
core   0: 3 0x800000c4 (0x0000006f)
core   0: 3 0x800000c4 (0x0000006f)
core   0: 3 0x800000c4 (0x0000006f)
core   0: 3 0x800000c4 (0x0000006f)
core   0: 3 0x800000c4 (0x0000006f)
core   0: 3 0x800000c4 (0x0000006f)
core   0: 3 0x800000c4 (0x0000006f)
core   0: 3 0x800000c4 (0x0000006f)
core   0: 3 0x800000c4 (0x0000006f)
core   0: 3 0x800000c4 (0x0000006f)
core   0: 3 0x800000c4 (0x0000006f)
core   0: 3 0x800000c4 (0x0000006f)
core   0: 3 0x800000c4 (0x0000006f)
core   0: 3 0x800000c4 (0x0000006f)
core   0: 3 0x800000c4 (0x0000006f)
core   0: 3 0x800000c4 (0x0000006f)
core   0: 3 0x800000c4 (0x0000006f)
core   0: 3 0x800000c4 (0x0000006f)
core   0: 3 0x800000c4 (0x0000006f)
core   0: 3 0x800000c4 (0x0000006f)
core   0: 3 0x800000c4 (0x0000006f)
core   0: 3 0x800000c4 (0x0000006f)
core   0: 3 0x800000c4 (0x0000006f)
core   0: 3 0x800000c4 (0x0000006f)
core   0: 3 0x800000c4 (0x0000006f)
core   0: 3 0x800000c4 (0x0000006f)
core   0: 3 0x800000c4 (0x0000006f)
core   0: 3 0x800000c4 (0x0000006f)
core   0: 3 0x800000c4 (0x0000006f)
core   0: 3 0x800000c4 (0x0000006f)
core   0: 3 0x800000c4 (0x0000006f)
core   0: 3 0x800000c4 (0x0000006f)
core   0: 3 0x800000c4 (0x0000006f)
core   0: 3 0x800000c4 (0x0000006f)
core   0: 3 0x800000c4 (0x0000006f)
core   0: 3 0x800000c4 (0x0000006f)
core   0: 3 0x800000c4 (0x0000006f)
core   0: 3 0x800000c4 (0x0000006f)
core   0: 3 0x800000c4 (0x0000006f)
core   0: 3 0x800000c4 (0x0000006f)
core   0: 3 0x800000c4 (0x0000006f)
core   0: 3 0x800000c4 (0x0000006f)
core   0: 3 0x800000c4 (0x0000006f)
core   0: 3 0x800000c4 (0x0000006f)
core   0: 3 0x800000c4 (0x0000006f)
core   0: 3 0x800000c4 (0x0000006f)
core   0: 3 0x800000c4 (0x0000006f)
core   0: 3 0x800000c4 (0x0000006f)
core   0: 3 0x800000c4 (0x0000006f)
core   0: 3 0x800000c4 (0x0000006f)
core   0: 3 0x800000c4 (0x0000006f)
core   0: 3 0x800000c4 (0x0000006f)
core   0: 3 0x800000c4 (0x0000006f)
core   0: 3 0x800000c4 (0x0000006f)
core   0: 3 0x800000c4 (0x0000006f)
core   0: 3 0x800000c4 (0x0000006f)
core   0: 3 0x800000c4 (0x0000006f)
core   0: 3 0x800000c4 (0x0000006f)
core   0: 3 0x800000c4 (0x0000006f)
core   0: 3 0x800000c4 (0x0000006f)
core   0: 3 0x800000c4 (0x0000006f)
core   0: 3 0x800000c4 (0x0000006f)
core   0: 3 0x800000c4 (0x0000006f)
core   0: 3 0x800000c4 (0x0000006f)
core   0: 3 0x800000c4 (0x0000006f)
core   0: 3 0x800000c4 (0x0000006f)
core   0: 3 0x800000c4 (0x0000006f)
core   0: 3 0x800000c4 (0x0000006f)
core   0: 3 0x800000c4 (0x0000006f)
core   0: 3 0x800000c4 (0x0000006f)
core   0: 3 0x800000c4 (0x0000006f)
core   0: 3 0x800000c4 (0x0000006f)
core   0: 3 0x800000c4 (0x0000006f)
core   0: 3 0x800000c4 (0x0000006f)
core   0: 3 0x800000c4 (0x0000006f)
core   0: 3 0x800000c4 (0x0000006f)
core   0: 3 0x800000c4 (0x0000006f)
core   0: 3 0x800000c4 (0x0000006f)
core   0: 3 0x800000c4 (0x0000006f)
core   0: 3 0x800000c4 (0x0000006f)
core   0: 3 0x800000c4 (0x0000006f)
core   0: 3 0x800000c4 (0x0000006f)
core   0: 3 0x800000c4 (0x0000006f)
core   0: 3 0x800000c4 (0x0000006f)
core   0: 3 0x800000c4 (0x0000006f)
core   0: 3 0x800000c4 (0x0000006f)
core   0: 3 0x800000c4 (0x0000006f)
core   0: 3 0x800000c4 (0x0000006f)
core   0: 3 0x800000c4 (0x0000006f)
core   0: 3 0x800000c4 (0x0000006f)
core   0: 3 0x800000c4 (0x0000006f)
core   0: 3 0x800000c4 (0x0000006f)
core   0: 3 0x800000c4 (0x0000006f)
core   0: 3 0x800000c4 (0x0000006f)
core   0: 3 0x800000c4 (0x0000006f)
core   0: 3 0x800000c4 (0x0000006f)
core   0: 3 0x800000c4 (0x0000006f)
core   0: 3 0x800000c4 (0x0000006f)
core   0: 3 0x800000c4 (0x0000006f)
core   0: 3 0x800000c4 (0x0000006f)
core   0: 3 0x800000c4 (0x0000006f)
core   0: 3 0x800000c4 (0x0000006f)
core   0: 3 0x800000c4 (0x0000006f)
core   0: 3 0x800000c4 (0x0000006f)
core   0: 3 0x800000c4 (0x0000006f)
core   0: 3 0x800000c4 (0x0000006f)
core   0: 3 0x800000c4 (0x0000006f)
core   0: 3 0x800000c4 (0x0000006f)
core   0: 3 0x800000c4 (0x0000006f)
core   0: 3 0x800000c4 (0x0000006f)
core   0: 3 0x800000c4 (0x0000006f)
core   0: 3 0x800000c4 (0x0000006f)
core   0: 3 0x800000c4 (0x0000006f)
core   0: 3 0x800000c4 (0x0000006f)
core   0: 3 0x800000c4 (0x0000006f)
core   0: 3 0x800000c4 (0x0000006f)
core   0: 3 0x800000c4 (0x0000006f)
core   0: 3 0x800000c4 (0x0000006f)
core   0: 3 0x800000c4 (0x0000006f)
core   0: 3 0x800000c4 (0x0000006f)
core   0: 3 0x800000c4 (0x0000006f)
core   0: 3 0x800000c4 (0x0000006f)
core   0: 3 0x800000c4 (0x0000006f)
core   0: 3 0x800000c4 (0x0000006f)
core   0: 3 0x800000c4 (0x0000006f)
core   0: 3 0x800000c4 (0x0000006f)
core   0: 3 0x800000c4 (0x0000006f)
core   0: 3 0x800000c4 (0x0000006f)
core   0: 3 0x800000c4 (0x0000006f)
core   0: 3 0x800000c4 (0x0000006f)
core   0: 3 0x800000c4 (0x0000006f)
core   0: 3 0x800000c4 (0x0000006f)
core   0: 3 0x800000c4 (0x0000006f)
core   0: 3 0x800000c4 (0x0000006f)
core   0: 3 0x800000c4 (0x0000006f)
core   0: 3 0x800000c4 (0x0000006f)
core   0: 3 0x800000c4 (0x0000006f)
core   0: 3 0x800000c4 (0x0000006f)
core   0: 3 0x800000c4 (0x0000006f)
core   0: 3 0x800000c4 (0x0000006f)
core   0: 3 0x800000c4 (0x0000006f)
core   0: 3 0x800000c4 (0x0000006f)
core   0: 3 0x800000c4 (0x0000006f)
core   0: 3 0x800000c4 (0x0000006f)
core   0: 3 0x800000c4 (0x0000006f)
core   0: 3 0x800000c4 (0x0000006f)
core   0: 3 0x800000c4 (0x0000006f)
core   0: 3 0x800000c4 (0x0000006f)
core   0: 3 0x800000c4 (0x0000006f)
core   0: 3 0x800000c4 (0x0000006f)
core   0: 3 0x800000c4 (0x0000006f)
core   0: 3 0x800000c4 (0x0000006f)
core   0: 3 0x800000c4 (0x0000006f)
core   0: 3 0x800000c4 (0x0000006f)
core   0: 3 0x800000c4 (0x0000006f)
core   0: 3 0x800000c4 (0x0000006f)
core   0: 3 0x800000c4 (0x0000006f)
core   0: 3 0x800000c4 (0x0000006f)
core   0: 3 0x800000c4 (0x0000006f)
core   0: 3 0x800000c4 (0x0000006f)
core   0: 3 0x800000c4 (0x0000006f)
core   0: 3 0x800000c4 (0x0000006f)
core   0: 3 0x800000c4 (0x0000006f)
core   0: 3 0x800000c4 (0x0000006f)
core   0: 3 0x800000c4 (0x0000006f)
core   0: 3 0x800000c4 (0x0000006f)
core   0: 3 0x800000c4 (0x0000006f)
core   0: 3 0x800000c4 (0x0000006f)
core   0: 3 0x800000c4 (0x0000006f)
core   0: 3 0x800000c4 (0x0000006f)
core   0: 3 0x800000c4 (0x0000006f)
core   0: 3 0x800000c4 (0x0000006f)
core   0: 3 0x800000c4 (0x0000006f)
core   0: 3 0x800000c4 (0x0000006f)
core   0: 3 0x800000c4 (0x0000006f)
core   0: 3 0x800000c4 (0x0000006f)
core   0: 3 0x800000c4 (0x0000006f)
core   0: 3 0x800000c4 (0x0000006f)
core   0: 3 0x800000c4 (0x0000006f)
core   0: 3 0x800000c4 (0x0000006f)
core   0: 3 0x800000c4 (0x0000006f)
core   0: 3 0x800000c4 (0x0000006f)
core   0: 3 0x800000c4 (0x0000006f)
core   0: 3 0x800000c4 (0x0000006f)
core   0: 3 0x800000c4 (0x0000006f)
core   0: 3 0x800000c4 (0x0000006f)
core   0: 3 0x800000c4 (0x0000006f)
core   0: 3 0x800000c4 (0x0000006f)
core   0: 3 0x800000c4 (0x0000006f)
core   0: 3 0x800000c4 (0x0000006f)
core   0: 3 0x800000c4 (0x0000006f)
core   0: 3 0x800000c4 (0x0000006f)
core   0: 3 0x800000c4 (0x0000006f)
core   0: 3 0x800000c4 (0x0000006f)
core   0: 3 0x800000c4 (0x0000006f)
core   0: 3 0x800000c4 (0x0000006f)
core   0: 3 0x800000c4 (0x0000006f)
core   0: 3 0x800000c4 (0x0000006f)
core   0: 3 0x800000c4 (0x0000006f)
core   0: 3 0x800000c4 (0x0000006f)
core   0: 3 0x800000c4 (0x0000006f)
core   0: 3 0x800000c4 (0x0000006f)
core   0: 3 0x800000c4 (0x0000006f)
core   0: 3 0x800000c4 (0x0000006f)
core   0: 3 0x800000c4 (0x0000006f)
core   0: 3 0x800000c4 (0x0000006f)
core   0: 3 0x800000c4 (0x0000006f)
core   0: 3 0x800000c4 (0x0000006f)
core   0: 3 0x800000c4 (0x0000006f)
core   0: 3 0x800000c4 (0x0000006f)
core   0: 3 0x800000c4 (0x0000006f)
core   0: 3 0x800000c4 (0x0000006f)
core   0: 3 0x800000c4 (0x0000006f)
core   0: 3 0x800000c4 (0x0000006f)
core   0: 3 0x800000c4 (0x0000006f)
core   0: 3 0x800000c4 (0x0000006f)
core   0: 3 0x800000c4 (0x0000006f)
core   0: 3 0x800000c4 (0x0000006f)
core   0: 3 0x800000c4 (0x0000006f)
core   0: 3 0x800000c4 (0x0000006f)
core   0: 3 0x800000c4 (0x0000006f)
core   0: 3 0x800000c4 (0x0000006f)
core   0: 3 0x800000c4 (0x0000006f)
core   0: 3 0x800000c4 (0x0000006f)
core   0: 3 0x800000c4 (0x0000006f)
core   0: 3 0x800000c4 (0x0000006f)
core   0: 3 0x800000c4 (0x0000006f)
core   0: 3 0x800000c4 (0x0000006f)
core   0: 3 0x800000c4 (0x0000006f)
core   0: 3 0x800000c4 (0x0000006f)
core   0: 3 0x800000c4 (0x0000006f)
core   0: 3 0x800000c4 (0x0000006f)
core   0: 3 0x800000c4 (0x0000006f)
core   0: 3 0x800000c4 (0x0000006f)
core   0: 3 0x800000c4 (0x0000006f)
core   0: 3 0x800000c4 (0x0000006f)
core   0: 3 0x800000c4 (0x0000006f)
core   0: 3 0x800000c4 (0x0000006f)
core   0: 3 0x800000c4 (0x0000006f)
core   0: 3 0x800000c4 (0x0000006f)
core   0: 3 0x800000c4 (0x0000006f)
core   0: 3 0x800000c4 (0x0000006f)
core   0: 3 0x800000c4 (0x0000006f)
core   0: 3 0x800000c4 (0x0000006f)
core   0: 3 0x800000c4 (0x0000006f)
core   0: 3 0x800000c4 (0x0000006f)
core   0: 3 0x800000c4 (0x0000006f)
core   0: 3 0x800000c4 (0x0000006f)
core   0: 3 0x800000c4 (0x0000006f)
core   0: 3 0x800000c4 (0x0000006f)
core   0: 3 0x800000c4 (0x0000006f)
core   0: 3 0x800000c4 (0x0000006f)
core   0: 3 0x800000c4 (0x0000006f)
core   0: 3 0x800000c4 (0x0000006f)
core   0: 3 0x800000c4 (0x0000006f)
core   0: 3 0x800000c4 (0x0000006f)
core   0: 3 0x800000c4 (0x0000006f)
core   0: 3 0x800000c4 (0x0000006f)
core   0: 3 0x800000c4 (0x0000006f)
core   0: 3 0x800000c4 (0x0000006f)
core   0: 3 0x800000c4 (0x0000006f)
core   0: 3 0x800000c4 (0x0000006f)
core   0: 3 0x800000c4 (0x0000006f)
core   0: 3 0x800000c4 (0x0000006f)
core   0: 3 0x800000c4 (0x0000006f)
core   0: 3 0x800000c4 (0x0000006f)
core   0: 3 0x800000c4 (0x0000006f)
core   0: 3 0x800000c4 (0x0000006f)
core   0: 3 0x800000c4 (0x0000006f)
core   0: 3 0x800000c4 (0x0000006f)
core   0: 3 0x800000c4 (0x0000006f)
core   0: 3 0x800000c4 (0x0000006f)
core   0: 3 0x800000c4 (0x0000006f)
core   0: 3 0x800000c4 (0x0000006f)
core   0: 3 0x800000c4 (0x0000006f)
core   0: 3 0x800000c4 (0x0000006f)
core   0: 3 0x800000c4 (0x0000006f)
core   0: 3 0x800000c4 (0x0000006f)
core   0: 3 0x800000c4 (0x0000006f)
core   0: 3 0x800000c4 (0x0000006f)
core   0: 3 0x800000c4 (0x0000006f)
core   0: 3 0x800000c4 (0x0000006f)
core   0: 3 0x800000c4 (0x0000006f)
core   0: 3 0x800000c4 (0x0000006f)
core   0: 3 0x800000c4 (0x0000006f)
core   0: 3 0x800000c4 (0x0000006f)
core   0: 3 0x800000c4 (0x0000006f)
core   0: 3 0x800000c4 (0x0000006f)
core   0: 3 0x800000c4 (0x0000006f)
core   0: 3 0x800000c4 (0x0000006f)
core   0: 3 0x800000c4 (0x0000006f)
core   0: 3 0x800000c4 (0x0000006f)
core   0: 3 0x800000c4 (0x0000006f)
core   0: 3 0x800000c4 (0x0000006f)
core   0: 3 0x800000c4 (0x0000006f)
core   0: 3 0x800000c4 (0x0000006f)
core   0: 3 0x800000c4 (0x0000006f)
core   0: 3 0x800000c4 (0x0000006f)
core   0: 3 0x800000c4 (0x0000006f)
core   0: 3 0x800000c4 (0x0000006f)
core   0: 3 0x800000c4 (0x0000006f)
core   0: 3 0x800000c4 (0x0000006f)
core   0: 3 0x800000c4 (0x0000006f)
core   0: 3 0x800000c4 (0x0000006f)
core   0: 3 0x800000c4 (0x0000006f)
core   0: 3 0x800000c4 (0x0000006f)
core   0: 3 0x800000c4 (0x0000006f)
core   0: 3 0x800000c4 (0x0000006f)
core   0: 3 0x800000c4 (0x0000006f)
core   0: 3 0x800000c4 (0x0000006f)
core   0: 3 0x800000c4 (0x0000006f)
core   0: 3 0x800000c4 (0x0000006f)
core   0: 3 0x800000c4 (0x0000006f)
core   0: 3 0x800000c4 (0x0000006f)
core   0: 3 0x800000c4 (0x0000006f)
core   0: 3 0x800000c4 (0x0000006f)
core   0: 3 0x800000c4 (0x0000006f)
core   0: 3 0x800000c4 (0x0000006f)
core   0: 3 0x800000c4 (0x0000006f)
core   0: 3 0x800000c4 (0x0000006f)
core   0: 3 0x800000c4 (0x0000006f)
core   0: 3 0x800000c4 (0x0000006f)
core   0: 3 0x800000c4 (0x0000006f)
core   0: 3 0x800000c4 (0x0000006f)
core   0: 3 0x800000c4 (0x0000006f)
core   0: 3 0x800000c4 (0x0000006f)
core   0: 3 0x800000c4 (0x0000006f)
core   0: 3 0x800000c4 (0x0000006f)
core   0: 3 0x800000c4 (0x0000006f)
core   0: 3 0x800000c4 (0x0000006f)
core   0: 3 0x800000c4 (0x0000006f)
core   0: 3 0x800000c4 (0x0000006f)
core   0: 3 0x800000c4 (0x0000006f)
core   0: 3 0x800000c4 (0x0000006f)
core   0: 3 0x800000c4 (0x0000006f)
core   0: 3 0x800000c4 (0x0000006f)
core   0: 3 0x800000c4 (0x0000006f)
core   0: 3 0x800000c4 (0x0000006f)
core   0: 3 0x800000c4 (0x0000006f)
core   0: 3 0x800000c4 (0x0000006f)
core   0: 3 0x800000c4 (0x0000006f)
core   0: 3 0x800000c4 (0x0000006f)
core   0: 3 0x800000c4 (0x0000006f)
core   0: 3 0x800000c4 (0x0000006f)
core   0: 3 0x800000c4 (0x0000006f)
core   0: 3 0x800000c4 (0x0000006f)
core   0: 3 0x800000c4 (0x0000006f)
core   0: 3 0x800000c4 (0x0000006f)
core   0: 3 0x800000c4 (0x0000006f)
core   0: 3 0x800000c4 (0x0000006f)
core   0: 3 0x800000c4 (0x0000006f)
core   0: 3 0x800000c4 (0x0000006f)
core   0: 3 0x800000c4 (0x0000006f)
core   0: 3 0x800000c4 (0x0000006f)
core   0: 3 0x800000c4 (0x0000006f)
core   0: 3 0x800000c4 (0x0000006f)
core   0: 3 0x800000c4 (0x0000006f)
core   0: 3 0x800000c4 (0x0000006f)
core   0: 3 0x800000c4 (0x0000006f)
core   0: 3 0x800000c4 (0x0000006f)
core   0: 3 0x800000c4 (0x0000006f)
core   0: 3 0x800000c4 (0x0000006f)
core   0: 3 0x800000c4 (0x0000006f)
core   0: 3 0x800000c4 (0x0000006f)
core   0: 3 0x800000c4 (0x0000006f)
core   0: 3 0x800000c4 (0x0000006f)
core   0: 3 0x800000c4 (0x0000006f)
core   0: 3 0x800000c4 (0x0000006f)
core   0: 3 0x800000c4 (0x0000006f)
core   0: 3 0x800000c4 (0x0000006f)
core   0: 3 0x800000c4 (0x0000006f)
core   0: 3 0x800000c4 (0x0000006f)
core   0: 3 0x800000c4 (0x0000006f)
core   0: 3 0x800000c4 (0x0000006f)
core   0: 3 0x800000c4 (0x0000006f)
core   0: 3 0x800000c4 (0x0000006f)
core   0: 3 0x800000c4 (0x0000006f)
core   0: 3 0x800000c4 (0x0000006f)
core   0: 3 0x800000c4 (0x0000006f)
core   0: 3 0x800000c4 (0x0000006f)
core   0: 3 0x800000c4 (0x0000006f)
core   0: 3 0x800000c4 (0x0000006f)
core   0: 3 0x800000c4 (0x0000006f)
core   0: 3 0x800000c4 (0x0000006f)
core   0: 3 0x800000c4 (0x0000006f)
core   0: 3 0x800000c4 (0x0000006f)
core   0: 3 0x800000c4 (0x0000006f)
core   0: 3 0x800000c4 (0x0000006f)
core   0: 3 0x800000c4 (0x0000006f)
core   0: 3 0x800000c4 (0x0000006f)
core   0: 3 0x800000c4 (0x0000006f)
core   0: 3 0x800000c4 (0x0000006f)
core   0: 3 0x800000c4 (0x0000006f)
core   0: 3 0x800000c4 (0x0000006f)
core   0: 3 0x800000c4 (0x0000006f)
core   0: 3 0x800000c4 (0x0000006f)
core   0: 3 0x800000c4 (0x0000006f)
core   0: 3 0x800000c4 (0x0000006f)
core   0: 3 0x800000c4 (0x0000006f)
core   0: 3 0x800000c4 (0x0000006f)
core   0: 3 0x800000c4 (0x0000006f)
core   0: 3 0x800000c4 (0x0000006f)
core   0: 3 0x800000c4 (0x0000006f)
core   0: 3 0x800000c4 (0x0000006f)
core   0: 3 0x800000c4 (0x0000006f)
core   0: 3 0x800000c4 (0x0000006f)
core   0: 3 0x800000c4 (0x0000006f)
core   0: 3 0x800000c4 (0x0000006f)
core   0: 3 0x800000c4 (0x0000006f)
core   0: 3 0x800000c4 (0x0000006f)
core   0: 3 0x800000c4 (0x0000006f)
core   0: 3 0x800000c4 (0x0000006f)
core   0: 3 0x800000c4 (0x0000006f)
core   0: 3 0x800000c4 (0x0000006f)
core   0: 3 0x800000c4 (0x0000006f)
core   0: 3 0x800000c4 (0x0000006f)
core   0: 3 0x800000c4 (0x0000006f)
core   0: 3 0x800000c4 (0x0000006f)
core   0: 3 0x800000c4 (0x0000006f)
core   0: 3 0x800000c4 (0x0000006f)
core   0: 3 0x800000c4 (0x0000006f)
core   0: 3 0x800000c4 (0x0000006f)
core   0: 3 0x800000c4 (0x0000006f)
core   0: 3 0x800000c4 (0x0000006f)
core   0: 3 0x800000c4 (0x0000006f)
core   0: 3 0x800000c4 (0x0000006f)
core   0: 3 0x800000c4 (0x0000006f)
core   0: 3 0x800000c4 (0x0000006f)
core   0: 3 0x800000c4 (0x0000006f)
core   0: 3 0x800000c4 (0x0000006f)
core   0: 3 0x800000c4 (0x0000006f)
core   0: 3 0x800000c4 (0x0000006f)
core   0: 3 0x800000c4 (0x0000006f)
core   0: 3 0x800000c4 (0x0000006f)
core   0: 3 0x800000c4 (0x0000006f)
core   0: 3 0x800000c4 (0x0000006f)
core   0: 3 0x800000c4 (0x0000006f)
core   0: 3 0x800000c4 (0x0000006f)
core   0: 3 0x800000c4 (0x0000006f)
core   0: 3 0x800000c4 (0x0000006f)
core   0: 3 0x800000c4 (0x0000006f)
core   0: 3 0x800000c4 (0x0000006f)
core   0: 3 0x800000c4 (0x0000006f)
core   0: 3 0x800000c4 (0x0000006f)
core   0: 3 0x800000c4 (0x0000006f)
core   0: 3 0x800000c4 (0x0000006f)
core   0: 3 0x800000c4 (0x0000006f)
core   0: 3 0x800000c4 (0x0000006f)
core   0: 3 0x800000c4 (0x0000006f)
core   0: 3 0x800000c4 (0x0000006f)
core   0: 3 0x800000c4 (0x0000006f)
core   0: 3 0x800000c4 (0x0000006f)
core   0: 3 0x800000c4 (0x0000006f)
core   0: 3 0x800000c4 (0x0000006f)
core   0: 3 0x800000c4 (0x0000006f)
core   0: 3 0x800000c4 (0x0000006f)
core   0: 3 0x800000c4 (0x0000006f)
core   0: 3 0x800000c4 (0x0000006f)
core   0: 3 0x800000c4 (0x0000006f)
core   0: 3 0x800000c4 (0x0000006f)
core   0: 3 0x800000c4 (0x0000006f)
core   0: 3 0x800000c4 (0x0000006f)
core   0: 3 0x800000c4 (0x0000006f)
core   0: 3 0x800000c4 (0x0000006f)
core   0: 3 0x800000c4 (0x0000006f)
core   0: 3 0x800000c4 (0x0000006f)
core   0: 3 0x800000c4 (0x0000006f)
core   0: 3 0x800000c4 (0x0000006f)
core   0: 3 0x800000c4 (0x0000006f)
core   0: 3 0x800000c4 (0x0000006f)
core   0: 3 0x800000c4 (0x0000006f)
core   0: 3 0x800000c4 (0x0000006f)
core   0: 3 0x800000c4 (0x0000006f)
core   0: 3 0x800000c4 (0x0000006f)
core   0: 3 0x800000c4 (0x0000006f)
core   0: 3 0x800000c4 (0x0000006f)
core   0: 3 0x800000c4 (0x0000006f)
core   0: 3 0x800000c4 (0x0000006f)
core   0: 3 0x800000c4 (0x0000006f)
core   0: 3 0x800000c4 (0x0000006f)
core   0: 3 0x800000c4 (0x0000006f)
core   0: 3 0x800000c4 (0x0000006f)
core   0: 3 0x800000c4 (0x0000006f)
core   0: 3 0x800000c4 (0x0000006f)
core   0: 3 0x800000c4 (0x0000006f)
core   0: 3 0x800000c4 (0x0000006f)
core   0: 3 0x800000c4 (0x0000006f)
core   0: 3 0x800000c4 (0x0000006f)
core   0: 3 0x800000c4 (0x0000006f)
core   0: 3 0x800000c4 (0x0000006f)
core   0: 3 0x800000c4 (0x0000006f)
core   0: 3 0x800000c4 (0x0000006f)
core   0: 3 0x800000c4 (0x0000006f)
core   0: 3 0x800000c4 (0x0000006f)
core   0: 3 0x800000c4 (0x0000006f)
core   0: 3 0x800000c4 (0x0000006f)
core   0: 3 0x800000c4 (0x0000006f)
core   0: 3 0x800000c4 (0x0000006f)
core   0: 3 0x800000c4 (0x0000006f)
core   0: 3 0x800000c4 (0x0000006f)
core   0: 3 0x800000c4 (0x0000006f)
core   0: 3 0x800000c4 (0x0000006f)
core   0: 3 0x800000c4 (0x0000006f)
core   0: 3 0x800000c4 (0x0000006f)
core   0: 3 0x800000c4 (0x0000006f)
core   0: 3 0x800000c4 (0x0000006f)
core   0: 3 0x800000c4 (0x0000006f)
core   0: 3 0x800000c4 (0x0000006f)
core   0: 3 0x800000c4 (0x0000006f)
core   0: 3 0x800000c4 (0x0000006f)
core   0: 3 0x800000c4 (0x0000006f)
core   0: 3 0x800000c4 (0x0000006f)
core   0: 3 0x800000c4 (0x0000006f)
core   0: 3 0x800000c4 (0x0000006f)
core   0: 3 0x800000c4 (0x0000006f)
core   0: 3 0x800000c4 (0x0000006f)
core   0: 3 0x800000c4 (0x0000006f)
core   0: 3 0x800000c4 (0x0000006f)
core   0: 3 0x800000c4 (0x0000006f)
core   0: 3 0x800000c4 (0x0000006f)
core   0: 3 0x800000c4 (0x0000006f)
core   0: 3 0x800000c4 (0x0000006f)
core   0: 3 0x800000c4 (0x0000006f)
core   0: 3 0x800000c4 (0x0000006f)
core   0: 3 0x800000c4 (0x0000006f)
core   0: 3 0x800000c4 (0x0000006f)
core   0: 3 0x800000c4 (0x0000006f)
core   0: 3 0x800000c4 (0x0000006f)
core   0: 3 0x800000c4 (0x0000006f)
core   0: 3 0x800000c4 (0x0000006f)
core   0: 3 0x800000c4 (0x0000006f)
core   0: 3 0x800000c4 (0x0000006f)
core   0: 3 0x800000c4 (0x0000006f)
core   0: 3 0x800000c4 (0x0000006f)
core   0: 3 0x800000c4 (0x0000006f)
core   0: 3 0x800000c4 (0x0000006f)
core   0: 3 0x800000c4 (0x0000006f)
core   0: 3 0x800000c4 (0x0000006f)
core   0: 3 0x800000c4 (0x0000006f)
core   0: 3 0x800000c4 (0x0000006f)
core   0: 3 0x800000c4 (0x0000006f)
core   0: 3 0x800000c4 (0x0000006f)
core   0: 3 0x800000c4 (0x0000006f)
core   0: 3 0x800000c4 (0x0000006f)
core   0: 3 0x800000c4 (0x0000006f)
core   0: 3 0x800000c4 (0x0000006f)
core   0: 3 0x800000c4 (0x0000006f)
core   0: 3 0x800000c4 (0x0000006f)
core   0: 3 0x800000c4 (0x0000006f)
core   0: 3 0x800000c4 (0x0000006f)
core   0: 3 0x800000c4 (0x0000006f)
core   0: 3 0x800000c4 (0x0000006f)
core   0: 3 0x800000c4 (0x0000006f)
core   0: 3 0x800000c4 (0x0000006f)
core   0: 3 0x800000c4 (0x0000006f)
core   0: 3 0x800000c4 (0x0000006f)
core   0: 3 0x800000c4 (0x0000006f)
core   0: 3 0x800000c4 (0x0000006f)
core   0: 3 0x800000c4 (0x0000006f)
core   0: 3 0x800000c4 (0x0000006f)
core   0: 3 0x800000c4 (0x0000006f)
core   0: 3 0x800000c4 (0x0000006f)
core   0: 3 0x800000c4 (0x0000006f)
core   0: 3 0x800000c4 (0x0000006f)
core   0: 3 0x800000c4 (0x0000006f)
core   0: 3 0x800000c4 (0x0000006f)
core   0: 3 0x800000c4 (0x0000006f)
core   0: 3 0x800000c4 (0x0000006f)
core   0: 3 0x800000c4 (0x0000006f)
core   0: 3 0x800000c4 (0x0000006f)
core   0: 3 0x800000c4 (0x0000006f)
core   0: 3 0x800000c4 (0x0000006f)
core   0: 3 0x800000c4 (0x0000006f)
core   0: 3 0x800000c4 (0x0000006f)
core   0: 3 0x800000c4 (0x0000006f)
core   0: 3 0x800000c4 (0x0000006f)
core   0: 3 0x800000c4 (0x0000006f)
core   0: 3 0x800000c4 (0x0000006f)
core   0: 3 0x800000c4 (0x0000006f)
core   0: 3 0x800000c4 (0x0000006f)
core   0: 3 0x800000c4 (0x0000006f)
core   0: 3 0x800000c4 (0x0000006f)
core   0: 3 0x800000c4 (0x0000006f)
core   0: 3 0x800000c4 (0x0000006f)
core   0: 3 0x800000c4 (0x0000006f)
core   0: 3 0x800000c4 (0x0000006f)
core   0: 3 0x800000c4 (0x0000006f)
core   0: 3 0x800000c4 (0x0000006f)
core   0: 3 0x800000c4 (0x0000006f)
core   0: 3 0x800000c4 (0x0000006f)
core   0: 3 0x800000c4 (0x0000006f)
core   0: 3 0x800000c4 (0x0000006f)
core   0: 3 0x800000c4 (0x0000006f)
core   0: 3 0x800000c4 (0x0000006f)
core   0: 3 0x800000c4 (0x0000006f)
core   0: 3 0x800000c4 (0x0000006f)
core   0: 3 0x800000c4 (0x0000006f)
core   0: 3 0x800000c4 (0x0000006f)
core   0: 3 0x800000c4 (0x0000006f)
core   0: 3 0x800000c4 (0x0000006f)
core   0: 3 0x800000c4 (0x0000006f)
core   0: 3 0x800000c4 (0x0000006f)
core   0: 3 0x800000c4 (0x0000006f)
core   0: 3 0x800000c4 (0x0000006f)
core   0: 3 0x800000c4 (0x0000006f)
core   0: 3 0x800000c4 (0x0000006f)
core   0: 3 0x800000c4 (0x0000006f)
core   0: 3 0x800000c4 (0x0000006f)
core   0: 3 0x800000c4 (0x0000006f)
core   0: 3 0x800000c4 (0x0000006f)
core   0: 3 0x800000c4 (0x0000006f)
core   0: 3 0x800000c4 (0x0000006f)
core   0: 3 0x800000c4 (0x0000006f)
core   0: 3 0x800000c4 (0x0000006f)
core   0: 3 0x800000c4 (0x0000006f)
core   0: 3 0x800000c4 (0x0000006f)
core   0: 3 0x800000c4 (0x0000006f)
core   0: 3 0x800000c4 (0x0000006f)
core   0: 3 0x800000c4 (0x0000006f)
core   0: 3 0x800000c4 (0x0000006f)
core   0: 3 0x800000c4 (0x0000006f)
core   0: 3 0x800000c4 (0x0000006f)
core   0: 3 0x800000c4 (0x0000006f)
core   0: 3 0x800000c4 (0x0000006f)
core   0: 3 0x800000c4 (0x0000006f)
core   0: 3 0x800000c4 (0x0000006f)
core   0: 3 0x800000c4 (0x0000006f)
core   0: 3 0x800000c4 (0x0000006f)
core   0: 3 0x800000c4 (0x0000006f)
core   0: 3 0x800000c4 (0x0000006f)
core   0: 3 0x800000c4 (0x0000006f)
core   0: 3 0x800000c4 (0x0000006f)
core   0: 3 0x800000c4 (0x0000006f)
core   0: 3 0x800000c4 (0x0000006f)
core   0: 3 0x800000c4 (0x0000006f)
core   0: 3 0x800000c4 (0x0000006f)
core   0: 3 0x800000c4 (0x0000006f)
core   0: 3 0x800000c4 (0x0000006f)
core   0: 3 0x800000c4 (0x0000006f)
core   0: 3 0x800000c4 (0x0000006f)
core   0: 3 0x800000c4 (0x0000006f)
core   0: 3 0x800000c4 (0x0000006f)
core   0: 3 0x800000c4 (0x0000006f)
core   0: 3 0x800000c4 (0x0000006f)
core   0: 3 0x800000c4 (0x0000006f)
core   0: 3 0x800000c4 (0x0000006f)
core   0: 3 0x800000c4 (0x0000006f)
core   0: 3 0x800000c4 (0x0000006f)
core   0: 3 0x800000c4 (0x0000006f)
core   0: 3 0x800000c4 (0x0000006f)
core   0: 3 0x800000c4 (0x0000006f)
core   0: 3 0x800000c4 (0x0000006f)
core   0: 3 0x800000c4 (0x0000006f)
core   0: 3 0x800000c4 (0x0000006f)
core   0: 3 0x800000c4 (0x0000006f)
core   0: 3 0x800000c4 (0x0000006f)
core   0: 3 0x800000c4 (0x0000006f)
core   0: 3 0x800000c4 (0x0000006f)
core   0: 3 0x800000c4 (0x0000006f)
core   0: 3 0x800000c4 (0x0000006f)
core   0: 3 0x800000c4 (0x0000006f)
core   0: 3 0x800000c4 (0x0000006f)
core   0: 3 0x800000c4 (0x0000006f)
core   0: 3 0x800000c4 (0x0000006f)
core   0: 3 0x800000c4 (0x0000006f)
core   0: 3 0x800000c4 (0x0000006f)
core   0: 3 0x800000c4 (0x0000006f)
core   0: 3 0x800000c4 (0x0000006f)
core   0: 3 0x800000c4 (0x0000006f)
core   0: 3 0x800000c4 (0x0000006f)
core   0: 3 0x800000c4 (0x0000006f)
core   0: 3 0x800000c4 (0x0000006f)
core   0: 3 0x800000c4 (0x0000006f)
core   0: 3 0x800000c4 (0x0000006f)
core   0: 3 0x800000c4 (0x0000006f)
core   0: 3 0x800000c4 (0x0000006f)
core   0: 3 0x800000c4 (0x0000006f)
core   0: 3 0x800000c4 (0x0000006f)
core   0: 3 0x800000c4 (0x0000006f)
core   0: 3 0x800000c4 (0x0000006f)
core   0: 3 0x800000c4 (0x0000006f)
core   0: 3 0x800000c4 (0x0000006f)
core   0: 3 0x800000c4 (0x0000006f)
core   0: 3 0x800000c4 (0x0000006f)
core   0: 3 0x800000c4 (0x0000006f)
core   0: 3 0x800000c4 (0x0000006f)
core   0: 3 0x800000c4 (0x0000006f)
core   0: 3 0x800000c4 (0x0000006f)
core   0: 3 0x800000c4 (0x0000006f)
core   0: 3 0x800000c4 (0x0000006f)
core   0: 3 0x800000c4 (0x0000006f)
core   0: 3 0x800000c4 (0x0000006f)
core   0: 3 0x800000c4 (0x0000006f)
core   0: 3 0x800000c4 (0x0000006f)
core   0: 3 0x800000c4 (0x0000006f)
core   0: 3 0x800000c4 (0x0000006f)
core   0: 3 0x800000c4 (0x0000006f)
core   0: 3 0x800000c4 (0x0000006f)
core   0: 3 0x800000c4 (0x0000006f)
core   0: 3 0x800000c4 (0x0000006f)
core   0: 3 0x800000c4 (0x0000006f)
core   0: 3 0x800000c4 (0x0000006f)
core   0: 3 0x800000c4 (0x0000006f)
core   0: 3 0x800000c4 (0x0000006f)
core   0: 3 0x800000c4 (0x0000006f)
core   0: 3 0x800000c4 (0x0000006f)
core   0: 3 0x800000c4 (0x0000006f)
core   0: 3 0x800000c4 (0x0000006f)
core   0: 3 0x800000c4 (0x0000006f)
core   0: 3 0x800000c4 (0x0000006f)
core   0: 3 0x800000c4 (0x0000006f)
core   0: 3 0x800000c4 (0x0000006f)
core   0: 3 0x800000c4 (0x0000006f)
core   0: 3 0x800000c4 (0x0000006f)
core   0: 3 0x800000c4 (0x0000006f)
core   0: 3 0x800000c4 (0x0000006f)
core   0: 3 0x800000c4 (0x0000006f)
core   0: 3 0x800000c4 (0x0000006f)
core   0: 3 0x800000c4 (0x0000006f)
core   0: 3 0x800000c4 (0x0000006f)
core   0: 3 0x800000c4 (0x0000006f)
core   0: 3 0x800000c4 (0x0000006f)
core   0: 3 0x800000c4 (0x0000006f)
core   0: 3 0x800000c4 (0x0000006f)
core   0: 3 0x800000c4 (0x0000006f)
core   0: 3 0x800000c4 (0x0000006f)
core   0: 3 0x800000c4 (0x0000006f)
core   0: 3 0x800000c4 (0x0000006f)
core   0: 3 0x800000c4 (0x0000006f)
core   0: 3 0x800000c4 (0x0000006f)
core   0: 3 0x800000c4 (0x0000006f)
core   0: 3 0x800000c4 (0x0000006f)
core   0: 3 0x800000c4 (0x0000006f)
core   0: 3 0x800000c4 (0x0000006f)
core   0: 3 0x800000c4 (0x0000006f)
core   0: 3 0x800000c4 (0x0000006f)
core   0: 3 0x800000c4 (0x0000006f)
core   0: 3 0x800000c4 (0x0000006f)
core   0: 3 0x800000c4 (0x0000006f)
core   0: 3 0x800000c4 (0x0000006f)
core   0: 3 0x800000c4 (0x0000006f)
core   0: 3 0x800000c4 (0x0000006f)
core   0: 3 0x800000c4 (0x0000006f)
core   0: 3 0x800000c4 (0x0000006f)
core   0: 3 0x800000c4 (0x0000006f)
core   0: 3 0x800000c4 (0x0000006f)
core   0: 3 0x800000c4 (0x0000006f)
core   0: 3 0x800000c4 (0x0000006f)
core   0: 3 0x800000c4 (0x0000006f)
core   0: 3 0x800000c4 (0x0000006f)
core   0: 3 0x800000c4 (0x0000006f)
core   0: 3 0x800000c4 (0x0000006f)
core   0: 3 0x800000c4 (0x0000006f)
core   0: 3 0x800000c4 (0x0000006f)
core   0: 3 0x800000c4 (0x0000006f)
core   0: 3 0x800000c4 (0x0000006f)
core   0: 3 0x800000c4 (0x0000006f)
core   0: 3 0x800000c4 (0x0000006f)
core   0: 3 0x800000c4 (0x0000006f)
core   0: 3 0x800000c4 (0x0000006f)
core   0: 3 0x800000c4 (0x0000006f)
core   0: 3 0x800000c4 (0x0000006f)
core   0: 3 0x800000c4 (0x0000006f)
core   0: 3 0x800000c4 (0x0000006f)
core   0: 3 0x800000c4 (0x0000006f)
core   0: 3 0x800000c4 (0x0000006f)
core   0: 3 0x800000c4 (0x0000006f)
core   0: 3 0x800000c4 (0x0000006f)
core   0: 3 0x800000c4 (0x0000006f)
core   0: 3 0x800000c4 (0x0000006f)
core   0: 3 0x800000c4 (0x0000006f)
core   0: 3 0x800000c4 (0x0000006f)
core   0: 3 0x800000c4 (0x0000006f)
core   0: 3 0x800000c4 (0x0000006f)
core   0: 3 0x800000c4 (0x0000006f)
core   0: 3 0x800000c4 (0x0000006f)
core   0: 3 0x800000c4 (0x0000006f)
core   0: 3 0x800000c4 (0x0000006f)
core   0: 3 0x800000c4 (0x0000006f)
core   0: 3 0x800000c4 (0x0000006f)
core   0: 3 0x800000c4 (0x0000006f)
core   0: 3 0x800000c4 (0x0000006f)
core   0: 3 0x800000c4 (0x0000006f)
core   0: 3 0x800000c4 (0x0000006f)
core   0: 3 0x800000c4 (0x0000006f)
core   0: 3 0x800000c4 (0x0000006f)
core   0: 3 0x800000c4 (0x0000006f)
core   0: 3 0x800000c4 (0x0000006f)
core   0: 3 0x800000c4 (0x0000006f)
core   0: 3 0x800000c4 (0x0000006f)
core   0: 3 0x800000c4 (0x0000006f)
core   0: 3 0x800000c4 (0x0000006f)
core   0: 3 0x800000c4 (0x0000006f)
core   0: 3 0x800000c4 (0x0000006f)
core   0: 3 0x800000c4 (0x0000006f)
core   0: 3 0x800000c4 (0x0000006f)
core   0: 3 0x800000c4 (0x0000006f)
core   0: 3 0x800000c4 (0x0000006f)
core   0: 3 0x800000c4 (0x0000006f)
core   0: 3 0x800000c4 (0x0000006f)
core   0: 3 0x800000c4 (0x0000006f)
core   0: 3 0x800000c4 (0x0000006f)
core   0: 3 0x800000c4 (0x0000006f)
core   0: 3 0x800000c4 (0x0000006f)
core   0: 3 0x800000c4 (0x0000006f)
core   0: 3 0x800000c4 (0x0000006f)
core   0: 3 0x800000c4 (0x0000006f)
core   0: 3 0x800000c4 (0x0000006f)
core   0: 3 0x800000c4 (0x0000006f)
core   0: 3 0x800000c4 (0x0000006f)
core   0: 3 0x800000c4 (0x0000006f)
core   0: 3 0x800000c4 (0x0000006f)
core   0: 3 0x800000c4 (0x0000006f)
core   0: 3 0x800000c4 (0x0000006f)
core   0: 3 0x800000c4 (0x0000006f)
core   0: 3 0x800000c4 (0x0000006f)
core   0: 3 0x800000c4 (0x0000006f)
core   0: 3 0x800000c4 (0x0000006f)
core   0: 3 0x800000c4 (0x0000006f)
core   0: 3 0x800000c4 (0x0000006f)
core   0: 3 0x800000c4 (0x0000006f)
core   0: 3 0x800000c4 (0x0000006f)
core   0: 3 0x800000c4 (0x0000006f)
core   0: 3 0x800000c4 (0x0000006f)
core   0: 3 0x800000c4 (0x0000006f)
core   0: 3 0x800000c4 (0x0000006f)
core   0: 3 0x800000c4 (0x0000006f)
core   0: 3 0x800000c4 (0x0000006f)
core   0: 3 0x800000c4 (0x0000006f)
core   0: 3 0x800000c4 (0x0000006f)
core   0: 3 0x800000c4 (0x0000006f)
core   0: 3 0x800000c4 (0x0000006f)
core   0: 3 0x800000c4 (0x0000006f)
core   0: 3 0x800000c4 (0x0000006f)
core   0: 3 0x800000c4 (0x0000006f)
core   0: 3 0x800000c4 (0x0000006f)
core   0: 3 0x800000c4 (0x0000006f)
core   0: 3 0x800000c4 (0x0000006f)
core   0: 3 0x800000c4 (0x0000006f)
core   0: 3 0x800000c4 (0x0000006f)
core   0: 3 0x800000c4 (0x0000006f)
core   0: 3 0x800000c4 (0x0000006f)
core   0: 3 0x800000c4 (0x0000006f)
core   0: 3 0x800000c4 (0x0000006f)
core   0: 3 0x800000c4 (0x0000006f)
core   0: 3 0x800000c4 (0x0000006f)
core   0: 3 0x800000c4 (0x0000006f)
core   0: 3 0x800000c4 (0x0000006f)
core   0: 3 0x800000c4 (0x0000006f)
core   0: 3 0x800000c4 (0x0000006f)
core   0: 3 0x800000c4 (0x0000006f)
core   0: 3 0x800000c4 (0x0000006f)
core   0: 3 0x800000c4 (0x0000006f)
core   0: 3 0x800000c4 (0x0000006f)
core   0: 3 0x800000c4 (0x0000006f)
core   0: 3 0x800000c4 (0x0000006f)
core   0: 3 0x800000c4 (0x0000006f)
core   0: 3 0x800000c4 (0x0000006f)
core   0: 3 0x800000c4 (0x0000006f)
core   0: 3 0x800000c4 (0x0000006f)
core   0: 3 0x800000c4 (0x0000006f)
core   0: 3 0x800000c4 (0x0000006f)
core   0: 3 0x800000c4 (0x0000006f)
core   0: 3 0x800000c4 (0x0000006f)
core   0: 3 0x800000c4 (0x0000006f)
core   0: 3 0x800000c4 (0x0000006f)
core   0: 3 0x800000c4 (0x0000006f)
core   0: 3 0x800000c4 (0x0000006f)
core   0: 3 0x800000c4 (0x0000006f)
core   0: 3 0x800000c4 (0x0000006f)
core   0: 3 0x800000c4 (0x0000006f)
core   0: 3 0x800000c4 (0x0000006f)
core   0: 3 0x800000c4 (0x0000006f)
core   0: 3 0x800000c4 (0x0000006f)
core   0: 3 0x800000c4 (0x0000006f)
core   0: 3 0x800000c4 (0x0000006f)
core   0: 3 0x800000c4 (0x0000006f)
core   0: 3 0x800000c4 (0x0000006f)
core   0: 3 0x800000c4 (0x0000006f)
core   0: 3 0x800000c4 (0x0000006f)
core   0: 3 0x800000c4 (0x0000006f)
core   0: 3 0x800000c4 (0x0000006f)
core   0: 3 0x800000c4 (0x0000006f)
core   0: 3 0x800000c4 (0x0000006f)
core   0: 3 0x800000c4 (0x0000006f)
core   0: 3 0x800000c4 (0x0000006f)
core   0: 3 0x800000c4 (0x0000006f)
core   0: 3 0x800000c4 (0x0000006f)
core   0: 3 0x800000c4 (0x0000006f)
core   0: 3 0x800000c4 (0x0000006f)
core   0: 3 0x800000c4 (0x0000006f)
core   0: 3 0x800000c4 (0x0000006f)
core   0: 3 0x800000c4 (0x0000006f)
core   0: 3 0x800000c4 (0x0000006f)
core   0: 3 0x800000c4 (0x0000006f)
core   0: 3 0x800000c4 (0x0000006f)
core   0: 3 0x800000c4 (0x0000006f)
core   0: 3 0x800000c4 (0x0000006f)
core   0: 3 0x800000c4 (0x0000006f)
core   0: 3 0x800000c4 (0x0000006f)
core   0: 3 0x800000c4 (0x0000006f)
core   0: 3 0x800000c4 (0x0000006f)
core   0: 3 0x800000c4 (0x0000006f)
core   0: 3 0x800000c4 (0x0000006f)
core   0: 3 0x800000c4 (0x0000006f)
core   0: 3 0x800000c4 (0x0000006f)
core   0: 3 0x800000c4 (0x0000006f)
core   0: 3 0x800000c4 (0x0000006f)
core   0: 3 0x800000c4 (0x0000006f)
core   0: 3 0x800000c4 (0x0000006f)
core   0: 3 0x800000c4 (0x0000006f)
core   0: 3 0x800000c4 (0x0000006f)
core   0: 3 0x800000c4 (0x0000006f)
core   0: 3 0x800000c4 (0x0000006f)
core   0: 3 0x800000c4 (0x0000006f)
core   0: 3 0x800000c4 (0x0000006f)
core   0: 3 0x800000c4 (0x0000006f)
core   0: 3 0x800000c4 (0x0000006f)
core   0: 3 0x800000c4 (0x0000006f)
core   0: 3 0x800000c4 (0x0000006f)
core   0: 3 0x800000c4 (0x0000006f)
core   0: 3 0x800000c4 (0x0000006f)
core   0: 3 0x800000c4 (0x0000006f)
core   0: 3 0x800000c4 (0x0000006f)
core   0: 3 0x800000c4 (0x0000006f)
core   0: 3 0x800000c4 (0x0000006f)
core   0: 3 0x800000c4 (0x0000006f)
core   0: 3 0x800000c4 (0x0000006f)
core   0: 3 0x800000c4 (0x0000006f)
core   0: 3 0x800000c4 (0x0000006f)
core   0: 3 0x800000c4 (0x0000006f)
core   0: 3 0x800000c4 (0x0000006f)
core   0: 3 0x800000c4 (0x0000006f)
core   0: 3 0x800000c4 (0x0000006f)
core   0: 3 0x800000c4 (0x0000006f)
core   0: 3 0x800000c4 (0x0000006f)
core   0: 3 0x800000c4 (0x0000006f)
core   0: 3 0x800000c4 (0x0000006f)
core   0: 3 0x800000c4 (0x0000006f)
core   0: 3 0x800000c4 (0x0000006f)
core   0: 3 0x800000c4 (0x0000006f)
core   0: 3 0x800000c4 (0x0000006f)
core   0: 3 0x800000c4 (0x0000006f)
core   0: 3 0x800000c4 (0x0000006f)
core   0: 3 0x800000c4 (0x0000006f)
core   0: 3 0x800000c4 (0x0000006f)
core   0: 3 0x800000c4 (0x0000006f)
core   0: 3 0x800000c4 (0x0000006f)
core   0: 3 0x800000c4 (0x0000006f)
core   0: 3 0x800000c4 (0x0000006f)
core   0: 3 0x800000c4 (0x0000006f)
core   0: 3 0x800000c4 (0x0000006f)
core   0: 3 0x800000c4 (0x0000006f)
core   0: 3 0x800000c4 (0x0000006f)
core   0: 3 0x800000c4 (0x0000006f)
core   0: 3 0x800000c4 (0x0000006f)
core   0: 3 0x800000c4 (0x0000006f)
core   0: 3 0x800000c4 (0x0000006f)
core   0: 3 0x800000c4 (0x0000006f)
core   0: 3 0x800000c4 (0x0000006f)
core   0: 3 0x800000c4 (0x0000006f)
core   0: 3 0x800000c4 (0x0000006f)
core   0: 3 0x800000c4 (0x0000006f)
core   0: 3 0x800000c4 (0x0000006f)
core   0: 3 0x800000c4 (0x0000006f)
core   0: 3 0x800000c4 (0x0000006f)
core   0: 3 0x800000c4 (0x0000006f)
core   0: 3 0x800000c4 (0x0000006f)
core   0: 3 0x800000c4 (0x0000006f)
core   0: 3 0x800000c4 (0x0000006f)
core   0: 3 0x800000c4 (0x0000006f)
core   0: 3 0x800000c4 (0x0000006f)
core   0: 3 0x800000c4 (0x0000006f)
core   0: 3 0x800000c4 (0x0000006f)
core   0: 3 0x800000c4 (0x0000006f)
core   0: 3 0x800000c4 (0x0000006f)
core   0: 3 0x800000c4 (0x0000006f)
core   0: 3 0x800000c4 (0x0000006f)
core   0: 3 0x800000c4 (0x0000006f)
core   0: 3 0x800000c4 (0x0000006f)
core   0: 3 0x800000c4 (0x0000006f)
core   0: 3 0x800000c4 (0x0000006f)
core   0: 3 0x800000c4 (0x0000006f)
core   0: 3 0x800000c4 (0x0000006f)
core   0: 3 0x800000c4 (0x0000006f)
core   0: 3 0x800000c4 (0x0000006f)
core   0: 3 0x800000c4 (0x0000006f)
core   0: 3 0x800000c4 (0x0000006f)
core   0: 3 0x800000c4 (0x0000006f)
core   0: 3 0x800000c4 (0x0000006f)
core   0: 3 0x800000c4 (0x0000006f)
core   0: 3 0x800000c4 (0x0000006f)
core   0: 3 0x800000c4 (0x0000006f)
core   0: 3 0x800000c4 (0x0000006f)
core   0: 3 0x800000c4 (0x0000006f)
core   0: 3 0x800000c4 (0x0000006f)
core   0: 3 0x800000c4 (0x0000006f)
core   0: 3 0x800000c4 (0x0000006f)
core   0: 3 0x800000c4 (0x0000006f)
core   0: 3 0x800000c4 (0x0000006f)
core   0: 3 0x800000c4 (0x0000006f)
core   0: 3 0x800000c4 (0x0000006f)
core   0: 3 0x800000c4 (0x0000006f)
core   0: 3 0x800000c4 (0x0000006f)
core   0: 3 0x800000c4 (0x0000006f)
core   0: 3 0x800000c4 (0x0000006f)
core   0: 3 0x800000c4 (0x0000006f)
core   0: 3 0x800000c4 (0x0000006f)
core   0: 3 0x800000c4 (0x0000006f)
core   0: 3 0x800000c4 (0x0000006f)
core   0: 3 0x800000c4 (0x0000006f)
core   0: 3 0x800000c4 (0x0000006f)
core   0: 3 0x800000c4 (0x0000006f)
core   0: 3 0x800000c4 (0x0000006f)
core   0: 3 0x800000c4 (0x0000006f)
core   0: 3 0x800000c4 (0x0000006f)
core   0: 3 0x800000c4 (0x0000006f)
core   0: 3 0x800000c4 (0x0000006f)
core   0: 3 0x800000c4 (0x0000006f)
core   0: 3 0x800000c4 (0x0000006f)
core   0: 3 0x800000c4 (0x0000006f)
core   0: 3 0x800000c4 (0x0000006f)
core   0: 3 0x800000c4 (0x0000006f)
core   0: 3 0x800000c4 (0x0000006f)
core   0: 3 0x800000c4 (0x0000006f)
core   0: 3 0x800000c4 (0x0000006f)
core   0: 3 0x800000c4 (0x0000006f)
core   0: 3 0x800000c4 (0x0000006f)
core   0: 3 0x800000c4 (0x0000006f)
core   0: 3 0x800000c4 (0x0000006f)
core   0: 3 0x800000c4 (0x0000006f)
core   0: 3 0x800000c4 (0x0000006f)
core   0: 3 0x800000c4 (0x0000006f)
core   0: 3 0x800000c4 (0x0000006f)
core   0: 3 0x800000c4 (0x0000006f)
core   0: 3 0x800000c4 (0x0000006f)
core   0: 3 0x800000c4 (0x0000006f)
core   0: 3 0x800000c4 (0x0000006f)
core   0: 3 0x800000c4 (0x0000006f)
core   0: 3 0x800000c4 (0x0000006f)
core   0: 3 0x800000c4 (0x0000006f)
core   0: 3 0x800000c4 (0x0000006f)
core   0: 3 0x800000c4 (0x0000006f)
core   0: 3 0x800000c4 (0x0000006f)
core   0: 3 0x800000c4 (0x0000006f)
core   0: 3 0x800000c4 (0x0000006f)
core   0: 3 0x800000c4 (0x0000006f)
core   0: 3 0x800000c4 (0x0000006f)
core   0: 3 0x800000c4 (0x0000006f)
core   0: 3 0x800000c4 (0x0000006f)
core   0: 3 0x800000c4 (0x0000006f)
core   0: 3 0x800000c4 (0x0000006f)
core   0: 3 0x800000c4 (0x0000006f)
core   0: 3 0x800000c4 (0x0000006f)
core   0: 3 0x800000c4 (0x0000006f)
core   0: 3 0x800000c4 (0x0000006f)
core   0: 3 0x800000c4 (0x0000006f)
core   0: 3 0x800000c4 (0x0000006f)
core   0: 3 0x800000c4 (0x0000006f)
core   0: 3 0x800000c4 (0x0000006f)
core   0: 3 0x800000c4 (0x0000006f)
core   0: 3 0x800000c4 (0x0000006f)
core   0: 3 0x800000c4 (0x0000006f)
core   0: 3 0x800000c4 (0x0000006f)
core   0: 3 0x800000c4 (0x0000006f)
core   0: 3 0x800000c4 (0x0000006f)
core   0: 3 0x800000c4 (0x0000006f)
core   0: 3 0x800000c4 (0x0000006f)
core   0: 3 0x800000c4 (0x0000006f)
core   0: 3 0x800000c4 (0x0000006f)
core   0: 3 0x800000c4 (0x0000006f)
core   0: 3 0x800000c4 (0x0000006f)
core   0: 3 0x800000c4 (0x0000006f)
core   0: 3 0x800000c4 (0x0000006f)
core   0: 3 0x800000c4 (0x0000006f)
core   0: 3 0x800000c4 (0x0000006f)
core   0: 3 0x800000c4 (0x0000006f)
core   0: 3 0x800000c4 (0x0000006f)
core   0: 3 0x800000c4 (0x0000006f)
core   0: 3 0x800000c4 (0x0000006f)
core   0: 3 0x800000c4 (0x0000006f)
core   0: 3 0x800000c4 (0x0000006f)
core   0: 3 0x800000c4 (0x0000006f)
core   0: 3 0x800000c4 (0x0000006f)
core   0: 3 0x800000c4 (0x0000006f)
core   0: 3 0x800000c4 (0x0000006f)
core   0: 3 0x800000c4 (0x0000006f)
core   0: 3 0x800000c4 (0x0000006f)
core   0: 3 0x800000c4 (0x0000006f)
core   0: 3 0x800000c4 (0x0000006f)
core   0: 3 0x800000c4 (0x0000006f)
core   0: 3 0x800000c4 (0x0000006f)
core   0: 3 0x800000c4 (0x0000006f)
core   0: 3 0x800000c4 (0x0000006f)
core   0: 3 0x800000c4 (0x0000006f)
core   0: 3 0x800000c4 (0x0000006f)
core   0: 3 0x800000c4 (0x0000006f)
core   0: 3 0x800000c4 (0x0000006f)
core   0: 3 0x800000c4 (0x0000006f)
core   0: 3 0x800000c4 (0x0000006f)
core   0: 3 0x800000c4 (0x0000006f)
core   0: 3 0x800000c4 (0x0000006f)
core   0: 3 0x800000c4 (0x0000006f)
core   0: 3 0x800000c4 (0x0000006f)
core   0: 3 0x800000c4 (0x0000006f)
core   0: 3 0x800000c4 (0x0000006f)
core   0: 3 0x800000c4 (0x0000006f)
core   0: 3 0x800000c4 (0x0000006f)
core   0: 3 0x800000c4 (0x0000006f)
core   0: 3 0x800000c4 (0x0000006f)
core   0: 3 0x800000c4 (0x0000006f)
core   0: 3 0x800000c4 (0x0000006f)
core   0: 3 0x800000c4 (0x0000006f)
core   0: 3 0x800000c4 (0x0000006f)
core   0: 3 0x800000c4 (0x0000006f)
core   0: 3 0x800000c4 (0x0000006f)
core   0: 3 0x800000c4 (0x0000006f)
core   0: 3 0x800000c4 (0x0000006f)
core   0: 3 0x800000c4 (0x0000006f)
core   0: 3 0x800000c4 (0x0000006f)
core   0: 3 0x800000c4 (0x0000006f)
core   0: 3 0x800000c4 (0x0000006f)
core   0: 3 0x800000c4 (0x0000006f)
core   0: 3 0x800000c4 (0x0000006f)
core   0: 3 0x800000c4 (0x0000006f)
core   0: 3 0x800000c4 (0x0000006f)
core   0: 3 0x800000c4 (0x0000006f)
core   0: 3 0x800000c4 (0x0000006f)
core   0: 3 0x800000c4 (0x0000006f)
core   0: 3 0x800000c4 (0x0000006f)
core   0: 3 0x800000c4 (0x0000006f)
core   0: 3 0x800000c4 (0x0000006f)
core   0: 3 0x800000c4 (0x0000006f)
core   0: 3 0x800000c4 (0x0000006f)
core   0: 3 0x800000c4 (0x0000006f)
core   0: 3 0x800000c4 (0x0000006f)
core   0: 3 0x800000c4 (0x0000006f)
core   0: 3 0x800000c4 (0x0000006f)
core   0: 3 0x800000c4 (0x0000006f)
core   0: 3 0x800000c4 (0x0000006f)
core   0: 3 0x800000c4 (0x0000006f)
core   0: 3 0x800000c4 (0x0000006f)
core   0: 3 0x800000c4 (0x0000006f)
core   0: 3 0x800000c4 (0x0000006f)
core   0: 3 0x800000c4 (0x0000006f)
core   0: 3 0x800000c4 (0x0000006f)
core   0: 3 0x800000c4 (0x0000006f)
core   0: 3 0x800000c4 (0x0000006f)
core   0: 3 0x800000c4 (0x0000006f)
core   0: 3 0x800000c4 (0x0000006f)
core   0: 3 0x800000c4 (0x0000006f)
core   0: 3 0x800000c4 (0x0000006f)
core   0: 3 0x800000c4 (0x0000006f)
core   0: 3 0x800000c4 (0x0000006f)
core   0: 3 0x800000c4 (0x0000006f)
core   0: 3 0x800000c4 (0x0000006f)
core   0: 3 0x800000c4 (0x0000006f)
core   0: 3 0x800000c4 (0x0000006f)
core   0: 3 0x800000c4 (0x0000006f)
core   0: 3 0x800000c4 (0x0000006f)
core   0: 3 0x800000c4 (0x0000006f)
core   0: 3 0x800000c4 (0x0000006f)
core   0: 3 0x800000c4 (0x0000006f)
core   0: 3 0x800000c4 (0x0000006f)
core   0: 3 0x800000c4 (0x0000006f)
core   0: 3 0x800000c4 (0x0000006f)
core   0: 3 0x800000c4 (0x0000006f)
core   0: 3 0x800000c4 (0x0000006f)
core   0: 3 0x800000c4 (0x0000006f)
core   0: 3 0x800000c4 (0x0000006f)
core   0: 3 0x800000c4 (0x0000006f)
core   0: 3 0x800000c4 (0x0000006f)
core   0: 3 0x800000c4 (0x0000006f)
core   0: 3 0x800000c4 (0x0000006f)
core   0: 3 0x800000c4 (0x0000006f)
core   0: 3 0x800000c4 (0x0000006f)
core   0: 3 0x800000c4 (0x0000006f)
core   0: 3 0x800000c4 (0x0000006f)
core   0: 3 0x800000c4 (0x0000006f)
core   0: 3 0x800000c4 (0x0000006f)
core   0: 3 0x800000c4 (0x0000006f)
core   0: 3 0x800000c4 (0x0000006f)
core   0: 3 0x800000c4 (0x0000006f)
core   0: 3 0x800000c4 (0x0000006f)
core   0: 3 0x800000c4 (0x0000006f)
core   0: 3 0x800000c4 (0x0000006f)
core   0: 3 0x800000c4 (0x0000006f)
core   0: 3 0x800000c4 (0x0000006f)
core   0: 3 0x800000c4 (0x0000006f)
core   0: 3 0x800000c4 (0x0000006f)
core   0: 3 0x800000c4 (0x0000006f)
core   0: 3 0x800000c4 (0x0000006f)
core   0: 3 0x800000c4 (0x0000006f)
core   0: 3 0x800000c4 (0x0000006f)
core   0: 3 0x800000c4 (0x0000006f)
core   0: 3 0x800000c4 (0x0000006f)
core   0: 3 0x800000c4 (0x0000006f)
core   0: 3 0x800000c4 (0x0000006f)
core   0: 3 0x800000c4 (0x0000006f)
core   0: 3 0x800000c4 (0x0000006f)
core   0: 3 0x800000c4 (0x0000006f)
core   0: 3 0x800000c4 (0x0000006f)
core   0: 3 0x800000c4 (0x0000006f)
core   0: 3 0x800000c4 (0x0000006f)
core   0: 3 0x800000c4 (0x0000006f)
core   0: 3 0x800000c4 (0x0000006f)
core   0: 3 0x800000c4 (0x0000006f)
core   0: 3 0x800000c4 (0x0000006f)
core   0: 3 0x800000c4 (0x0000006f)
core   0: 3 0x800000c4 (0x0000006f)
core   0: 3 0x800000c4 (0x0000006f)
core   0: 3 0x800000c4 (0x0000006f)
core   0: 3 0x800000c4 (0x0000006f)
core   0: 3 0x800000c4 (0x0000006f)
core   0: 3 0x800000c4 (0x0000006f)
core   0: 3 0x800000c4 (0x0000006f)
core   0: 3 0x800000c4 (0x0000006f)
core   0: 3 0x800000c4 (0x0000006f)
core   0: 3 0x800000c4 (0x0000006f)
core   0: 3 0x800000c4 (0x0000006f)
core   0: 3 0x800000c4 (0x0000006f)
core   0: 3 0x800000c4 (0x0000006f)
core   0: 3 0x800000c4 (0x0000006f)
core   0: 3 0x800000c4 (0x0000006f)
core   0: 3 0x800000c4 (0x0000006f)
core   0: 3 0x800000c4 (0x0000006f)
core   0: 3 0x800000c4 (0x0000006f)
core   0: 3 0x800000c4 (0x0000006f)
core   0: 3 0x800000c4 (0x0000006f)
core   0: 3 0x800000c4 (0x0000006f)
core   0: 3 0x800000c4 (0x0000006f)
core   0: 3 0x800000c4 (0x0000006f)
core   0: 3 0x800000c4 (0x0000006f)
core   0: 3 0x800000c4 (0x0000006f)
core   0: 3 0x800000c4 (0x0000006f)
core   0: 3 0x800000c4 (0x0000006f)
core   0: 3 0x800000c4 (0x0000006f)
core   0: 3 0x800000c4 (0x0000006f)
core   0: 3 0x800000c4 (0x0000006f)
core   0: 3 0x800000c4 (0x0000006f)
core   0: 3 0x800000c4 (0x0000006f)
core   0: 3 0x800000c4 (0x0000006f)
core   0: 3 0x800000c4 (0x0000006f)
core   0: 3 0x800000c4 (0x0000006f)
core   0: 3 0x800000c4 (0x0000006f)
core   0: 3 0x800000c4 (0x0000006f)
core   0: 3 0x800000c4 (0x0000006f)
core   0: 3 0x800000c4 (0x0000006f)
core   0: 3 0x800000c4 (0x0000006f)
core   0: 3 0x800000c4 (0x0000006f)
core   0: 3 0x800000c4 (0x0000006f)
core   0: 3 0x800000c4 (0x0000006f)
core   0: 3 0x800000c4 (0x0000006f)
core   0: 3 0x800000c4 (0x0000006f)
core   0: 3 0x800000c4 (0x0000006f)
core   0: 3 0x800000c4 (0x0000006f)
core   0: 3 0x800000c4 (0x0000006f)
core   0: 3 0x800000c4 (0x0000006f)
core   0: 3 0x800000c4 (0x0000006f)
core   0: 3 0x800000c4 (0x0000006f)
core   0: 3 0x800000c4 (0x0000006f)
core   0: 3 0x800000c4 (0x0000006f)
core   0: 3 0x800000c4 (0x0000006f)
core   0: 3 0x800000c4 (0x0000006f)
core   0: 3 0x800000c4 (0x0000006f)
core   0: 3 0x800000c4 (0x0000006f)
core   0: 3 0x800000c4 (0x0000006f)
core   0: 3 0x800000c4 (0x0000006f)
core   0: 3 0x800000c4 (0x0000006f)
core   0: 3 0x800000c4 (0x0000006f)
core   0: 3 0x800000c4 (0x0000006f)
core   0: 3 0x800000c4 (0x0000006f)
core   0: 3 0x800000c4 (0x0000006f)
core   0: 3 0x800000c4 (0x0000006f)
core   0: 3 0x800000c4 (0x0000006f)
core   0: 3 0x800000c4 (0x0000006f)
core   0: 3 0x800000c4 (0x0000006f)
core   0: 3 0x800000c4 (0x0000006f)
core   0: 3 0x800000c4 (0x0000006f)
core   0: 3 0x800000c4 (0x0000006f)
core   0: 3 0x800000c4 (0x0000006f)
core   0: 3 0x800000c4 (0x0000006f)
core   0: 3 0x800000c4 (0x0000006f)
core   0: 3 0x800000c4 (0x0000006f)
core   0: 3 0x800000c4 (0x0000006f)
core   0: 3 0x800000c4 (0x0000006f)
core   0: 3 0x800000c4 (0x0000006f)
core   0: 3 0x800000c4 (0x0000006f)
core   0: 3 0x800000c4 (0x0000006f)
core   0: 3 0x800000c4 (0x0000006f)
core   0: 3 0x800000c4 (0x0000006f)
core   0: 3 0x800000c4 (0x0000006f)
core   0: 3 0x800000c4 (0x0000006f)
core   0: 3 0x800000c4 (0x0000006f)
core   0: 3 0x800000c4 (0x0000006f)
core   0: 3 0x800000c4 (0x0000006f)
core   0: 3 0x800000c4 (0x0000006f)
core   0: 3 0x800000c4 (0x0000006f)
core   0: 3 0x800000c4 (0x0000006f)
core   0: 3 0x800000c4 (0x0000006f)
core   0: 3 0x800000c4 (0x0000006f)
core   0: 3 0x800000c4 (0x0000006f)
core   0: 3 0x800000c4 (0x0000006f)
core   0: 3 0x800000c4 (0x0000006f)
core   0: 3 0x800000c4 (0x0000006f)
core   0: 3 0x800000c4 (0x0000006f)
core   0: 3 0x800000c4 (0x0000006f)
core   0: 3 0x800000c4 (0x0000006f)
core   0: 3 0x800000c4 (0x0000006f)
core   0: 3 0x800000c4 (0x0000006f)
core   0: 3 0x800000c4 (0x0000006f)
core   0: 3 0x800000c4 (0x0000006f)
core   0: 3 0x800000c4 (0x0000006f)
core   0: 3 0x800000c4 (0x0000006f)
core   0: 3 0x800000c4 (0x0000006f)
core   0: 3 0x800000c4 (0x0000006f)
core   0: 3 0x800000c4 (0x0000006f)
core   0: 3 0x800000c4 (0x0000006f)
core   0: 3 0x800000c4 (0x0000006f)
core   0: 3 0x800000c4 (0x0000006f)
core   0: 3 0x800000c4 (0x0000006f)
core   0: 3 0x800000c4 (0x0000006f)
core   0: 3 0x800000c4 (0x0000006f)
core   0: 3 0x800000c4 (0x0000006f)
core   0: 3 0x800000c4 (0x0000006f)
core   0: 3 0x800000c4 (0x0000006f)
core   0: 3 0x800000c4 (0x0000006f)
core   0: 3 0x800000c4 (0x0000006f)
core   0: 3 0x800000c4 (0x0000006f)
core   0: 3 0x800000c4 (0x0000006f)
core   0: 3 0x800000c4 (0x0000006f)
core   0: 3 0x800000c4 (0x0000006f)
core   0: 3 0x800000c4 (0x0000006f)
core   0: 3 0x800000c4 (0x0000006f)
core   0: 3 0x800000c4 (0x0000006f)
core   0: 3 0x800000c4 (0x0000006f)
core   0: 3 0x800000c4 (0x0000006f)
core   0: 3 0x800000c4 (0x0000006f)
core   0: 3 0x800000c4 (0x0000006f)
core   0: 3 0x800000c4 (0x0000006f)
core   0: 3 0x800000c4 (0x0000006f)
core   0: 3 0x800000c4 (0x0000006f)
core   0: 3 0x800000c4 (0x0000006f)
core   0: 3 0x800000c4 (0x0000006f)
core   0: 3 0x800000c4 (0x0000006f)
core   0: 3 0x800000c4 (0x0000006f)
core   0: 3 0x800000c4 (0x0000006f)
core   0: 3 0x800000c4 (0x0000006f)
core   0: 3 0x800000c4 (0x0000006f)
core   0: 3 0x800000c4 (0x0000006f)
core   0: 3 0x800000c4 (0x0000006f)
core   0: 3 0x800000c4 (0x0000006f)
core   0: 3 0x800000c4 (0x0000006f)
core   0: 3 0x800000c4 (0x0000006f)
core   0: 3 0x800000c4 (0x0000006f)
core   0: 3 0x800000c4 (0x0000006f)
core   0: 3 0x800000c4 (0x0000006f)
core   0: 3 0x800000c4 (0x0000006f)
core   0: 3 0x800000c4 (0x0000006f)
core   0: 3 0x800000c4 (0x0000006f)
core   0: 3 0x800000c4 (0x0000006f)
core   0: 3 0x800000c4 (0x0000006f)
core   0: 3 0x800000c4 (0x0000006f)
core   0: 3 0x800000c4 (0x0000006f)
core   0: 3 0x800000c4 (0x0000006f)
core   0: 3 0x800000c4 (0x0000006f)
core   0: 3 0x800000c4 (0x0000006f)
core   0: 3 0x800000c4 (0x0000006f)
core   0: 3 0x800000c4 (0x0000006f)
core   0: 3 0x800000c4 (0x0000006f)
core   0: 3 0x800000c4 (0x0000006f)
core   0: 3 0x800000c4 (0x0000006f)
core   0: 3 0x800000c4 (0x0000006f)
core   0: 3 0x800000c4 (0x0000006f)
core   0: 3 0x800000c4 (0x0000006f)
core   0: 3 0x800000c4 (0x0000006f)
core   0: 3 0x800000c4 (0x0000006f)
core   0: 3 0x800000c4 (0x0000006f)
core   0: 3 0x800000c4 (0x0000006f)
core   0: 3 0x800000c4 (0x0000006f)
core   0: 3 0x800000c4 (0x0000006f)
core   0: 3 0x800000c4 (0x0000006f)
core   0: 3 0x800000c4 (0x0000006f)
core   0: 3 0x800000c4 (0x0000006f)
core   0: 3 0x800000c4 (0x0000006f)
core   0: 3 0x800000c4 (0x0000006f)
core   0: 3 0x800000c4 (0x0000006f)
core   0: 3 0x800000c4 (0x0000006f)
core   0: 3 0x800000c4 (0x0000006f)
core   0: 3 0x800000c4 (0x0000006f)
core   0: 3 0x800000c4 (0x0000006f)
core   0: 3 0x800000c4 (0x0000006f)
core   0: 3 0x800000c4 (0x0000006f)
core   0: 3 0x800000c4 (0x0000006f)
core   0: 3 0x800000c4 (0x0000006f)
core   0: 3 0x800000c4 (0x0000006f)
core   0: 3 0x800000c4 (0x0000006f)
core   0: 3 0x800000c4 (0x0000006f)
core   0: 3 0x800000c4 (0x0000006f)
core   0: 3 0x800000c4 (0x0000006f)
core   0: 3 0x800000c4 (0x0000006f)
core   0: 3 0x800000c4 (0x0000006f)
core   0: 3 0x800000c4 (0x0000006f)
core   0: 3 0x800000c4 (0x0000006f)
core   0: 3 0x800000c4 (0x0000006f)
core   0: 3 0x800000c4 (0x0000006f)
core   0: 3 0x800000c4 (0x0000006f)
core   0: 3 0x800000c4 (0x0000006f)
core   0: 3 0x800000c4 (0x0000006f)
core   0: 3 0x800000c4 (0x0000006f)
core   0: 3 0x800000c4 (0x0000006f)
core   0: 3 0x800000c4 (0x0000006f)
core   0: 3 0x800000c4 (0x0000006f)
core   0: 3 0x800000c4 (0x0000006f)
core   0: 3 0x800000c4 (0x0000006f)
core   0: 3 0x800000c4 (0x0000006f)
core   0: 3 0x800000c4 (0x0000006f)
core   0: 3 0x800000c4 (0x0000006f)
core   0: 3 0x800000c4 (0x0000006f)
core   0: 3 0x800000c4 (0x0000006f)
core   0: 3 0x800000c4 (0x0000006f)
core   0: 3 0x800000c4 (0x0000006f)
core   0: 3 0x800000c4 (0x0000006f)
core   0: 3 0x800000c4 (0x0000006f)
core   0: 3 0x800000c4 (0x0000006f)
core   0: 3 0x800000c4 (0x0000006f)
core   0: 3 0x800000c4 (0x0000006f)
core   0: 3 0x800000c4 (0x0000006f)
core   0: 3 0x800000c4 (0x0000006f)
core   0: 3 0x800000c4 (0x0000006f)
core   0: 3 0x800000c4 (0x0000006f)
core   0: 3 0x800000c4 (0x0000006f)
core   0: 3 0x800000c4 (0x0000006f)
core   0: 3 0x800000c4 (0x0000006f)
core   0: 3 0x800000c4 (0x0000006f)
core   0: 3 0x800000c4 (0x0000006f)
core   0: 3 0x800000c4 (0x0000006f)
core   0: 3 0x800000c4 (0x0000006f)
core   0: 3 0x800000c4 (0x0000006f)
core   0: 3 0x800000c4 (0x0000006f)
core   0: 3 0x800000c4 (0x0000006f)
core   0: 3 0x800000c4 (0x0000006f)
core   0: 3 0x800000c4 (0x0000006f)
core   0: 3 0x800000c4 (0x0000006f)
core   0: 3 0x800000c4 (0x0000006f)
core   0: 3 0x800000c4 (0x0000006f)
core   0: 3 0x800000c4 (0x0000006f)
core   0: 3 0x800000c4 (0x0000006f)
core   0: 3 0x800000c4 (0x0000006f)
core   0: 3 0x800000c4 (0x0000006f)
core   0: 3 0x800000c4 (0x0000006f)
core   0: 3 0x800000c4 (0x0000006f)
core   0: 3 0x800000c4 (0x0000006f)
core   0: 3 0x800000c4 (0x0000006f)
core   0: 3 0x800000c4 (0x0000006f)
core   0: 3 0x800000c4 (0x0000006f)
core   0: 3 0x800000c4 (0x0000006f)
core   0: 3 0x800000c4 (0x0000006f)
core   0: 3 0x800000c4 (0x0000006f)
core   0: 3 0x800000c4 (0x0000006f)
core   0: 3 0x800000c4 (0x0000006f)
core   0: 3 0x800000c4 (0x0000006f)
core   0: 3 0x800000c4 (0x0000006f)
core   0: 3 0x800000c4 (0x0000006f)
core   0: 3 0x800000c4 (0x0000006f)
core   0: 3 0x800000c4 (0x0000006f)
core   0: 3 0x800000c4 (0x0000006f)
core   0: 3 0x800000c4 (0x0000006f)
core   0: 3 0x800000c4 (0x0000006f)
core   0: 3 0x800000c4 (0x0000006f)
core   0: 3 0x800000c4 (0x0000006f)
core   0: 3 0x800000c4 (0x0000006f)
core   0: 3 0x800000c4 (0x0000006f)
core   0: 3 0x800000c4 (0x0000006f)
core   0: 3 0x800000c4 (0x0000006f)
core   0: 3 0x800000c4 (0x0000006f)
core   0: 3 0x800000c4 (0x0000006f)
core   0: 3 0x800000c4 (0x0000006f)
core   0: 3 0x800000c4 (0x0000006f)
core   0: 3 0x800000c4 (0x0000006f)
core   0: 3 0x800000c4 (0x0000006f)
core   0: 3 0x800000c4 (0x0000006f)
core   0: 3 0x800000c4 (0x0000006f)
core   0: 3 0x800000c4 (0x0000006f)
core   0: 3 0x800000c4 (0x0000006f)
core   0: 3 0x800000c4 (0x0000006f)
core   0: 3 0x800000c4 (0x0000006f)
core   0: 3 0x800000c4 (0x0000006f)
core   0: 3 0x800000c4 (0x0000006f)
core   0: 3 0x800000c4 (0x0000006f)
core   0: 3 0x800000c4 (0x0000006f)
core   0: 3 0x800000c4 (0x0000006f)
core   0: 3 0x800000c4 (0x0000006f)
core   0: 3 0x800000c4 (0x0000006f)
core   0: 3 0x800000c4 (0x0000006f)
core   0: 3 0x800000c4 (0x0000006f)
core   0: 3 0x800000c4 (0x0000006f)
core   0: 3 0x800000c4 (0x0000006f)
core   0: 3 0x800000c4 (0x0000006f)
core   0: 3 0x800000c4 (0x0000006f)
core   0: 3 0x800000c4 (0x0000006f)
core   0: 3 0x800000c4 (0x0000006f)
core   0: 3 0x800000c4 (0x0000006f)
core   0: 3 0x800000c4 (0x0000006f)
core   0: 3 0x800000c4 (0x0000006f)
core   0: 3 0x800000c4 (0x0000006f)
core   0: 3 0x800000c4 (0x0000006f)
core   0: 3 0x800000c4 (0x0000006f)
core   0: 3 0x800000c4 (0x0000006f)
core   0: 3 0x800000c4 (0x0000006f)
core   0: 3 0x800000c4 (0x0000006f)
core   0: 3 0x800000c4 (0x0000006f)
core   0: 3 0x800000c4 (0x0000006f)
core   0: 3 0x800000c4 (0x0000006f)
core   0: 3 0x800000c4 (0x0000006f)
core   0: 3 0x800000c4 (0x0000006f)
core   0: 3 0x800000c4 (0x0000006f)
core   0: 3 0x800000c4 (0x0000006f)
core   0: 3 0x800000c4 (0x0000006f)
core   0: 3 0x800000c4 (0x0000006f)
core   0: 3 0x800000c4 (0x0000006f)
core   0: 3 0x800000c4 (0x0000006f)
core   0: 3 0x800000c4 (0x0000006f)
core   0: 3 0x800000c4 (0x0000006f)
core   0: 3 0x800000c4 (0x0000006f)
core   0: 3 0x800000c4 (0x0000006f)
core   0: 3 0x800000c4 (0x0000006f)
core   0: 3 0x800000c4 (0x0000006f)
core   0: 3 0x800000c4 (0x0000006f)
core   0: 3 0x800000c4 (0x0000006f)
core   0: 3 0x800000c4 (0x0000006f)
core   0: 3 0x800000c4 (0x0000006f)
core   0: 3 0x800000c4 (0x0000006f)
core   0: 3 0x800000c4 (0x0000006f)
core   0: 3 0x800000c4 (0x0000006f)
core   0: 3 0x800000c4 (0x0000006f)
core   0: 3 0x800000c4 (0x0000006f)
core   0: 3 0x800000c4 (0x0000006f)
core   0: 3 0x800000c4 (0x0000006f)
core   0: 3 0x800000c4 (0x0000006f)
core   0: 3 0x800000c4 (0x0000006f)
core   0: 3 0x800000c4 (0x0000006f)
core   0: 3 0x800000c4 (0x0000006f)
core   0: 3 0x800000c4 (0x0000006f)
core   0: 3 0x800000c4 (0x0000006f)
core   0: 3 0x800000c4 (0x0000006f)
core   0: 3 0x800000c4 (0x0000006f)
core   0: 3 0x800000c4 (0x0000006f)
core   0: 3 0x800000c4 (0x0000006f)
core   0: 3 0x800000c4 (0x0000006f)
core   0: 3 0x800000c4 (0x0000006f)
core   0: 3 0x800000c4 (0x0000006f)
core   0: 3 0x800000c4 (0x0000006f)
core   0: 3 0x800000c4 (0x0000006f)
core   0: 3 0x800000c4 (0x0000006f)
core   0: 3 0x800000c4 (0x0000006f)
core   0: 3 0x800000c4 (0x0000006f)
core   0: 3 0x800000c4 (0x0000006f)
core   0: 3 0x800000c4 (0x0000006f)
core   0: 3 0x800000c4 (0x0000006f)
core   0: 3 0x800000c4 (0x0000006f)
core   0: 3 0x800000c4 (0x0000006f)
core   0: 3 0x800000c4 (0x0000006f)
core   0: 3 0x800000c4 (0x0000006f)
core   0: 3 0x800000c4 (0x0000006f)
core   0: 3 0x800000c4 (0x0000006f)
core   0: 3 0x800000c4 (0x0000006f)
core   0: 3 0x800000c4 (0x0000006f)
core   0: 3 0x800000c4 (0x0000006f)
core   0: 3 0x800000c4 (0x0000006f)
core   0: 3 0x800000c4 (0x0000006f)
core   0: 3 0x800000c4 (0x0000006f)
core   0: 3 0x800000c4 (0x0000006f)
core   0: 3 0x800000c4 (0x0000006f)
core   0: 3 0x800000c4 (0x0000006f)
core   0: 3 0x800000c4 (0x0000006f)
core   0: 3 0x800000c4 (0x0000006f)
core   0: 3 0x800000c4 (0x0000006f)
core   0: 3 0x800000c4 (0x0000006f)
core   0: 3 0x800000c4 (0x0000006f)
core   0: 3 0x800000c4 (0x0000006f)
core   0: 3 0x800000c4 (0x0000006f)
core   0: 3 0x800000c4 (0x0000006f)
core   0: 3 0x800000c4 (0x0000006f)
core   0: 3 0x800000c4 (0x0000006f)
core   0: 3 0x800000c4 (0x0000006f)
core   0: 3 0x800000c4 (0x0000006f)
core   0: 3 0x800000c4 (0x0000006f)
core   0: 3 0x800000c4 (0x0000006f)
core   0: 3 0x800000c4 (0x0000006f)
core   0: 3 0x800000c4 (0x0000006f)
core   0: 3 0x800000c4 (0x0000006f)
core   0: 3 0x800000c4 (0x0000006f)
core   0: 3 0x800000c4 (0x0000006f)
core   0: 3 0x800000c4 (0x0000006f)
core   0: 3 0x800000c4 (0x0000006f)
core   0: 3 0x800000c4 (0x0000006f)
core   0: 3 0x800000c4 (0x0000006f)
core   0: 3 0x800000c4 (0x0000006f)
core   0: 3 0x800000c4 (0x0000006f)
core   0: 3 0x800000c4 (0x0000006f)
core   0: 3 0x800000c4 (0x0000006f)
core   0: 3 0x800000c4 (0x0000006f)
core   0: 3 0x800000c4 (0x0000006f)
core   0: 3 0x800000c4 (0x0000006f)
core   0: 3 0x800000c4 (0x0000006f)
core   0: 3 0x800000c4 (0x0000006f)
core   0: 3 0x800000c4 (0x0000006f)
core   0: 3 0x800000c4 (0x0000006f)
core   0: 3 0x800000c4 (0x0000006f)
core   0: 3 0x800000c4 (0x0000006f)
core   0: 3 0x800000c4 (0x0000006f)
core   0: 3 0x800000c4 (0x0000006f)
core   0: 3 0x800000c4 (0x0000006f)
core   0: 3 0x800000c4 (0x0000006f)
core   0: 3 0x800000c4 (0x0000006f)
core   0: 3 0x800000c4 (0x0000006f)
core   0: 3 0x800000c4 (0x0000006f)
core   0: 3 0x800000c4 (0x0000006f)
core   0: 3 0x800000c4 (0x0000006f)
core   0: 3 0x800000c4 (0x0000006f)
core   0: 3 0x800000c4 (0x0000006f)
core   0: 3 0x800000c4 (0x0000006f)
core   0: 3 0x800000c4 (0x0000006f)
core   0: 3 0x800000c4 (0x0000006f)
core   0: 3 0x800000c4 (0x0000006f)
core   0: 3 0x800000c4 (0x0000006f)
core   0: 3 0x800000c4 (0x0000006f)
core   0: 3 0x800000c4 (0x0000006f)
core   0: 3 0x800000c4 (0x0000006f)
core   0: 3 0x800000c4 (0x0000006f)
core   0: 3 0x800000c4 (0x0000006f)
core   0: 3 0x800000c4 (0x0000006f)
core   0: 3 0x800000c4 (0x0000006f)
core   0: 3 0x800000c4 (0x0000006f)
core   0: 3 0x800000c4 (0x0000006f)
core   0: 3 0x800000c4 (0x0000006f)
core   0: 3 0x800000c4 (0x0000006f)
core   0: 3 0x800000c4 (0x0000006f)
core   0: 3 0x800000c4 (0x0000006f)
core   0: 3 0x800000c4 (0x0000006f)
core   0: 3 0x800000c4 (0x0000006f)
core   0: 3 0x800000c4 (0x0000006f)
core   0: 3 0x800000c4 (0x0000006f)
core   0: 3 0x800000c4 (0x0000006f)
core   0: 3 0x800000c4 (0x0000006f)
core   0: 3 0x800000c4 (0x0000006f)
core   0: 3 0x800000c4 (0x0000006f)
core   0: 3 0x800000c4 (0x0000006f)
core   0: 3 0x800000c4 (0x0000006f)
core   0: 3 0x800000c4 (0x0000006f)
core   0: 3 0x800000c4 (0x0000006f)
core   0: 3 0x800000c4 (0x0000006f)
core   0: 3 0x800000c4 (0x0000006f)
core   0: 3 0x800000c4 (0x0000006f)
core   0: 3 0x800000c4 (0x0000006f)
core   0: 3 0x800000c4 (0x0000006f)
core   0: 3 0x800000c4 (0x0000006f)
core   0: 3 0x800000c4 (0x0000006f)
core   0: 3 0x800000c4 (0x0000006f)
core   0: 3 0x800000c4 (0x0000006f)
core   0: 3 0x800000c4 (0x0000006f)
core   0: 3 0x800000c4 (0x0000006f)
core   0: 3 0x800000c4 (0x0000006f)
core   0: 3 0x800000c4 (0x0000006f)
core   0: 3 0x800000c4 (0x0000006f)
core   0: 3 0x800000c4 (0x0000006f)
core   0: 3 0x800000c4 (0x0000006f)
core   0: 3 0x800000c4 (0x0000006f)
core   0: 3 0x800000c4 (0x0000006f)
core   0: 3 0x800000c4 (0x0000006f)
core   0: 3 0x800000c4 (0x0000006f)
core   0: 3 0x800000c4 (0x0000006f)
core   0: 3 0x800000c4 (0x0000006f)
core   0: 3 0x800000c4 (0x0000006f)
core   0: 3 0x800000c4 (0x0000006f)
core   0: 3 0x800000c4 (0x0000006f)
core   0: 3 0x800000c4 (0x0000006f)
core   0: 3 0x800000c4 (0x0000006f)
core   0: 3 0x800000c4 (0x0000006f)
core   0: 3 0x800000c4 (0x0000006f)
core   0: 3 0x800000c4 (0x0000006f)
core   0: 3 0x800000c4 (0x0000006f)
core   0: 3 0x800000c4 (0x0000006f)
core   0: 3 0x800000c4 (0x0000006f)
core   0: 3 0x800000c4 (0x0000006f)
core   0: 3 0x800000c4 (0x0000006f)
core   0: 3 0x800000c4 (0x0000006f)
core   0: 3 0x800000c4 (0x0000006f)
core   0: 3 0x800000c4 (0x0000006f)
core   0: 3 0x800000c4 (0x0000006f)
core   0: 3 0x800000c4 (0x0000006f)
core   0: 3 0x800000c4 (0x0000006f)
core   0: 3 0x800000c4 (0x0000006f)
core   0: 3 0x800000c4 (0x0000006f)
core   0: 3 0x800000c4 (0x0000006f)
core   0: 3 0x800000c4 (0x0000006f)
core   0: 3 0x800000c4 (0x0000006f)
core   0: 3 0x800000c4 (0x0000006f)
core   0: 3 0x800000c4 (0x0000006f)
core   0: 3 0x800000c4 (0x0000006f)
core   0: 3 0x800000c4 (0x0000006f)
core   0: 3 0x800000c4 (0x0000006f)
core   0: 3 0x800000c4 (0x0000006f)
core   0: 3 0x800000c4 (0x0000006f)
core   0: 3 0x800000c4 (0x0000006f)
core   0: 3 0x800000c4 (0x0000006f)
core   0: 3 0x800000c4 (0x0000006f)
core   0: 3 0x800000c4 (0x0000006f)
core   0: 3 0x800000c4 (0x0000006f)
core   0: 3 0x800000c4 (0x0000006f)
core   0: 3 0x800000c4 (0x0000006f)
core   0: 3 0x800000c4 (0x0000006f)
core   0: 3 0x800000c4 (0x0000006f)
core   0: 3 0x800000c4 (0x0000006f)
core   0: 3 0x800000c4 (0x0000006f)
core   0: 3 0x800000c4 (0x0000006f)
core   0: 3 0x800000c4 (0x0000006f)
core   0: 3 0x800000c4 (0x0000006f)
core   0: 3 0x800000c4 (0x0000006f)
core   0: 3 0x800000c4 (0x0000006f)
core   0: 3 0x800000c4 (0x0000006f)
core   0: 3 0x800000c4 (0x0000006f)
core   0: 3 0x800000c4 (0x0000006f)
core   0: 3 0x800000c4 (0x0000006f)
core   0: 3 0x800000c4 (0x0000006f)
core   0: 3 0x800000c4 (0x0000006f)
core   0: 3 0x800000c4 (0x0000006f)
core   0: 3 0x800000c4 (0x0000006f)
core   0: 3 0x800000c4 (0x0000006f)
core   0: 3 0x800000c4 (0x0000006f)
core   0: 3 0x800000c4 (0x0000006f)
core   0: 3 0x800000c4 (0x0000006f)
core   0: 3 0x800000c4 (0x0000006f)
core   0: 3 0x800000c4 (0x0000006f)
core   0: 3 0x800000c4 (0x0000006f)
core   0: 3 0x800000c4 (0x0000006f)
core   0: 3 0x800000c4 (0x0000006f)
core   0: 3 0x800000c4 (0x0000006f)
core   0: 3 0x800000c4 (0x0000006f)
core   0: 3 0x800000c4 (0x0000006f)
core   0: 3 0x800000c4 (0x0000006f)
core   0: 3 0x800000c4 (0x0000006f)
core   0: 3 0x800000c4 (0x0000006f)
core   0: 3 0x800000c4 (0x0000006f)
core   0: 3 0x800000c4 (0x0000006f)
core   0: 3 0x800000c4 (0x0000006f)
core   0: 3 0x800000c4 (0x0000006f)
core   0: 3 0x800000c4 (0x0000006f)
core   0: 3 0x800000c4 (0x0000006f)
core   0: 3 0x800000c4 (0x0000006f)
core   0: 3 0x800000c4 (0x0000006f)
core   0: 3 0x800000c4 (0x0000006f)
core   0: 3 0x800000c4 (0x0000006f)
core   0: 3 0x800000c4 (0x0000006f)
core   0: 3 0x800000c4 (0x0000006f)
core   0: 3 0x800000c4 (0x0000006f)
core   0: 3 0x800000c4 (0x0000006f)
core   0: 3 0x800000c4 (0x0000006f)
core   0: 3 0x800000c4 (0x0000006f)
core   0: 3 0x800000c4 (0x0000006f)
core   0: 3 0x800000c4 (0x0000006f)
core   0: 3 0x800000c4 (0x0000006f)
core   0: 3 0x800000c4 (0x0000006f)
core   0: 3 0x800000c4 (0x0000006f)
core   0: 3 0x800000c4 (0x0000006f)
core   0: 3 0x800000c4 (0x0000006f)
core   0: 3 0x800000c4 (0x0000006f)
core   0: 3 0x800000c4 (0x0000006f)
core   0: 3 0x800000c4 (0x0000006f)
core   0: 3 0x800000c4 (0x0000006f)
core   0: 3 0x800000c4 (0x0000006f)
core   0: 3 0x800000c4 (0x0000006f)
core   0: 3 0x800000c4 (0x0000006f)
core   0: 3 0x800000c4 (0x0000006f)
core   0: 3 0x800000c4 (0x0000006f)
core   0: 3 0x800000c4 (0x0000006f)
core   0: 3 0x800000c4 (0x0000006f)
core   0: 3 0x800000c4 (0x0000006f)
core   0: 3 0x800000c4 (0x0000006f)
core   0: 3 0x800000c4 (0x0000006f)
core   0: 3 0x800000c4 (0x0000006f)
core   0: 3 0x800000c4 (0x0000006f)
core   0: 3 0x800000c4 (0x0000006f)
core   0: 3 0x800000c4 (0x0000006f)
core   0: 3 0x800000c4 (0x0000006f)
core   0: 3 0x800000c4 (0x0000006f)
core   0: 3 0x800000c4 (0x0000006f)
core   0: 3 0x800000c4 (0x0000006f)
core   0: 3 0x800000c4 (0x0000006f)
core   0: 3 0x800000c4 (0x0000006f)
core   0: 3 0x800000c4 (0x0000006f)
core   0: 3 0x800000c4 (0x0000006f)
core   0: 3 0x800000c4 (0x0000006f)
core   0: 3 0x800000c4 (0x0000006f)
core   0: 3 0x800000c4 (0x0000006f)
core   0: 3 0x800000c4 (0x0000006f)
core   0: 3 0x800000c4 (0x0000006f)
core   0: 3 0x800000c4 (0x0000006f)
core   0: 3 0x800000c4 (0x0000006f)
core   0: 3 0x800000c4 (0x0000006f)
core   0: 3 0x800000c4 (0x0000006f)
core   0: 3 0x800000c4 (0x0000006f)
core   0: 3 0x800000c4 (0x0000006f)
core   0: 3 0x800000c4 (0x0000006f)
core   0: 3 0x800000c4 (0x0000006f)
core   0: 3 0x800000c4 (0x0000006f)
core   0: 3 0x800000c4 (0x0000006f)
core   0: 3 0x800000c4 (0x0000006f)
core   0: 3 0x800000c4 (0x0000006f)
core   0: 3 0x800000c4 (0x0000006f)
core   0: 3 0x800000c4 (0x0000006f)
core   0: 3 0x800000c4 (0x0000006f)
core   0: 3 0x800000c4 (0x0000006f)
core   0: 3 0x800000c4 (0x0000006f)
core   0: 3 0x800000c4 (0x0000006f)
core   0: 3 0x800000c4 (0x0000006f)
core   0: 3 0x800000c4 (0x0000006f)
core   0: 3 0x800000c4 (0x0000006f)
core   0: 3 0x800000c4 (0x0000006f)
core   0: 3 0x800000c4 (0x0000006f)
core   0: 3 0x800000c4 (0x0000006f)
core   0: 3 0x800000c4 (0x0000006f)
core   0: 3 0x800000c4 (0x0000006f)
core   0: 3 0x800000c4 (0x0000006f)
core   0: 3 0x800000c4 (0x0000006f)
core   0: 3 0x800000c4 (0x0000006f)
core   0: 3 0x800000c4 (0x0000006f)
core   0: 3 0x800000c4 (0x0000006f)
core   0: 3 0x800000c4 (0x0000006f)
core   0: 3 0x800000c4 (0x0000006f)
core   0: 3 0x800000c4 (0x0000006f)
core   0: 3 0x800000c4 (0x0000006f)
core   0: 3 0x800000c4 (0x0000006f)
core   0: 3 0x800000c4 (0x0000006f)
core   0: 3 0x800000c4 (0x0000006f)
core   0: 3 0x800000c4 (0x0000006f)
core   0: 3 0x800000c4 (0x0000006f)
core   0: 3 0x800000c4 (0x0000006f)
core   0: 3 0x800000c4 (0x0000006f)
core   0: 3 0x800000c4 (0x0000006f)
core   0: 3 0x800000c4 (0x0000006f)
core   0: 3 0x800000c4 (0x0000006f)
core   0: 3 0x800000c4 (0x0000006f)
core   0: 3 0x800000c4 (0x0000006f)
core   0: 3 0x800000c4 (0x0000006f)
core   0: 3 0x800000c4 (0x0000006f)
core   0: 3 0x800000c4 (0x0000006f)
core   0: 3 0x800000c4 (0x0000006f)
core   0: 3 0x800000c4 (0x0000006f)
core   0: 3 0x800000c4 (0x0000006f)
core   0: 3 0x800000c4 (0x0000006f)
core   0: 3 0x800000c4 (0x0000006f)
core   0: 3 0x800000c4 (0x0000006f)
core   0: 3 0x800000c4 (0x0000006f)
core   0: 3 0x800000c4 (0x0000006f)
core   0: 3 0x800000c4 (0x0000006f)
core   0: 3 0x800000c4 (0x0000006f)
core   0: 3 0x800000c4 (0x0000006f)
core   0: 3 0x800000c4 (0x0000006f)
core   0: 3 0x800000c4 (0x0000006f)
core   0: 3 0x800000c4 (0x0000006f)
core   0: 3 0x800000c4 (0x0000006f)
core   0: 3 0x800000c4 (0x0000006f)
core   0: 3 0x800000c4 (0x0000006f)
core   0: 3 0x800000c4 (0x0000006f)
core   0: 3 0x800000c4 (0x0000006f)
core   0: 3 0x800000c4 (0x0000006f)
core   0: 3 0x800000c4 (0x0000006f)
core   0: 3 0x800000c4 (0x0000006f)
core   0: 3 0x800000c4 (0x0000006f)
core   0: 3 0x800000c4 (0x0000006f)
core   0: 3 0x800000c4 (0x0000006f)
core   0: 3 0x800000c4 (0x0000006f)
core   0: 3 0x800000c4 (0x0000006f)
core   0: 3 0x800000c4 (0x0000006f)
core   0: 3 0x800000c4 (0x0000006f)
core   0: 3 0x800000c4 (0x0000006f)
core   0: 3 0x800000c4 (0x0000006f)
core   0: 3 0x800000c4 (0x0000006f)
core   0: 3 0x800000c4 (0x0000006f)
core   0: 3 0x800000c4 (0x0000006f)
core   0: 3 0x800000c4 (0x0000006f)
core   0: 3 0x800000c4 (0x0000006f)
core   0: 3 0x800000c4 (0x0000006f)
core   0: 3 0x800000c4 (0x0000006f)
core   0: 3 0x800000c4 (0x0000006f)
core   0: 3 0x800000c4 (0x0000006f)
core   0: 3 0x800000c4 (0x0000006f)
core   0: 3 0x800000c4 (0x0000006f)
core   0: 3 0x800000c4 (0x0000006f)
core   0: 3 0x800000c4 (0x0000006f)
core   0: 3 0x800000c4 (0x0000006f)
core   0: 3 0x800000c4 (0x0000006f)
core   0: 3 0x800000c4 (0x0000006f)
core   0: 3 0x800000c4 (0x0000006f)
core   0: 3 0x800000c4 (0x0000006f)
core   0: 3 0x800000c4 (0x0000006f)
core   0: 3 0x800000c4 (0x0000006f)
core   0: 3 0x800000c4 (0x0000006f)
core   0: 3 0x800000c4 (0x0000006f)
core   0: 3 0x800000c4 (0x0000006f)
core   0: 3 0x800000c4 (0x0000006f)
core   0: 3 0x800000c4 (0x0000006f)
core   0: 3 0x800000c4 (0x0000006f)
core   0: 3 0x800000c4 (0x0000006f)
core   0: 3 0x800000c4 (0x0000006f)
core   0: 3 0x800000c4 (0x0000006f)
core   0: 3 0x800000c4 (0x0000006f)
core   0: 3 0x800000c4 (0x0000006f)
core   0: 3 0x800000c4 (0x0000006f)
core   0: 3 0x800000c4 (0x0000006f)
core   0: 3 0x800000c4 (0x0000006f)
core   0: 3 0x800000c4 (0x0000006f)
core   0: 3 0x800000c4 (0x0000006f)
core   0: 3 0x800000c4 (0x0000006f)
core   0: 3 0x800000c4 (0x0000006f)
core   0: 3 0x800000c4 (0x0000006f)
core   0: 3 0x800000c4 (0x0000006f)
core   0: 3 0x800000c4 (0x0000006f)
core   0: 3 0x800000c4 (0x0000006f)
core   0: 3 0x800000c4 (0x0000006f)
core   0: 3 0x800000c4 (0x0000006f)
core   0: 3 0x800000c4 (0x0000006f)
core   0: 3 0x800000c4 (0x0000006f)
core   0: 3 0x800000c4 (0x0000006f)
core   0: 3 0x800000c4 (0x0000006f)
core   0: 3 0x800000c4 (0x0000006f)
core   0: 3 0x800000c4 (0x0000006f)
core   0: 3 0x800000c4 (0x0000006f)
core   0: 3 0x800000c4 (0x0000006f)
core   0: 3 0x800000c4 (0x0000006f)
core   0: 3 0x800000c4 (0x0000006f)
core   0: 3 0x800000c4 (0x0000006f)
core   0: 3 0x800000c4 (0x0000006f)
core   0: 3 0x800000c4 (0x0000006f)
core   0: 3 0x800000c4 (0x0000006f)
core   0: 3 0x800000c4 (0x0000006f)
core   0: 3 0x800000c4 (0x0000006f)
core   0: 3 0x800000c4 (0x0000006f)
core   0: 3 0x800000c4 (0x0000006f)
core   0: 3 0x800000c4 (0x0000006f)
core   0: 3 0x800000c4 (0x0000006f)
core   0: 3 0x800000c4 (0x0000006f)
core   0: 3 0x800000c4 (0x0000006f)
core   0: 3 0x800000c4 (0x0000006f)
core   0: 3 0x800000c4 (0x0000006f)
core   0: 3 0x800000c4 (0x0000006f)
core   0: 3 0x800000c4 (0x0000006f)
core   0: 3 0x800000c4 (0x0000006f)
core   0: 3 0x800000c4 (0x0000006f)
core   0: 3 0x800000c4 (0x0000006f)
core   0: 3 0x800000c4 (0x0000006f)
core   0: 3 0x800000c4 (0x0000006f)
core   0: 3 0x800000c4 (0x0000006f)
core   0: 3 0x800000c4 (0x0000006f)
core   0: 3 0x800000c4 (0x0000006f)
core   0: 3 0x800000c4 (0x0000006f)
core   0: 3 0x800000c4 (0x0000006f)
core   0: 3 0x800000c4 (0x0000006f)
core   0: 3 0x800000c4 (0x0000006f)
core   0: 3 0x800000c4 (0x0000006f)
core   0: 3 0x800000c4 (0x0000006f)
core   0: 3 0x800000c4 (0x0000006f)
core   0: 3 0x800000c4 (0x0000006f)
core   0: 3 0x800000c4 (0x0000006f)
core   0: 3 0x800000c4 (0x0000006f)
core   0: 3 0x800000c4 (0x0000006f)
core   0: 3 0x800000c4 (0x0000006f)
core   0: 3 0x800000c4 (0x0000006f)
core   0: 3 0x800000c4 (0x0000006f)
core   0: 3 0x800000c4 (0x0000006f)
core   0: 3 0x800000c4 (0x0000006f)
core   0: 3 0x800000c4 (0x0000006f)
core   0: 3 0x800000c4 (0x0000006f)
core   0: 3 0x800000c4 (0x0000006f)
core   0: 3 0x800000c4 (0x0000006f)
core   0: 3 0x800000c4 (0x0000006f)
core   0: 3 0x800000c4 (0x0000006f)
core   0: 3 0x800000c4 (0x0000006f)
core   0: 3 0x800000c4 (0x0000006f)
core   0: 3 0x800000c4 (0x0000006f)
core   0: 3 0x800000c4 (0x0000006f)
core   0: 3 0x800000c4 (0x0000006f)
core   0: 3 0x800000c4 (0x0000006f)
core   0: 3 0x800000c4 (0x0000006f)
core   0: 3 0x800000c4 (0x0000006f)
core   0: 3 0x800000c4 (0x0000006f)
core   0: 3 0x800000c4 (0x0000006f)
core   0: 3 0x800000c4 (0x0000006f)
core   0: 3 0x800000c4 (0x0000006f)
core   0: 3 0x800000c4 (0x0000006f)
core   0: 3 0x800000c4 (0x0000006f)
core   0: 3 0x800000c4 (0x0000006f)
core   0: 3 0x800000c4 (0x0000006f)
core   0: 3 0x800000c4 (0x0000006f)
core   0: 3 0x800000c4 (0x0000006f)
core   0: 3 0x800000c4 (0x0000006f)
core   0: 3 0x800000c4 (0x0000006f)
core   0: 3 0x800000c4 (0x0000006f)
core   0: 3 0x800000c4 (0x0000006f)
core   0: 3 0x800000c4 (0x0000006f)
core   0: 3 0x800000c4 (0x0000006f)
core   0: 3 0x800000c4 (0x0000006f)
core   0: 3 0x800000c4 (0x0000006f)
core   0: 3 0x800000c4 (0x0000006f)
core   0: 3 0x800000c4 (0x0000006f)
core   0: 3 0x800000c4 (0x0000006f)
core   0: 3 0x800000c4 (0x0000006f)
core   0: 3 0x800000c4 (0x0000006f)
core   0: 3 0x800000c4 (0x0000006f)
core   0: 3 0x800000c4 (0x0000006f)
core   0: 3 0x800000c4 (0x0000006f)
core   0: 3 0x800000c4 (0x0000006f)
core   0: 3 0x800000c4 (0x0000006f)
core   0: 3 0x800000c4 (0x0000006f)
core   0: 3 0x800000c4 (0x0000006f)
core   0: 3 0x800000c4 (0x0000006f)
core   0: 3 0x800000c4 (0x0000006f)
core   0: 3 0x800000c4 (0x0000006f)
core   0: 3 0x800000c4 (0x0000006f)
core   0: 3 0x800000c4 (0x0000006f)
core   0: 3 0x800000c4 (0x0000006f)
core   0: 3 0x800000c4 (0x0000006f)
core   0: 3 0x800000c4 (0x0000006f)
core   0: 3 0x800000c4 (0x0000006f)
core   0: 3 0x800000c4 (0x0000006f)
core   0: 3 0x800000c4 (0x0000006f)
core   0: 3 0x800000c4 (0x0000006f)
core   0: 3 0x800000c4 (0x0000006f)
core   0: 3 0x800000c4 (0x0000006f)
core   0: 3 0x800000c4 (0x0000006f)
core   0: 3 0x800000c4 (0x0000006f)
core   0: 3 0x800000c4 (0x0000006f)
core   0: 3 0x800000c4 (0x0000006f)
core   0: 3 0x800000c4 (0x0000006f)
core   0: 3 0x800000c4 (0x0000006f)
core   0: 3 0x800000c4 (0x0000006f)
core   0: 3 0x800000c4 (0x0000006f)
core   0: 3 0x800000c4 (0x0000006f)
core   0: 3 0x800000c4 (0x0000006f)
core   0: 3 0x800000c4 (0x0000006f)
core   0: 3 0x800000c4 (0x0000006f)
core   0: 3 0x800000c4 (0x0000006f)
core   0: 3 0x800000c4 (0x0000006f)
core   0: 3 0x800000c4 (0x0000006f)
core   0: 3 0x800000c4 (0x0000006f)
core   0: 3 0x800000c4 (0x0000006f)
core   0: 3 0x800000c4 (0x0000006f)
core   0: 3 0x800000c4 (0x0000006f)
core   0: 3 0x800000c4 (0x0000006f)
core   0: 3 0x800000c4 (0x0000006f)
core   0: 3 0x800000c4 (0x0000006f)
core   0: 3 0x800000c4 (0x0000006f)
core   0: 3 0x800000c4 (0x0000006f)
core   0: 3 0x800000c4 (0x0000006f)
core   0: 3 0x800000c4 (0x0000006f)
core   0: 3 0x800000c4 (0x0000006f)
core   0: 3 0x800000c4 (0x0000006f)
core   0: 3 0x800000c4 (0x0000006f)
core   0: 3 0x800000c4 (0x0000006f)
core   0: 3 0x800000c4 (0x0000006f)
core   0: 3 0x800000c4 (0x0000006f)
core   0: 3 0x800000c4 (0x0000006f)
core   0: 3 0x800000c4 (0x0000006f)
core   0: 3 0x800000c4 (0x0000006f)
core   0: 3 0x800000c4 (0x0000006f)
core   0: 3 0x800000c4 (0x0000006f)
core   0: 3 0x800000c4 (0x0000006f)
core   0: 3 0x800000c4 (0x0000006f)
core   0: 3 0x800000c4 (0x0000006f)
core   0: 3 0x800000c4 (0x0000006f)
core   0: 3 0x800000c4 (0x0000006f)
core   0: 3 0x800000c4 (0x0000006f)
core   0: 3 0x800000c4 (0x0000006f)
core   0: 3 0x800000c4 (0x0000006f)
core   0: 3 0x800000c4 (0x0000006f)
core   0: 3 0x800000c4 (0x0000006f)
core   0: 3 0x800000c4 (0x0000006f)
core   0: 3 0x800000c4 (0x0000006f)
core   0: 3 0x800000c4 (0x0000006f)
core   0: 3 0x800000c4 (0x0000006f)
core   0: 3 0x800000c4 (0x0000006f)
core   0: 3 0x800000c4 (0x0000006f)
core   0: 3 0x800000c4 (0x0000006f)
core   0: 3 0x800000c4 (0x0000006f)
core   0: 3 0x800000c4 (0x0000006f)
core   0: 3 0x800000c4 (0x0000006f)
core   0: 3 0x800000c4 (0x0000006f)
core   0: 3 0x800000c4 (0x0000006f)
core   0: 3 0x800000c4 (0x0000006f)
core   0: 3 0x800000c4 (0x0000006f)
core   0: 3 0x800000c4 (0x0000006f)
core   0: 3 0x800000c4 (0x0000006f)
core   0: 3 0x800000c4 (0x0000006f)
core   0: 3 0x800000c4 (0x0000006f)
core   0: 3 0x800000c4 (0x0000006f)
core   0: 3 0x800000c4 (0x0000006f)
core   0: 3 0x800000c4 (0x0000006f)
core   0: 3 0x800000c4 (0x0000006f)
core   0: 3 0x800000c4 (0x0000006f)
core   0: 3 0x800000c4 (0x0000006f)
core   0: 3 0x800000c4 (0x0000006f)
core   0: 3 0x800000c4 (0x0000006f)
core   0: 3 0x800000c4 (0x0000006f)
core   0: 3 0x800000c4 (0x0000006f)
core   0: 3 0x800000c4 (0x0000006f)
core   0: 3 0x800000c4 (0x0000006f)
core   0: 3 0x800000c4 (0x0000006f)
core   0: 3 0x800000c4 (0x0000006f)
core   0: 3 0x800000c4 (0x0000006f)
core   0: 3 0x800000c4 (0x0000006f)
core   0: 3 0x800000c4 (0x0000006f)
core   0: 3 0x800000c4 (0x0000006f)
core   0: 3 0x800000c4 (0x0000006f)
core   0: 3 0x800000c4 (0x0000006f)
core   0: 3 0x800000c4 (0x0000006f)
core   0: 3 0x800000c4 (0x0000006f)
core   0: 3 0x800000c4 (0x0000006f)
core   0: 3 0x800000c4 (0x0000006f)
core   0: 3 0x800000c4 (0x0000006f)
core   0: 3 0x800000c4 (0x0000006f)
core   0: 3 0x800000c4 (0x0000006f)
core   0: 3 0x800000c4 (0x0000006f)
core   0: 3 0x800000c4 (0x0000006f)
core   0: 3 0x800000c4 (0x0000006f)
core   0: 3 0x800000c4 (0x0000006f)
core   0: 3 0x800000c4 (0x0000006f)
core   0: 3 0x800000c4 (0x0000006f)
core   0: 3 0x800000c4 (0x0000006f)
core   0: 3 0x800000c4 (0x0000006f)
core   0: 3 0x800000c4 (0x0000006f)
core   0: 3 0x800000c4 (0x0000006f)
core   0: 3 0x800000c4 (0x0000006f)
core   0: 3 0x800000c4 (0x0000006f)
core   0: 3 0x800000c4 (0x0000006f)
core   0: 3 0x800000c4 (0x0000006f)
core   0: 3 0x800000c4 (0x0000006f)
core   0: 3 0x800000c4 (0x0000006f)
core   0: 3 0x800000c4 (0x0000006f)
core   0: 3 0x800000c4 (0x0000006f)
core   0: 3 0x800000c4 (0x0000006f)
core   0: 3 0x800000c4 (0x0000006f)
core   0: 3 0x800000c4 (0x0000006f)
core   0: 3 0x800000c4 (0x0000006f)
core   0: 3 0x800000c4 (0x0000006f)
core   0: 3 0x800000c4 (0x0000006f)
core   0: 3 0x800000c4 (0x0000006f)
core   0: 3 0x800000c4 (0x0000006f)
core   0: 3 0x800000c4 (0x0000006f)
core   0: 3 0x800000c4 (0x0000006f)
core   0: 3 0x800000c4 (0x0000006f)
core   0: 3 0x800000c4 (0x0000006f)
core   0: 3 0x800000c4 (0x0000006f)
core   0: 3 0x800000c4 (0x0000006f)
core   0: 3 0x800000c4 (0x0000006f)
core   0: 3 0x800000c4 (0x0000006f)
core   0: 3 0x800000c4 (0x0000006f)
core   0: 3 0x800000c4 (0x0000006f)
core   0: 3 0x800000c4 (0x0000006f)
core   0: 3 0x800000c4 (0x0000006f)
core   0: 3 0x800000c4 (0x0000006f)
core   0: 3 0x800000c4 (0x0000006f)
core   0: 3 0x800000c4 (0x0000006f)
core   0: 3 0x800000c4 (0x0000006f)
core   0: 3 0x800000c4 (0x0000006f)
core   0: 3 0x800000c4 (0x0000006f)
core   0: 3 0x800000c4 (0x0000006f)
core   0: 3 0x800000c4 (0x0000006f)
core   0: 3 0x800000c4 (0x0000006f)
core   0: 3 0x800000c4 (0x0000006f)
core   0: 3 0x800000c4 (0x0000006f)
core   0: 3 0x800000c4 (0x0000006f)
core   0: 3 0x800000c4 (0x0000006f)
core   0: 3 0x800000c4 (0x0000006f)
core   0: 3 0x800000c4 (0x0000006f)
core   0: 3 0x800000c4 (0x0000006f)
core   0: 3 0x800000c4 (0x0000006f)
core   0: 3 0x800000c4 (0x0000006f)
core   0: 3 0x800000c4 (0x0000006f)
core   0: 3 0x800000c4 (0x0000006f)
core   0: 3 0x800000c4 (0x0000006f)
core   0: 3 0x800000c4 (0x0000006f)
core   0: 3 0x800000c4 (0x0000006f)
core   0: 3 0x800000c4 (0x0000006f)
core   0: 3 0x800000c4 (0x0000006f)
core   0: 3 0x800000c4 (0x0000006f)
core   0: 3 0x800000c4 (0x0000006f)
core   0: 3 0x800000c4 (0x0000006f)
core   0: 3 0x800000c4 (0x0000006f)
core   0: 3 0x800000c4 (0x0000006f)
core   0: 3 0x800000c4 (0x0000006f)
core   0: 3 0x800000c4 (0x0000006f)
core   0: 3 0x800000c4 (0x0000006f)
core   0: 3 0x800000c4 (0x0000006f)
core   0: 3 0x800000c4 (0x0000006f)
core   0: 3 0x800000c4 (0x0000006f)
core   0: 3 0x800000c4 (0x0000006f)
core   0: 3 0x800000c4 (0x0000006f)
core   0: 3 0x800000c4 (0x0000006f)
core   0: 3 0x800000c4 (0x0000006f)
core   0: 3 0x800000c4 (0x0000006f)
core   0: 3 0x800000c4 (0x0000006f)
core   0: 3 0x800000c4 (0x0000006f)
core   0: 3 0x800000c4 (0x0000006f)
core   0: 3 0x800000c4 (0x0000006f)
core   0: 3 0x800000c4 (0x0000006f)
core   0: 3 0x800000c4 (0x0000006f)
core   0: 3 0x800000c4 (0x0000006f)
core   0: 3 0x800000c4 (0x0000006f)
core   0: 3 0x800000c4 (0x0000006f)
core   0: 3 0x800000c4 (0x0000006f)
core   0: 3 0x800000c4 (0x0000006f)
core   0: 3 0x800000c4 (0x0000006f)
core   0: 3 0x800000c4 (0x0000006f)
core   0: 3 0x800000c4 (0x0000006f)
core   0: 3 0x800000c4 (0x0000006f)
core   0: 3 0x800000c4 (0x0000006f)
core   0: 3 0x800000c4 (0x0000006f)
core   0: 3 0x800000c4 (0x0000006f)
core   0: 3 0x800000c4 (0x0000006f)
core   0: 3 0x800000c4 (0x0000006f)
core   0: 3 0x800000c4 (0x0000006f)
core   0: 3 0x800000c4 (0x0000006f)
core   0: 3 0x800000c4 (0x0000006f)
core   0: 3 0x800000c4 (0x0000006f)
core   0: 3 0x800000c4 (0x0000006f)
core   0: 3 0x800000c4 (0x0000006f)
core   0: 3 0x800000c4 (0x0000006f)
core   0: 3 0x800000c4 (0x0000006f)
core   0: 3 0x800000c4 (0x0000006f)
core   0: 3 0x800000c4 (0x0000006f)
core   0: 3 0x800000c4 (0x0000006f)
core   0: 3 0x800000c4 (0x0000006f)
core   0: 3 0x800000c4 (0x0000006f)
core   0: 3 0x800000c4 (0x0000006f)
core   0: 3 0x800000c4 (0x0000006f)
core   0: 3 0x800000c4 (0x0000006f)
core   0: 3 0x800000c4 (0x0000006f)
core   0: 3 0x800000c4 (0x0000006f)
core   0: 3 0x800000c4 (0x0000006f)
core   0: 3 0x800000c4 (0x0000006f)
core   0: 3 0x800000c4 (0x0000006f)
core   0: 3 0x800000c4 (0x0000006f)
core   0: 3 0x800000c4 (0x0000006f)
core   0: 3 0x800000c4 (0x0000006f)
core   0: 3 0x800000c4 (0x0000006f)
core   0: 3 0x800000c4 (0x0000006f)
core   0: 3 0x800000c4 (0x0000006f)
core   0: 3 0x800000c4 (0x0000006f)
core   0: 3 0x800000c4 (0x0000006f)
core   0: 3 0x800000c4 (0x0000006f)
core   0: 3 0x800000c4 (0x0000006f)
core   0: 3 0x800000c4 (0x0000006f)
core   0: 3 0x800000c4 (0x0000006f)
core   0: 3 0x800000c4 (0x0000006f)
core   0: 3 0x800000c4 (0x0000006f)
core   0: 3 0x800000c4 (0x0000006f)
core   0: 3 0x800000c4 (0x0000006f)
core   0: 3 0x800000c4 (0x0000006f)
core   0: 3 0x800000c4 (0x0000006f)
core   0: 3 0x800000c4 (0x0000006f)
core   0: 3 0x800000c4 (0x0000006f)
core   0: 3 0x800000c4 (0x0000006f)
core   0: 3 0x800000c4 (0x0000006f)
core   0: 3 0x800000c4 (0x0000006f)
core   0: 3 0x800000c4 (0x0000006f)
core   0: 3 0x800000c4 (0x0000006f)
core   0: 3 0x800000c4 (0x0000006f)
core   0: 3 0x800000c4 (0x0000006f)
core   0: 3 0x800000c4 (0x0000006f)
core   0: 3 0x800000c4 (0x0000006f)
core   0: 3 0x800000c4 (0x0000006f)
core   0: 3 0x800000c4 (0x0000006f)
core   0: 3 0x800000c4 (0x0000006f)
core   0: 3 0x800000c4 (0x0000006f)
core   0: 3 0x800000c4 (0x0000006f)
core   0: 3 0x800000c4 (0x0000006f)
core   0: 3 0x800000c4 (0x0000006f)
core   0: 3 0x800000c4 (0x0000006f)
core   0: 3 0x800000c4 (0x0000006f)
core   0: 3 0x800000c4 (0x0000006f)
core   0: 3 0x800000c4 (0x0000006f)
core   0: 3 0x800000c4 (0x0000006f)
core   0: 3 0x800000c4 (0x0000006f)
core   0: 3 0x800000c4 (0x0000006f)
core   0: 3 0x800000c4 (0x0000006f)
core   0: 3 0x800000c4 (0x0000006f)
core   0: 3 0x800000c4 (0x0000006f)
core   0: 3 0x800000c4 (0x0000006f)
core   0: 3 0x800000c4 (0x0000006f)
core   0: 3 0x800000c4 (0x0000006f)
core   0: 3 0x800000c4 (0x0000006f)
core   0: 3 0x800000c4 (0x0000006f)
core   0: 3 0x800000c4 (0x0000006f)
core   0: 3 0x800000c4 (0x0000006f)
core   0: 3 0x800000c4 (0x0000006f)
core   0: 3 0x800000c4 (0x0000006f)
core   0: 3 0x800000c4 (0x0000006f)
core   0: 3 0x800000c4 (0x0000006f)
core   0: 3 0x800000c4 (0x0000006f)
core   0: 3 0x800000c4 (0x0000006f)
core   0: 3 0x800000c4 (0x0000006f)
core   0: 3 0x800000c4 (0x0000006f)
core   0: 3 0x800000c4 (0x0000006f)
core   0: 3 0x800000c4 (0x0000006f)
core   0: 3 0x800000c4 (0x0000006f)
core   0: 3 0x800000c4 (0x0000006f)
core   0: 3 0x800000c4 (0x0000006f)
core   0: 3 0x800000c4 (0x0000006f)
core   0: 3 0x800000c4 (0x0000006f)
core   0: 3 0x800000c4 (0x0000006f)
core   0: 3 0x800000c4 (0x0000006f)
core   0: 3 0x800000c4 (0x0000006f)
core   0: 3 0x800000c4 (0x0000006f)
core   0: 3 0x800000c4 (0x0000006f)
core   0: 3 0x800000c4 (0x0000006f)
core   0: 3 0x800000c4 (0x0000006f)
core   0: 3 0x800000c4 (0x0000006f)
core   0: 3 0x800000c4 (0x0000006f)
core   0: 3 0x800000c4 (0x0000006f)
core   0: 3 0x800000c4 (0x0000006f)
core   0: 3 0x800000c4 (0x0000006f)
core   0: 3 0x800000c4 (0x0000006f)
core   0: 3 0x800000c4 (0x0000006f)
core   0: 3 0x800000c4 (0x0000006f)
core   0: 3 0x800000c4 (0x0000006f)
core   0: 3 0x800000c4 (0x0000006f)
core   0: 3 0x800000c4 (0x0000006f)
core   0: 3 0x800000c4 (0x0000006f)
core   0: 3 0x800000c4 (0x0000006f)
core   0: 3 0x800000c4 (0x0000006f)
core   0: 3 0x800000c4 (0x0000006f)
core   0: 3 0x800000c4 (0x0000006f)
core   0: 3 0x800000c4 (0x0000006f)
core   0: 3 0x800000c4 (0x0000006f)
core   0: 3 0x800000c4 (0x0000006f)
core   0: 3 0x800000c4 (0x0000006f)
core   0: 3 0x800000c4 (0x0000006f)
core   0: 3 0x800000c4 (0x0000006f)
core   0: 3 0x800000c4 (0x0000006f)
core   0: 3 0x800000c4 (0x0000006f)
core   0: 3 0x800000c4 (0x0000006f)
core   0: 3 0x800000c4 (0x0000006f)
core   0: 3 0x800000c4 (0x0000006f)
core   0: 3 0x800000c4 (0x0000006f)
core   0: 3 0x800000c4 (0x0000006f)
core   0: 3 0x800000c4 (0x0000006f)
core   0: 3 0x800000c4 (0x0000006f)
core   0: 3 0x800000c4 (0x0000006f)
core   0: 3 0x800000c4 (0x0000006f)
core   0: 3 0x800000c4 (0x0000006f)
core   0: 3 0x800000c4 (0x0000006f)
core   0: 3 0x800000c4 (0x0000006f)
core   0: 3 0x800000c4 (0x0000006f)
core   0: 3 0x800000c4 (0x0000006f)
core   0: 3 0x800000c4 (0x0000006f)
core   0: 3 0x800000c4 (0x0000006f)
core   0: 3 0x800000c4 (0x0000006f)
core   0: 3 0x800000c4 (0x0000006f)
core   0: 3 0x800000c4 (0x0000006f)
core   0: 3 0x800000c4 (0x0000006f)
core   0: 3 0x800000c4 (0x0000006f)
core   0: 3 0x800000c4 (0x0000006f)
core   0: 3 0x800000c4 (0x0000006f)
core   0: 3 0x800000c4 (0x0000006f)
core   0: 3 0x800000c4 (0x0000006f)
core   0: 3 0x800000c4 (0x0000006f)
core   0: 3 0x800000c4 (0x0000006f)
core   0: 3 0x800000c4 (0x0000006f)
core   0: 3 0x800000c4 (0x0000006f)
core   0: 3 0x800000c4 (0x0000006f)
core   0: 3 0x800000c4 (0x0000006f)
core   0: 3 0x800000c4 (0x0000006f)
core   0: 3 0x800000c4 (0x0000006f)
core   0: 3 0x800000c4 (0x0000006f)
core   0: 3 0x800000c4 (0x0000006f)
core   0: 3 0x800000c4 (0x0000006f)
core   0: 3 0x800000c4 (0x0000006f)
core   0: 3 0x800000c4 (0x0000006f)
core   0: 3 0x800000c4 (0x0000006f)
core   0: 3 0x800000c4 (0x0000006f)
core   0: 3 0x800000c4 (0x0000006f)
core   0: 3 0x800000c4 (0x0000006f)
core   0: 3 0x800000c4 (0x0000006f)
core   0: 3 0x800000c4 (0x0000006f)
core   0: 3 0x800000c4 (0x0000006f)
core   0: 3 0x800000c4 (0x0000006f)
core   0: 3 0x800000c4 (0x0000006f)
core   0: 3 0x800000c4 (0x0000006f)
core   0: 3 0x800000c4 (0x0000006f)
core   0: 3 0x800000c4 (0x0000006f)
core   0: 3 0x800000c4 (0x0000006f)
core   0: 3 0x800000c4 (0x0000006f)
core   0: 3 0x800000c4 (0x0000006f)
core   0: 3 0x800000c4 (0x0000006f)
core   0: 3 0x800000c4 (0x0000006f)
core   0: 3 0x800000c4 (0x0000006f)
core   0: 3 0x800000c4 (0x0000006f)
core   0: 3 0x800000c4 (0x0000006f)
core   0: 3 0x800000c4 (0x0000006f)
core   0: 3 0x800000c4 (0x0000006f)
core   0: 3 0x800000c4 (0x0000006f)
core   0: 3 0x800000c4 (0x0000006f)
core   0: 3 0x800000c4 (0x0000006f)
core   0: 3 0x800000c4 (0x0000006f)
core   0: 3 0x800000c4 (0x0000006f)
core   0: 3 0x800000c4 (0x0000006f)
core   0: 3 0x800000c4 (0x0000006f)
core   0: 3 0x800000c4 (0x0000006f)
core   0: 3 0x800000c4 (0x0000006f)
core   0: 3 0x800000c4 (0x0000006f)
core   0: 3 0x800000c4 (0x0000006f)
core   0: 3 0x800000c4 (0x0000006f)
core   0: 3 0x800000c4 (0x0000006f)
core   0: 3 0x800000c4 (0x0000006f)
core   0: 3 0x800000c4 (0x0000006f)
core   0: 3 0x800000c4 (0x0000006f)
core   0: 3 0x800000c4 (0x0000006f)
core   0: 3 0x800000c4 (0x0000006f)
core   0: 3 0x800000c4 (0x0000006f)
core   0: 3 0x800000c4 (0x0000006f)
core   0: 3 0x800000c4 (0x0000006f)
core   0: 3 0x800000c4 (0x0000006f)
core   0: 3 0x800000c4 (0x0000006f)
core   0: 3 0x800000c4 (0x0000006f)
core   0: 3 0x800000c4 (0x0000006f)
core   0: 3 0x800000c4 (0x0000006f)
core   0: 3 0x800000c4 (0x0000006f)
core   0: 3 0x800000c4 (0x0000006f)
core   0: 3 0x800000c4 (0x0000006f)
core   0: 3 0x800000c4 (0x0000006f)
core   0: 3 0x800000c4 (0x0000006f)
core   0: 3 0x800000c4 (0x0000006f)
core   0: 3 0x800000c4 (0x0000006f)
core   0: 3 0x800000c4 (0x0000006f)
core   0: 3 0x800000c4 (0x0000006f)
core   0: 3 0x800000c4 (0x0000006f)
core   0: 3 0x800000c4 (0x0000006f)
core   0: 3 0x800000c4 (0x0000006f)
core   0: 3 0x800000c4 (0x0000006f)
core   0: 3 0x800000c4 (0x0000006f)
core   0: 3 0x800000c4 (0x0000006f)
core   0: 3 0x800000c4 (0x0000006f)
core   0: 3 0x800000c4 (0x0000006f)
core   0: 3 0x800000c4 (0x0000006f)
core   0: 3 0x800000c4 (0x0000006f)
core   0: 3 0x800000c4 (0x0000006f)
core   0: 3 0x800000c4 (0x0000006f)
core   0: 3 0x800000c4 (0x0000006f)
core   0: 3 0x800000c4 (0x0000006f)
core   0: 3 0x800000c4 (0x0000006f)
core   0: 3 0x800000c4 (0x0000006f)
core   0: 3 0x800000c4 (0x0000006f)
core   0: 3 0x800000c4 (0x0000006f)
core   0: 3 0x800000c4 (0x0000006f)
core   0: 3 0x800000c4 (0x0000006f)
core   0: 3 0x800000c4 (0x0000006f)
core   0: 3 0x800000c4 (0x0000006f)
core   0: 3 0x800000c4 (0x0000006f)
core   0: 3 0x800000c4 (0x0000006f)
core   0: 3 0x800000c4 (0x0000006f)
core   0: 3 0x800000c4 (0x0000006f)
core   0: 3 0x800000c4 (0x0000006f)
core   0: 3 0x800000c4 (0x0000006f)
core   0: 3 0x800000c4 (0x0000006f)
core   0: 3 0x800000c4 (0x0000006f)
core   0: 3 0x800000c4 (0x0000006f)
core   0: 3 0x800000c4 (0x0000006f)
core   0: 3 0x800000c4 (0x0000006f)
core   0: 3 0x800000c4 (0x0000006f)
core   0: 3 0x800000c4 (0x0000006f)
core   0: 3 0x800000c4 (0x0000006f)
core   0: 3 0x800000c4 (0x0000006f)
core   0: 3 0x800000c4 (0x0000006f)
core   0: 3 0x800000c4 (0x0000006f)
core   0: 3 0x800000c4 (0x0000006f)
core   0: 3 0x800000c4 (0x0000006f)
core   0: 3 0x800000c4 (0x0000006f)
core   0: 3 0x800000c4 (0x0000006f)
core   0: 3 0x800000c4 (0x0000006f)
core   0: 3 0x800000c4 (0x0000006f)
core   0: 3 0x800000c4 (0x0000006f)
core   0: 3 0x800000c4 (0x0000006f)
core   0: 3 0x800000c4 (0x0000006f)
core   0: 3 0x800000c4 (0x0000006f)
core   0: 3 0x800000c4 (0x0000006f)
core   0: 3 0x800000c4 (0x0000006f)
core   0: 3 0x800000c4 (0x0000006f)
core   0: 3 0x800000c4 (0x0000006f)
core   0: 3 0x800000c4 (0x0000006f)
core   0: 3 0x800000c4 (0x0000006f)
core   0: 3 0x800000c4 (0x0000006f)
core   0: 3 0x800000c4 (0x0000006f)
core   0: 3 0x800000c4 (0x0000006f)
core   0: 3 0x800000c4 (0x0000006f)
core   0: 3 0x800000c4 (0x0000006f)
core   0: 3 0x800000c4 (0x0000006f)
core   0: 3 0x800000c4 (0x0000006f)
core   0: 3 0x800000c4 (0x0000006f)
core   0: 3 0x800000c4 (0x0000006f)
core   0: 3 0x800000c4 (0x0000006f)
core   0: 3 0x800000c4 (0x0000006f)
core   0: 3 0x800000c4 (0x0000006f)
core   0: 3 0x800000c4 (0x0000006f)
core   0: 3 0x800000c4 (0x0000006f)
core   0: 3 0x800000c4 (0x0000006f)
core   0: 3 0x800000c4 (0x0000006f)
core   0: 3 0x800000c4 (0x0000006f)
core   0: 3 0x800000c4 (0x0000006f)
core   0: 3 0x800000c4 (0x0000006f)
core   0: 3 0x800000c4 (0x0000006f)
core   0: 3 0x800000c4 (0x0000006f)
core   0: 3 0x800000c4 (0x0000006f)
core   0: 3 0x800000c4 (0x0000006f)
core   0: 3 0x800000c4 (0x0000006f)
core   0: 3 0x800000c4 (0x0000006f)
core   0: 3 0x800000c4 (0x0000006f)
core   0: 3 0x800000c4 (0x0000006f)
core   0: 3 0x800000c4 (0x0000006f)
core   0: 3 0x800000c4 (0x0000006f)
core   0: 3 0x800000c4 (0x0000006f)
core   0: 3 0x800000c4 (0x0000006f)
core   0: 3 0x800000c4 (0x0000006f)
core   0: 3 0x800000c4 (0x0000006f)
core   0: 3 0x800000c4 (0x0000006f)
core   0: 3 0x800000c4 (0x0000006f)
core   0: 3 0x800000c4 (0x0000006f)
core   0: 3 0x800000c4 (0x0000006f)
core   0: 3 0x800000c4 (0x0000006f)
core   0: 3 0x800000c4 (0x0000006f)
core   0: 3 0x800000c4 (0x0000006f)
core   0: 3 0x800000c4 (0x0000006f)
core   0: 3 0x800000c4 (0x0000006f)
core   0: 3 0x800000c4 (0x0000006f)
core   0: 3 0x800000c4 (0x0000006f)
core   0: 3 0x800000c4 (0x0000006f)
core   0: 3 0x800000c4 (0x0000006f)
core   0: 3 0x800000c4 (0x0000006f)
core   0: 3 0x800000c4 (0x0000006f)
core   0: 3 0x800000c4 (0x0000006f)
core   0: 3 0x800000c4 (0x0000006f)
core   0: 3 0x800000c4 (0x0000006f)
core   0: 3 0x800000c4 (0x0000006f)
core   0: 3 0x800000c4 (0x0000006f)
core   0: 3 0x800000c4 (0x0000006f)
core   0: 3 0x800000c4 (0x0000006f)
core   0: 3 0x800000c4 (0x0000006f)
core   0: 3 0x800000c4 (0x0000006f)
core   0: 3 0x800000c4 (0x0000006f)
core   0: 3 0x800000c4 (0x0000006f)
core   0: 3 0x800000c4 (0x0000006f)
core   0: 3 0x800000c4 (0x0000006f)
core   0: 3 0x800000c4 (0x0000006f)
core   0: 3 0x800000c4 (0x0000006f)
core   0: 3 0x800000c4 (0x0000006f)
core   0: 3 0x800000c4 (0x0000006f)
core   0: 3 0x800000c4 (0x0000006f)
core   0: 3 0x800000c4 (0x0000006f)
core   0: 3 0x800000c4 (0x0000006f)
core   0: 3 0x800000c4 (0x0000006f)
core   0: 3 0x800000c4 (0x0000006f)
core   0: 3 0x800000c4 (0x0000006f)
core   0: 3 0x800000c4 (0x0000006f)
core   0: 3 0x800000c4 (0x0000006f)
core   0: 3 0x800000c4 (0x0000006f)
core   0: 3 0x800000c4 (0x0000006f)
core   0: 3 0x800000c4 (0x0000006f)
core   0: 3 0x800000c4 (0x0000006f)
core   0: 3 0x800000c4 (0x0000006f)
core   0: 3 0x800000c4 (0x0000006f)
core   0: 3 0x800000c4 (0x0000006f)
core   0: 3 0x800000c4 (0x0000006f)
core   0: 3 0x800000c4 (0x0000006f)
core   0: 3 0x800000c4 (0x0000006f)
core   0: 3 0x800000c4 (0x0000006f)
core   0: 3 0x800000c4 (0x0000006f)
core   0: 3 0x800000c4 (0x0000006f)
core   0: 3 0x800000c4 (0x0000006f)
core   0: 3 0x800000c4 (0x0000006f)
core   0: 3 0x800000c4 (0x0000006f)
core   0: 3 0x800000c4 (0x0000006f)
core   0: 3 0x800000c4 (0x0000006f)
core   0: 3 0x800000c4 (0x0000006f)
core   0: 3 0x800000c4 (0x0000006f)
core   0: 3 0x800000c4 (0x0000006f)
core   0: 3 0x800000c4 (0x0000006f)
core   0: 3 0x800000c4 (0x0000006f)
core   0: 3 0x800000c4 (0x0000006f)
core   0: 3 0x800000c4 (0x0000006f)
core   0: 3 0x800000c4 (0x0000006f)
core   0: 3 0x800000c4 (0x0000006f)
core   0: 3 0x800000c4 (0x0000006f)
core   0: 3 0x800000c4 (0x0000006f)
core   0: 3 0x800000c4 (0x0000006f)
core   0: 3 0x800000c4 (0x0000006f)
core   0: 3 0x800000c4 (0x0000006f)
core   0: 3 0x800000c4 (0x0000006f)
core   0: 3 0x800000c4 (0x0000006f)
core   0: 3 0x800000c4 (0x0000006f)
core   0: 3 0x800000c4 (0x0000006f)
core   0: 3 0x800000c4 (0x0000006f)
core   0: 3 0x800000c4 (0x0000006f)
core   0: 3 0x800000c4 (0x0000006f)
core   0: 3 0x800000c4 (0x0000006f)
core   0: 3 0x800000c4 (0x0000006f)
core   0: 3 0x800000c4 (0x0000006f)
core   0: 3 0x800000c4 (0x0000006f)
core   0: 3 0x800000c4 (0x0000006f)
core   0: 3 0x800000c4 (0x0000006f)
core   0: 3 0x800000c4 (0x0000006f)
core   0: 3 0x800000c4 (0x0000006f)
core   0: 3 0x800000c4 (0x0000006f)
core   0: 3 0x800000c4 (0x0000006f)
core   0: 3 0x800000c4 (0x0000006f)
core   0: 3 0x800000c4 (0x0000006f)
core   0: 3 0x800000c4 (0x0000006f)
core   0: 3 0x800000c4 (0x0000006f)
core   0: 3 0x800000c4 (0x0000006f)
core   0: 3 0x800000c4 (0x0000006f)
core   0: 3 0x800000c4 (0x0000006f)
core   0: 3 0x800000c4 (0x0000006f)
core   0: 3 0x800000c4 (0x0000006f)
core   0: 3 0x800000c4 (0x0000006f)
core   0: 3 0x800000c4 (0x0000006f)
core   0: 3 0x800000c4 (0x0000006f)
core   0: 3 0x800000c4 (0x0000006f)
core   0: 3 0x800000c4 (0x0000006f)
core   0: 3 0x800000c4 (0x0000006f)
core   0: 3 0x800000c4 (0x0000006f)
core   0: 3 0x800000c4 (0x0000006f)
core   0: 3 0x800000c4 (0x0000006f)
core   0: 3 0x800000c4 (0x0000006f)
core   0: 3 0x800000c4 (0x0000006f)
core   0: 3 0x800000c4 (0x0000006f)
core   0: 3 0x800000c4 (0x0000006f)
core   0: 3 0x800000c4 (0x0000006f)
core   0: 3 0x800000c4 (0x0000006f)
core   0: 3 0x800000c4 (0x0000006f)
core   0: 3 0x800000c4 (0x0000006f)
core   0: 3 0x800000c4 (0x0000006f)
core   0: 3 0x800000c4 (0x0000006f)
core   0: 3 0x800000c4 (0x0000006f)
core   0: 3 0x800000c4 (0x0000006f)
core   0: 3 0x800000c4 (0x0000006f)
core   0: 3 0x800000c4 (0x0000006f)
core   0: 3 0x800000c4 (0x0000006f)
core   0: 3 0x800000c4 (0x0000006f)
core   0: 3 0x800000c4 (0x0000006f)
core   0: 3 0x800000c4 (0x0000006f)
core   0: 3 0x800000c4 (0x0000006f)
core   0: 3 0x800000c4 (0x0000006f)
core   0: 3 0x800000c4 (0x0000006f)
core   0: 3 0x800000c4 (0x0000006f)
core   0: 3 0x800000c4 (0x0000006f)
core   0: 3 0x800000c4 (0x0000006f)
core   0: 3 0x800000c4 (0x0000006f)
core   0: 3 0x800000c4 (0x0000006f)
core   0: 3 0x800000c4 (0x0000006f)
core   0: 3 0x800000c4 (0x0000006f)
core   0: 3 0x800000c4 (0x0000006f)
core   0: 3 0x800000c4 (0x0000006f)
core   0: 3 0x800000c4 (0x0000006f)
core   0: 3 0x800000c4 (0x0000006f)
core   0: 3 0x800000c4 (0x0000006f)
core   0: 3 0x800000c4 (0x0000006f)
core   0: 3 0x800000c4 (0x0000006f)
core   0: 3 0x800000c4 (0x0000006f)
core   0: 3 0x800000c4 (0x0000006f)
core   0: 3 0x800000c4 (0x0000006f)
core   0: 3 0x800000c4 (0x0000006f)
core   0: 3 0x800000c4 (0x0000006f)
core   0: 3 0x800000c4 (0x0000006f)
core   0: 3 0x800000c4 (0x0000006f)
core   0: 3 0x800000c4 (0x0000006f)
core   0: 3 0x800000c4 (0x0000006f)
core   0: 3 0x800000c4 (0x0000006f)
core   0: 3 0x800000c4 (0x0000006f)
core   0: 3 0x800000c4 (0x0000006f)
core   0: 3 0x800000c4 (0x0000006f)
core   0: 3 0x800000c4 (0x0000006f)
core   0: 3 0x800000c4 (0x0000006f)
core   0: 3 0x800000c4 (0x0000006f)
core   0: 3 0x800000c4 (0x0000006f)
core   0: 3 0x800000c4 (0x0000006f)
core   0: 3 0x800000c4 (0x0000006f)
core   0: 3 0x800000c4 (0x0000006f)
core   0: 3 0x800000c4 (0x0000006f)
core   0: 3 0x800000c4 (0x0000006f)
core   0: 3 0x800000c4 (0x0000006f)
core   0: 3 0x800000c4 (0x0000006f)
core   0: 3 0x800000c4 (0x0000006f)
core   0: 3 0x800000c4 (0x0000006f)
core   0: 3 0x800000c4 (0x0000006f)
core   0: 3 0x800000c4 (0x0000006f)
core   0: 3 0x800000c4 (0x0000006f)
core   0: 3 0x800000c4 (0x0000006f)
core   0: 3 0x800000c4 (0x0000006f)
core   0: 3 0x800000c4 (0x0000006f)
core   0: 3 0x800000c4 (0x0000006f)
core   0: 3 0x800000c4 (0x0000006f)
core   0: 3 0x800000c4 (0x0000006f)
core   0: 3 0x800000c4 (0x0000006f)
core   0: 3 0x800000c4 (0x0000006f)
core   0: 3 0x800000c4 (0x0000006f)
core   0: 3 0x800000c4 (0x0000006f)
core   0: 3 0x800000c4 (0x0000006f)
core   0: 3 0x800000c4 (0x0000006f)
core   0: 3 0x800000c4 (0x0000006f)
core   0: 3 0x800000c4 (0x0000006f)
core   0: 3 0x800000c4 (0x0000006f)
core   0: 3 0x800000c4 (0x0000006f)
core   0: 3 0x800000c4 (0x0000006f)
core   0: 3 0x800000c4 (0x0000006f)
core   0: 3 0x800000c4 (0x0000006f)
core   0: 3 0x800000c4 (0x0000006f)
core   0: 3 0x800000c4 (0x0000006f)
core   0: 3 0x800000c4 (0x0000006f)
core   0: 3 0x800000c4 (0x0000006f)
core   0: 3 0x800000c4 (0x0000006f)
core   0: 3 0x800000c4 (0x0000006f)
core   0: 3 0x800000c4 (0x0000006f)
core   0: 3 0x800000c4 (0x0000006f)
core   0: 3 0x800000c4 (0x0000006f)
core   0: 3 0x800000c4 (0x0000006f)
core   0: 3 0x800000c4 (0x0000006f)
core   0: 3 0x800000c4 (0x0000006f)
core   0: 3 0x800000c4 (0x0000006f)
core   0: 3 0x800000c4 (0x0000006f)
core   0: 3 0x800000c4 (0x0000006f)
core   0: 3 0x800000c4 (0x0000006f)
core   0: 3 0x800000c4 (0x0000006f)
core   0: 3 0x800000c4 (0x0000006f)
core   0: 3 0x800000c4 (0x0000006f)
core   0: 3 0x800000c4 (0x0000006f)
core   0: 3 0x800000c4 (0x0000006f)
core   0: 3 0x800000c4 (0x0000006f)
core   0: 3 0x800000c4 (0x0000006f)
core   0: 3 0x800000c4 (0x0000006f)
core   0: 3 0x800000c4 (0x0000006f)
core   0: 3 0x800000c4 (0x0000006f)
core   0: 3 0x800000c4 (0x0000006f)
core   0: 3 0x800000c4 (0x0000006f)
core   0: 3 0x800000c4 (0x0000006f)
core   0: 3 0x800000c4 (0x0000006f)
core   0: 3 0x800000c4 (0x0000006f)
core   0: 3 0x800000c4 (0x0000006f)
core   0: 3 0x800000c4 (0x0000006f)
core   0: 3 0x800000c4 (0x0000006f)
core   0: 3 0x800000c4 (0x0000006f)
core   0: 3 0x800000c4 (0x0000006f)
core   0: 3 0x800000c4 (0x0000006f)
core   0: 3 0x800000c4 (0x0000006f)
core   0: 3 0x800000c4 (0x0000006f)
core   0: 3 0x800000c4 (0x0000006f)
core   0: 3 0x800000c4 (0x0000006f)
core   0: 3 0x800000c4 (0x0000006f)
core   0: 3 0x800000c4 (0x0000006f)
core   0: 3 0x800000c4 (0x0000006f)
core   0: 3 0x800000c4 (0x0000006f)
core   0: 3 0x800000c4 (0x0000006f)
core   0: 3 0x800000c4 (0x0000006f)
core   0: 3 0x800000c4 (0x0000006f)
core   0: 3 0x800000c4 (0x0000006f)
core   0: 3 0x800000c4 (0x0000006f)
core   0: 3 0x800000c4 (0x0000006f)
core   0: 3 0x800000c4 (0x0000006f)
core   0: 3 0x800000c4 (0x0000006f)
core   0: 3 0x800000c4 (0x0000006f)
core   0: 3 0x800000c4 (0x0000006f)
core   0: 3 0x800000c4 (0x0000006f)
core   0: 3 0x800000c4 (0x0000006f)
core   0: 3 0x800000c4 (0x0000006f)
core   0: 3 0x800000c4 (0x0000006f)
core   0: 3 0x800000c4 (0x0000006f)
core   0: 3 0x800000c4 (0x0000006f)
core   0: 3 0x800000c4 (0x0000006f)
core   0: 3 0x800000c4 (0x0000006f)
core   0: 3 0x800000c4 (0x0000006f)
core   0: 3 0x800000c4 (0x0000006f)
core   0: 3 0x800000c4 (0x0000006f)
core   0: 3 0x800000c4 (0x0000006f)
core   0: 3 0x800000c4 (0x0000006f)
core   0: 3 0x800000c4 (0x0000006f)
core   0: 3 0x800000c4 (0x0000006f)
core   0: 3 0x800000c4 (0x0000006f)
core   0: 3 0x800000c4 (0x0000006f)
core   0: 3 0x800000c4 (0x0000006f)
core   0: 3 0x800000c4 (0x0000006f)
core   0: 3 0x800000c4 (0x0000006f)
core   0: 3 0x800000c4 (0x0000006f)
core   0: 3 0x800000c4 (0x0000006f)
core   0: 3 0x800000c4 (0x0000006f)
core   0: 3 0x800000c4 (0x0000006f)
core   0: 3 0x800000c4 (0x0000006f)
core   0: 3 0x800000c4 (0x0000006f)
core   0: 3 0x800000c4 (0x0000006f)
core   0: 3 0x800000c4 (0x0000006f)
core   0: 3 0x800000c4 (0x0000006f)
core   0: 3 0x800000c4 (0x0000006f)
core   0: 3 0x800000c4 (0x0000006f)
core   0: 3 0x800000c4 (0x0000006f)
core   0: 3 0x800000c4 (0x0000006f)
core   0: 3 0x800000c4 (0x0000006f)
core   0: 3 0x800000c4 (0x0000006f)
core   0: 3 0x800000c4 (0x0000006f)
core   0: 3 0x800000c4 (0x0000006f)
core   0: 3 0x800000c4 (0x0000006f)
core   0: 3 0x800000c4 (0x0000006f)
core   0: 3 0x800000c4 (0x0000006f)
core   0: 3 0x800000c4 (0x0000006f)
core   0: 3 0x800000c4 (0x0000006f)
core   0: 3 0x800000c4 (0x0000006f)
core   0: 3 0x800000c4 (0x0000006f)
core   0: 3 0x800000c4 (0x0000006f)
core   0: 3 0x800000c4 (0x0000006f)
core   0: 3 0x800000c4 (0x0000006f)
core   0: 3 0x800000c4 (0x0000006f)
core   0: 3 0x800000c4 (0x0000006f)
core   0: 3 0x800000c4 (0x0000006f)
core   0: 3 0x800000c4 (0x0000006f)
core   0: 3 0x800000c4 (0x0000006f)
core   0: 3 0x800000c4 (0x0000006f)
core   0: 3 0x800000c4 (0x0000006f)
core   0: 3 0x800000c4 (0x0000006f)
core   0: 3 0x800000c4 (0x0000006f)
core   0: 3 0x800000c4 (0x0000006f)
core   0: 3 0x800000c4 (0x0000006f)
core   0: 3 0x800000c4 (0x0000006f)
core   0: 3 0x800000c4 (0x0000006f)
core   0: 3 0x800000c4 (0x0000006f)
core   0: 3 0x800000c4 (0x0000006f)
core   0: 3 0x800000c4 (0x0000006f)
core   0: 3 0x800000c4 (0x0000006f)
core   0: 3 0x800000c4 (0x0000006f)
core   0: 3 0x800000c4 (0x0000006f)
core   0: 3 0x800000c4 (0x0000006f)
core   0: 3 0x800000c4 (0x0000006f)
core   0: 3 0x800000c4 (0x0000006f)
core   0: 3 0x800000c4 (0x0000006f)
core   0: 3 0x800000c4 (0x0000006f)
core   0: 3 0x800000c4 (0x0000006f)
core   0: 3 0x800000c4 (0x0000006f)
core   0: 3 0x800000c4 (0x0000006f)
core   0: 3 0x800000c4 (0x0000006f)
core   0: 3 0x800000c4 (0x0000006f)
core   0: 3 0x800000c4 (0x0000006f)
core   0: 3 0x800000c4 (0x0000006f)
core   0: 3 0x800000c4 (0x0000006f)
core   0: 3 0x800000c4 (0x0000006f)
core   0: 3 0x800000c4 (0x0000006f)
core   0: 3 0x800000c4 (0x0000006f)
core   0: 3 0x800000c4 (0x0000006f)
core   0: 3 0x800000c4 (0x0000006f)
core   0: 3 0x800000c4 (0x0000006f)
core   0: 3 0x800000c4 (0x0000006f)
core   0: 3 0x800000c4 (0x0000006f)
core   0: 3 0x800000c4 (0x0000006f)
core   0: 3 0x800000c4 (0x0000006f)
core   0: 3 0x800000c4 (0x0000006f)
core   0: 3 0x800000c4 (0x0000006f)
core   0: 3 0x800000c4 (0x0000006f)
core   0: 3 0x800000c4 (0x0000006f)
core   0: 3 0x800000c4 (0x0000006f)
core   0: 3 0x800000c4 (0x0000006f)
core   0: 3 0x800000c4 (0x0000006f)
core   0: 3 0x800000c4 (0x0000006f)
core   0: 3 0x800000c4 (0x0000006f)
core   0: 3 0x800000c4 (0x0000006f)
core   0: 3 0x800000c4 (0x0000006f)
core   0: 3 0x800000c4 (0x0000006f)
core   0: 3 0x800000c4 (0x0000006f)
core   0: 3 0x800000c4 (0x0000006f)
core   0: 3 0x800000c4 (0x0000006f)
core   0: 3 0x800000c4 (0x0000006f)
core   0: 3 0x800000c4 (0x0000006f)
core   0: 3 0x800000c4 (0x0000006f)
core   0: 3 0x800000c4 (0x0000006f)
core   0: 3 0x800000c4 (0x0000006f)
core   0: 3 0x800000c4 (0x0000006f)
core   0: 3 0x800000c4 (0x0000006f)
core   0: 3 0x800000c4 (0x0000006f)
core   0: 3 0x800000c4 (0x0000006f)
core   0: 3 0x800000c4 (0x0000006f)
core   0: 3 0x800000c4 (0x0000006f)
core   0: 3 0x800000c4 (0x0000006f)
core   0: 3 0x800000c4 (0x0000006f)
core   0: 3 0x800000c4 (0x0000006f)
core   0: 3 0x800000c4 (0x0000006f)
core   0: 3 0x800000c4 (0x0000006f)
core   0: 3 0x800000c4 (0x0000006f)
core   0: 3 0x800000c4 (0x0000006f)
core   0: 3 0x800000c4 (0x0000006f)
core   0: 3 0x800000c4 (0x0000006f)
core   0: 3 0x800000c4 (0x0000006f)
core   0: 3 0x800000c4 (0x0000006f)
core   0: 3 0x800000c4 (0x0000006f)
core   0: 3 0x800000c4 (0x0000006f)
core   0: 3 0x800000c4 (0x0000006f)
core   0: 3 0x800000c4 (0x0000006f)
core   0: 3 0x800000c4 (0x0000006f)
core   0: 3 0x800000c4 (0x0000006f)
core   0: 3 0x800000c4 (0x0000006f)
core   0: 3 0x800000c4 (0x0000006f)
core   0: 3 0x800000c4 (0x0000006f)
core   0: 3 0x800000c4 (0x0000006f)
core   0: 3 0x800000c4 (0x0000006f)
core   0: 3 0x800000c4 (0x0000006f)
core   0: 3 0x800000c4 (0x0000006f)
core   0: 3 0x800000c4 (0x0000006f)
core   0: 3 0x800000c4 (0x0000006f)
core   0: 3 0x800000c4 (0x0000006f)
core   0: 3 0x800000c4 (0x0000006f)
core   0: 3 0x800000c4 (0x0000006f)
core   0: 3 0x800000c4 (0x0000006f)
core   0: 3 0x800000c4 (0x0000006f)
core   0: 3 0x800000c4 (0x0000006f)
core   0: 3 0x800000c4 (0x0000006f)
core   0: 3 0x800000c4 (0x0000006f)
core   0: 3 0x800000c4 (0x0000006f)
core   0: 3 0x800000c4 (0x0000006f)
core   0: 3 0x800000c4 (0x0000006f)
core   0: 3 0x800000c4 (0x0000006f)
core   0: 3 0x800000c4 (0x0000006f)
core   0: 3 0x800000c4 (0x0000006f)
core   0: 3 0x800000c4 (0x0000006f)
core   0: 3 0x800000c4 (0x0000006f)
core   0: 3 0x800000c4 (0x0000006f)
core   0: 3 0x800000c4 (0x0000006f)
core   0: 3 0x800000c4 (0x0000006f)
core   0: 3 0x800000c4 (0x0000006f)
core   0: 3 0x800000c4 (0x0000006f)
core   0: 3 0x800000c4 (0x0000006f)
core   0: 3 0x800000c4 (0x0000006f)
core   0: 3 0x800000c4 (0x0000006f)
core   0: 3 0x800000c4 (0x0000006f)
core   0: 3 0x800000c4 (0x0000006f)
core   0: 3 0x800000c4 (0x0000006f)
core   0: 3 0x800000c4 (0x0000006f)
core   0: 3 0x800000c4 (0x0000006f)
core   0: 3 0x800000c4 (0x0000006f)
core   0: 3 0x800000c4 (0x0000006f)
core   0: 3 0x800000c4 (0x0000006f)
core   0: 3 0x800000c4 (0x0000006f)
core   0: 3 0x800000c4 (0x0000006f)
core   0: 3 0x800000c4 (0x0000006f)
core   0: 3 0x800000c4 (0x0000006f)
core   0: 3 0x800000c4 (0x0000006f)
core   0: 3 0x800000c4 (0x0000006f)
core   0: 3 0x800000c4 (0x0000006f)
core   0: 3 0x800000c4 (0x0000006f)
core   0: 3 0x800000c4 (0x0000006f)
core   0: 3 0x800000c4 (0x0000006f)
core   0: 3 0x800000c4 (0x0000006f)
core   0: 3 0x800000c4 (0x0000006f)
core   0: 3 0x800000c4 (0x0000006f)
core   0: 3 0x800000c4 (0x0000006f)
core   0: 3 0x800000c4 (0x0000006f)
core   0: 3 0x800000c4 (0x0000006f)
core   0: 3 0x800000c4 (0x0000006f)
core   0: 3 0x800000c4 (0x0000006f)
core   0: 3 0x800000c4 (0x0000006f)
core   0: 3 0x800000c4 (0x0000006f)
core   0: 3 0x800000c4 (0x0000006f)
core   0: 3 0x800000c4 (0x0000006f)
core   0: 3 0x800000c4 (0x0000006f)
core   0: 3 0x800000c4 (0x0000006f)
core   0: 3 0x800000c4 (0x0000006f)
core   0: 3 0x800000c4 (0x0000006f)
core   0: 3 0x800000c4 (0x0000006f)
core   0: 3 0x800000c4 (0x0000006f)
core   0: 3 0x800000c4 (0x0000006f)
core   0: 3 0x800000c4 (0x0000006f)
core   0: 3 0x800000c4 (0x0000006f)
core   0: 3 0x800000c4 (0x0000006f)
core   0: 3 0x800000c4 (0x0000006f)
core   0: 3 0x800000c4 (0x0000006f)
core   0: 3 0x800000c4 (0x0000006f)
core   0: 3 0x800000c4 (0x0000006f)
core   0: 3 0x800000c4 (0x0000006f)
core   0: 3 0x800000c4 (0x0000006f)
core   0: 3 0x800000c4 (0x0000006f)
core   0: 3 0x800000c4 (0x0000006f)
core   0: 3 0x800000c4 (0x0000006f)
core   0: 3 0x800000c4 (0x0000006f)
core   0: 3 0x800000c4 (0x0000006f)
core   0: 3 0x800000c4 (0x0000006f)
core   0: 3 0x800000c4 (0x0000006f)
core   0: 3 0x800000c4 (0x0000006f)
core   0: 3 0x800000c4 (0x0000006f)
core   0: 3 0x800000c4 (0x0000006f)
core   0: 3 0x800000c4 (0x0000006f)
core   0: 3 0x800000c4 (0x0000006f)
core   0: 3 0x800000c4 (0x0000006f)
core   0: 3 0x800000c4 (0x0000006f)
core   0: 3 0x800000c4 (0x0000006f)
core   0: 3 0x800000c4 (0x0000006f)
core   0: 3 0x800000c4 (0x0000006f)
core   0: 3 0x800000c4 (0x0000006f)
core   0: 3 0x800000c4 (0x0000006f)
core   0: 3 0x800000c4 (0x0000006f)
core   0: 3 0x800000c4 (0x0000006f)
core   0: 3 0x800000c4 (0x0000006f)
core   0: 3 0x800000c4 (0x0000006f)
core   0: 3 0x800000c4 (0x0000006f)
core   0: 3 0x800000c4 (0x0000006f)
core   0: 3 0x800000c4 (0x0000006f)
core   0: 3 0x800000c4 (0x0000006f)
core   0: 3 0x800000c4 (0x0000006f)
core   0: 3 0x800000c4 (0x0000006f)
core   0: 3 0x800000c4 (0x0000006f)
core   0: 3 0x800000c4 (0x0000006f)
core   0: 3 0x800000c4 (0x0000006f)
core   0: 3 0x800000c4 (0x0000006f)
core   0: 3 0x800000c4 (0x0000006f)
core   0: 3 0x800000c4 (0x0000006f)
core   0: 3 0x800000c4 (0x0000006f)
core   0: 3 0x800000c4 (0x0000006f)
core   0: 3 0x800000c4 (0x0000006f)
core   0: 3 0x800000c4 (0x0000006f)
core   0: 3 0x800000c4 (0x0000006f)
core   0: 3 0x800000c4 (0x0000006f)
core   0: 3 0x800000c4 (0x0000006f)
core   0: 3 0x800000c4 (0x0000006f)
core   0: 3 0x800000c4 (0x0000006f)
core   0: 3 0x800000c4 (0x0000006f)
core   0: 3 0x800000c4 (0x0000006f)
core   0: 3 0x800000c4 (0x0000006f)
core   0: 3 0x800000c4 (0x0000006f)
core   0: 3 0x800000c4 (0x0000006f)
core   0: 3 0x800000c4 (0x0000006f)
core   0: 3 0x800000c4 (0x0000006f)
core   0: 3 0x800000c4 (0x0000006f)
core   0: 3 0x800000c4 (0x0000006f)
core   0: 3 0x800000c4 (0x0000006f)
core   0: 3 0x800000c4 (0x0000006f)
core   0: 3 0x800000c4 (0x0000006f)
core   0: 3 0x800000c4 (0x0000006f)
core   0: 3 0x800000c4 (0x0000006f)
core   0: 3 0x800000c4 (0x0000006f)
core   0: 3 0x800000c4 (0x0000006f)
core   0: 3 0x800000c4 (0x0000006f)
core   0: 3 0x800000c4 (0x0000006f)
core   0: 3 0x800000c4 (0x0000006f)
core   0: 3 0x800000c4 (0x0000006f)
core   0: 3 0x800000c4 (0x0000006f)
core   0: 3 0x800000c4 (0x0000006f)
core   0: 3 0x800000c4 (0x0000006f)
core   0: 3 0x800000c4 (0x0000006f)
core   0: 3 0x800000c4 (0x0000006f)
core   0: 3 0x800000c4 (0x0000006f)
core   0: 3 0x800000c4 (0x0000006f)
core   0: 3 0x800000c4 (0x0000006f)
core   0: 3 0x800000c4 (0x0000006f)
core   0: 3 0x800000c4 (0x0000006f)
core   0: 3 0x800000c4 (0x0000006f)
core   0: 3 0x800000c4 (0x0000006f)
core   0: 3 0x800000c4 (0x0000006f)
core   0: 3 0x800000c4 (0x0000006f)
core   0: 3 0x800000c4 (0x0000006f)
core   0: 3 0x800000c4 (0x0000006f)
core   0: 3 0x800000c4 (0x0000006f)
core   0: 3 0x800000c4 (0x0000006f)
core   0: 3 0x800000c4 (0x0000006f)
core   0: 3 0x800000c4 (0x0000006f)
core   0: 3 0x800000c4 (0x0000006f)
core   0: 3 0x800000c4 (0x0000006f)
core   0: 3 0x800000c4 (0x0000006f)
core   0: 3 0x800000c4 (0x0000006f)
core   0: 3 0x800000c4 (0x0000006f)
core   0: 3 0x800000c4 (0x0000006f)
core   0: 3 0x800000c4 (0x0000006f)
core   0: 3 0x800000c4 (0x0000006f)
core   0: 3 0x800000c4 (0x0000006f)
core   0: 3 0x800000c4 (0x0000006f)
core   0: 3 0x800000c4 (0x0000006f)
core   0: 3 0x800000c4 (0x0000006f)
core   0: 3 0x800000c4 (0x0000006f)
core   0: 3 0x800000c4 (0x0000006f)
core   0: 3 0x800000c4 (0x0000006f)
core   0: 3 0x800000c4 (0x0000006f)
core   0: 3 0x800000c4 (0x0000006f)
core   0: 3 0x800000c4 (0x0000006f)
core   0: 3 0x800000c4 (0x0000006f)
core   0: 3 0x800000c4 (0x0000006f)
core   0: 3 0x800000c4 (0x0000006f)
core   0: 3 0x800000c4 (0x0000006f)
core   0: 3 0x800000c4 (0x0000006f)
core   0: 3 0x800000c4 (0x0000006f)
core   0: 3 0x800000c4 (0x0000006f)
core   0: 3 0x800000c4 (0x0000006f)
core   0: 3 0x800000c4 (0x0000006f)
core   0: 3 0x800000c4 (0x0000006f)
core   0: 3 0x800000c4 (0x0000006f)
core   0: 3 0x800000c4 (0x0000006f)
core   0: 3 0x800000c4 (0x0000006f)
core   0: 3 0x800000c4 (0x0000006f)
core   0: 3 0x800000c4 (0x0000006f)
core   0: 3 0x800000c4 (0x0000006f)
core   0: 3 0x800000c4 (0x0000006f)
core   0: 3 0x800000c4 (0x0000006f)
core   0: 3 0x800000c4 (0x0000006f)
core   0: 3 0x800000c4 (0x0000006f)
core   0: 3 0x800000c4 (0x0000006f)
core   0: 3 0x800000c4 (0x0000006f)
core   0: 3 0x800000c4 (0x0000006f)
core   0: 3 0x800000c4 (0x0000006f)
core   0: 3 0x800000c4 (0x0000006f)
core   0: 3 0x800000c4 (0x0000006f)
core   0: 3 0x800000c4 (0x0000006f)
core   0: 3 0x800000c4 (0x0000006f)
core   0: 3 0x800000c4 (0x0000006f)
core   0: 3 0x800000c4 (0x0000006f)
core   0: 3 0x800000c4 (0x0000006f)
core   0: 3 0x800000c4 (0x0000006f)
core   0: 3 0x800000c4 (0x0000006f)
core   0: 3 0x800000c4 (0x0000006f)
core   0: 3 0x800000c4 (0x0000006f)
core   0: 3 0x800000c4 (0x0000006f)
core   0: 3 0x800000c4 (0x0000006f)
core   0: 3 0x800000c4 (0x0000006f)
core   0: 3 0x800000c4 (0x0000006f)
